image_index,model,dice,n_organs_present
0,H4,0.8905472755432129,1
1,H4,0.901960790157318,1
2,H4,0.9681697487831116,1
3,H4,0.9614791870117188,1
4,H4,0.976068377494812,1
5,H4,0.97849041223526,1
6,H4,0.9829192757606506,1
7,H4,0.979678213596344,1
8,H4,0.9316360354423524,1
9,H4,0.7565495371818542,1
10,H4,0.9403606057167052,1
11,H4,0.9418604373931884,1
12,H4,0.8571428656578064,1
13,H4,0.9285714030265808,1
14,H4,0.9728260636329652,1
15,H4,0.726266086101532,2
16,H4,0.8932065963745117,2
17,H4,0.7712910771369934,3
18,H4,0.8634520173072815,3
19,H4,0.8896966576576233,4
20,H4,0.8755127191543579,4
21,H4,0.8808791637420654,4
22,H4,0.6732468605041504,5
23,H4,0.6501281261444092,6
24,H4,0.7377509474754333,6
25,H4,0.7291650176048279,6
26,H4,0.8869038224220276,6
27,H4,0.7691758275032043,7
28,H4,0.7386258244514465,7
29,H4,0.7558256983757019,7
30,H4,0.8434133529663086,7
31,H4,0.8126254677772522,7
32,H4,0.79518723487854,8
33,H4,0.823501467704773,8
34,H4,0.8482914566993713,6
35,H4,0.7608718872070312,7
36,H4,0.8622021079063416,7
37,H4,0.8669400215148926,7
38,H4,0.8110957741737366,7
39,H4,0.8742746710777283,6
40,H4,0.7281847596168518,6
41,H4,0.6596173048019409,5
42,H4,0.7293055653572083,4
43,H4,0.9719266295433044,3
44,H4,0.8365079164505005,4
45,H4,0.808284342288971,4
46,H4,0.9145705103874208,4
47,H4,0.8887817859649658,4
48,H4,0.569767415523529,1
49,H4,0.8124030828475952,1
50,H4,0.5,1
51,H4,0.417391300201416,1
52,H4,0.0242914985865354,1
53,H4,0.1082543954253196,1
54,H4,0.0029895366169512,1
55,H4,1.6393442159312602e-10,1
56,H4,0.3928571343421936,2
57,H4,0.4745762646198272,2
58,H4,0.7452206611633301,2
59,H4,0.7627441883087158,2
60,H4,0.5992318391799927,3
61,H4,0.4368910789489746,4
62,H4,0.5656259059906006,5
63,H4,0.631481945514679,5
64,H4,0.7329704165458679,5
65,H4,0.7937592267990112,5
66,H4,0.8078797459602356,5
67,H4,0.6911783218383789,6
68,H4,0.7017713785171509,7
69,H4,0.6217642426490784,7
70,H4,0.7164251804351807,8
71,H4,0.7416665554046631,8
72,H4,0.7352282404899597,9
73,H4,0.8226415514945984,8
74,H4,0.8141350746154785,9
75,H4,0.6632863283157349,9
76,H4,0.7856964468955994,8
77,H4,0.7839642763137817,7
78,H4,0.8094331622123718,6
79,H4,0.6428717970848083,5
80,H4,0.7157837152481079,4
81,H4,0.80852210521698,4
82,H4,0.934665858745575,3
83,H4,0.9475075602531432,3
84,H4,0.7682455778121948,4
85,H4,0.6874251365661621,4
86,H4,0.5271682739257812,3
87,H4,0.6620104312896729,2
88,H4,0.6147963404655457,2
89,H4,0.4375,2
90,H4,0.1739130467176437,2
91,H4,0.7804877758026123,1
92,H4,0.7368420958518982,1
93,H4,0.4000000059604645,1
94,H4,0.6451612710952759,1
95,H4,0.692307710647583,1
96,H4,0.5789473652839661,1
97,H4,0.5454545617103577,1
98,H4,7.692308123807834e-09,1
99,H4,0.4000000059604645,1
100,H4,0.6363636255264282,1
101,H4,0.6206896305084229,1
102,H4,0.7317073345184326,1
103,H4,0.5454545617103577,1
104,H4,5.5555555711350735e-09,1
105,H4,0.1666666716337204,1
106,H4,0.3636363744735718,1
107,H4,0.5,1
108,H4,8.333333134658005e-09,1
109,H4,0.6153846383094788,1
110,H4,0.7200000286102295,1
111,H4,0.4761904776096344,1
112,H4,0.4210526347160339,1
113,H4,0.4615384638309479,1
114,H4,0.6666666865348816,1
115,H4,0.6399999856948853,1
116,H4,0.5600000023841858,1
117,H4,0.7333333492279053,1
118,H4,0.6470588445663452,1
119,H4,0.6666666865348816,1
120,H4,0.6111111044883728,1
121,H4,0.5517241358757019,1
122,H4,8.333333134658005e-09,1
123,H4,8.333333134658005e-09,1
124,H4,0.6148648858070374,1
125,H4,0.3923647999763489,1
126,H4,0.6601106524467468,1
127,H4,0.9722697734832764,1
128,H4,0.9635651707649232,1
129,H4,0.9609516263008118,1
130,H4,0.9688466191291808,1
131,H4,0.8580130934715271,1
132,H4,0.7168080806732178,1
133,H4,0.5657407641410828,1
134,H4,0.3927184343338012,1
135,H4,0.2859995067119598,1
136,H4,0.1292100399732589,1
137,H4,0.9058066606521606,2
138,H4,0.8643021583557129,3
139,H4,0.9010791182518004,3
140,H4,0.9233986735343932,3
141,H4,0.9323375821113586,3
142,H4,0.9388861656188964,3
143,H4,0.9238104224205016,3
144,H4,0.9455329775810242,3
145,H4,0.8992390036582947,3
146,H4,0.907865047454834,3
147,H4,0.934276282787323,3
148,H4,0.8768056035041809,3
149,H4,0.8878729939460754,3
150,H4,0.8995947241783142,3
151,H4,0.9112668633461,3
152,H4,0.9368796348571776,3
153,H4,0.8278513550758362,4
154,H4,0.8545434474945068,4
155,H4,0.830897331237793,4
156,H4,0.8031685948371887,6
157,H4,0.9090578556060792,6
158,H4,0.9007152915000916,6
159,H4,0.944033682346344,6
160,H4,0.9060923457145692,6
161,H4,0.9034029841423036,6
162,H4,0.9137086868286132,6
163,H4,0.8559058308601379,6
164,H4,0.9082972407341005,6
165,H4,0.8955582976341248,6
166,H4,0.9403411746025084,6
167,H4,0.9240388870239258,6
168,H4,0.8818879127502441,7
169,H4,0.9347859025001526,7
170,H4,0.9485289454460144,7
171,H4,0.9124781489372252,7
172,H4,0.9197049736976624,7
173,H4,0.8940560221672058,7
174,H4,0.8375728726387024,7
175,H4,0.6726585030555725,8
176,H4,0.68854159116745,8
177,H4,0.8579261302947998,8
178,H4,0.6979477405548096,9
179,H4,0.6769130825996399,9
180,H4,0.635924220085144,9
181,H4,0.669227659702301,8
182,H4,0.6243933439254761,8
183,H4,0.6495406031608582,6
184,H4,0.6500600576400757,5
185,H4,0.6417407989501953,5
186,H4,0.6617669463157654,5
187,H4,0.6180636286735535,5
188,H4,0.5501061677932739,5
189,H4,0.6406584978103638,4
190,H4,0.57899010181427,4
191,H4,0.7103476524353027,4
192,H4,0.7908192873001099,4
193,H4,0.8897044062614441,4
194,H4,0.845134437084198,3
195,H4,0.89833664894104,3
196,H4,0.9765195250511168,2
197,H4,0.9764108657836914,2
198,H4,0.9784142971038818,2
199,H4,0.9841588735580444,2
200,H4,0.9698913097381592,2
201,H4,0.9702799320220948,2
202,H4,0.9775515794754028,2
203,H4,0.9716620445251464,2
204,H4,0.9757410883903505,2
205,H4,0.9666182398796082,2
206,H4,0.9663501977920532,2
207,H4,0.9424490332603456,3
208,H4,0.8992583155632019,3
209,H4,0.8787165284156799,3
210,H4,0.636518657207489,3
211,H4,0.9385637044906616,2
212,H4,0.929969608783722,2
213,H4,0.8909667730331421,2
214,H4,0.9523907899856568,2
215,H4,0.9291973114013672,2
216,H4,0.9476667642593384,2
217,H4,0.9162567853927612,2
218,H4,0.9207057356834412,2
219,H4,0.942281186580658,2
220,H4,0.8559603691101074,2
221,H4,0.9208645820617676,2
222,H4,0.8366015553474426,2
223,H4,0.7801724076271057,2
224,H4,0.8595041036605835,1
225,H4,0.8120300769805908,1
226,H4,0.8305084705352783,1
227,H4,0.7799999713897705,1
228,H4,0.8190476298332214,1
229,H4,0.8737863898277283,1
230,H4,0.8148148059844971,1
231,H4,0.6804123520851135,1
232,H4,0.75789475440979,1
233,H4,0.800000011920929,1
234,H4,0.8333333134651184,1
235,H4,0.8367347121238708,1
236,H4,0.8571428656578064,1
237,H4,0.9158878326416016,1
238,H4,0.9203540086746216,1
239,H4,0.8928571343421936,1
240,H4,0.8545454740524292,1
241,H4,0.2021660655736923,1
242,H4,0.4099723100662231,1
243,H4,0.52173912525177,1
244,H4,0.5752895474433899,1
245,H4,0.5756457448005676,1
246,H4,0.699680507183075,1
247,H4,0.6519684791564941,1
248,H4,0.7555555701255798,1
249,H4,0.7829360365867615,1
250,H4,0.8236744999885559,1
251,H4,0.8319624066352844,1
252,H4,0.9081527590751648,1
253,H4,0.920604944229126,1
254,H4,0.9753320813179016,1
255,H4,0.9390815496444702,1
256,H4,0.9747474789619446,1
257,H4,0.9669811129570008,1
258,H4,0.981538474559784,1
259,H4,0.953383445739746,1
260,H4,0.9646892547607422,1
261,H4,0.9693333506584167,1
262,H4,0.985602080821991,1
263,H4,0.9762057662010192,1
264,H4,0.9642416834831238,1
265,H4,0.964412808418274,1
266,H4,0.9790453910827636,1
267,H4,0.9797804951667786,1
268,H4,0.9674572348594666,1
269,H4,0.977419376373291,1
270,H4,0.9851537942886353,1
271,H4,0.9754055738449096,1
272,H4,0.9657227993011476,1
273,H4,0.98233562707901,1
274,H4,0.9858880639076232,1
275,H4,0.976408302783966,1
276,H4,0.9686013460159302,1
277,H4,0.9777777791023254,1
278,H4,0.9829414486885072,1
279,H4,0.9753199219703674,1
280,H4,0.9661481976509094,1
281,H4,0.9743119478225708,1
282,H4,0.9847574830055236,1
283,H4,0.9846583008766174,1
284,H4,0.9353724718093872,1
285,H4,0.9214711785316468,1
286,H4,0.9321267008781432,1
287,H4,0.9055036306381226,1
288,H4,0.8820403814315796,1
289,H4,0.8705625534057617,1
290,H4,0.9476278424263,1
291,H4,0.9348371028900146,1
292,H4,0.9428369998931884,1
293,H4,0.8459069132804871,1
294,H4,0.1485943794250488,1
295,H4,1.9417475960459282e-10,1
296,H4,2.8328611678674065e-10,1
297,H4,5.58659229987768e-10,1
298,H4,6.711409206161534e-10,1
299,H4,1.6949153192058475e-09,1
300,H4,7.092198495151081e-10,1
301,H4,7.633587650879291e-10,1
302,H4,7.751937980415845e-10,1
303,H4,7.092198495151081e-10,1
304,H4,1.1644591957349346e-09,2
305,H4,9.98376714633764e-10,2
306,H4,0.0750000029802322,2
307,H4,0.0371747203171253,2
308,H4,0.258169949054718,2
309,H4,0.3141025602817535,2
310,H4,0.3294797539710998,2
311,H4,0.4490571916103363,3
312,H4,0.5157796740531921,3
313,H4,0.3771316111087799,3
314,H4,0.4798111617565155,3
315,H4,0.6586034893989563,3
316,H4,0.681222677230835,3
317,H4,0.5966441631317139,3
318,H4,0.5796324610710144,3
319,H4,0.5528905987739563,4
320,H4,0.5554543137550354,4
321,H4,0.6353236436843872,4
322,H4,0.8100341558456421,4
323,H4,0.7644124031066895,4
324,H4,0.7596807479858398,4
325,H4,0.8287708163261414,4
326,H4,0.81015944480896,4
327,H4,0.7805449962615967,4
328,H4,0.7700952887535095,4
329,H4,0.7391632199287415,4
330,H4,0.8179689645767212,4
331,H4,0.847934365272522,4
332,H4,0.8219818472862244,4
333,H4,0.825417697429657,4
334,H4,0.8441028594970703,4
335,H4,0.8345816731452942,4
336,H4,0.8575246334075928,4
337,H4,0.8531845211982727,4
338,H4,0.8132748603820801,4
339,H4,0.7527652978897095,4
340,H4,0.78935706615448,4
341,H4,0.8349934816360474,4
342,H4,0.8682249784469604,4
343,H4,0.8797449469566345,4
344,H4,0.8782535791397095,4
345,H4,0.8584119081497192,4
346,H4,0.8375647664070129,4
347,H4,0.7781636118888855,5
348,H4,0.8487235307693481,5
349,H4,0.8651223182678223,5
350,H4,0.806359589099884,5
351,H4,0.8910130262374878,5
352,H4,0.9120184183120728,5
353,H4,0.9032993316650392,5
354,H4,0.8763600587844849,5
355,H4,0.7584055066108704,6
356,H4,0.9305543899536132,6
357,H4,0.8646839261054993,6
358,H4,0.8780753016471863,6
359,H4,0.9149942994117736,6
360,H4,0.933647632598877,6
361,H4,0.9251692891120912,6
362,H4,0.910272181034088,6
363,H4,0.9277599453926086,6
364,H4,0.9359024167060852,6
365,H4,0.927814483642578,6
366,H4,0.9027786254882812,6
367,H4,0.8564684987068176,6
368,H4,0.8660640716552734,6
369,H4,0.8737298846244812,6
370,H4,0.8194804191589355,7
371,H4,0.8507376909255981,7
372,H4,0.9238422513008118,7
373,H4,0.8735736012458801,7
374,H4,0.7769396901130676,7
375,H4,0.8308266401290894,7
376,H4,0.8709704279899597,7
377,H4,0.8399984240531921,6
378,H4,0.7984192967414856,6
379,H4,0.6750966310501099,7
380,H4,0.6894544363021851,8
381,H4,0.6835005879402161,8
382,H4,0.5683615207672119,8
383,H4,0.7018114924430847,6
384,H4,0.7213058471679688,6
385,H4,0.7172131538391113,6
386,H4,0.5997254848480225,6
387,H4,0.8736580610275269,4
388,H4,0.8422701358795166,4
389,H4,0.7121909856796265,4
390,H4,0.9246649742126464,3
391,H4,0.9440674781799316,3
392,H4,0.9467720985412598,3
393,H4,0.9374226927757264,3
394,H4,0.954272985458374,3
395,H4,0.9680075645446776,3
396,H4,0.974299430847168,3
397,H4,0.9588863253593444,3
398,H4,0.9490907788276672,3
399,H4,0.9523405432701112,3
400,H4,0.962394952774048,3
401,H4,0.9605167508125304,3
402,H4,0.9513067603111268,3
403,H4,0.960719883441925,3
404,H4,0.9675241112709044,3
405,H4,0.961919128894806,3
406,H4,0.9586674571037292,3
407,H4,0.8497238159179688,4
408,H4,0.8476335406303406,4
409,H4,0.83780837059021,4
410,H4,0.8298836350440979,4
411,H4,0.932084321975708,4
412,H4,0.9446852207183838,4
413,H4,0.93916916847229,4
414,H4,0.935791790485382,4
415,H4,0.9341598749160768,4
416,H4,0.9498096704483032,4
417,H4,0.9609238505363464,4
418,H4,0.9373236894607544,4
419,H4,0.9442846179008484,4
420,H4,0.9665073156356812,4
421,H4,0.9468655586242676,4
422,H4,0.9245553016662598,4
423,H4,0.9451436400413512,4
424,H4,0.970104992389679,4
425,H4,0.9367255568504332,4
426,H4,0.918257772922516,4
427,H4,0.8945181369781494,4
428,H4,0.9411850571632384,4
429,H4,0.9466242790222168,4
430,H4,0.8762211799621582,4
431,H4,0.7700424194335938,3
432,H4,0.805218517780304,3
433,H4,0.9460850954055786,2
434,H4,0.8771688938140869,2
435,H4,0.9026262760162354,2
436,H4,0.9079251289367676,2
437,H4,0.8758668899536133,2
438,H4,0.8146655559539795,2
439,H4,0.8458118438720703,2
440,H4,0.8334000706672668,2
441,H4,0.8224949836730957,2
442,H4,0.8030696511268616,2
443,H4,0.6913580298423767,1
444,H4,0.6315789222717285,1
445,H4,0.5428571701049805,1
446,H4,0.3768115937709808,1
447,H4,0.4583333432674408,1
448,H4,0.5098039507865906,1
449,H4,0.3414634168148041,1
450,H4,0.2916666567325592,1
451,H4,0.3157894611358642,1
452,H4,2.8571429666612853e-09,1
453,H4,0.3684210479259491,1
454,H4,0.2352941185235977,1
455,H4,0.2285714298486709,1
456,H4,2.9411764135289782e-09,1
457,H4,2.5641024858913397e-09,1
458,H4,0.3076923191547394,1
459,H4,0.2325581461191177,1
460,H4,0.2380952388048172,1
461,H4,2.7027027282855443e-09,1
462,H4,2.4390243158478597e-09,1
463,H4,2.499999984806322e-09,1
464,H4,2.1276596040564755e-09,1
465,H4,3.333333387089965e-09,1
466,H4,0.5454545617103577,1
467,H4,0.82798832654953,1
468,H4,0.8950276374816895,1
469,H4,0.9172142148017884,1
470,H4,0.9538187980651855,1
471,H4,0.9562913775444032,1
472,H4,0.944474995136261,1
473,H4,0.9362319111824036,1
474,H4,0.9258098006248474,1
475,H4,0.8343023061752319,1
476,H4,0.7604532837867737,1
477,H4,0.7352834939956665,1
478,H4,0.7160794138908386,1
479,H4,0.6334928274154663,1
480,H4,0.5603864789009094,1
481,H4,0.1835820823907852,1
482,H4,1.2180267905392839e-10,1
483,H4,8.025682202150719e-11,1
484,H4,7.132667373399569e-11,1
485,H4,3.0303029530109877e-10,1
486,H4,4.97512420150059e-10,1
487,H4,0.2937062978744507,1
488,H4,0.3239074647426605,1
489,H4,0.3939394056797027,1
490,H4,0.4008264541625976,1
491,H4,0.7344262003898621,1
492,H4,0.4027431309223175,2
493,H4,0.9250643253326416,2
494,H4,0.8656308650970459,3
495,H4,0.9142753481864928,3
496,H4,0.9249258041381836,3
497,H4,0.8442659378051758,3
498,H4,0.8948776125907898,3
499,H4,0.8730692863464355,3
500,H4,0.8771579265594482,3
501,H4,0.9569670557975768,3
502,H4,0.95026832818985,3
503,H4,0.9602985978126526,3
504,H4,0.9223949313163756,3
505,H4,0.943773090839386,3
506,H4,0.9613247513771056,3
507,H4,0.951637327671051,3
508,H4,0.6088123917579651,5
509,H4,0.6971451640129089,5
510,H4,0.6545369029045105,6
511,H4,0.6055315136909485,6
512,H4,0.6178222298622131,6
513,H4,0.701794445514679,6
514,H4,0.6670972108840942,7
515,H4,0.6756079792976379,7
516,H4,0.7075510025024414,7
517,H4,0.7364654541015625,7
518,H4,0.7712827324867249,7
519,H4,0.8004366755485535,7
520,H4,0.7974629998207092,7
521,H4,0.7975313067436218,7
522,H4,0.8550457954406738,7
523,H4,0.9541895985603333,7
524,H4,0.9234978556632996,8
525,H4,0.9465842843055724,9
526,H4,0.9148699641227722,9
527,H4,0.8852996826171875,9
528,H4,0.9250664114952089,9
529,H4,0.9060909748077391,9
530,H4,0.901311457157135,9
531,H4,0.9052780866622924,9
532,H4,0.918283462524414,9
533,H4,0.930404245853424,9
534,H4,0.8883235454559326,9
535,H4,0.8940178751945496,10
536,H4,0.844798743724823,10
537,H4,0.9152764081954956,9
538,H4,0.9140251874923706,9
539,H4,0.8917611241340637,8
540,H4,0.9369931817054749,8
541,H4,0.895852267742157,8
542,H4,0.8791234493255615,8
543,H4,0.8809795379638672,7
544,H4,0.8531922101974487,5
545,H4,0.9428914189338684,4
546,H4,0.9215018153190612,4
547,H4,0.9803046584129332,3
548,H4,0.9835081100463868,3
549,H4,0.976599395275116,3
550,H4,0.9827788472175598,3
551,H4,0.9821470379829408,3
552,H4,0.9784480929374696,3
553,H4,0.9837668538093568,3
554,H4,0.9726939797401428,3
555,H4,0.956404149532318,4
556,H4,0.97443687915802,4
557,H4,0.9485607743263244,4
558,H4,0.979297697544098,4
559,H4,0.9611129760742188,4
560,H4,0.9786460995674132,4
561,H4,0.9518384337425232,4
562,H4,0.961337685585022,4
563,H4,0.9682687520980836,4
564,H4,0.9529722929000854,4
565,H4,0.9565221071243286,4
566,H4,0.9693291187286376,4
567,H4,0.9344169497489928,4
568,H4,0.9260948300361632,4
569,H4,0.8196152448654175,4
570,H4,0.8942100405693054,3
571,H4,0.9261546730995178,3
572,H4,0.9291616082191468,2
573,H4,0.9619600772857666,2
574,H4,0.9006097316741943,2
575,H4,0.9502859115600586,2
576,H4,0.9096634984016418,2
577,H4,0.9023644924163818,2
578,H4,0.8313771486282349,2
579,H4,0.9174311757087708,1
580,H4,0.9369369149208068,1
581,H4,0.9629629850387572,1
582,H4,0.9399999976158142,1
583,H4,0.9375,1
584,H4,0.9111111164093018,1
585,H4,0.9263157844543456,1
586,H4,0.9292929172515868,1
587,H4,0.800000011920929,1
588,H4,0.8095238208770752,1
589,H4,0.8395061492919922,1
590,H4,0.8157894611358643,1
591,H4,0.8695651888847351,1
592,H4,0.8823529481887817,1
593,H4,0.8823529481887817,1
594,H4,0.8695651888847351,1
595,H4,0.800000011920929,1
596,H4,0.8387096524238586,1
597,H4,0.8474576473236084,1
598,H4,0.6909090876579285,1
599,H4,0.6274510025978088,1
600,H4,0.6538461446762085,1
601,H4,0.75,1
602,H4,0.8301886916160583,1
603,H4,0.8070175647735596,1
604,H4,0.7457627058029175,1
605,H4,0.875,1
606,H4,0.7941176295280457,1
607,H4,0.8611111044883728,1
608,H4,0.7605633735656738,1
609,H4,0.6419752836227417,1
610,H4,0.7032967209815979,1
611,H4,0.6521739363670349,1
612,H4,0.699999988079071,1
613,H4,0.8679245114326477,1
614,H4,0.8760330677032471,1
615,H4,0.8888888955116272,1
616,H4,0.9032257795333862,1
617,H4,0.843137264251709,1
618,H4,0.7234042286872864,1
619,H4,0.607594907283783,1
620,H4,0.2727272808551788,1
621,H4,2.5641024858913397e-09,1
622,H4,3.030303119544442e-09,1
623,H4,2.7027027282855443e-09,1
624,H4,2.3255815051470563e-09,1
625,H4,2.380952324188001e-09,1
626,H4,0.2181818187236786,1
627,H4,2.222222184045108e-09,1
628,H4,0.3958333432674408,1
629,H4,0.6086956262588501,1
630,H4,0.6666666865348816,1
631,H4,0.7446808218955994,1
632,H4,0.6666666865348816,1
633,H4,0.7142857313156128,1
634,H4,0.75,1
635,H4,0.8450704216957092,1
636,H4,0.8648648858070374,1
637,H4,0.7317073345184326,1
638,H4,0.5263158082962036,1
639,H4,0.71875,1
640,H4,0.591549277305603,1
641,H4,0.767123281955719,1
642,H4,0.8837209343910217,1
643,H4,0.8395061492919922,1
644,H4,0.8101266026496887,1
645,H4,0.8533333539962769,1
646,H4,0.7878788113594055,1
647,H4,0.8461538553237915,1
648,H4,0.7894737124443054,1
649,H4,0.7250000238418579,1
650,H4,0.7654321193695068,1
651,H4,0.8292682766914368,1
652,H4,0.9195402264595032,1
653,H4,0.8712871074676514,1
654,H4,0.8468468189239502,1
655,H4,0.8037382960319519,1
656,H4,0.8037382960319519,1
657,H4,0.8571428656578064,1
658,H4,0.944000005722046,1
659,H4,0.875,1
660,H4,0.8644067645072937,1
661,H4,0.8527131676673889,1
662,H4,0.779411792755127,1
663,H4,0.8640000224113464,1
664,H4,0.9375,1
665,H4,0.8305084705352783,1
666,H4,0.8666666746139526,1
667,H4,0.919708013534546,1
668,H4,0.8775510191917419,1
669,H4,0.957446813583374,1
670,H4,0.9230769276618958,1
671,H4,0.774193525314331,1
672,H4,0.8500000238418579,1
673,H4,0.7045454382896423,1
674,H4,0.6097561120986938,1
675,H4,0.692307710647583,1
676,H4,0.5987654328346252,1
677,H4,0.9038112759590148,1
678,H4,0.9492998719215392,1
679,H4,0.9661129713058472,1
680,H4,0.985382616519928,1
681,H4,0.9862712621688844,1
682,H4,0.9861671328544616,1
683,H4,0.98656564950943,1
684,H4,0.985707700252533,1
685,H4,0.9433333277702332,1
686,H4,0.7528089880943298,1
687,H4,0.9803921580314636,1
688,H4,0.9724137783050536,1
689,H4,0.975806474685669,1
690,H4,0.9770290851593018,1
691,H4,0.9085240960121156,2
692,H4,0.8317700624465942,2
693,H4,0.8569560050964355,4
694,H4,0.9615887999534608,4
695,H4,0.9628984332084656,4
696,H4,0.8148144483566284,5
697,H4,0.8799760937690735,5
698,H4,0.8948623538017273,5
699,H4,0.8348315954208374,5
700,H4,0.8092555403709412,6
701,H4,0.8738272786140442,6
702,H4,0.8545995950698853,7
703,H4,0.8960453867912292,7
704,H4,0.833832859992981,8
705,H4,0.9000402688980103,10
706,H4,0.8194959759712219,10
707,H4,0.8261834979057312,9
708,H4,0.8225920796394348,7
709,H4,0.8480036854743958,6
710,H4,0.836155116558075,4
711,H4,0.9608010649681092,3
712,H4,0.97454172372818,3
713,H4,0.963710606098175,3
714,H4,0.9689049124717712,3
715,H4,0.9701099395751952,3
716,H4,0.9405240416526794,4
717,H4,0.95204895734787,4
718,H4,0.9215946197509766,3
719,H4,0.8364911079406738,3
720,H4,0.5976197719573975,3
721,H4,0.8575361967086792,2
722,H4,0.6886996030807495,2
723,H4,0.7038953304290771,2
724,H4,0.7536487579345703,2
725,H4,0.5820895433425903,1
726,H4,0.5967742204666138,1
727,H4,0.7082152962684631,1
728,H4,0.8992629051208496,1
729,H4,0.719763994216919,1
730,H4,0.9222487807273864,1
731,H4,0.9194729328155518,1
732,H4,0.7676447033882141,1
733,H4,0.9326068162918092,1
734,H4,0.8697736263275146,1
735,H4,0.9596529006958008,1
736,H4,0.9430962204933168,1
737,H4,0.9079557061195374,1
738,H4,0.9622230529785156,1
739,H4,0.9442763328552246,1
740,H4,0.9678937792778016,1
741,H4,0.9654255509376526,1
742,H4,0.9579415917396544,1
743,H4,0.9629390835762024,1
744,H4,0.9702811241149902,1
745,H4,0.964349091053009,1
746,H4,0.972540020942688,1
747,H4,0.9771644473075868,1
748,H4,0.9602985978126526,1
749,H4,0.9692281484603882,1
750,H4,0.9325640201568604,1
751,H4,0.95530104637146,1
752,H4,0.9518855810165404,1
753,H4,0.911091923713684,1
754,H4,0.9295212626457214,1
755,H4,0.8601863980293274,1
756,H4,0.914053440093994,1
757,H4,0.9477145671844482,1
758,H4,0.9178782105445862,1
759,H4,0.8456435203552246,1
760,H4,0.7967807054519653,1
761,H4,0.8368580341339111,1
762,H4,0.1739130467176437,1
763,H4,2.7777777855675367e-09,1
764,H4,2.2727273396583314e-09,1
765,H4,9.174311865756123e-10,1
766,H4,3.676470516911223e-10,1
767,H4,3.0864197309021785e-10,1
768,H4,1.5629800786953751e-09,2
769,H4,0.3297002613544464,2
770,H4,0.4682835936546325,2
771,H4,0.5286296010017395,3
772,H4,0.4901607930660248,3
773,H4,0.5473936796188354,3
774,H4,0.4037971198558807,3
775,H4,0.3870328962802887,3
776,H4,0.3480928838253021,3
777,H4,0.335083931684494,3
778,H4,0.3087113797664642,3
779,H4,0.3674070537090301,3
780,H4,0.4418555796146393,3
781,H4,0.4168743789196014,3
782,H4,0.583346962928772,4
783,H4,0.6222192049026489,5
784,H4,0.513094425201416,6
785,H4,0.5109791159629822,6
786,H4,0.5170193314552307,6
787,H4,0.565254271030426,6
788,H4,0.6805651187896729,6
789,H4,0.698599636554718,6
790,H4,0.7213020324707031,6
791,H4,0.7098495960235596,6
792,H4,0.7165212631225586,6
793,H4,0.7441965937614441,6
794,H4,0.7566306591033936,6
795,H4,0.7785560488700867,6
796,H4,0.7553519606590271,6
797,H4,0.6828204989433289,6
798,H4,0.704345703125,6
799,H4,0.737629234790802,6
800,H4,0.7205122113227844,6
801,H4,0.6953045725822449,6
802,H4,0.7024180293083191,6
803,H4,0.6285802721977234,6
804,H4,0.5383848547935486,7
805,H4,0.5968798398971558,7
806,H4,0.5885783433914185,7
807,H4,0.6480066180229187,7
808,H4,0.6415176391601562,7
809,H4,0.643172562122345,7
810,H4,0.6747344136238098,7
811,H4,0.6977100372314453,8
812,H4,0.7311374545097351,8
813,H4,0.7407467365264893,8
814,H4,0.7357089519500732,8
815,H4,0.7678289413452148,9
816,H4,0.7595808506011963,9
817,H4,0.727081835269928,10
818,H4,0.7108081579208374,10
819,H4,0.6596164703369141,10
820,H4,0.6596343517303467,10
821,H4,0.6460598707199097,10
822,H4,0.6693661212921143,9
823,H4,0.7714581489562988,8
824,H4,0.8439546227455139,7
825,H4,0.8402723670005798,7
826,H4,0.8933754563331604,6
827,H4,0.8642406463623047,5
828,H4,0.9022268056869508,5
829,H4,0.9524012804031372,4
830,H4,0.955299198627472,3
831,H4,0.9559456706047058,3
832,H4,0.9621689915657043,3
833,H4,0.9636695981025696,3
834,H4,0.9526975750923156,3
835,H4,0.9664502739906312,3
836,H4,0.9549058079719543,3
837,H4,0.8049504160881042,4
838,H4,0.9184013605117798,4
839,H4,0.8720151782035828,4
840,H4,0.9357612729072572,4
841,H4,0.9314281344413756,4
842,H4,0.8968330025672913,4
843,H4,0.8966842889785767,4
844,H4,0.9050173759460448,4
845,H4,0.9153320789337158,4
846,H4,0.8926436305046082,3
847,H4,0.8429649472236633,3
848,H4,0.9244786500930786,2
849,H4,0.9253782033920288,2
850,H4,0.964912474155426,2
851,H4,0.8849228620529175,2
852,H4,0.9321035146713256,2
853,H4,0.9521598815917968,2
854,H4,0.8973798155784607,2
855,H4,0.9537068009376526,2
856,H4,0.947300672531128,2
857,H4,0.9507997035980223,2
858,H4,0.9768240451812744,2
859,H4,0.9393535852432252,2
860,H4,0.969728946685791,2
861,H4,0.9342656135559082,2
862,H4,0.920419454574585,2
863,H4,0.9718732833862304,2
864,H4,0.8512119650840759,2
865,H4,0.8591217398643494,2
866,H4,0.8573130369186401,2
867,H4,0.7768595218658447,1
868,H4,0.8888888955116272,1
869,H4,0.8125,1
870,H4,0.898876428604126,1
871,H4,0.8695651888847351,1
872,H4,0.8999999761581421,1
873,H4,0.7428571581840515,1
874,H4,0.7777777910232544,1
875,H4,0.774193525314331,1
876,H4,0.7037037014961243,1
877,H4,0.9625806212425232,1
878,H4,0.9758161902427672,1
879,H4,0.9864041209220886,1
880,H4,0.9894022941589355,1
881,H4,0.991659700870514,1
882,H4,0.9885268211364746,1
883,H4,0.9720670580863952,1
884,H4,0.910179615020752,1
885,H4,0.9642857313156128,1
886,H4,0.9735449552536012,1
887,H4,0.9822485446929932,1
888,H4,0.9793395400047302,2
889,H4,0.7954333424568176,3
890,H4,0.9186412692070008,3
891,H4,0.8969605565071106,3
892,H4,0.948110282421112,3
893,H4,0.88682621717453,3
894,H4,0.8352306485176086,3
895,H4,0.7084435224533081,5
896,H4,0.8644598722457886,5
897,H4,0.9367399215698242,5
898,H4,0.9193904995918274,5
899,H4,0.8079109191894531,6
900,H4,0.8772512078285217,7
901,H4,0.6928906440734863,8
902,H4,0.5848843455314636,10
903,H4,0.6943257451057434,10
904,H4,0.7864373922348022,10
905,H4,0.7261890172958374,10
906,H4,0.7874633073806763,7
907,H4,0.7415522933006287,6
908,H4,0.5188392400741577,5
909,H4,0.7650652527809143,3
910,H4,0.866020679473877,3
911,H4,0.8617880344390869,4
912,H4,0.9313007593154908,4
913,H4,0.9683202505111694,4
914,H4,0.972579538822174,4
915,H4,0.97820782661438,4
916,H4,0.8760967254638672,4
917,H4,0.8929535746574402,2
918,H4,0.9551430940628052,2
919,H4,0.9132381677627563,2
920,H4,0.9408613443374634,2
921,H4,0.8456991910934448,2
922,H4,0.939393937587738,1
923,H4,0.8888888955116272,1
924,H4,0.7346938848495483,1
925,H4,0.5405405163764954,1
926,H4,0.5789473652839661,1
927,H4,0.800000011920929,1
928,H4,0.7541899681091309,1
929,H4,0.8022388219833374,1
930,H4,0.7439824938774109,1
931,H4,0.7223300933837891,1
932,H4,0.6607142686843872,1
933,H4,0.3261802494525909,1
934,H4,1.2048192443714354e-09,1
935,H4,0.5968292355537415,2
936,H4,0.8494063019752502,3
937,H4,0.9120447635650636,3
938,H4,0.9565523266792296,3
939,H4,0.9515736699104308,3
940,H4,0.90077143907547,4
941,H4,0.8591406941413879,4
942,H4,0.9133610725402832,4
943,H4,0.9434282183647156,4
944,H4,0.900728404521942,4
945,H4,0.8968626260757446,5
946,H4,0.886026918888092,6
947,H4,0.9173288941383362,7
948,H4,0.918646275997162,9
949,H4,0.9136415123939514,9
950,H4,0.9278116226196288,9
951,H4,0.9270264506340028,9
952,H4,0.9113664627075196,10
953,H4,0.8219162225723267,10
954,H4,0.7973897457122803,8
955,H4,0.8487313985824585,7
956,H4,0.9068732261657716,4
957,H4,0.9741559028625488,3
958,H4,0.9667494893074036,3
959,H4,0.9637460708618164,3
960,H4,0.9688122868537904,3
961,H4,0.8815317153930664,4
962,H4,0.8904584050178528,4
963,H4,0.9230337738990784,3
964,H4,0.9357309341430664,2
965,H4,0.943549871444702,2
966,H4,0.9239862561225892,2
967,H4,0.8846153616905212,1
968,H4,0.8510638475418091,1
969,H4,0.936170220375061,1
970,H4,0.9047619104385376,1
971,H4,0.8421052694320679,1
972,H4,0.91304349899292,1
973,H4,0.7727272510528564,1
974,H4,0.8181818127632141,1
975,H4,0.8095238208770752,1
976,H4,0.8292682766914368,1
977,H4,0.7804877758026123,1
978,H4,0.7200000286102295,1
979,H4,0.7647058963775635,1
980,H4,0.6486486196517944,1
981,H4,0.6000000238418579,1
982,H4,0.5090909004211426,1
983,H4,0.6181818246841431,1
984,H4,0.6666666865348816,1
985,H4,0.800000011920929,1
986,H4,0.8333333134651184,1
987,H4,0.800000011920929,1
988,H4,0.7083333134651184,1
989,H4,0.695652186870575,1
990,H4,0.4666666686534881,1
991,H4,0.7317073345184326,1
992,H4,0.692307710647583,1
993,H4,0.8985507488250732,1
994,H4,0.8333333134651184,1
995,H4,0.8709677457809448,1
996,H4,0.7169811129570007,1
997,H4,0.6000000238418579,1
998,H4,0.7142857313156128,1
999,H4,0.8571428656578064,1
1000,H4,0.8627451062202454,1
1001,H4,0.7368420958518982,1
1002,H4,0.723842203617096,1
1003,H4,0.9822820425033568,1
1004,H4,0.9275904893875122,1
1005,H4,0.8367670178413391,1
1006,H4,0.1272084861993789,1
1007,H4,0.8181818127632141,1
1008,H4,0.4242424368858337,2
1009,H4,0.4192454814910888,3
1010,H4,0.5834808945655823,3
1011,H4,0.6626193523406982,3
1012,H4,0.682783305644989,3
1013,H4,0.721025288105011,3
1014,H4,0.8552484512329102,3
1015,H4,0.8853824734687805,3
1016,H4,0.8688348531723022,4
1017,H4,0.8395034670829773,4
1018,H4,0.8280015587806702,4
1019,H4,0.789172351360321,5
1020,H4,0.789652943611145,5
1021,H4,0.8215759992599487,5
1022,H4,0.7465426325798035,6
1023,H4,0.6667348146438599,7
1024,H4,0.6771668791770935,7
1025,H4,0.6444464325904846,8
1026,H4,0.6784849762916565,8
1027,H4,0.6974489688873291,9
1028,H4,0.7284986972808838,8
1029,H4,0.6523884534835815,7
1030,H4,0.6100010871887207,7
1031,H4,0.6188576817512512,7
1032,H4,0.614873468875885,7
1033,H4,0.5151836276054382,5
1034,H4,0.8708801865577698,3
1035,H4,0.7632257342338562,3
1036,H4,0.8762103915214539,3
1037,H4,0.7934476733207703,3
1038,H4,0.7881008386611938,4
1039,H4,0.7596259713172913,4
1040,H4,0.724174976348877,4
1041,H4,0.9640884399414062,3
1042,H4,0.9541435837745668,3
1043,H4,0.9630484580993652,3
1044,H4,0.9404720664024352,3
1045,H4,0.945772647857666,3
1046,H4,0.9489436149597168,2
1047,H4,0.9365441203117372,2
1048,H4,0.9641864895820618,2
1049,H4,0.8824345469474792,2
1050,H4,0.8115941882133484,1
1051,H4,0.6071428656578064,1
1052,H4,0.6415094137191772,1
1053,H4,0.7017543911933899,1
1054,H4,0.6785714030265808,1
1055,H4,0.7058823704719543,1
1056,H4,0.6315789222717285,1
1057,H4,0.8342857360839844,1
1058,H4,0.9577777981758118,1
1059,H4,0.974692702293396,1
1060,H4,0.9868276715278624,1
1061,H4,0.990539252758026,1
1062,H4,0.9852302074432372,1
1063,H4,0.990693747997284,1
1064,H4,0.9868995547294616,1
1065,H4,0.9869888424873352,1
1066,H4,0.9879518151283264,1
1067,H4,0.992424249649048,1
1068,H4,0.980557918548584,1
1069,H4,0.9679487347602844,1
1070,H4,0.7352941036224365,1
1071,H4,0.9218106865882874,1
1072,H4,0.9361402988433838,2
1073,H4,0.9002389907836914,3
1074,H4,0.7179475426673889,4
1075,H4,0.7826642990112305,4
1076,H4,0.8601624965667725,4
1077,H4,0.9070364832878112,5
1078,H4,0.9289667010307312,5
1079,H4,0.9458122253417968,5
1080,H4,0.9230396747589112,6
1081,H4,0.9374955296516418,6
1082,H4,0.9611145853996276,6
1083,H4,0.9321629405021667,6
1084,H4,0.931319773197174,6
1085,H4,0.9570483565330504,6
1086,H4,0.9114834666252136,6
1087,H4,0.8203134536743164,9
1088,H4,0.8984702229499817,9
1089,H4,0.8576080203056335,10
1090,H4,0.8696277141571045,9
1091,H4,0.8857364654541016,8
1092,H4,0.8880918025970459,8
1093,H4,0.8286583423614502,8
1094,H4,0.7900137305259705,4
1095,H4,0.9807161688804626,3
1096,H4,0.969803273677826,3
1097,H4,0.9756017327308656,3
1098,H4,0.9762606620788574,3
1099,H4,0.9698407649993896,3
1100,H4,0.9090641736984252,4
1101,H4,0.951740264892578,4
1102,H4,0.926891267299652,4
1103,H4,0.9054652452468872,4
1104,H4,0.9554116725921632,2
1105,H4,0.9556928277015686,2
1106,H4,0.932647168636322,2
1107,H4,0.4438356161117553,1
1108,H4,0.9053319096565248,1
1109,H4,0.8794664144515991,1
1110,H4,0.9314892292022704,1
1111,H4,0.9012150168418884,1
1112,H4,0.867330014705658,1
1113,H4,0.6751298308372498,1
1114,H4,0.75,1
1115,H4,0.9398148059844972,1
1116,H4,0.9719626307487488,1
1117,H4,0.9415204524993896,1
1118,H4,0.9719626307487488,1
1119,H4,0.9631435871124268,2
1120,H4,0.960789442062378,2
1121,H4,0.8514410257339478,4
1122,H4,0.7544184923171997,5
1123,H4,0.8557484149932861,6
1124,H4,0.9168820381164552,6
1125,H4,0.9154027104377748,6
1126,H4,0.8811435103416443,7
1127,H4,0.9015128016471864,7
1128,H4,0.9007879495620728,8
1129,H4,0.8770503997802734,8
1130,H4,0.9041928052902222,8
1131,H4,0.8821442723274231,8
1132,H4,0.9142600297927856,8
1133,H4,0.8712117075920105,8
1134,H4,0.9035457372665404,8
1135,H4,0.8968887329101562,8
1136,H4,0.9239822030067444,7
1137,H4,0.9148760437965392,7
1138,H4,0.833682656288147,8
1139,H4,0.8541622757911682,6
1140,H4,0.9006097912788391,5
1141,H4,0.9692118167877196,3
1142,H4,0.968076467514038,3
1143,H4,0.959843933582306,3
1144,H4,0.9652664065361024,3
1145,H4,0.9704686999320984,3
1146,H4,0.968283236026764,3
1147,H4,0.6166213750839233,4
1148,H4,0.7929491400718689,3
1149,H4,0.9173152446746826,2
1150,H4,0.9302340745925904,2
1151,H4,0.9160373210906982,2
1152,H4,0.9645389914512634,1
1153,H4,0.9420289993286132,1
1154,H4,0.901960790157318,1
1155,H4,0.9647058844566344,1
1156,H4,0.9055837392807008,1
1157,H4,0.9428191781044006,1
1158,H4,0.9098818898200988,1
1159,H4,0.8042843341827393,1
1160,H4,0.7780126929283142,1
1161,H4,0.2352941185235977,1
1162,H4,0.5701754093170166,1
1163,H4,0.6534351110458374,1
1164,H4,0.7679888010025024,2
1165,H4,0.7868658304214478,5
1166,H4,0.8707757592201233,6
1167,H4,0.8065893054008484,6
1168,H4,0.8903787136077881,6
1169,H4,0.8927924036979675,6
1170,H4,0.8752202987670898,6
1171,H4,0.8014088869094849,7
1172,H4,0.7575673460960388,7
1173,H4,0.8180987238883972,7
1174,H4,0.8002251386642456,7
1175,H4,0.8168745040893555,7
1176,H4,0.8092229962348938,7
1177,H4,0.6479721069335938,8
1178,H4,0.7162607312202454,6
1179,H4,0.8280121684074402,6
1180,H4,0.7519187927246094,8
1181,H4,0.7839444279670715,8
1182,H4,0.7959362864494324,8
1183,H4,0.7809678316116333,7
1184,H4,0.8695123791694641,6
1185,H4,0.9446163773536682,4
1186,H4,0.9147576689720154,4
1187,H4,0.8762691617012024,4
1188,H4,0.8657585978507996,4
1189,H4,0.9135035276412964,2
1190,H4,0.883823037147522,2
1191,H4,0.7777777910232544,1
1192,H4,0.8571428656578064,1
1193,H4,0.8367347121238708,1
1194,H4,0.7524752616882324,1
1195,H4,0.8979591727256775,1
1196,H4,0.9215686321258544,1
1197,H4,0.7216494679450989,1
1198,H4,0.8735632300376892,1
1199,H4,0.8508633971214294,1
1200,H4,0.8182665705680847,1
1201,H4,0.7532467246055603,1
1202,H4,1.6977928785077978e-10,1
1203,H4,0.6142202615737915,2
1204,H4,0.5965129137039185,4
1205,H4,0.7992241978645325,4
1206,H4,0.8687063455581665,4
1207,H4,0.5855781435966492,6
1208,H4,0.6342477798461914,7
1209,H4,0.586749255657196,7
1210,H4,0.6187090277671814,7
1211,H4,0.6195992231369019,7
1212,H4,0.623772144317627,7
1213,H4,0.5969308018684387,7
1214,H4,0.6653356552124023,7
1215,H4,0.6807717084884644,7
1216,H4,0.6961302757263184,7
1217,H4,0.7100933194160461,7
1218,H4,0.7328172922134399,8
1219,H4,0.8159685134887695,7
1220,H4,0.8279767632484436,7
1221,H4,0.8093694448471069,7
1222,H4,0.7966533303260803,7
1223,H4,0.7356268763542175,7
1224,H4,0.8473728895187378,5
1225,H4,0.6346679925918579,5
1226,H4,0.7913609743118286,4
1227,H4,0.9609304070472716,3
1228,H4,0.9332600235939026,3
1229,H4,0.8916776776313782,4
1230,H4,0.848903238773346,4
1231,H4,0.8632686138153076,2
1232,H4,0.8473981618881226,2
1233,H4,0.801082968711853,2
1234,H4,0.9523809552192688,1
1235,H4,0.6869301199913025,1
1236,H4,0.6830065250396729,1
1237,H4,0.5828144550323486,1
1238,H4,0.6731488704681396,1
1239,H4,0.7964184880256653,1
1240,H4,0.8406275510787964,1
1241,H4,0.8342048525810242,1
1242,H4,0.9086626768112184,1
1243,H4,0.9242745637893676,1
1244,H4,0.9536423683166504,1
1245,H4,0.938511312007904,1
1246,H4,0.9533745050430298,1
1247,H4,0.948253571987152,1
1248,H4,0.963979423046112,1
1249,H4,0.9566377401351928,1
1250,H4,0.9337002635002136,1
1251,H4,0.9329156875610352,1
1252,H4,0.8814135193824768,1
1253,H4,0.8082901835441589,1
1254,H4,0.5994420051574707,1
1255,H4,0.1916078776121139,1
1256,H4,0.8035714030265808,1
1257,H4,0.8769716024398804,1
1258,H4,0.9690265655517578,1
1259,H4,0.9634340405464172,1
1260,H4,0.9815303683280944,1
1261,H4,0.959295928478241,1
1262,H4,0.9753320813179016,1
1263,H4,0.7019049525260925,2
1264,H4,0.8870773315429688,2
1265,H4,0.941476345062256,2
1266,H4,0.924709677696228,2
1267,H4,0.902180314064026,2
1268,H4,0.9047096371650696,2
1269,H4,0.8990086317062378,2
1270,H4,0.8897590637207031,2
1271,H4,0.9015717506408693,2
1272,H4,0.9219235181808472,2
1273,H4,0.9610080122947692,2
1274,H4,0.690101683139801,3
1275,H4,0.9000091552734375,3
1276,H4,0.9431607723236084,3
1277,H4,0.9515132308006288,3
1278,H4,0.9629123210906982,3
1279,H4,0.9482415318489076,3
1280,H4,0.7839623689651489,4
1281,H4,0.7773839235305786,4
1282,H4,0.7785994410514832,4
1283,H4,0.7991885542869568,4
1284,H4,0.8073495626449585,4
1285,H4,0.8122955560684204,4
1286,H4,0.8210949897766113,4
1287,H4,0.8462405800819397,4
1288,H4,0.8421285152435303,4
1289,H4,0.8131154179573059,4
1290,H4,0.6955248713493347,5
1291,H4,0.6674743294715881,5
1292,H4,0.6748989224433899,5
1293,H4,0.5690592527389526,6
1294,H4,0.5371266007423401,6
1295,H4,0.5685819387435913,6
1296,H4,0.6823262572288513,6
1297,H4,0.5910799503326416,6
1298,H4,0.5707964301109314,6
1299,H4,0.5824853181838989,6
1300,H4,0.6928155422210693,6
1301,H4,0.6326990127563477,7
1302,H4,0.4686172306537628,8
1303,H4,0.5406806468963623,8
1304,H4,0.4189168810844421,9
1305,H4,0.4176294803619385,9
1306,H4,0.4848091602325439,10
1307,H4,0.4751727879047394,9
1308,H4,0.5205979347229004,9
1309,H4,0.5550044775009155,9
1310,H4,0.6389237642288208,9
1311,H4,0.7065081000328064,9
1312,H4,0.7612969875335693,8
1313,H4,0.77928626537323,8
1314,H4,0.6986931562423706,8
1315,H4,0.6738868355751038,8
1316,H4,0.6368664503097534,8
1317,H4,0.6166819334030151,7
1318,H4,0.5153709650039673,7
1319,H4,0.5637762546539307,7
1320,H4,0.5374643206596375,7
1321,H4,0.6233579516410828,6
1322,H4,0.5380091667175293,6
1323,H4,0.4731320738792419,5
1324,H4,0.4690508246421814,5
1325,H4,0.4653710722923279,4
1326,H4,0.4827197790145874,4
1327,H4,0.4745118618011474,4
1328,H4,0.5162691473960876,4
1329,H4,0.5322828888893127,4
1330,H4,0.5241890549659729,4
1331,H4,0.6342463493347168,3
1332,H4,0.6468592882156372,3
1333,H4,0.6100404858589172,3
1334,H4,0.7123000025749207,3
1335,H4,0.7851154208183289,3
1336,H4,0.7172961831092834,3
1337,H4,0.5897930264472961,3
1338,H4,0.843315839767456,3
1339,H4,0.8703585267066956,3
1340,H4,0.8503415584564209,3
1341,H4,0.8497438430786133,3
1342,H4,0.802508533000946,3
1343,H4,0.8689450621604919,3
1344,H4,0.8566645979881287,3
1345,H4,0.8603339791297913,3
1346,H4,0.8814883828163147,3
1347,H4,0.8039606213569641,3
1348,H4,0.8060936331748962,3
1349,H4,0.8147921562194824,3
1350,H4,0.6904131770133972,3
1351,H4,0.695591151714325,3
1352,H4,0.5886070132255554,3
1353,H4,0.5493437647819519,3
1354,H4,0.5563096404075623,3
1355,H4,0.502713143825531,3
1356,H4,0.4610576629638672,3
1357,H4,0.5928421020507812,2
1358,H4,0.5855787992477417,2
1359,H4,0.707918643951416,2
1360,H4,0.6708663702011108,2
1361,H4,0.7146320343017578,2
1362,H4,0.7347826361656189,2
1363,H4,0.7235453724861145,2
1364,H4,0.6053118109703064,2
1365,H4,0.6140575408935547,2
1366,H4,0.6865562796592712,2
1367,H4,0.7517915964126587,2
1368,H4,0.7491776347160339,2
1369,H4,0.6215231418609619,2
1370,H4,0.3603603541851043,2
1371,H4,0.4112149477005005,2
1372,H4,0.7307692170143127,1
1373,H4,0.8172042965888977,1
1374,H4,0.6666666865348816,1
1375,H4,0.8712328672409058,1
1376,H4,0.9476190209388732,1
1377,H4,0.9457013607025146,1
1378,H4,0.90105539560318,1
1379,H4,0.7389749884605408,1
1380,H4,0.3815580308437347,1
1381,H4,0.8259109258651733,1
1382,H4,0.6649214625358582,1
1383,H4,0.8705882430076599,1
1384,H4,0.8148148059844971,1
1385,H4,0.9469964504241944,1
1386,H4,0.958490550518036,1
1387,H4,0.6614076495170593,3
1388,H4,0.8998032808303833,4
1389,H4,0.9259650111198424,4
1390,H4,0.9050127863883972,5
1391,H4,0.9174381494522096,5
1392,H4,0.8309429287910461,6
1393,H4,0.8521552681922913,6
1394,H4,0.9194484353065492,6
1395,H4,0.8476952314376831,7
1396,H4,0.9147916436195374,7
1397,H4,0.8819389939308167,7
1398,H4,0.8640574812889099,7
1399,H4,0.766484260559082,7
1400,H4,0.8172702193260193,7
1401,H4,0.8572868704795837,7
1402,H4,0.8355579376220703,7
1403,H4,0.7457183003425598,8
1404,H4,0.7899580001831055,8
1405,H4,0.7502800226211548,8
1406,H4,0.8241101503372192,7
1407,H4,0.7606559991836548,8
1408,H4,0.738855242729187,7
1409,H4,0.7257137298583984,6
1410,H4,0.6858479380607605,5
1411,H4,0.6566908955574036,5
1412,H4,0.8360788822174072,3
1413,H4,0.8518120646476746,3
1414,H4,0.9384574294090272,3
1415,H4,0.954679310321808,3
1416,H4,0.8977627754211426,4
1417,H4,0.8531241416931152,4
1418,H4,0.8942795395851135,4
1419,H4,0.8774113059043884,4
1420,H4,0.8463827967643738,3
1421,H4,0.7768898010253906,2
1422,H4,0.7525822520256042,2
1423,H4,0.7003458738327026,2
1424,H4,0.4067796468734741,1
1425,H4,0.9230769276618958,1
1426,H4,0.5011933445930481,1
1427,H4,0.7105262875556946,1
1428,H4,0.8165680766105652,1
1429,H4,0.8998968005180359,1
1430,H4,0.8892430067062378,1
1431,H4,0.9054726362228394,1
1432,H4,0.9200000166893004,1
1433,H4,0.927339255809784,1
1434,H4,0.908203125,1
1435,H4,0.7937558889389038,1
1436,H4,0.7882011532783508,1
1437,H4,0.7811764478683472,1
1438,H4,0.8078388571739197,1
1439,H4,0.7096773982048035,1
1440,H4,0.945945918560028,1
1441,H4,0.9763779640197754,1
1442,H4,0.9368420839309692,1
1443,H4,0.9401002526283264,2
1444,H4,0.9509983658790588,2
1445,H4,0.953816294670105,2
1446,H4,0.9735758304595948,2
1447,H4,0.95906001329422,2
1448,H4,0.9837172031402588,2
1449,H4,0.958829402923584,2
1450,H4,0.9487485289573668,2
1451,H4,0.974300503730774,2
1452,H4,0.9677490592002868,2
1453,H4,0.9806116819381714,2
1454,H4,0.9581411480903624,2
1455,H4,0.8089794516563416,3
1456,H4,0.8275370001792908,3
1457,H4,0.813718855381012,3
1458,H4,0.9192549586296082,3
1459,H4,0.8995687365531921,3
1460,H4,0.9589510560035706,3
1461,H4,0.9566090106964112,3
1462,H4,0.9395921230316162,3
1463,H4,0.6819092035293579,4
1464,H4,0.661286473274231,5
1465,H4,0.8298736810684204,5
1466,H4,0.8600906133651733,5
1467,H4,0.8618685603141785,5
1468,H4,0.9288915395736694,5
1469,H4,0.6012429594993591,6
1470,H4,0.7012743353843689,7
1471,H4,0.749150812625885,7
1472,H4,0.7183793783187866,7
1473,H4,0.7342314124107361,7
1474,H4,0.7567229270935059,7
1475,H4,0.7834412455558777,7
1476,H4,0.7904236912727356,7
1477,H4,0.8136273622512817,7
1478,H4,0.8503187298774719,7
1479,H4,0.8245339393615723,7
1480,H4,0.8233519792556763,8
1481,H4,0.8401881456375122,8
1482,H4,0.8377529978752136,8
1483,H4,0.818282425403595,10
1484,H4,0.8232070803642273,10
1485,H4,0.8235746622085571,10
1486,H4,0.8892501592636108,10
1487,H4,0.8733747601509094,10
1488,H4,0.8600271940231323,10
1489,H4,0.85142582654953,10
1490,H4,0.726649284362793,10
1491,H4,0.8371323347091675,9
1492,H4,0.8380882740020752,9
1493,H4,0.830794095993042,9
1494,H4,0.7079855799674988,9
1495,H4,0.8453503251075745,7
1496,H4,0.8521842360496521,7
1497,H4,0.6236137747764587,7
1498,H4,0.9158453941345216,4
1499,H4,0.8845741152763367,4
1500,H4,0.9458417296409608,3
1501,H4,0.9604341387748718,3
1502,H4,0.9542570114135742,3
1503,H4,0.9660444855690002,3
1504,H4,0.9661601185798644,3
1505,H4,0.9683504700660706,3
1506,H4,0.9742037653923036,3
1507,H4,0.967828929424286,3
1508,H4,0.9678565859794616,3
1509,H4,0.9680513739585876,3
1510,H4,0.9605934023857116,3
1511,H4,0.969553768634796,3
1512,H4,0.9653444290161132,3
1513,H4,0.9714670777320862,3
1514,H4,0.9668416976928712,3
1515,H4,0.9054393768310548,4
1516,H4,0.911005198955536,4
1517,H4,0.8994601964950562,4
1518,H4,0.934744119644165,4
1519,H4,0.9129717350006104,4
1520,H4,0.8867355585098267,4
1521,H4,0.8985217809677124,4
1522,H4,0.8534273505210876,4
1523,H4,0.8426604866981506,3
1524,H4,0.7884387373924255,3
1525,H4,0.7238991260528564,3
1526,H4,0.6704749464988708,3
1527,H4,0.6368311643600464,3
1528,H4,0.8378673791885376,2
1529,H4,0.8194757103919983,2
1530,H4,0.8805264234542847,2
1531,H4,0.8681252002716064,2
1532,H4,0.8228792548179626,2
1533,H4,0.8165228962898254,2
1534,H4,0.683711051940918,2
1535,H4,0.4259064197540283,2
1536,H4,0.7105262875556946,1
1537,H4,0.6577181220054626,1
1538,H4,0.7321428656578064,1
1539,H4,0.5504587292671204,1
1540,H4,0.4000000059604645,1
1541,H4,0.5054945349693298,1
1542,H4,0.5142857432365417,1
1543,H4,0.8387096524238586,1
1544,H4,0.7666666507720947,1
1545,H4,0.6857143044471741,1
1546,H4,0.824999988079071,1
1547,H4,0.824999988079071,1
1548,H4,0.8799999952316284,1
1549,H4,0.8543689250946045,1
1550,H4,0.8672566413879395,1
1551,H4,0.7433628439903259,1
1552,H4,0.7407407164573669,1
1553,H4,0.5894736647605896,1
1554,H4,0.5494505763053894,1
1555,H4,0.5454545617103577,1
1556,H4,0.6451612710952759,1
1557,H4,0.5333333611488342,1
1558,H4,0.6352941393852234,1
1559,H4,0.7311828136444092,1
1560,H4,0.8389261960983276,1
1561,H4,0.9465116262435912,1
1562,H4,0.950266420841217,1
1563,H4,0.9564635157585144,1
1564,H4,0.9563719630241394,1
1565,H4,0.9508196711540222,1
1566,H4,0.94245582818985,1
1567,H4,0.9417080879211426,1
1568,H4,0.9118660688400269,1
1569,H4,0.9474254846572876,1
1570,H4,0.9532934427261353,1
1571,H4,0.9436523914337158,1
1572,H4,0.8434163928031921,1
1573,H4,0.8713060021400452,1
1574,H4,0.933019995689392,1
1575,H4,0.9185580611228944,1
1576,H4,0.3643122613430023,1
1577,H4,9.999999717180683e-10,1
1578,H4,0.4074074029922485,1
1579,H4,0.9049773812294006,1
1580,H4,0.9134328365325928,1
1581,H4,0.9795918464660645,1
1582,H4,0.9457626938819884,1
1583,H4,0.4956140220165252,2
1584,H4,0.5790051221847534,2
1585,H4,0.940965175628662,2
1586,H4,0.9775354266166688,2
1587,H4,0.9511985778808594,2
1588,H4,0.9799797534942628,2
1589,H4,0.9577125906944276,2
1590,H4,0.9633451104164124,2
1591,H4,0.9826406836509703,2
1592,H4,0.9638628959655762,2
1593,H4,0.9839321374893188,2
1594,H4,0.8374896049499512,3
1595,H4,0.8991708159446716,3
1596,H4,0.9011034369468688,3
1597,H4,0.9103538990020752,3
1598,H4,0.9164273142814636,3
1599,H4,0.9254664778709412,3
1600,H4,0.9116538166999816,3
1601,H4,0.9354169368743896,3
1602,H4,0.90671968460083,3
1603,H4,0.9201309084892272,3
1604,H4,0.8479057550430298,4
1605,H4,0.7210503816604614,5
1606,H4,0.735531747341156,5
1607,H4,0.8543564081192017,5
1608,H4,0.9411506652832032,5
1609,H4,0.8111869692802429,6
1610,H4,0.7811987400054932,6
1611,H4,0.8735918402671814,6
1612,H4,0.901964008808136,6
1613,H4,0.8915383219718933,7
1614,H4,0.8877009153366089,8
1615,H4,0.8687379956245422,8
1616,H4,0.8665755987167358,8
1617,H4,0.8765569925308228,8
1618,H4,0.9000551700592041,8
1619,H4,0.8426411151885986,8
1620,H4,0.8473255038261414,9
1621,H4,0.8625229001045227,8
1622,H4,0.8448469638824463,8
1623,H4,0.8247786164283752,8
1624,H4,0.8032508492469788,8
1625,H4,0.7795745134353638,8
1626,H4,0.8067675828933716,8
1627,H4,0.8642845153808594,7
1628,H4,0.8000691533088684,7
1629,H4,0.8361839652061462,6
1630,H4,0.8444855809211731,6
1631,H4,0.8503220677375793,6
1632,H4,0.7761328816413879,6
1633,H4,0.7951770424842834,5
1634,H4,0.7527337670326233,5
1635,H4,0.7199761867523193,4
1636,H4,0.7405672073364258,4
1637,H4,0.718004047870636,4
1638,H4,0.9709133505821228,3
1639,H4,0.9670591950416564,3
1640,H4,0.961143672466278,3
1641,H4,0.9692668318748474,3
1642,H4,0.9488520622253418,3
1643,H4,0.952995538711548,3
1644,H4,0.9646027684211732,3
1645,H4,0.9512085914611816,3
1646,H4,0.96106618642807,3
1647,H4,0.8931447863578796,4
1648,H4,0.9358426332473756,4
1649,H4,0.9111793637275696,4
1650,H4,0.9215881824493408,4
1651,H4,0.8935847282409668,4
1652,H4,0.9289818406105042,3
1653,H4,0.9344908595085144,3
1654,H4,0.9297602772712708,3
1655,H4,0.8986607193946838,3
1656,H4,0.9268814921379088,3
1657,H4,0.8923163414001465,3
1658,H4,0.9791293144226074,2
1659,H4,0.9652091264724731,2
1660,H4,0.956159234046936,2
1661,H4,0.975044846534729,2
1662,H4,0.9576520919799804,2
1663,H4,0.9594482779502868,2
1664,H4,0.9572901725769044,2
1665,H4,0.9524587392807008,2
1666,H4,0.9650219678878784,2
1667,H4,0.9418297410011292,2
1668,H4,0.9695374965667723,2
1669,H4,0.9345391988754272,2
1670,H4,0.9433687329292296,2
1671,H4,0.938510239124298,2
1672,H4,0.9486619234085084,2
1673,H4,0.9511029124259948,2
1674,H4,0.951216995716095,2
1675,H4,0.8942590355873108,2
1676,H4,0.922195315361023,2
1677,H4,0.8908454179763794,2
1678,H4,0.9381664395332336,2
1679,H4,0.8527551889419556,2
1680,H4,0.9524962306022644,2
1681,H4,0.947766661643982,2
1682,H4,0.6556962132453918,2
1683,H4,0.9512194991111756,1
1684,H4,0.8421052694320679,1
1685,H4,0.9214285612106324,1
1686,H4,0.984000027179718,1
1687,H4,0.9884678721427916,1
1688,H4,0.9891135096549988,1
1689,H4,0.990622341632843,1
1690,H4,0.9790382385253906,1
1691,H4,0.7105262875556946,1
1692,H4,0.978723406791687,1
1693,H4,0.9513108730316162,1
1694,H4,0.9724310636520386,1
1695,H4,0.948679268360138,2
1696,H4,0.9722836017608644,2
1697,H4,0.9284563064575196,3
1698,H4,0.961839497089386,3
1699,H4,0.9549883008003236,3
1700,H4,0.6863967776298523,4
1701,H4,0.8358789086341858,4
1702,H4,0.9335238933563232,4
1703,H4,0.8482144474983215,5
1704,H4,0.8796626329421997,5
1705,H4,0.7894665002822876,7
1706,H4,0.7274317145347595,7
1707,H4,0.8680988550186157,7
1708,H4,0.9378122687339784,7
1709,H4,0.9206071496009828,7
1710,H4,0.9276427030563354,7
1711,H4,0.8512563705444336,9
1712,H4,0.8824123740196228,9
1713,H4,0.90274178981781,8
1714,H4,0.8586399555206299,9
1715,H4,0.8790721297264099,6
1716,H4,0.9017234444618224,6
1717,H4,0.9630686044692992,4
1718,H4,0.8396884202957153,4
1719,H4,0.9542065262794496,3
1720,H4,0.9737488627433776,3
1721,H4,0.7115947604179382,3
1722,H4,0.8847687840461731,3
1723,H4,0.9245610237121582,3
1724,H4,0.9403700828552246,3
1725,H4,0.8806958794593811,3
1726,H4,0.8805544972419739,3
1727,H4,0.911854088306427,1
1728,H4,0.9589403867721558,1
1729,H4,0.912806510925293,1
1730,H4,0.7497291564941406,1
1731,H4,0.6573099493980408,1
1732,H4,0.3546944856643677,1
1733,H4,0.1147540956735611,1
1734,H4,0.4636015295982361,2
1735,H4,0.5391138792037964,2
1736,H4,0.5069682002067566,3
1737,H4,0.7979207634925842,3
1738,H4,0.8382372260093689,3
1739,H4,0.8711729049682617,3
1740,H4,0.825073778629303,4
1741,H4,0.7971838712692261,4
1742,H4,0.7849746942520142,5
1743,H4,0.6156952977180481,6
1744,H4,0.7271296381950378,6
1745,H4,0.7136379480361938,7
1746,H4,0.8651760220527649,7
1747,H4,0.8991284966468811,7
1748,H4,0.8473707437515259,8
1749,H4,0.8694361448287964,8
1750,H4,0.8123680949211121,9
1751,H4,0.8105169534683228,10
1752,H4,0.8052948713302612,10
1753,H4,0.7588809728622437,10
1754,H4,0.7305916547775269,9
1755,H4,0.6817848682403564,8
1756,H4,0.7288490533828735,5
1757,H4,0.9662951827049256,3
1758,H4,0.9691715240478516,3
1759,H4,0.95645672082901,3
1760,H4,0.9642131924629213,3
1761,H4,0.8300316333770752,4
1762,H4,0.7827010154724121,4
1763,H4,0.9387758374214172,3
1764,H4,0.920417070388794,2
1765,H4,0.9137651324272156,2
1766,H4,0.893599271774292,2
1767,H4,0.9144354462623596,2
1768,H4,0.8714721202850342,2
1769,H4,0.8181818127632141,1
1770,H4,0.800000011920929,1
1771,H4,0.7096773982048035,1
1772,H4,0.625,1
1773,H4,0.7857142686843872,1
1774,H4,0.7586206793785095,1
1775,H4,0.7586206793785095,1
1776,H4,0.8999999761581421,1
1777,H4,0.75,1
1778,H4,0.8148148059844971,1
1779,H4,0.8695651888847351,1
1780,H4,0.3333333432674408,1
1781,H4,0.6818181872367859,1
1782,H4,0.6530612111091614,1
1783,H4,0.6341463327407837,1
1784,H4,0.774193525314331,1
1785,H4,0.5333333611488342,1
1786,H4,0.625,1
1787,H4,0.7179487347602844,1
1788,H4,0.5714285969734192,1
1789,H4,0.7272727489471436,1
1790,H4,0.7272727489471436,1
1791,H4,0.6451612710952759,1
1792,H4,0.8500000238418579,1
1793,H4,0.921052634716034,1
1794,H4,0.8358209133148193,1
1795,H4,0.7692307829856873,1
1796,H4,0.7407407164573669,1
1797,H4,0.6153846383094788,1
1798,H4,0.9375,1
1799,H4,0.9624478220939636,1
1800,H4,0.8602150678634644,1
1801,H4,0.887005627155304,1
1802,H4,0.9869879484176636,1
1803,H4,0.9895661473274232,1
1804,H4,0.9342916011810304,1
1805,H4,0.761904776096344,1
1806,H4,0.9465649127960204,1
1807,H4,0.9645776748657228,1
1808,H4,0.9458346366882324,2
1809,H4,0.975377917289734,2
1810,H4,0.9669209718704224,2
1811,H4,0.9650009870529176,2
1812,H4,0.8387959599494934,3
1813,H4,0.7648722529411316,3
1814,H4,0.6887288093566895,4
1815,H4,0.5878096222877502,6
1816,H4,0.632513165473938,6
1817,H4,0.7761918306350708,7
1818,H4,0.7185393571853638,7
1819,H4,0.8761206269264221,8
1820,H4,0.9004489183425903,8
1821,H4,0.8842297196388245,8
1822,H4,0.9286357760429382,8
1823,H4,0.8892415165901184,8
1824,H4,0.7478797435760498,8
1825,H4,0.7940725684165955,8
1826,H4,0.8560690879821777,8
1827,H4,0.8364662528038025,8
1828,H4,0.8177610039710999,7
1829,H4,0.8580493927001953,6
1830,H4,0.9302684664726256,5
1831,H4,0.8693477511405945,5
1832,H4,0.9470563530921936,4
1833,H4,0.8224595785140991,4
1834,H4,0.8672989010810852,4
1835,H4,0.9358380436897278,4
1836,H4,0.6975826621055603,4
1837,H4,0.9340013861656188,2
1838,H4,0.8872874975204468,2
1839,H4,0.9354838728904724,1
1840,H4,0.9655172228813172,1
1841,H4,0.9312977194786072,1
1842,H4,0.859649121761322,1
1843,H4,0.8600000143051147,1
1844,H4,0.9215686321258544,1
1845,H4,0.8672566413879395,1
1846,H4,0.9062802195549012,1
1847,H4,0.9481654167175292,1
1848,H4,0.9678819179534912,1
1849,H4,0.9692307710647584,1
1850,H4,0.9716949462890624,1
1851,H4,0.9738760590553284,1
1852,H4,0.9810088872909546,1
1853,H4,0.9722983241081238,1
1854,H4,0.9772088527679444,1
1855,H4,0.970957100391388,1
1856,H4,0.971255660057068,1
1857,H4,0.9254302382469176,1
1858,H4,0.9636363387107848,1
1859,H4,0.7791741490364075,1
1860,H4,0.892307698726654,1
1861,H4,0.9590643048286438,1
1862,H4,0.975944995880127,1
1863,H4,0.9595959782600404,1
1864,H4,0.9685039520263672,1
1865,H4,0.9656357169151306,1
1866,H4,0.7384375333786011,2
1867,H4,0.7950734496116638,3
1868,H4,0.878530740737915,3
1869,H4,0.8827338814735413,3
1870,H4,0.9183587431907654,3
1871,H4,0.8118619918823242,4
1872,H4,0.8656619191169739,5
1873,H4,0.927031397819519,5
1874,H4,0.9214149713516236,5
1875,H4,0.9324224591255188,5
1876,H4,0.9301645159721376,5
1877,H4,0.9512103796005248,5
1878,H4,0.9012761116027832,5
1879,H4,0.9055545926094056,7
1880,H4,0.9246634840965272,7
1881,H4,0.8581002354621887,9
1882,H4,0.8607789278030396,10
1883,H4,0.907522439956665,9
1884,H4,0.872282862663269,9
1885,H4,0.8707892894744873,9
1886,H4,0.9020979404449464,9
1887,H4,0.8962794542312622,9
1888,H4,0.8623394966125488,8
1889,H4,0.8493234515190125,6
1890,H4,0.9076666235923768,4
1891,H4,0.9647749066352844,3
1892,H4,0.9688056111335754,3
1893,H4,0.9739564061164856,3
1894,H4,0.9729923605918884,3
1895,H4,0.9405825734138488,4
1896,H4,0.9409496188163756,4
1897,H4,0.9005634784698486,4
1898,H4,0.9193954467773438,3
1899,H4,0.9081578254699708,3
1900,H4,0.9170432686805724,2
1901,H4,0.8888888955116272,1
1902,H4,0.8055555820465088,1
1903,H4,0.692307710647583,1
1904,H4,0.7906976938247681,1
1905,H4,0.8399999737739563,1
1906,H4,0.9523809552192688,1
1907,H4,0.761904776096344,1
1908,H4,0.5833333134651184,1
1909,H4,0.7916666865348816,1
1910,H4,0.7450980544090271,1
1911,H4,0.5581395626068115,1
1912,H4,0.6129032373428345,1
1913,H4,0.7532467246055603,1
1914,H4,0.7272727489471436,1
1915,H4,0.7647058963775635,1
1916,H4,0.6538461446762085,1
1917,H4,0.7272727489471436,1
1918,H4,0.699999988079071,1
1919,H4,0.8148148059844971,1
1920,H4,0.7796609997749329,1
1921,H4,0.8684210777282715,1
1922,H4,0.6944444179534912,1
1923,H4,0.8732394576072693,1
1924,H4,0.6461538672447205,1
1925,H4,0.6274510025978088,1
1926,H4,0.7894737124443054,1
1927,H4,0.761904776096344,1
1928,H4,0.625,1
1929,H4,0.6800000071525574,1
1930,H4,0.8510638475418091,1
1931,H4,0.7307692170143127,1
1932,H4,0.6666666865348816,1
1933,H4,0.692307710647583,1
1934,H4,0.8363636136054993,1
1935,H4,0.6792452931404114,1
1936,H4,0.8430493474006653,1
1937,H4,0.9186046719551086,1
1938,H4,0.8793103694915771,1
1939,H4,0.8617710471153259,1
1940,H4,0.8414779305458069,1
1941,H4,0.7560975551605225,1
1942,H4,0.6327272653579712,1
1943,H4,0.3770115077495575,1
1944,H4,0.957178831100464,1
1945,H4,0.9758551120758056,1
1946,H4,0.4001901149749756,2
1947,H4,0.3209090828895569,2
1948,H4,0.8730069398880005,2
1949,H4,0.7697073817253113,3
1950,H4,0.7822191715240479,4
1951,H4,0.6733366847038269,5
1952,H4,0.68790602684021,6
1953,H4,0.7397382855415344,6
1954,H4,0.8135882019996643,6
1955,H4,0.7981895804405212,7
1956,H4,0.844929039478302,7
1957,H4,0.8151882886886597,7
1958,H4,0.7964423298835754,7
1959,H4,0.7234119772911072,7
1960,H4,0.728641927242279,8
1961,H4,0.7245219945907593,8
1962,H4,0.7233589887619019,8
1963,H4,0.8979230523109436,6
1964,H4,0.8772666454315186,6
1965,H4,0.9467668533325196,5
1966,H4,0.9498797655105592,5
1967,H4,0.8906391263008118,6
1968,H4,0.9308645129203796,6
1969,H4,0.9014902710914612,6
1970,H4,0.9016558527946472,6
1971,H4,0.9428256154060364,6
1972,H4,0.9208795428276062,5
1973,H4,0.923427402973175,5
1974,H4,0.910166084766388,5
1975,H4,0.9281123876571656,5
1976,H4,0.8547364473342896,4
1977,H4,0.8130809664726257,3
1978,H4,0.8814387321472168,2
1979,H4,0.8587040901184082,2
1980,H4,0.8467947840690613,2
1981,H4,0.7951163649559021,2
1982,H4,0.5746480226516724,2
1983,H4,0.8010338544845581,2
1984,H4,0.7891371250152588,2
1985,H4,0.3666666746139526,2
1986,H4,0.60317462682724,1
1987,H4,0.4799999892711639,1
1988,H4,0.5517241358757019,1
1989,H4,0.7710843086242676,1
1990,H4,0.6813187003135681,1
1991,H4,0.8351648449897766,1
1992,H4,0.8695651888847351,1
1993,H4,0.4727272689342499,1
1994,H4,0.8867924809455872,1
1995,H4,0.9351851940155028,1
1996,H4,0.9118312001228333,1
1997,H4,0.928224503993988,1
1998,H4,0.7462844848632812,1
1999,H4,0.1394025534391403,1
2000,H4,0.1748633831739425,1
2001,H4,0.1771009564399719,1
2002,H4,0.1536643058061599,1
2003,H4,0.012561060488224,1
2004,H4,2.8818444852696246e-10,1
2005,H4,0.2027649730443954,1
2006,H4,0.4759206771850586,1
2007,H4,0.6230936646461487,1
2008,H4,0.5904593467712402,2
2009,H4,0.7199596762657166,3
2010,H4,0.7977960109710693,3
2011,H4,0.6981903314590454,4
2012,H4,0.7800976634025574,4
2013,H4,0.7755324840545654,4
2014,H4,0.7320684790611267,5
2015,H4,0.5893270373344421,6
2016,H4,0.6330544352531433,6
2017,H4,0.5896499752998352,6
2018,H4,0.6295063495635986,6
2019,H4,0.6500213742256165,6
2020,H4,0.6715821623802185,6
2021,H4,0.6354090571403503,6
2022,H4,0.6205286383628845,6
2023,H4,0.714664101600647,5
2024,H4,0.7113206386566162,6
2025,H4,0.8933135271072388,5
2026,H4,0.9057777523994446,5
2027,H4,0.9143951535224916,5
2028,H4,0.7892926335334778,7
2029,H4,0.7837428450584412,7
2030,H4,0.8561115860939026,6
2031,H4,0.8418709635734558,5
2032,H4,0.8175773620605469,4
2033,H4,0.939173698425293,3
2034,H4,0.8395969867706299,3
2035,H4,0.8022400736808777,3
2036,H4,0.8504114151000977,3
2037,H4,0.7150731682777405,4
2038,H4,0.6031785607337952,3
2039,H4,0.7233530282974243,2
2040,H4,0.8598334789276123,2
2041,H4,0.6388888955116272,1
2042,H4,0.8571428656578064,1
2043,H4,0.8064516186714172,1
2044,H4,0.9052631855010986,1
2045,H4,0.9641509652137756,1
2046,H4,0.9426462054252625,1
2047,H4,0.9711538553237916,1
2048,H4,0.9736308455467224,1
2049,H4,0.9706581830978394,1
2050,H4,0.9732400178909302,1
2051,H4,0.9608778357505798,1
2052,H4,0.9375481605529784,1
2053,H4,0.8962655663490295,1
2054,H4,0.8928571343421936,1
2055,H4,0.9580976366996764,2
2056,H4,0.961496114730835,2
2057,H4,0.9712686538696288,2
2058,H4,0.982187032699585,2
2059,H4,0.9698166847229004,2
2060,H4,0.9677796959877014,2
2061,H4,0.8590579032897949,3
2062,H4,0.9187275767326356,3
2063,H4,0.9254637360572816,3
2064,H4,0.8931488990783691,4
2065,H4,0.8697720766067505,5
2066,H4,0.9194169044494628,5
2067,H4,0.8721082806587219,5
2068,H4,0.897189736366272,5
2069,H4,0.9306000471115112,5
2070,H4,0.9252158403396606,5
2071,H4,0.9446766972541808,5
2072,H4,0.8601179122924805,7
2073,H4,0.8766065239906311,7
2074,H4,0.8788938522338867,8
2075,H4,0.8769620060920715,7
2076,H4,0.7085991501808167,8
2077,H4,0.7908563613891602,7
2078,H4,0.8271793723106384,7
2079,H4,0.7343512773513794,7
2080,H4,0.6524493098258972,6
2081,H4,0.9359755516052246,4
2082,H4,0.9592531323432922,3
2083,H4,0.9660829901695251,3
2084,H4,0.9696479439735411,3
2085,H4,0.8507277965545654,4
2086,H4,0.9089863300323486,4
2087,H4,0.9369108080863952,3
2088,H4,0.9369962811470032,3
2089,H4,0.866504967212677,3
2090,H4,0.8038339018821716,3
2091,H4,0.8736991882324219,2
2092,H4,0.831875205039978,2
2093,H4,0.7265917658805847,2
2094,H4,0.7945205569267273,1
2095,H4,0.7733333110809326,1
2096,H4,0.6557376980781555,1
2097,H4,0.8888888955116272,1
2098,H4,0.9411764740943908,1
2099,H4,0.8064516186714172,1
2100,H4,0.7857142686843872,1
2101,H4,0.8275862336158752,1
2102,H4,0.7586206793785095,1
2103,H4,0.7586206793785095,1
2104,H4,0.7200000286102295,1
2105,H4,0.6938775777816772,1
2106,H4,0.6938775777816772,1
2107,H4,0.6268656849861145,1
2108,H4,0.746268630027771,1
2109,H4,0.782608687877655,1
2110,H4,0.7096773982048035,1
2111,H4,0.7575757503509521,1
2112,H4,0.7222222089767456,1
2113,H4,0.6666666865348816,1
2114,H4,0.5384615659713745,1
2115,H4,0.8461538553237915,1
2116,H4,0.807692289352417,1
2117,H4,0.8333333134651184,1
2118,H4,0.7666666507720947,1
2119,H4,0.7407407164573669,1
2120,H4,0.8928571343421936,1
2121,H4,0.8363636136054993,1
2122,H4,0.7659574747085571,1
2123,H4,0.8444444537162781,1
2124,H4,0.8510638475418091,1
2125,H4,0.8936170339584351,1
2126,H4,0.7804877758026123,1
2127,H4,0.8771929740905762,1
2128,H4,0.7317073345184326,1
2129,H4,0.8461538553237915,1
2130,H4,0.699999988079071,1
2131,H4,0.8235294222831726,1
2132,H4,0.75,1
2133,H4,0.9200000166893004,1
2134,H4,0.9811320900917052,1
2135,H4,0.800000011920929,1
2136,H4,0.8799999952316284,1
2137,H4,0.7931034564971924,1
2138,H4,0.8666666746139526,1
2139,H4,0.9285714030265808,1
2140,H4,0.9669811129570008,1
2141,H4,0.9747899174690248,1
2142,H4,0.971098244190216,1
2143,H4,0.9757658839225768,1
2144,H4,0.9826676845550536,1
2145,H4,0.9912517070770264,1
2146,H4,0.9838964343070984,1
2147,H4,0.9838760495185852,1
2148,H4,0.9868247509002686,1
2149,H4,0.9891618490219116,1
2150,H4,0.984451711177826,1
2151,H4,0.9796305298805236,1
2152,H4,0.98392653465271,1
2153,H4,0.9792284965515136,1
2154,H4,0.942014217376709,1
2155,H4,0.9191489219665528,1
2156,H4,0.936170220375061,1
2157,H4,0.7691068649291992,3
2158,H4,0.8996967673301697,3
2159,H4,0.7989404797554016,3
2160,H4,0.7828487157821655,4
2161,H4,0.6617580652236938,5
2162,H4,0.7942821979522705,5
2163,H4,0.8751934170722961,5
2164,H4,0.8883024454116821,5
2165,H4,0.8327592015266418,6
2166,H4,0.93994140625,6
2167,H4,0.8308836221694946,7
2168,H4,0.9175814390182496,7
2169,H4,0.9232921004295348,7
2170,H4,0.9687543511390686,7
2171,H4,0.9719094038009644,7
2172,H4,0.9660950899124146,7
2173,H4,0.9269031286239624,8
2174,H4,0.9481793642044068,8
2175,H4,0.9205695390701294,10
2176,H4,0.908338189125061,10
2177,H4,0.9175642728805542,10
2178,H4,0.9169230461120604,10
2179,H4,0.8902554512023926,8
2180,H4,0.899737536907196,7
2181,H4,0.8363146781921387,7
2182,H4,0.8906418085098267,5
2183,H4,0.8826993703842163,5
2184,H4,0.9799494743347168,3
2185,H4,0.9763368964195251,3
2186,H4,0.9804313778877258,3
2187,H4,0.9682989120483398,3
2188,H4,0.9736452102661132,4
2189,H4,0.9464884996414183,4
2190,H4,0.957363784313202,3
2191,H4,0.958859384059906,3
2192,H4,0.8854876160621643,3
2193,H4,0.9269373416900636,2
2194,H4,0.9352991580963136,2
2195,H4,0.9207807183265686,2
2196,H4,0.9024178981781006,2
2197,H4,0.9351412653923036,2
2198,H4,0.9135663509368896,2
2199,H4,0.884748101234436,2
2200,H4,0.8518518805503845,1
2201,H4,0.800000011920929,1
2202,H4,0.7692307829856873,1
2203,H4,0.8292682766914368,1
2204,H4,0.8444444537162781,1
2205,H4,0.7924528121948242,1
2206,H4,0.8070175647735596,1
2207,H4,0.8181818127632141,1
2208,H4,0.8450704216957092,1
2209,H4,0.782608687877655,1
2210,H4,0.8301886916160583,1
2211,H4,0.8648648858070374,1
2212,H4,0.875,1
2213,H4,0.8571428656578064,1
2214,H4,0.8524590134620667,1
2215,H4,0.7878788113594055,1
2216,H4,0.8358209133148193,1
2217,H4,0.939393937587738,1
2218,H4,0.7636363506317139,1
2219,H4,0.8196721076965332,1
2220,H4,0.8727272748947144,1
2221,H4,0.8333333134651184,1
2222,H4,0.8732394576072693,1
2223,H4,0.8732394576072693,1
2224,H4,0.8823529481887817,1
2225,H4,0.8358209133148193,1
2226,H4,0.8285714387893677,1
2227,H4,0.8831169009208679,1
2228,H4,0.9275362491607666,1
2229,H4,0.8732394576072693,1
2230,H4,0.8421052694320679,1
2231,H4,0.7848101258277893,1
2232,H4,0.8493150472640991,1
2233,H4,0.8333333134651184,1
2234,H4,0.4120602905750274,1
2235,H4,0.3147929012775421,1
2236,H4,0.90888249874115,1
2237,H4,0.933660924434662,1
2238,H4,0.9425086975097656,1
2239,H4,0.9155817031860352,1
2240,H4,0.946491241455078,1
2241,H4,0.4549180269241333,1
2242,H4,0.6436781883239746,1
2243,H4,0.8691588640213013,1
2244,H4,0.9169435501098632,1
2245,H4,0.9203540086746216,1
2246,H4,0.9544236063957214,1
2247,H4,0.4486486613750458,2
2248,H4,0.436950147151947,2
2249,H4,0.3619610965251922,2
2250,H4,0.643097460269928,2
2251,H4,0.5711925625801086,3
2252,H4,0.6640538573265076,3
2253,H4,0.8847590088844299,3
2254,H4,0.7009968161582947,3
2255,H4,0.922964870929718,3
2256,H4,0.9416807293891908,3
2257,H4,0.8955647349357605,4
2258,H4,0.8695030212402344,5
2259,H4,0.9157655835151672,5
2260,H4,0.8591674566268921,5
2261,H4,0.897441565990448,5
2262,H4,0.9030370116233826,6
2263,H4,0.904930055141449,6
2264,H4,0.8002081513404846,6
2265,H4,0.8843174576759338,6
2266,H4,0.7765778303146362,7
2267,H4,0.8240353465080261,7
2268,H4,0.88805091381073,7
2269,H4,0.903365433216095,7
2270,H4,0.878576397895813,8
2271,H4,0.8864836692810059,8
2272,H4,0.832727313041687,9
2273,H4,0.8291098475456238,7
2274,H4,0.6965022683143616,7
2275,H4,0.9095519781112672,5
2276,H4,0.866984486579895,5
2277,H4,0.9266044497489928,5
2278,H4,0.9193572998046876,4
2279,H4,0.7869884967803955,4
2280,H4,0.7325282692909241,4
2281,H4,0.976520538330078,3
2282,H4,0.968031883239746,3
2283,H4,0.9669439196586608,3
2284,H4,0.8977243900299072,4
2285,H4,0.9504315853118896,4
2286,H4,0.9478278160095216,4
2287,H4,0.9351569414138794,4
2288,H4,0.9402616024017334,4
2289,H4,0.911056399345398,4
2290,H4,0.8617080450057983,2
2291,H4,0.8782795667648315,2
2292,H4,0.9113923907279968,1
2293,H4,0.8888888955116272,1
2294,H4,0.9135802388191224,1
2295,H4,0.8048780560493469,1
2296,H4,0.7749999761581421,1
2297,H4,0.6478873491287231,1
2298,H4,0.625,1
2299,H4,0.3650793731212616,1
2300,H4,0.5841121673583984,1
2301,H4,0.7283511161804199,1
2302,H4,0.9242236018180848,1
2303,H4,0.8864786624908447,1
2304,H4,0.9348980188369752,1
2305,H4,0.9595061540603638,1
2306,H4,0.9583333134651184,1
2307,H4,0.9528513550758362,1
2308,H4,0.9550665020942688,1
2309,H4,0.9277833700180054,1
2310,H4,0.9432146549224854,1
2311,H4,0.9474654197692872,1
2312,H4,0.7242948412895203,1
2313,H4,0.1770956367254257,1
2314,H4,0.5670041441917419,1
2315,H4,0.6718258857727051,3
2316,H4,0.8154716491699219,3
2317,H4,0.8945341110229492,4
2318,H4,0.8387163281440735,5
2319,H4,0.8856876492500305,5
2320,H4,0.937829613685608,5
2321,H4,0.9244113564491272,6
2322,H4,0.7939577102661133,7
2323,H4,0.8729022145271301,7
2324,H4,0.9213285446166992,7
2325,H4,0.9192262291908264,7
2326,H4,0.8432028293609619,8
2327,H4,0.9141747951507568,8
2328,H4,0.8866943717002869,8
2329,H4,0.9320701956748962,8
2330,H4,0.907784938812256,8
2331,H4,0.90761536359787,8
2332,H4,0.8536130785942078,10
2333,H4,0.8556362390518188,10
2334,H4,0.8253007531166077,9
2335,H4,0.8436371088027954,8
2336,H4,0.8485243916511536,6
2337,H4,0.8713497519493103,6
2338,H4,0.636924147605896,5
2339,H4,0.9741807579994202,3
2340,H4,0.9461151957511902,3
2341,H4,0.9592914581298828,3
2342,H4,0.95787113904953,3
2343,H4,0.919580101966858,4
2344,H4,0.8493552207946777,3
2345,H4,0.9336133003234864,2
2346,H4,0.9069474935531616,2
2347,H4,0.8848929405212402,2
2348,H4,0.3691275119781494,2
2349,H4,0.7480915784835815,1
2350,H4,0.920634925365448,1
2351,H4,0.9444444179534912,1
2352,H4,0.898876428604126,1
2353,H4,0.98591548204422,1
2354,H4,0.921052634716034,1
2355,H4,0.8292682766914368,1
2356,H4,0.782608687877655,1
2357,H4,0.6666666865348816,1
2358,H4,0.6774193644523621,1
2359,H4,0.6530612111091614,1
2360,H4,0.5909090638160706,1
2361,H4,0.5777778029441833,1
2362,H4,0.4651162922382355,1
2363,H4,0.6428571343421936,1
2364,H4,0.7857142686843872,1
2365,H4,0.6785714030265808,1
2366,H4,0.7397260069847107,1
2367,H4,0.8387096524238586,1
2368,H4,0.8823529481887817,1
2369,H4,0.8888888955116272,1
2370,H4,0.8936170339584351,1
2371,H4,0.8450704216957092,1
2372,H4,0.7887324094772339,1
2373,H4,0.8169013857841492,1
2374,H4,0.9411764740943908,1
2375,H4,0.7755101919174194,1
2376,H4,0.7843137383460999,1
2377,H4,0.8518518805503845,1
2378,H4,0.9491525292396544,1
2379,H4,0.9589040875434875,1
2380,H4,0.9610389471054076,1
2381,H4,0.9523809552192688,1
2382,H4,0.8641975522041321,1
2383,H4,0.8985507488250732,1
2384,H4,0.89552241563797,1
2385,H4,0.8918918967247009,1
2386,H4,0.9333333373069764,1
2387,H4,0.8735632300376892,1
2388,H4,0.7865168452262878,1
2389,H4,0.7692307829856873,1
2390,H4,0.7714285850524902,1
2391,H4,0.8571428656578064,1
2392,H4,0.8285714387893677,1
2393,H4,0.8965517282485962,1
2394,H4,0.6508875489234924,1
2395,H4,0.9429280161857604,1
2396,H4,0.9045764207839966,1
2397,H4,0.9534693956375122,1
2398,H4,0.9756850600242616,1
2399,H4,0.9122165441513062,1
2400,H4,0.9517181515693665,1
2401,H4,0.7690432667732239,1
2402,H4,0.4005449712276459,1
2403,H4,0.5029940009117126,1
2404,H4,0.9843527674674988,1
2405,H4,0.980785310268402,1
2406,H4,0.4916467666625976,2
2407,H4,0.7125685214996338,3
2408,H4,0.9123903512954712,4
2409,H4,0.9292321801185608,4
2410,H4,0.9433252811431884,4
2411,H4,0.8230811953544617,6
2412,H4,0.9341122508049012,6
2413,H4,0.9432799816131592,6
2414,H4,0.9428961873054504,7
2415,H4,0.9264202117919922,7
2416,H4,0.9410568475723268,7
2417,H4,0.9331316351890564,7
2418,H4,0.9271020889282228,7
2419,H4,0.9295210242271424,7
2420,H4,0.7756880521774292,7
2421,H4,0.8111019730567932,7
2422,H4,0.7487078905105591,7
2423,H4,0.7918384671211243,6
2424,H4,0.9489771127700806,5
2425,H4,0.9550735354423524,5
2426,H4,0.8736644983291626,7
2427,H4,0.9260435104370116,7
2428,H4,0.8984394669532776,8
2429,H4,0.9463748931884766,8
2430,H4,0.9151257872581482,7
2431,H4,0.919684112071991,7
2432,H4,0.9153337478637696,7
2433,H4,0.8626976609230042,7
2434,H4,0.8098648190498352,6
2435,H4,0.8531471490859985,5
2436,H4,0.8819904327392578,5
2437,H4,0.8532806634902954,4
2438,H4,0.9395146369934082,4
2439,H4,0.9104093313217164,4
2440,H4,0.9310976266860962,4
2441,H4,0.9509886503219604,4
2442,H4,0.960541605949402,4
2443,H4,0.9526293873786926,4
2444,H4,0.9542841911315918,2
2445,H4,0.959888219833374,2
2446,H4,0.9490221738815308,2
2447,H4,0.9004982709884644,2
2448,H4,0.9147287011146544,1
2449,H4,0.9256198406219482,1
2450,H4,0.8484848737716675,1
2451,H4,0.7333333492279053,1
2452,H4,0.7200000286102295,1
2453,H4,0.761904776096344,1
2454,H4,0.761904776096344,1
2455,H4,0.6760563254356384,1
2456,H4,0.6585366129875183,1
2457,H4,0.6419752836227417,1
2458,H4,0.584269642829895,1
2459,H4,0.1369863003492355,1
2460,H4,1.2195121579239299e-09,1
2461,H4,9.09090913658872e-10,1
2462,H4,8.62068971763108e-10,1
2463,H4,8.849557753265457e-10,1
2464,H4,0.2857142984867096,1
2465,H4,0.3918918967247009,1
2466,H4,0.5057471394538879,1
2467,H4,0.6595744490623474,1
2468,H4,0.8470588326454163,1
2469,H4,0.8421052694320679,1
2470,H4,0.8510638475418091,1
2471,H4,0.8823529481887817,1
2472,H4,0.7526881694793701,1
2473,H4,0.8108108043670654,1
2474,H4,0.8333333134651184,1
2475,H4,0.8363636136054993,1
2476,H4,0.8936170339584351,1
2477,H4,0.800000011920929,1
2478,H4,0.7407407164573669,1
2479,H4,0.9158878326416016,1
2480,H4,0.841269850730896,1
2481,H4,0.7883211970329285,1
2482,H4,0.7407407164573669,1
2483,H4,0.8035714030265808,1
2484,H4,0.8695651888847351,1
2485,H4,0.7972028255462646,1
2486,H4,0.9145077466964722,1
2487,H4,0.9187173843383788,1
2488,H4,0.957446813583374,1
2489,H4,0.9775227308273317,1
2490,H4,0.9709172248840332,1
2491,H4,0.9782306551933287,1
2492,H4,0.9734069108963012,1
2493,H4,0.9527603983879088,1
2494,H4,0.92794930934906,1
2495,H4,0.904605269432068,1
2496,H4,0.6478873491287231,1
2497,H4,0.557823121547699,1
2498,H4,0.765625,1
2499,H4,0.0575221255421638,2
2500,H4,0.2891393601894378,2
2501,H4,0.4336714744567871,3
2502,H4,0.413619190454483,3
2503,H4,0.3668103218078613,3
2504,H4,0.3483280837535858,3
2505,H4,0.5511656999588013,4
2506,H4,0.6934954524040222,4
2507,H4,0.8039067983627319,4
2508,H4,0.6719720959663391,5
2509,H4,0.6251461505889893,5
2510,H4,0.6792527437210083,5
2511,H4,0.7202739715576172,5
2512,H4,0.7252627611160278,5
2513,H4,0.7520901560783386,6
2514,H4,0.8405448794364929,6
2515,H4,0.8785274624824524,6
2516,H4,0.7224326133728027,7
2517,H4,0.77153480052948,7
2518,H4,0.8117201924324036,7
2519,H4,0.8007158041000366,7
2520,H4,0.6534732580184937,7
2521,H4,0.5325071215629578,7
2522,H4,0.760101854801178,7
2523,H4,0.7974476218223572,7
2524,H4,0.8000122904777527,7
2525,H4,0.838157594203949,7
2526,H4,0.7412455677986145,6
2527,H4,0.8832821846008301,4
2528,H4,0.9636244177818298,3
2529,H4,0.9167753458023072,4
2530,H4,0.9242374897003174,4
2531,H4,0.9331860542297364,4
2532,H4,0.9380801916122437,4
2533,H4,0.8559287786483765,4
2534,H4,0.6840142607688904,4
2535,H4,0.573582112789154,3
2536,H4,0.8664255142211914,2
2537,H4,0.92588871717453,2
2538,H4,0.9377251267433168,2
2539,H4,0.8321853876113892,2
2540,H4,0.8198492527008057,2
2541,H4,0.7728986740112305,2
2542,H4,0.5652173757553101,1
2543,H4,0.4561403393745422,1
2544,H4,0.4000000059604645,1
2545,H4,0.5925925970077515,1
2546,H4,0.1777777820825576,1
2547,H4,0.911931812763214,1
2548,H4,0.9696969985961914,1
2549,H4,0.9563472270965576,1
2550,H4,0.9533511996269226,1
2551,H4,0.7104337811470032,1
2552,H4,0.2257217913866043,1
2553,H4,0.7425742745399475,1
2554,H4,0.8962025046348572,1
2555,H4,0.4800724685192108,2
2556,H4,0.5713421106338501,2
2557,H4,0.5371336340904236,3
2558,H4,0.7659468054771423,5
2559,H4,0.8893262147903442,5
2560,H4,0.9239288568496704,5
2561,H4,0.7338104844093323,7
2562,H4,0.831453800201416,7
2563,H4,0.8132640719413757,7
2564,H4,0.8339516520500183,7
2565,H4,0.8164747357368469,7
2566,H4,0.8138793706893921,8
2567,H4,0.8624676465988159,8
2568,H4,0.8942733407020569,8
2569,H4,0.8630094528198242,8
2570,H4,0.8962703943252563,8
2571,H4,0.9049887657165528,8
2572,H4,0.945225179195404,6
2573,H4,0.9245373606681824,6
2574,H4,0.934330940246582,6
2575,H4,0.8756795525550842,8
2576,H4,0.8611684441566467,7
2577,H4,0.8403368592262268,6
2578,H4,0.8988022804260254,5
2579,H4,0.8309168815612793,5
2580,H4,0.973488986492157,3
2581,H4,0.9664613604545592,3
2582,H4,0.9509381651878356,3
2583,H4,0.5825582146644592,3
2584,H4,0.815281867980957,2
2585,H4,0.892345666885376,2
2586,H4,0.9104846715927124,2
2587,H4,0.926149606704712,2
2588,H4,0.8232143521308899,2
2589,H4,0.6416557431221008,2
2590,H4,0.95652174949646,1
2591,H4,0.9702970385551452,1
2592,H4,0.891566276550293,1
2593,H4,0.5652173757553101,1
2594,H4,0.8623188138008118,1
2595,H4,0.932519257068634,2
2596,H4,0.787675142288208,3
2597,H4,0.8141655921936035,3
2598,H4,0.8236579298973083,3
2599,H4,0.7402268648147583,4
2600,H4,0.7306497693061829,5
2601,H4,0.7937796711921692,6
2602,H4,0.6872780323028564,6
2603,H4,0.7415336966514587,6
2604,H4,0.7801167368888855,6
2605,H4,0.8425129055976868,6
2606,H4,0.8663497567176819,6
2607,H4,0.7478538751602173,8
2608,H4,0.7705979347229004,8
2609,H4,0.7609252333641052,8
2610,H4,0.7570433616638184,8
2611,H4,0.8473472595214844,8
2612,H4,0.7835614681243896,9
2613,H4,0.8153138160705566,8
2614,H4,0.8354589343070984,8
2615,H4,0.7509374618530273,6
2616,H4,0.827968955039978,5
2617,H4,0.7002914547920227,5
2618,H4,0.8817619681358337,3
2619,H4,0.8506255149841309,3
2620,H4,0.8568723201751709,3
2621,H4,0.6660349369049072,3
2622,H4,0.4859050512313843,2
2623,H4,0.5326372385025024,2
2624,H4,0.4806593954563141,2
2625,H4,0.4772811233997345,2
2626,H4,0.9110105037689208,2
2627,H4,0.9313681125640868,2
2628,H4,0.9192582964897156,2
2629,H4,0.887417197227478,1
2630,H4,0.8730158805847168,1
2631,H4,0.8479999899864197,1
2632,H4,0.8976377844810486,1
2633,H4,0.8793103694915771,1
2634,H4,0.7722772359848022,1
2635,H4,0.804347813129425,1
2636,H4,0.738095223903656,1
2637,H4,0.7027027010917664,1
2638,H4,0.8045976758003235,1
2639,H4,0.6966292262077332,1
2640,H4,0.8292682766914368,1
2641,H4,0.8157894611358643,1
2642,H4,0.6333333253860474,1
2643,H4,0.688524603843689,1
2644,H4,0.7341772317886353,1
2645,H4,0.7555555701255798,1
2646,H4,0.8571428656578064,1
2647,H4,0.8333333134651184,1
2648,H4,0.7435897588729858,1
2649,H4,0.891566276550293,1
2650,H4,0.7766990065574646,1
2651,H4,0.698113203048706,1
2652,H4,0.7966101765632629,1
2653,H4,0.8360655903816223,1
2654,H4,0.8943089246749878,1
2655,H4,0.885496199131012,1
2656,H4,0.8120300769805908,1
2657,H4,0.8712871074676514,1
2658,H4,0.8837209343910217,1
2659,H4,0.8913043737411499,1
2660,H4,0.7735849022865295,1
2661,H4,0.8380952477455139,1
2662,H4,0.8737863898277283,1
2663,H4,0.8636363744735718,1
2664,H4,0.898876428604126,1
2665,H4,0.924731194972992,1
2666,H4,0.7749999761581421,1
2667,H4,0.8048780560493469,1
2668,H4,0.8863636255264282,1
2669,H4,0.9629629850387572,1
2670,H4,0.8181818127632141,1
2671,H4,0.8493150472640991,1
2672,H4,0.7222222089767456,1
2673,H4,0.7400000095367432,1
2674,H4,0.686274528503418,1
2675,H4,0.7207207083702087,1
2676,H4,0.9336400032043456,2
2677,H4,0.7837679982185364,3
2678,H4,0.8737931847572327,3
2679,H4,0.8852996826171875,3
2680,H4,0.8287948369979858,4
2681,H4,0.809312641620636,5
2682,H4,0.8348854184150696,5
2683,H4,0.7827206254005432,6
2684,H4,0.8550992608070374,6
2685,H4,0.8576202392578125,6
2686,H4,0.8929884433746338,6
2687,H4,0.8981745839118958,7
2688,H4,0.909352719783783,7
2689,H4,0.8447108864784241,8
2690,H4,0.8528584241867065,8
2691,H4,0.8373340368270874,8
2692,H4,0.8482545614242554,9
2693,H4,0.8370203971862793,9
2694,H4,0.8853898048400879,8
2695,H4,0.769019603729248,8
2696,H4,0.834943950176239,6
2697,H4,0.924878478050232,4
2698,H4,0.7166619300842285,4
2699,H4,0.6137841939926147,4
2700,H4,0.90948086977005,3
2701,H4,0.8782823085784912,3
2702,H4,0.6512360572814941,3
2703,H4,0.6344420909881592,3
2704,H4,0.4856241643428802,2
2705,H4,0.6347686648368835,3
2706,H4,0.9457368850708008,2
2707,H4,0.9440248012542723,2
2708,H4,0.9414984583854676,2
2709,H4,0.9248059988021852,2
2710,H4,0.937062919139862,1
2711,H4,0.7850467562675476,1
2712,H4,0.8833333253860474,1
2713,H4,0.8571428656578064,1
2714,H4,0.8505747318267822,1
2715,H4,0.8837209343910217,1
2716,H4,0.8888888955116272,1
2717,H4,0.8656716346740723,1
2718,H4,0.8974359035491943,1
2719,H4,0.7714285850524902,1
2720,H4,0.8529411554336548,1
2721,H4,0.8771929740905762,1
2722,H4,0.8571428656578064,1
2723,H4,0.7936508059501648,1
2724,H4,0.837837815284729,1
2725,H4,0.7887324094772339,1
2726,H4,0.6315789222717285,1
2727,H4,0.6464646458625793,1
2728,H4,0.6336633563041687,1
2729,H4,0.8461538553237915,1
2730,H4,0.5227272510528564,1
2731,H4,0.6734693646430969,1
2732,H4,0.8037382960319519,1
2733,H4,0.6776859760284424,1
2734,H4,0.7839999794960022,1
2735,H4,0.7286821603775024,1
2736,H4,0.7272727489471436,1
2737,H4,0.6744186282157898,1
2738,H4,0.8607594966888428,1
2739,H4,0.8541666865348816,1
2740,H4,0.8518518805503845,1
2741,H4,0.859649121761322,1
2742,H4,0.791208803653717,1
2743,H4,0.8163265585899353,1
2744,H4,0.7647058963775635,1
2745,H4,0.8333333134651184,1
2746,H4,0.8199999928474426,1
2747,H4,0.893203854560852,1
2748,H4,0.9203540086746216,1
2749,H4,0.859649121761322,1
2750,H4,0.8433734774589539,1
2751,H4,0.7894737124443054,1
2752,H4,0.8190476298332214,1
2753,H4,0.73758864402771,1
2754,H4,0.9459962844848632,1
2755,H4,0.9421800971031188,1
2756,H4,0.9621318578720092,1
2757,H4,0.9699879884719848,1
2758,H4,0.9691942930221558,1
2759,H4,0.9665210843086244,1
2760,H4,0.7083333134651184,1
2761,H4,0.834782600402832,1
2762,H4,0.8446866273880005,1
2763,H4,0.9782971739768982,1
2764,H4,0.9792208075523376,1
2765,H4,0.9751552939414978,1
2766,H4,0.9674502611160278,1
2767,H4,0.4813278019428253,2
2768,H4,0.83443284034729,3
2769,H4,0.6695199012756348,5
2770,H4,0.7976677417755127,5
2771,H4,0.775647759437561,5
2772,H4,0.8706812858581543,5
2773,H4,0.6900289058685303,6
2774,H4,0.6953522562980652,6
2775,H4,0.748216450214386,6
2776,H4,0.7519748210906982,6
2777,H4,0.785116970539093,6
2778,H4,0.8321340084075928,6
2779,H4,0.9230504035949708,6
2780,H4,0.9125514030456544,6
2781,H4,0.8157529830932617,7
2782,H4,0.8678916096687317,7
2783,H4,0.8675651550292969,7
2784,H4,0.7531766295433044,8
2785,H4,0.915177881717682,6
2786,H4,0.8735901713371277,7
2787,H4,0.8828617334365845,7
2788,H4,0.8936207890510559,7
2789,H4,0.8263087868690491,7
2790,H4,0.8168049454689026,7
2791,H4,0.792271614074707,6
2792,H4,0.9089116454124452,6
2793,H4,0.9047639966011048,6
2794,H4,0.9550582766532898,3
2795,H4,0.9569439888000488,3
2796,H4,0.915060818195343,3
2797,H4,0.939638078212738,3
2798,H4,0.9237030148506165,3
2799,H4,0.8904812932014465,3
2800,H4,0.8295790553092957,4
2801,H4,0.8947766423225403,4
2802,H4,0.8800683617591858,3
2803,H4,0.9398356080055236,3
2804,H4,0.9489210844039916,2
2805,H4,0.9138290882110596,2
2806,H4,0.9468644857406616,2
2807,H4,0.9020498991012572,2
2808,H4,0.8556180000305176,2
2809,H4,0.8664546012878418,2
2810,H4,0.7605442404747009,2
2811,H4,0.8214285969734192,1
2812,H4,0.8852459192276001,1
2813,H4,0.7241379022598267,1
2814,H4,0.6333333253860474,1
2815,H4,0.6551724076271057,1
2816,H4,0.8163265585899353,1
2817,H4,0.9420289993286132,1
2818,H4,0.9082568883895874,1
2819,H4,0.8271604776382446,1
2820,H4,0.918811857700348,1
2821,H4,0.8846153616905212,1
2822,H4,0.8261350989341736,1
2823,H4,0.9334741234779358,1
2824,H4,0.5659472346305847,1
2825,H4,0.9444444179534912,1
2826,H4,0.9722222089767456,1
2827,H4,0.970588207244873,1
2828,H4,0.9518304467201232,1
2829,H4,0.956204354763031,1
2830,H4,0.9138383865356444,3
2831,H4,0.948739767074585,3
2832,H4,0.9376975893974304,3
2833,H4,0.9524619579315186,3
2834,H4,0.9334797859191896,3
2835,H4,0.8415865898132324,4
2836,H4,0.8262709379196167,4
2837,H4,0.8695501685142517,4
2838,H4,0.8979940414428711,4
2839,H4,0.8993864059448242,4
2840,H4,0.9058504104614258,5
2841,H4,0.9181059002876282,5
2842,H4,0.7854667901992798,7
2843,H4,0.9130516052246094,7
2844,H4,0.9059873223304749,7
2845,H4,0.8952609896659851,7
2846,H4,0.8820362091064453,7
2847,H4,0.6796326041221619,8
2848,H4,0.726759135723114,7
2849,H4,0.7586984634399414,5
2850,H4,0.8641306161880493,5
2851,H4,0.6995058059692383,6
2852,H4,0.6963504552841187,5
2853,H4,0.9152864813804626,4
2854,H4,0.8552562594413757,5
2855,H4,0.9242435097694396,4
2856,H4,0.9551169872283936,4
2857,H4,0.9680383801460266,3
2858,H4,0.9192111492156982,3
2859,H4,0.914994478225708,2
2860,H4,0.9587744474411012,2
2861,H4,0.907657027244568,2
2862,H4,0.9699053168296814,2
2863,H4,0.90976083278656,2
2864,H4,0.9646345376968384,2
2865,H4,0.948296308517456,2
2866,H4,0.9052814245224,2
2867,H4,0.8456551432609558,2
2868,H4,0.785390317440033,2
2869,H4,0.7536994218826294,2
2870,H4,0.8636363744735718,1
2871,H4,0.8292682766914368,1
2872,H4,0.699999988079071,1
2873,H4,0.7555555701255798,1
2874,H4,0.782608687877655,1
2875,H4,0.699999988079071,1
2876,H4,0.7317073345184326,1
2877,H4,0.9434889554977416,1
2878,H4,0.8956884741783142,1
2879,H4,0.8654618263244629,1
2880,H4,0.8771929740905762,1
2881,H4,0.9038854837417604,1
2882,H4,0.942683756351471,1
2883,H4,0.9505494236946106,1
2884,H4,0.9406322240829468,1
2885,H4,0.8833991885185242,1
2886,H4,0.8709256649017334,1
2887,H4,0.8808664083480835,1
2888,H4,0.6153846383094788,1
2889,H4,0.9555555582046508,1
2890,H4,0.9607843160629272,1
2891,H4,0.9699769020080566,1
2892,H4,0.6045937538146973,2
2893,H4,0.9167627096176147,2
2894,H4,0.9523853063583374,2
2895,H4,0.8497514724731445,3
2896,H4,0.6148748993873596,3
2897,H4,0.848491370677948,3
2898,H4,0.8543782830238342,3
2899,H4,0.8602522015571594,3
2900,H4,0.5304058790206909,4
2901,H4,0.5518702864646912,4
2902,H4,0.7316101789474487,5
2903,H4,0.7631171345710754,5
2904,H4,0.7875797748565674,5
2905,H4,0.6635926961898804,5
2906,H4,0.6215016841888428,6
2907,H4,0.6385359168052673,7
2908,H4,0.7313081622123718,7
2909,H4,0.8277873396873474,6
2910,H4,0.8728806376457214,6
2911,H4,0.8073315620422363,7
2912,H4,0.8644859194755554,7
2913,H4,0.8092982172966003,6
2914,H4,0.7760221362113953,6
2915,H4,0.6070598363876343,5
2916,H4,0.6196249723434448,5
2917,H4,0.5995060801506042,5
2918,H4,0.6987361907958984,4
2919,H4,0.7183326482772827,4
2920,H4,0.6947183609008789,5
2921,H4,0.8663102984428406,5
2922,H4,0.7215849161148071,4
2923,H4,0.9127728343009948,3
2924,H4,0.8953439593315125,3
2925,H4,0.8888452649116516,3
2926,H4,0.7589507699012756,3
2927,H4,0.8928060531616211,2
2928,H4,0.879130482673645,2
2929,H4,0.8812467455863953,2
2930,H4,0.8773045539855957,2
2931,H4,0.838810384273529,2
2932,H4,0.8011995553970337,2
2933,H4,0.9159858226776124,2
2934,H4,0.8812127113342285,2
2935,H4,0.8608638644218445,2
2936,H4,0.7428571581840515,1
2937,H4,0.5921052694320679,1
2938,H4,0.8973509669303894,1
2939,H4,0.7089783549308777,1
2940,H4,0.7053682804107666,1
2941,H4,0.9141347408294678,1
2942,H4,0.8723404407501221,1
2943,H4,0.4268292784690857,1
2944,H4,0.5537634491920471,1
2945,H4,0.6836283206939697,1
2946,H4,0.8484252095222473,1
2947,H4,0.8666666746139526,1
2948,H4,0.9486260414123536,1
2949,H4,0.9407832026481628,1
2950,H4,0.9410767555236816,1
2951,H4,0.9351372718811036,1
2952,H4,0.943901538848877,1
2953,H4,0.9359291791915894,1
2954,H4,0.9389132857322692,1
2955,H4,0.9271307587623596,1
2956,H4,0.9013022780418396,1
2957,H4,0.4680919051170349,2
2958,H4,0.5438011884689331,3
2959,H4,0.6582380533218384,4
2960,H4,0.7475382089614868,4
2961,H4,0.8250228762626648,4
2962,H4,0.7921631932258606,6
2963,H4,0.828307032585144,7
2964,H4,0.839052677154541,7
2965,H4,0.8374027609825134,7
2966,H4,0.866398274898529,7
2967,H4,0.8514130711555481,7
2968,H4,0.8466036915779114,7
2969,H4,0.7969992756843567,7
2970,H4,0.7856679558753967,7
2971,H4,0.7873914837837219,6
2972,H4,0.918161392211914,6
2973,H4,0.8611078858375549,6
2974,H4,0.7231590747833252,8
2975,H4,0.806584894657135,7
2976,H4,0.8862096071243286,5
2977,H4,0.896237850189209,5
2978,H4,0.7333398461341858,6
2979,H4,0.6892521381378174,6
2980,H4,0.8075160980224609,5
2981,H4,0.900871992111206,4
2982,H4,0.9235926270484924,4
2983,H4,0.6868546605110168,4
2984,H4,0.8192386031150818,2
2985,H4,0.5974025726318359,1
2986,H4,0.8600000143051147,1
2987,H4,0.5365853905677795,1
2988,H4,0.6133333444595337,1
2989,H4,0.4615384638309479,1
2990,H4,0.8653846383094788,1
2991,H4,0.8712871074676514,1
2992,H4,0.9306930899620056,1
2993,H4,0.8999999761581421,1
2994,H4,0.8256880640983582,1
2995,H4,0.7916666865348816,1
2996,H4,0.7727272510528564,1
2997,H4,0.7640449404716492,1
2998,H4,0.8641975522041321,1
2999,H4,0.8169013857841492,1
3000,H4,0.800000011920929,1
3001,H4,0.8500000238418579,1
3002,H4,0.8571428656578064,1
3003,H4,0.8101266026496887,1
3004,H4,0.7088607549667358,1
3005,H4,0.7878788113594055,1
3006,H4,0.6236559152603149,1
3007,H4,0.3098591566085815,1
3008,H4,0.4126984179019928,1
3009,H4,0.4000000059604645,1
3010,H4,0.4000000059604645,1
3011,H4,0.2222222238779068,1
3012,H4,0.8064516186714172,1
3013,H4,0.7301587462425232,1
3014,H4,0.8421052694320679,1
3015,H4,0.7887324094772339,1
3016,H4,0.761904776096344,1
3017,H4,0.7868852615356445,1
3018,H4,0.8918918967247009,1
3019,H4,0.8918918967247009,1
3020,H4,0.8314606547355652,1
3021,H4,0.8823529481887817,1
3022,H4,0.8169013857841492,1
3023,H4,0.8048780560493469,1
3024,H4,0.8641975522041321,1
3025,H4,0.8292682766914368,1
3026,H4,0.7407407164573669,1
3027,H4,0.8055555820465088,1
3028,H4,0.5121951103210449,1
3029,H4,0.3116883039474487,1
3030,H4,0.4799999892711639,1
3031,H4,0.791208803653717,1
3032,H4,0.8600000143051147,1
3033,H4,0.962226629257202,1
3034,H4,0.9601929783821106,1
3035,H4,0.7625570893287659,1
3036,H4,0.8730723857879639,1
3037,H4,0.8227194547653198,1
3038,H4,0.7244094610214233,1
3039,H4,0.4651162922382355,1
3040,H4,0.5352112650871277,1
3041,H4,0.5768024921417236,1
3042,H4,0.7708486914634705,3
3043,H4,0.8751634955406189,3
3044,H4,0.9058086276054382,4
3045,H4,0.8525956273078918,6
3046,H4,0.8730630874633789,7
3047,H4,0.9064265489578248,7
3048,H4,0.8919037580490112,7
3049,H4,0.8928813934326172,7
3050,H4,0.8789845705032349,7
3051,H4,0.8909830451011658,7
3052,H4,0.8786199688911438,7
3053,H4,0.8634424805641174,7
3054,H4,0.7559114694595337,8
3055,H4,0.853206217288971,7
3056,H4,0.8087568283081055,7
3057,H4,0.8813645839691162,6
3058,H4,0.9092183113098145,6
3059,H4,0.8887137174606323,7
3060,H4,0.8981029391288757,7
3061,H4,0.9208245873451232,6
3062,H4,0.8129851222038269,7
3063,H4,0.7649544477462769,7
3064,H4,0.8223759531974792,7
3065,H4,0.7997452616691589,6
3066,H4,0.8089889883995056,4
3067,H4,0.724297046661377,4
3068,H4,0.9611475467681884,3
3069,H4,0.9673566818237304,3
3070,H4,0.9247583746910096,3
3071,H4,0.9236657619476318,4
3072,H4,0.8930923342704773,3
3073,H4,0.8751113414764404,2
3074,H4,0.9062944650650024,2
3075,H4,0.8741722106933594,1
3076,H4,0.92734694480896,1
3077,H4,0.9408490061759948,1
3078,H4,0.9406220316886902,1
3079,H4,0.5596330165863037,1
3080,H4,0.695652186870575,1
3081,H4,0.9458128213882446,1
3082,H4,0.9488054513931274,1
3083,H4,0.8894878625869751,1
3084,H4,0.9286348819732666,2
3085,H4,0.8747225403785706,3
3086,H4,0.8556159138679504,3
3087,H4,0.9272794723510742,3
3088,H4,0.9001843333244324,3
3089,H4,0.8922069072723389,3
3090,H4,0.8361361026763916,3
3091,H4,0.592191219329834,4
3092,H4,0.8186624646186829,5
3093,H4,0.8565389513969421,5
3094,H4,0.8523589968681335,5
3095,H4,0.8054292798042297,5
3096,H4,0.9050066471099854,6
3097,H4,0.8303448557853699,7
3098,H4,0.7777866721153259,8
3099,H4,0.8735276460647583,8
3100,H4,0.9060397148132324,8
3101,H4,0.8348760604858398,9
3102,H4,0.7663857936859131,9
3103,H4,0.7483808398246765,7
3104,H4,0.7914330959320068,8
3105,H4,0.8551319241523743,6
3106,H4,0.8691837191581726,6
3107,H4,0.8066665530204773,5
3108,H4,0.8565183877944946,5
3109,H4,0.7329353094100952,5
3110,H4,0.8411523699760437,5
3111,H4,0.8590219616889954,5
3112,H4,0.8782337307929993,5
3113,H4,0.9252979755401612,4
3114,H4,0.9052297472953796,4
3115,H4,0.703742504119873,4
3116,H4,0.687319278717041,4
3117,H4,0.5940722823143005,3
3118,H4,0.5825223326683044,3
3119,H4,0.8789397478103638,2
3120,H4,0.7938927412033081,2
3121,H4,0.7109834551811218,2
3122,H4,0.7057990431785583,2
3123,H4,0.9834905862808228,1
3124,H4,0.8948655128479004,1
3125,H4,0.9660523533821106,1
3126,H4,0.9794801473617554,1
3127,H4,0.9853968024253844,1
3128,H4,0.969298243522644,1
3129,H4,0.6768292784690857,1
3130,H4,0.9491525292396544,1
3131,H4,0.9394264221191406,2
3132,H4,0.9804002642631532,2
3133,H4,0.9864757657051086,2
3134,H4,0.8967728614807129,4
3135,H4,0.957871913909912,4
3136,H4,0.7506371140480042,5
3137,H4,0.9059715270996094,5
3138,H4,0.9205423593521118,5
3139,H4,0.8501271605491638,6
3140,H4,0.8846880793571472,7
3141,H4,0.928563117980957,7
3142,H4,0.8792906999588013,8
3143,H4,0.920303225517273,8
3144,H4,0.9434144496917723,8
3145,H4,0.875325083732605,9
3146,H4,0.904371976852417,9
3147,H4,0.9245124459266664,9
3148,H4,0.9030325412750244,9
3149,H4,0.9280633926391602,7
3150,H4,0.9324842691421508,7
3151,H4,0.8683989644050598,6
3152,H4,0.7614710330963135,4
3153,H4,0.9782888889312744,3
3154,H4,0.9729472994804382,3
3155,H4,0.9682552218437196,3
3156,H4,0.8814710974693298,4
3157,H4,0.9548094272613524,4
3158,H4,0.7229079604148865,4
3159,H4,0.9489333033561708,2
3160,H4,0.9538254737854004,2
3161,H4,0.9276903867721558,2
3162,H4,0.7880035638809204,2
3163,H4,0.7654321193695068,1
3164,H4,0.8372092843055725,1
3165,H4,0.8363636136054993,1
3166,H4,0.6666666865348816,1
3167,H4,0.4651162922382355,1
3168,H4,0.9063063263893129,1
3169,H4,0.9639861583709716,1
3170,H4,0.938525915145874,1
3171,H4,0.966256022453308,1
3172,H4,0.9473143219947816,1
3173,H4,0.9729729890823364,1
3174,H4,0.9648022055625916,1
3175,H4,0.9436202049255372,1
3176,H4,0.8320610523223877,1
3177,H4,0.4708171188831329,1
3178,H4,0.7368420958518982,1
3179,H4,0.8741213083267212,2
3180,H4,0.8306446075439453,3
3181,H4,0.911832630634308,3
3182,H4,0.937292754650116,3
3183,H4,0.9388416409492492,3
3184,H4,0.8994476199150085,3
3185,H4,0.8552783727645874,4
3186,H4,0.8544548153877258,5
3187,H4,0.853334903717041,5
3188,H4,0.8665478825569153,5
3189,H4,0.8672260046005249,5
3190,H4,0.8600136637687683,6
3191,H4,0.7806546092033386,7
3192,H4,0.820279061794281,8
3193,H4,0.8865115642547607,9
3194,H4,0.8563159108161926,9
3195,H4,0.8670603632926941,9
3196,H4,0.8559007048606873,9
3197,H4,0.8120663166046143,9
3198,H4,0.7889752984046936,6
3199,H4,0.9311612248420716,4
3200,H4,0.708754301071167,4
3201,H4,0.9259821772575378,3
3202,H4,0.944535195827484,3
3203,H4,0.949913203716278,3
3204,H4,0.9597029089927672,3
3205,H4,0.9383338689804076,2
3206,H4,0.8665479421615601,2
3207,H4,0.608132004737854,2
3208,H4,0.8686319589614868,2
3209,H4,0.7868120670318604,2
3210,H4,0.8018715381622314,2
3211,H4,0.9411869049072266,2
3212,H4,0.8793103694915771,1
3213,H4,0.8921568393707275,1
3214,H4,0.8965517282485962,1
3215,H4,0.8783783912658691,1
3216,H4,0.7157894968986511,1
3217,H4,0.5304136276245117,1
3218,H4,0.8305882215499878,1
3219,H4,0.8535211086273193,1
3220,H4,0.8854064345359802,1
3221,H4,0.9340532422065736,1
3222,H4,0.9567251205444336,1
3223,H4,0.975530207157135,1
3224,H4,0.9027149081230164,1
3225,H4,0.7476280927658081,1
3226,H4,0.5925405025482178,2
3227,H4,0.8287897109985352,2
3228,H4,0.7984558939933777,3
3229,H4,0.9083173274993896,3
3230,H4,0.9140130877494812,3
3231,H4,0.9368229508399964,3
3232,H4,0.9243764877319336,4
3233,H4,0.9044702649116516,5
3234,H4,0.8583772778511047,6
3235,H4,0.8334112167358398,6
3236,H4,0.814075231552124,6
3237,H4,0.8571767210960388,6
3238,H4,0.8270285725593567,7
3239,H4,0.8863311409950256,7
3240,H4,0.8641945123672485,7
3241,H4,0.8812784552574158,7
3242,H4,0.8549309968948364,8
3243,H4,0.8684064745903015,7
3244,H4,0.8361138105392456,8
3245,H4,0.8333081007003784,8
3246,H4,0.8491465449333191,7
3247,H4,0.9117910265922546,6
3248,H4,0.9076735377311708,6
3249,H4,0.853786289691925,6
3250,H4,0.7097499966621399,5
3251,H4,0.955932915210724,3
3252,H4,0.9517714977264404,3
3253,H4,0.9519684314727784,3
3254,H4,0.9643285870552064,3
3255,H4,0.9613447785377502,3
3256,H4,0.9621244072914124,3
3257,H4,0.9161508679389954,3
3258,H4,0.9254097938537598,2
3259,H4,0.8870120048522949,2
3260,H4,0.844683051109314,2
3261,H4,0.2944785356521606,2
3262,H4,0.2954545319080353,1
3263,H4,0.739130437374115,1
3264,H4,0.8125,1
3265,H4,0.8674699068069458,1
3266,H4,0.8163265585899353,1
3267,H4,0.7868852615356445,1
3268,H4,0.7692307829856873,1
3269,H4,0.7058823704719543,1
3270,H4,0.6315789222717285,1
3271,H4,0.7027027010917664,1
3272,H4,0.699999988079071,1
3273,H4,0.6744186282157898,1
3274,H4,0.9420289993286132,1
3275,H4,0.9439252614974976,1
3276,H4,0.8274582624435425,1
3277,H4,0.8704662919044495,1
3278,H4,0.5787781476974487,1
3279,H4,0.6021758317947388,2
3280,H4,0.7150366306304932,2
3281,H4,0.8561192154884338,3
3282,H4,0.9441266059875488,3
3283,H4,0.9122712016105652,4
3284,H4,0.958737850189209,4
3285,H4,0.953849732875824,4
3286,H4,0.9592556953430176,4
3287,H4,0.9504110813140868,4
3288,H4,0.783420741558075,5
3289,H4,0.8100987672805786,5
3290,H4,0.8036209344863892,5
3291,H4,0.8562420010566711,5
3292,H4,0.8750442266464233,5
3293,H4,0.8349955677986145,6
3294,H4,0.8967905044555664,6
3295,H4,0.872281551361084,6
3296,H4,0.8611094355583191,7
3297,H4,0.7976669669151306,7
3298,H4,0.7098451852798462,8
3299,H4,0.7708180546760559,9
3300,H4,0.8615557551383972,9
3301,H4,0.8362468481063843,10
3302,H4,0.7843133807182312,10
3303,H4,0.8885599374771118,8
3304,H4,0.8908042907714844,7
3305,H4,0.8737370371818542,7
3306,H4,0.7878925204277039,6
3307,H4,0.902687668800354,4
3308,H4,0.9627335667610168,3
3309,H4,0.971193790435791,3
3310,H4,0.9735190272331238,3
3311,H4,0.96317720413208,3
3312,H4,0.8770236968994141,4
3313,H4,0.9540634155273438,4
3314,H4,0.9277763962745668,4
3315,H4,0.8130841255187988,1
3316,H4,0.9038461446762084,1
3317,H4,0.9023809432983398,1
3318,H4,0.9331016540527344,1
3319,H4,0.9707602262496948,1
3320,H4,0.9330357313156128,1
3321,H4,0.944000005722046,1
3322,H4,0.9600929617881776,1
3323,H4,0.9378085136413574,1
3324,H4,0.9664138555526732,1
3325,H4,0.9587348699569702,1
3326,H4,0.9460356831550598,1
3327,H4,0.9460243582725524,1
3328,H4,0.9469372630119324,1
3329,H4,0.9628729820251464,1
3330,H4,0.9667985439300536,1
3331,H4,0.9617726802825928,1
3332,H4,0.9681572914123536,1
3333,H4,0.9430598616600036,1
3334,H4,0.8959442973136902,1
3335,H4,0.8650217652320862,1
3336,H4,0.8663923144340515,1
3337,H4,0.8601073622703552,1
3338,H4,0.9354838728904724,1
3339,H4,0.6153846383094788,1
3340,H4,0.7549296021461487,1
3341,H4,0.949999988079071,1
3342,H4,0.9501187801361084,1
3343,H4,0.9629629850387572,1
3344,H4,0.957178831100464,1
3345,H4,0.976884424686432,1
3346,H4,0.6719430685043335,2
3347,H4,0.7048419713973999,2
3348,H4,0.7608397006988525,2
3349,H4,0.835737943649292,2
3350,H4,0.8504781723022461,2
3351,H4,0.8670195937156677,2
3352,H4,0.727398157119751,3
3353,H4,0.7854310870170593,3
3354,H4,0.8076055645942688,4
3355,H4,0.8786905407905579,4
3356,H4,0.6842005252838135,6
3357,H4,0.6927252411842346,6
3358,H4,0.8821746706962585,6
3359,H4,0.7385166883468628,7
3360,H4,0.8121089935302734,7
3361,H4,0.8603609800338745,7
3362,H4,0.8910921812057495,7
3363,H4,0.9085039496421814,7
3364,H4,0.8874899744987488,7
3365,H4,0.8986254930496216,7
3366,H4,0.8402453064918518,7
3367,H4,0.8304325342178345,7
3368,H4,0.8593287467956543,7
3369,H4,0.8353843688964844,7
3370,H4,0.8529850840568542,7
3371,H4,0.8393954634666443,7
3372,H4,0.8468452095985413,7
3373,H4,0.8583579659461975,7
3374,H4,0.8581147789955139,7
3375,H4,0.8775140047073364,7
3376,H4,0.8747367858886719,7
3377,H4,0.8274943232536316,7
3378,H4,0.8737760782241821,7
3379,H4,0.8574320673942566,7
3380,H4,0.902823567390442,7
3381,H4,0.8690237402915955,7
3382,H4,0.8158057332038879,8
3383,H4,0.8719145655632019,8
3384,H4,0.8503178954124451,8
3385,H4,0.8704553842544556,7
3386,H4,0.8553795218467712,7
3387,H4,0.8602065443992615,8
3388,H4,0.8944672346115112,9
3389,H4,0.7605509161949158,9
3390,H4,0.906163454055786,8
3391,H4,0.8627452850341797,8
3392,H4,0.8735852241516113,8
3393,H4,0.8910092711448669,7
3394,H4,0.8712193369865417,7
3395,H4,0.8789759278297424,7
3396,H4,0.8908204436302185,7
3397,H4,0.829833984375,7
3398,H4,0.9317700266838074,6
3399,H4,0.9091169238090516,6
3400,H4,0.9251327514648438,6
3401,H4,0.8897519707679749,6
3402,H4,0.8118858337402344,6
3403,H4,0.7856128215789795,6
3404,H4,0.8321759104728699,6
3405,H4,0.792250394821167,5
3406,H4,0.8211817741394043,4
3407,H4,0.9679811000823976,3
3408,H4,0.9716224670410156,3
3409,H4,0.9599596858024596,3
3410,H4,0.9070909023284912,4
3411,H4,0.9304068088531494,4
3412,H4,0.9393838047981262,4
3413,H4,0.9175628423690796,4
3414,H4,0.9110671877861024,4
3415,H4,0.943134903907776,4
3416,H4,0.934024691581726,4
3417,H4,0.901537299156189,4
3418,H4,0.9373034238815308,4
3419,H4,0.9190516471862792,4
3420,H4,0.9192913174629213,4
3421,H4,0.8315789103507996,4
3422,H4,0.8973116874694824,3
3423,H4,0.86635422706604,3
3424,H4,0.7605195045471191,3
3425,H4,0.8689594268798828,2
3426,H4,0.8689841628074646,2
3427,H4,0.7951807379722595,1
3428,H4,0.6478873491287231,1
3429,H4,0.7200000286102295,1
3430,H4,0.7727272510528564,1
3431,H4,0.8846153616905212,1
3432,H4,0.9515219926834106,1
3433,H4,0.940334141254425,1
3434,H4,0.9756514430046082,1
3435,H4,0.9892163872718812,1
3436,H4,0.9882121682167052,1
3437,H4,0.990415334701538,1
3438,H4,0.9921954274177552,1
3439,H4,0.9923780560493468,1
3440,H4,0.9882903695106506,1
3441,H4,0.8467289805412292,1
3442,H4,0.916201114654541,1
3443,H4,0.6060606241226196,1
3444,H4,0.9765625,1
3445,H4,0.96750009059906,2
3446,H4,0.978708803653717,2
3447,H4,0.9789762496948242,2
3448,H4,0.9587485194206238,3
3449,H4,0.9665454030036926,3
3450,H4,0.9248847365379332,3
3451,H4,0.9497732520103456,3
3452,H4,0.9160917401313782,5
3453,H4,0.9335674047470092,5
3454,H4,0.8416944742202759,5
3455,H4,0.904980480670929,5
3456,H4,0.8991154432296753,5
3457,H4,0.8913021087646484,5
3458,H4,0.8816646337509155,5
3459,H4,0.9001923203468323,7
3460,H4,0.9064452052116394,7
3461,H4,0.939961850643158,7
3462,H4,0.9514769911766052,7
3463,H4,0.939460277557373,10
3464,H4,0.9337778091430664,10
3465,H4,0.9291297793388368,8
3466,H4,0.9163161516189576,7
3467,H4,0.8483214378356934,6
3468,H4,0.9427456259727478,4
3469,H4,0.8824217319488525,4
3470,H4,0.9757132530212402,3
3471,H4,0.9737383723258972,3
3472,H4,0.976693630218506,3
3473,H4,0.939007580280304,4
3474,H4,0.9497719407081604,4
3475,H4,0.9448531866073608,4
3476,H4,0.9258200526237488,4
3477,H4,0.9363380074501038,3
3478,H4,0.8628292083740234,3
3479,H4,0.9440593719482422,2
3480,H4,0.9621192216873168,2
3481,H4,0.9580987095832824,2
3482,H4,0.949264645576477,2
3483,H4,0.9404637813568116,2
3484,H4,0.938837707042694,2
3485,H4,0.8548387289047241,1
3486,H4,0.8455284833908081,1
3487,H4,0.9122806787490844,1
3488,H4,0.6813187003135681,1
3489,H4,0.6315789222717285,1
3490,H4,0.6760563254356384,1
3491,H4,0.6800000071525574,1
3492,H4,0.7547169923782349,1
3493,H4,0.6779661178588867,1
3494,H4,0.692307710647583,1
3495,H4,0.8118811845779419,1
3496,H4,0.8653846383094788,1
3497,H4,0.8627451062202454,1
3498,H4,0.7126436829566956,1
3499,H4,0.8181818127632141,1
3500,H4,0.8771929740905762,1
3501,H4,0.8727272748947144,1
3502,H4,0.8311688303947449,1
3503,H4,0.7021276354789734,1
3504,H4,0.9090909361839294,1
3505,H4,0.8813559412956238,1
3506,H4,0.800000011920929,1
3507,H4,0.8235294222831726,1
3508,H4,0.7948718070983887,1
3509,H4,0.8395061492919922,1
3510,H4,0.8139534592628479,1
3511,H4,0.8181818127632141,1
3512,H4,0.8266666531562805,1
3513,H4,0.8837209343910217,1
3514,H4,0.6944444179534912,1
3515,H4,0.767123281955719,1
3516,H4,0.650602400302887,1
3517,H4,0.9113923907279968,1
3518,H4,0.9333333373069764,1
3519,H4,0.8571428656578064,1
3520,H4,0.7323943376541138,1
0,StageAdapt,0.9103773832321168,1
1,StageAdapt,0.8465845584869385,1
2,StageAdapt,0.975642740726471,1
3,StageAdapt,0.9733333587646484,1
4,StageAdapt,0.9734513163566588,1
5,StageAdapt,0.9785909056663512,1
6,StageAdapt,0.9856866598129272,1
7,StageAdapt,0.979763925075531,1
8,StageAdapt,0.946859896183014,1
9,StageAdapt,0.2947067320346832,1
10,StageAdapt,0.9462686777114868,1
11,StageAdapt,0.9449275135993958,1
12,StageAdapt,0.6666666865348816,1
13,StageAdapt,0.9047619104385376,1
14,StageAdapt,0.9698629975318908,1
15,StageAdapt,0.6039570569992065,2
16,StageAdapt,0.8215268850326538,2
17,StageAdapt,0.745171308517456,3
18,StageAdapt,0.7646718621253967,3
19,StageAdapt,0.7706924676895142,4
20,StageAdapt,0.8163650035858154,4
21,StageAdapt,0.7950211763381958,4
22,StageAdapt,0.6831001043319702,5
23,StageAdapt,0.7138962745666504,6
24,StageAdapt,0.711186408996582,6
25,StageAdapt,0.856494128704071,6
26,StageAdapt,0.862015962600708,6
27,StageAdapt,0.7674848437309265,7
28,StageAdapt,0.863784909248352,7
29,StageAdapt,0.8220759034156799,7
30,StageAdapt,0.822357177734375,7
31,StageAdapt,0.8528134226799011,7
32,StageAdapt,0.8447825908660889,8
33,StageAdapt,0.7676968574523926,8
34,StageAdapt,0.8251569867134094,6
35,StageAdapt,0.7658432722091675,7
36,StageAdapt,0.821777880191803,7
37,StageAdapt,0.8503637909889221,7
38,StageAdapt,0.835117757320404,7
39,StageAdapt,0.8234767317771912,6
40,StageAdapt,0.6014758348464966,6
41,StageAdapt,0.5742032527923584,5
42,StageAdapt,0.7333865165710449,4
43,StageAdapt,0.9722550511360168,3
44,StageAdapt,0.8287097215652466,4
45,StageAdapt,0.8058125376701355,4
46,StageAdapt,0.8866405487060547,4
47,StageAdapt,0.9129210710525512,4
48,StageAdapt,0.6951871514320374,1
49,StageAdapt,0.7850799560546875,1
50,StageAdapt,0.5496828556060791,1
51,StageAdapt,0.2631579041481018,1
52,StageAdapt,2.1413276707349382e-10,1
53,StageAdapt,1.6638934674517714e-10,1
54,StageAdapt,2.0080322127302708e-10,1
55,StageAdapt,2.8169014343326637e-10,1
56,StageAdapt,4.417293197889194e-09,2
57,StageAdapt,0.4644808769226074,2
58,StageAdapt,0.4719101190567016,2
59,StageAdapt,0.5940568447113037,2
60,StageAdapt,0.6018261313438416,3
61,StageAdapt,0.5298281908035278,4
62,StageAdapt,0.6760841608047485,5
63,StageAdapt,0.7593105435371399,5
64,StageAdapt,0.6845385432243347,5
65,StageAdapt,0.752892017364502,5
66,StageAdapt,0.8099011182785034,5
67,StageAdapt,0.7904133796691895,6
68,StageAdapt,0.7007559537887573,7
69,StageAdapt,0.6317750811576843,7
70,StageAdapt,0.6788907051086426,8
71,StageAdapt,0.7143179178237915,8
72,StageAdapt,0.6435033082962036,9
73,StageAdapt,0.7555820941925049,8
74,StageAdapt,0.7612500786781311,9
75,StageAdapt,0.7075870037078857,9
76,StageAdapt,0.7660455107688904,8
77,StageAdapt,0.7460145950317383,7
78,StageAdapt,0.6697689890861511,6
79,StageAdapt,0.6228229403495789,5
80,StageAdapt,0.841925859451294,4
81,StageAdapt,0.6795786619186401,4
82,StageAdapt,0.9167510867118835,3
83,StageAdapt,0.9136458039283752,3
84,StageAdapt,0.7411064505577087,4
85,StageAdapt,0.7224575281143188,4
86,StageAdapt,0.5799015164375305,3
87,StageAdapt,0.5794007182121277,2
88,StageAdapt,0.6337131261825562,2
89,StageAdapt,0.3333333432674408,2
90,StageAdapt,0.1538461595773697,2
91,StageAdapt,0.3142857253551483,1
92,StageAdapt,0.3283582031726837,1
93,StageAdapt,0.2253521084785461,1
94,StageAdapt,0.2758620679378509,1
95,StageAdapt,0.3000000119209289,1
96,StageAdapt,0.3571428656578064,1
97,StageAdapt,0.3333333432674408,1
98,StageAdapt,0.1785714328289032,1
99,StageAdapt,0.3448275923728943,1
100,StageAdapt,0.34375,1
101,StageAdapt,0.3174603283405304,1
102,StageAdapt,0.5161290168762207,1
103,StageAdapt,0.5652173757553101,1
104,StageAdapt,0.4615384638309479,1
105,StageAdapt,0.5853658318519592,1
106,StageAdapt,0.5263158082962036,1
107,StageAdapt,0.6666666865348816,1
108,StageAdapt,0.800000011920929,1
109,StageAdapt,0.6666666865348816,1
110,StageAdapt,0.7647058963775635,1
111,StageAdapt,0.8275862336158752,1
112,StageAdapt,0.7333333492279053,1
113,StageAdapt,0.7200000286102295,1
114,StageAdapt,0.9230769276618958,1
115,StageAdapt,0.8148148059844971,1
116,StageAdapt,0.5333333611488342,1
117,StageAdapt,0.6315789222717285,1
118,StageAdapt,0.6190476417541504,1
119,StageAdapt,0.7142857313156128,1
120,StageAdapt,0.5714285969734192,1
121,StageAdapt,0.5,1
122,StageAdapt,0.2666666805744171,1
123,StageAdapt,0.4285714328289032,1
124,StageAdapt,0.2203389853239059,1
125,StageAdapt,0.4965380728244781,1
126,StageAdapt,0.430215835571289,1
127,StageAdapt,0.94175785779953,1
128,StageAdapt,0.9592326283454896,1
129,StageAdapt,0.9577537178993224,1
130,StageAdapt,0.9616380333900452,1
131,StageAdapt,0.8523521423339844,1
132,StageAdapt,0.7133318185806274,1
133,StageAdapt,0.5656899809837341,1
134,StageAdapt,0.4341973960399627,1
135,StageAdapt,0.289000004529953,1
136,StageAdapt,0.1209218800067901,1
137,StageAdapt,0.6448031663894653,2
138,StageAdapt,0.719012975692749,3
139,StageAdapt,0.9433817863464355,3
140,StageAdapt,0.9258077144622804,3
141,StageAdapt,0.8903408646583557,3
142,StageAdapt,0.9217894673347472,3
143,StageAdapt,0.8634845614433289,3
144,StageAdapt,0.8795111179351807,3
145,StageAdapt,0.8271015286445618,3
146,StageAdapt,0.9109499454498292,3
147,StageAdapt,0.9317517280578612,3
148,StageAdapt,0.9158207774162292,3
149,StageAdapt,0.928245484828949,3
150,StageAdapt,0.9076411724090576,3
151,StageAdapt,0.906506359577179,3
152,StageAdapt,0.9022952914237976,3
153,StageAdapt,0.8037970066070557,4
154,StageAdapt,0.8529695868492126,4
155,StageAdapt,0.8191537857055664,4
156,StageAdapt,0.8138226866722107,6
157,StageAdapt,0.8591838479042053,6
158,StageAdapt,0.8914349675178528,6
159,StageAdapt,0.9115965962409972,6
160,StageAdapt,0.9079799056053162,6
161,StageAdapt,0.8930113315582275,6
162,StageAdapt,0.8939144611358643,6
163,StageAdapt,0.8542535901069641,6
164,StageAdapt,0.8570534586906433,6
165,StageAdapt,0.8891658186912537,6
166,StageAdapt,0.9070799946784972,6
167,StageAdapt,0.9041264653205872,6
168,StageAdapt,0.8473337292671204,7
169,StageAdapt,0.9340083003044128,7
170,StageAdapt,0.917333960533142,7
171,StageAdapt,0.8912206292152405,7
172,StageAdapt,0.905570924282074,7
173,StageAdapt,0.8953142762184143,7
174,StageAdapt,0.8344434499740601,7
175,StageAdapt,0.638193666934967,8
176,StageAdapt,0.7431583404541016,8
177,StageAdapt,0.8671630620956421,8
178,StageAdapt,0.7885044813156128,9
179,StageAdapt,0.7551214694976807,9
180,StageAdapt,0.7000011205673218,9
181,StageAdapt,0.7908123731613159,8
182,StageAdapt,0.7905268669128418,8
183,StageAdapt,0.8020504117012024,6
184,StageAdapt,0.8345840573310852,5
185,StageAdapt,0.8046466708183289,5
186,StageAdapt,0.8525967597961426,5
187,StageAdapt,0.8059698343276978,5
188,StageAdapt,0.7302044034004211,5
189,StageAdapt,0.7625446319580078,4
190,StageAdapt,0.7710127830505371,4
191,StageAdapt,0.8192017078399658,4
192,StageAdapt,0.7798892259597778,4
193,StageAdapt,0.7962835431098938,4
194,StageAdapt,0.8295676112174988,3
195,StageAdapt,0.8663093447685242,3
196,StageAdapt,0.9594875574111938,2
197,StageAdapt,0.9718992710113524,2
198,StageAdapt,0.9732238054275512,2
199,StageAdapt,0.9761286973953248,2
200,StageAdapt,0.9637092351913452,2
201,StageAdapt,0.9661406874656676,2
202,StageAdapt,0.9790070056915284,2
203,StageAdapt,0.9728943109512328,2
204,StageAdapt,0.97501802444458,2
205,StageAdapt,0.9627730846405028,2
206,StageAdapt,0.9602612257003784,2
207,StageAdapt,0.9380881786346436,3
208,StageAdapt,0.9224119186401368,3
209,StageAdapt,0.9335115551948548,3
210,StageAdapt,0.8137192726135254,3
211,StageAdapt,0.9414345026016236,2
212,StageAdapt,0.9289977550506592,2
213,StageAdapt,0.9362324476242064,2
214,StageAdapt,0.9766581058502196,2
215,StageAdapt,0.9404934644699096,2
216,StageAdapt,0.9338200092315674,2
217,StageAdapt,0.953278422355652,2
218,StageAdapt,0.9072425365447998,2
219,StageAdapt,0.9276231527328492,2
220,StageAdapt,0.8586482405662537,2
221,StageAdapt,0.9117155075073242,2
222,StageAdapt,0.8366775512695312,2
223,StageAdapt,0.7027749419212341,2
224,StageAdapt,0.828125,1
225,StageAdapt,0.8031495809555054,1
226,StageAdapt,0.8316831588745117,1
227,StageAdapt,0.75,1
228,StageAdapt,0.7789473533630371,1
229,StageAdapt,0.8602150678634644,1
230,StageAdapt,0.8163265585899353,1
231,StageAdapt,0.7368420958518982,1
232,StageAdapt,0.760869562625885,1
233,StageAdapt,0.7916666865348816,1
234,StageAdapt,0.8041236996650696,1
235,StageAdapt,0.7551020383834839,1
236,StageAdapt,0.8035714030265808,1
237,StageAdapt,0.8301886916160583,1
238,StageAdapt,0.8403361439704895,1
239,StageAdapt,0.8617886304855347,1
240,StageAdapt,0.8595041036605835,1
241,StageAdapt,0.2058823555707931,1
242,StageAdapt,0.4210526347160339,1
243,StageAdapt,0.5330296158790588,1
244,StageAdapt,0.603481650352478,1
245,StageAdapt,0.6549295783042908,1
246,StageAdapt,0.7149917483329773,1
247,StageAdapt,0.8016359806060791,1
248,StageAdapt,0.7615780234336853,1
249,StageAdapt,0.8232043981552124,1
250,StageAdapt,0.8538162708282471,1
251,StageAdapt,0.8715365529060364,1
252,StageAdapt,0.924259066581726,1
253,StageAdapt,0.9142857193946838,1
254,StageAdapt,0.9538461565971376,1
255,StageAdapt,0.9451795816421508,1
256,StageAdapt,0.9589743614196776,1
257,StageAdapt,0.9434571862220764,1
258,StageAdapt,0.9264349341392516,1
259,StageAdapt,0.9481707215309144,1
260,StageAdapt,0.9600560665130616,1
261,StageAdapt,0.9672678709030152,1
262,StageAdapt,0.9770491719245912,1
263,StageAdapt,0.9677419066429138,1
264,StageAdapt,0.9631901979446412,1
265,StageAdapt,0.96256685256958,1
266,StageAdapt,0.9671361446380616,1
267,StageAdapt,0.9685680866241456,1
268,StageAdapt,0.9661675095558168,1
269,StageAdapt,0.9730021357536316,1
270,StageAdapt,0.9809119701385498,1
271,StageAdapt,0.9767195582389832,1
272,StageAdapt,0.9510841965675354,1
273,StageAdapt,0.9655172228813172,1
274,StageAdapt,0.9509357810020448,1
275,StageAdapt,0.9561315774917604,1
276,StageAdapt,0.9616122841835022,1
277,StageAdapt,0.9738317728042604,1
278,StageAdapt,0.9778597950935364,1
279,StageAdapt,0.968778669834137,1
280,StageAdapt,0.9662716388702391,1
281,StageAdapt,0.97438246011734,1
282,StageAdapt,0.974264681339264,1
283,StageAdapt,0.9707112908363342,1
284,StageAdapt,0.9308300614356996,1
285,StageAdapt,0.9208561182022096,1
286,StageAdapt,0.9185699820518494,1
287,StageAdapt,0.9096446633338928,1
288,StageAdapt,0.8524945974349976,1
289,StageAdapt,0.9005116820335388,1
290,StageAdapt,0.9296875,1
291,StageAdapt,0.909600555896759,1
292,StageAdapt,0.7581047415733337,1
293,StageAdapt,0.3859649002552032,1
294,StageAdapt,0.0755467191338539,1
295,StageAdapt,1.9342359658391928e-10,1
296,StageAdapt,2.9585800476183977e-10,1
297,StageAdapt,5.681818349145829e-10,1
298,StageAdapt,1.149425332691578e-09,1
299,StageAdapt,2.7027027282855443e-09,1
300,StageAdapt,6.666666774179931e-09,1
301,StageAdapt,5.882352827057957e-09,1
302,StageAdapt,3.999999886872274e-09,1
303,StageAdapt,2.083333283664501e-09,1
304,StageAdapt,0.2142857164144516,2
305,StageAdapt,0.4206924140453338,2
306,StageAdapt,0.7054488658905029,2
307,StageAdapt,0.8675589561462402,2
308,StageAdapt,0.8805313110351562,2
309,StageAdapt,0.8691296577453613,2
310,StageAdapt,0.8012468218803406,2
311,StageAdapt,0.7668744921684265,3
312,StageAdapt,0.8401206135749817,3
313,StageAdapt,0.8624889850616455,3
314,StageAdapt,0.7615711092948914,3
315,StageAdapt,0.8407748341560364,3
316,StageAdapt,0.8506827354431152,3
317,StageAdapt,0.8115943074226379,3
318,StageAdapt,0.8316965103149414,3
319,StageAdapt,0.7135106921195984,4
320,StageAdapt,0.7703737020492554,4
321,StageAdapt,0.7769079208374023,4
322,StageAdapt,0.718184769153595,4
323,StageAdapt,0.7359455227851868,4
324,StageAdapt,0.7179778218269348,4
325,StageAdapt,0.7180918455123901,4
326,StageAdapt,0.692893922328949,4
327,StageAdapt,0.7256304621696472,4
328,StageAdapt,0.7727404236793518,4
329,StageAdapt,0.7441095113754272,4
330,StageAdapt,0.8469686508178711,4
331,StageAdapt,0.8855819702148438,4
332,StageAdapt,0.8571228384971619,4
333,StageAdapt,0.868825376033783,4
334,StageAdapt,0.8535695672035217,4
335,StageAdapt,0.8462219834327698,4
336,StageAdapt,0.8881970047950745,4
337,StageAdapt,0.830014169216156,4
338,StageAdapt,0.8045644760131836,4
339,StageAdapt,0.8056057691574097,4
340,StageAdapt,0.8856990933418274,4
341,StageAdapt,0.9257689118385316,4
342,StageAdapt,0.9002203941345215,4
343,StageAdapt,0.9250878095626832,4
344,StageAdapt,0.9150069952011108,4
345,StageAdapt,0.8501477837562561,4
346,StageAdapt,0.8289041519165039,4
347,StageAdapt,0.5804522037506104,5
348,StageAdapt,0.6856352090835571,5
349,StageAdapt,0.8510688543319702,5
350,StageAdapt,0.8452686071395874,5
351,StageAdapt,0.920913577079773,5
352,StageAdapt,0.9417120218276978,5
353,StageAdapt,0.9263903498649596,5
354,StageAdapt,0.8889085054397583,5
355,StageAdapt,0.7865042090415955,6
356,StageAdapt,0.9024035334587096,6
357,StageAdapt,0.9004912376403809,6
358,StageAdapt,0.8819922804832458,6
359,StageAdapt,0.9099714159965516,6
360,StageAdapt,0.931212604045868,6
361,StageAdapt,0.9190201163291932,6
362,StageAdapt,0.9074633717536926,6
363,StageAdapt,0.9141173362731934,6
364,StageAdapt,0.9246802926063538,6
365,StageAdapt,0.9123340249061584,6
366,StageAdapt,0.892331600189209,6
367,StageAdapt,0.9130062460899352,6
368,StageAdapt,0.8991490006446838,6
369,StageAdapt,0.8953817486763,6
370,StageAdapt,0.8340420126914978,7
371,StageAdapt,0.8447434306144714,7
372,StageAdapt,0.887965738773346,7
373,StageAdapt,0.8461753129959106,7
374,StageAdapt,0.7910572290420532,7
375,StageAdapt,0.795555591583252,7
376,StageAdapt,0.7238026857376099,7
377,StageAdapt,0.8032920360565186,6
378,StageAdapt,0.6959481239318848,6
379,StageAdapt,0.5598737001419067,7
380,StageAdapt,0.4812554121017456,8
381,StageAdapt,0.4178704023361206,8
382,StageAdapt,0.34782874584198,8
383,StageAdapt,0.4708136022090912,6
384,StageAdapt,0.4435378015041351,6
385,StageAdapt,0.5883504748344421,6
386,StageAdapt,0.5533170104026794,6
387,StageAdapt,0.8262858986854553,4
388,StageAdapt,0.7394399642944336,4
389,StageAdapt,0.7074807286262512,4
390,StageAdapt,0.9231433868408204,3
391,StageAdapt,0.9477201104164124,3
392,StageAdapt,0.9439695477485656,3
393,StageAdapt,0.9526181817054749,3
394,StageAdapt,0.9543280601501464,3
395,StageAdapt,0.9617886543273926,3
396,StageAdapt,0.962977170944214,3
397,StageAdapt,0.9577320218086244,3
398,StageAdapt,0.9511452317237854,3
399,StageAdapt,0.952082633972168,3
400,StageAdapt,0.9583301544189452,3
401,StageAdapt,0.953188419342041,3
402,StageAdapt,0.9465913772583008,3
403,StageAdapt,0.9568798542022704,3
404,StageAdapt,0.9639182686805724,3
405,StageAdapt,0.9587469100952148,3
406,StageAdapt,0.9577028155326844,3
407,StageAdapt,0.8567734956741333,4
408,StageAdapt,0.8637175559997559,4
409,StageAdapt,0.8602578639984131,4
410,StageAdapt,0.8492251634597778,4
411,StageAdapt,0.943073034286499,4
412,StageAdapt,0.9638608694076538,4
413,StageAdapt,0.9563899040222168,4
414,StageAdapt,0.936420202255249,4
415,StageAdapt,0.9523056745529176,4
416,StageAdapt,0.9640401601791382,4
417,StageAdapt,0.958295464515686,4
418,StageAdapt,0.9260369539260864,4
419,StageAdapt,0.9471538066864014,4
420,StageAdapt,0.9743940234184264,4
421,StageAdapt,0.9478164315223694,4
422,StageAdapt,0.9268301725387572,4
423,StageAdapt,0.950795352458954,4
424,StageAdapt,0.9461953043937684,4
425,StageAdapt,0.9121770858764648,4
426,StageAdapt,0.8910605907440186,4
427,StageAdapt,0.8810018301010132,4
428,StageAdapt,0.9428553581237792,4
429,StageAdapt,0.9410387277603148,4
430,StageAdapt,0.837086021900177,4
431,StageAdapt,0.7445431351661682,3
432,StageAdapt,0.7755956053733826,3
433,StageAdapt,0.9078580737113952,2
434,StageAdapt,0.8982455730438232,2
435,StageAdapt,0.9102054834365844,2
436,StageAdapt,0.91745787858963,2
437,StageAdapt,0.9149496555328368,2
438,StageAdapt,0.845295786857605,2
439,StageAdapt,0.8472071886062622,2
440,StageAdapt,0.8424158692359924,2
441,StageAdapt,0.8221650123596191,2
442,StageAdapt,0.7903616428375244,2
443,StageAdapt,0.699999988079071,1
444,StageAdapt,0.699999988079071,1
445,StageAdapt,0.5555555820465088,1
446,StageAdapt,0.3888888955116272,1
447,StageAdapt,0.4583333432674408,1
448,StageAdapt,0.52173912525177,1
449,StageAdapt,0.4878048896789551,1
450,StageAdapt,0.3829787373542785,1
451,StageAdapt,0.375,1
452,StageAdapt,0.1818181872367859,1
453,StageAdapt,0.5945945978164673,1
454,StageAdapt,0.5161290168762207,1
455,StageAdapt,0.5142857432365417,1
456,StageAdapt,0.5142857432365417,1
457,StageAdapt,0.5306122303009033,1
458,StageAdapt,0.6499999761581421,1
459,StageAdapt,0.1081081107258796,1
460,StageAdapt,0.2285714298486709,1
461,StageAdapt,2.7777777855675367e-09,1
462,StageAdapt,0.1777777820825576,1
463,StageAdapt,2.040816404758061e-09,1
464,StageAdapt,2.2727273396583314e-09,1
465,StageAdapt,3.333333387089965e-09,1
466,StageAdapt,0.6456692814826965,1
467,StageAdapt,0.8757396340370178,1
468,StageAdapt,0.9283154010772704,1
469,StageAdapt,0.91304349899292,1
470,StageAdapt,0.9225473403930664,1
471,StageAdapt,0.9540306329727172,1
472,StageAdapt,0.9517470598220824,1
473,StageAdapt,0.9356836676597596,1
474,StageAdapt,0.8903553485870361,1
475,StageAdapt,0.8296703100204468,1
476,StageAdapt,0.8103585839271545,1
477,StageAdapt,0.7736121416091919,1
478,StageAdapt,0.9164556860923768,1
479,StageAdapt,0.9307605028152466,1
480,StageAdapt,0.2479532212018966,1
481,StageAdapt,0.2743142247200012,1
482,StageAdapt,0.0285714287310838,1
483,StageAdapt,0.0600858367979526,1
484,StageAdapt,0.2603878080844879,1
485,StageAdapt,0.1644794344902038,1
486,StageAdapt,1.4925373159613287e-09,1
487,StageAdapt,0.5454545617103577,1
488,StageAdapt,0.7583643198013306,1
489,StageAdapt,0.7696078419685364,1
490,StageAdapt,0.8266666531562805,1
491,StageAdapt,0.9069767594337464,1
492,StageAdapt,0.4644351601600647,2
493,StageAdapt,0.4410349428653717,2
494,StageAdapt,0.6853880882263184,3
495,StageAdapt,0.7291629910469055,3
496,StageAdapt,0.7571567893028259,3
497,StageAdapt,0.6715235710144043,3
498,StageAdapt,0.6609581708908081,3
499,StageAdapt,0.6845929622650146,3
500,StageAdapt,0.8532419800758362,3
501,StageAdapt,0.9256623387336732,3
502,StageAdapt,0.9222801327705384,3
503,StageAdapt,0.962518274784088,3
504,StageAdapt,0.9086689949035645,3
505,StageAdapt,0.93585604429245,3
506,StageAdapt,0.9588295817375184,3
507,StageAdapt,0.9485374093055724,3
508,StageAdapt,0.6532131433486938,5
509,StageAdapt,0.7073730230331421,5
510,StageAdapt,0.6463038325309753,6
511,StageAdapt,0.6499412655830383,6
512,StageAdapt,0.7139105796813965,6
513,StageAdapt,0.7383878231048584,6
514,StageAdapt,0.6920322775840759,7
515,StageAdapt,0.7529787421226501,7
516,StageAdapt,0.7771161198616028,7
517,StageAdapt,0.7077823281288147,7
518,StageAdapt,0.722608745098114,7
519,StageAdapt,0.8282522559165955,7
520,StageAdapt,0.8720503449440002,7
521,StageAdapt,0.9206538796424866,7
522,StageAdapt,0.8812886476516724,7
523,StageAdapt,0.905289351940155,7
524,StageAdapt,0.8597928285598755,8
525,StageAdapt,0.8789882659912109,9
526,StageAdapt,0.8465865254402161,9
527,StageAdapt,0.8569209575653076,9
528,StageAdapt,0.8757491707801819,9
529,StageAdapt,0.9187575578689576,9
530,StageAdapt,0.94722580909729,9
531,StageAdapt,0.9255500435829164,9
532,StageAdapt,0.9048143029212952,9
533,StageAdapt,0.9257075190544128,9
534,StageAdapt,0.9114514589309692,9
535,StageAdapt,0.9219951629638672,10
536,StageAdapt,0.8294119834899902,10
537,StageAdapt,0.8969982862472534,9
538,StageAdapt,0.9192015528678894,9
539,StageAdapt,0.8939273357391357,8
540,StageAdapt,0.9450067281723022,8
541,StageAdapt,0.8962162733078003,8
542,StageAdapt,0.8858020305633545,8
543,StageAdapt,0.8777323961257935,7
544,StageAdapt,0.8469440340995789,5
545,StageAdapt,0.9400482773780824,4
546,StageAdapt,0.9222744703292848,4
547,StageAdapt,0.9783320426940918,3
548,StageAdapt,0.9847425818443298,3
549,StageAdapt,0.9776785969734192,3
550,StageAdapt,0.9833130836486816,3
551,StageAdapt,0.9809991717338562,3
552,StageAdapt,0.978525459766388,3
553,StageAdapt,0.9825718402862548,3
554,StageAdapt,0.9755864143371582,3
555,StageAdapt,0.9504375457763672,4
556,StageAdapt,0.9556295275688172,4
557,StageAdapt,0.9424893260002136,4
558,StageAdapt,0.9628371596336364,4
559,StageAdapt,0.947733998298645,4
560,StageAdapt,0.9715609550476074,4
561,StageAdapt,0.9492099285125732,4
562,StageAdapt,0.9504783749580384,4
563,StageAdapt,0.97043639421463,4
564,StageAdapt,0.9606737494468688,4
565,StageAdapt,0.9659075736999512,4
566,StageAdapt,0.9547816514968872,4
567,StageAdapt,0.928735613822937,4
568,StageAdapt,0.9103840589523317,4
569,StageAdapt,0.8796586990356445,4
570,StageAdapt,0.892906129360199,3
571,StageAdapt,0.6245275139808655,3
572,StageAdapt,0.9258001446723938,2
573,StageAdapt,0.9442706108093262,2
574,StageAdapt,0.8967792987823486,2
575,StageAdapt,0.9449880123138428,2
576,StageAdapt,0.8969541788101196,2
577,StageAdapt,0.9154906868934632,2
578,StageAdapt,0.8357415199279785,2
579,StageAdapt,0.852173924446106,1
580,StageAdapt,0.9090909361839294,1
581,StageAdapt,0.8828828930854797,1
582,StageAdapt,0.8971962332725525,1
583,StageAdapt,0.9306930899620056,1
584,StageAdapt,0.8979591727256775,1
585,StageAdapt,0.9504950642585754,1
586,StageAdapt,0.9292929172515868,1
587,StageAdapt,0.931818187236786,1
588,StageAdapt,0.9213483333587646,1
589,StageAdapt,0.9176470637321472,1
590,StageAdapt,0.9230769276618958,1
591,StageAdapt,0.8947368264198303,1
592,StageAdapt,0.8823529481887817,1
593,StageAdapt,0.9090909361839294,1
594,StageAdapt,0.7761194109916687,1
595,StageAdapt,0.6666666865348816,1
596,StageAdapt,0.800000011920929,1
597,StageAdapt,0.8771929740905762,1
598,StageAdapt,0.7924528121948242,1
599,StageAdapt,0.625,1
600,StageAdapt,0.800000011920929,1
601,StageAdapt,0.8235294222831726,1
602,StageAdapt,0.901960790157318,1
603,StageAdapt,0.7857142686843872,1
604,StageAdapt,0.7692307829856873,1
605,StageAdapt,0.8888888955116272,1
606,StageAdapt,0.8615384697914124,1
607,StageAdapt,0.8529411554336548,1
608,StageAdapt,0.8169013857841492,1
609,StageAdapt,0.7407407164573669,1
610,StageAdapt,0.8125,1
611,StageAdapt,0.7446808218955994,1
612,StageAdapt,0.6597937941551208,1
613,StageAdapt,0.8333333134651184,1
614,StageAdapt,0.8739495873451233,1
615,StageAdapt,0.8548387289047241,1
616,StageAdapt,0.9572649598121644,1
617,StageAdapt,0.868686854839325,1
618,StageAdapt,0.6756756901741028,1
619,StageAdapt,0.53125,1
620,StageAdapt,0.4255319237709045,1
621,StageAdapt,0.2637362778186798,1
622,StageAdapt,0.5925925970077515,1
623,StageAdapt,0.7755101919174194,1
624,StageAdapt,0.9166666865348816,1
625,StageAdapt,0.6399999856948853,1
626,StageAdapt,0.6666666865348816,1
627,StageAdapt,0.4561403393745422,1
628,StageAdapt,0.3913043439388275,1
629,StageAdapt,0.6363636255264282,1
630,StageAdapt,0.6197183132171631,1
631,StageAdapt,0.7250000238418579,1
632,StageAdapt,0.4307692348957062,1
633,StageAdapt,0.5625,1
634,StageAdapt,0.4761904776096344,1
635,StageAdapt,0.695652186870575,1
636,StageAdapt,0.7837837934494019,1
637,StageAdapt,0.6904761791229248,1
638,StageAdapt,0.6027397513389587,1
639,StageAdapt,0.6129032373428345,1
640,StageAdapt,0.591549277305603,1
641,StageAdapt,0.7076923251152039,1
642,StageAdapt,0.7948718070983887,1
643,StageAdapt,0.800000011920929,1
644,StageAdapt,0.7848101258277893,1
645,StageAdapt,0.8450704216957092,1
646,StageAdapt,0.8405796885490417,1
647,StageAdapt,0.8674699068069458,1
648,StageAdapt,0.8421052694320679,1
649,StageAdapt,0.7848101258277893,1
650,StageAdapt,0.8045976758003235,1
651,StageAdapt,0.8705882430076599,1
652,StageAdapt,0.8863636255264282,1
653,StageAdapt,0.9320388436317444,1
654,StageAdapt,0.8965517282485962,1
655,StageAdapt,0.7962962985038757,1
656,StageAdapt,0.8301886916160583,1
657,StageAdapt,0.8703703880310059,1
658,StageAdapt,0.8760330677032471,1
659,StageAdapt,0.8405796885490417,1
660,StageAdapt,0.8205128312110901,1
661,StageAdapt,0.7846153974533081,1
662,StageAdapt,0.7368420958518982,1
663,StageAdapt,0.8455284833908081,1
664,StageAdapt,0.9457364082336426,1
665,StageAdapt,0.8717948794364929,1
666,StageAdapt,0.7731092572212219,1
667,StageAdapt,0.796875,1
668,StageAdapt,0.8703703880310059,1
669,StageAdapt,0.8235294222831726,1
670,StageAdapt,0.8842105269432068,1
671,StageAdapt,0.8089887499809265,1
672,StageAdapt,0.8529411554336548,1
673,StageAdapt,0.8311688303947449,1
674,StageAdapt,0.7368420958518982,1
675,StageAdapt,0.7941176295280457,1
676,StageAdapt,0.577903687953949,1
677,StageAdapt,0.7971311211585999,1
678,StageAdapt,0.943121075630188,1
679,StageAdapt,0.9652662873268129,1
680,StageAdapt,0.980615735054016,1
681,StageAdapt,0.9827160239219666,1
682,StageAdapt,0.9759907722473145,1
683,StageAdapt,0.9689440727233888,1
684,StageAdapt,0.977574348449707,1
685,StageAdapt,0.9058296084403992,1
686,StageAdapt,6.802721164156367e-10,1
687,StageAdapt,0.9263157844543456,1
688,StageAdapt,0.9720279574394226,1
689,StageAdapt,0.9713114500045776,1
690,StageAdapt,0.9815950989723206,1
691,StageAdapt,0.8883941173553467,2
692,StageAdapt,0.9465811848640442,2
693,StageAdapt,0.9267923831939696,4
694,StageAdapt,0.949124038219452,4
695,StageAdapt,0.9524770975112916,4
696,StageAdapt,0.8297397494316101,5
697,StageAdapt,0.902737021446228,5
698,StageAdapt,0.857010006904602,5
699,StageAdapt,0.9003332257270813,5
700,StageAdapt,0.8107371926307678,6
701,StageAdapt,0.9242346286773682,6
702,StageAdapt,0.9153035879135132,7
703,StageAdapt,0.8870397806167603,7
704,StageAdapt,0.803377628326416,8
705,StageAdapt,0.8598465919494629,10
706,StageAdapt,0.789452314376831,10
707,StageAdapt,0.7028371095657349,9
708,StageAdapt,0.7521039247512817,7
709,StageAdapt,0.752020537853241,6
710,StageAdapt,0.8184318542480469,4
711,StageAdapt,0.9522998332977296,3
712,StageAdapt,0.9766039252281188,3
713,StageAdapt,0.9604002833366394,3
714,StageAdapt,0.9634749293327332,3
715,StageAdapt,0.9608052372932434,3
716,StageAdapt,0.9256729483604432,4
717,StageAdapt,0.9273328185081482,4
718,StageAdapt,0.8869433403015137,3
719,StageAdapt,0.8781402111053467,3
720,StageAdapt,0.5691582560539246,3
721,StageAdapt,0.8695096969604492,2
722,StageAdapt,0.858223557472229,2
723,StageAdapt,0.8563748002052307,2
724,StageAdapt,0.7268058061599731,2
725,StageAdapt,0.6938775777816772,1
726,StageAdapt,0.5068492889404297,1
727,StageAdapt,0.6297228932380676,1
728,StageAdapt,0.8413792848587036,1
729,StageAdapt,0.6684931516647339,1
730,StageAdapt,0.8982574343681335,1
731,StageAdapt,0.9241447448730468,1
732,StageAdapt,0.8083507418632507,1
733,StageAdapt,0.9549180269241332,1
734,StageAdapt,0.8800862431526184,1
735,StageAdapt,0.9692877531051636,1
736,StageAdapt,0.936046540737152,1
737,StageAdapt,0.8999800086021423,1
738,StageAdapt,0.9554874897003174,1
739,StageAdapt,0.937268078327179,1
740,StageAdapt,0.9579609632492064,1
741,StageAdapt,0.9548748135566713,1
742,StageAdapt,0.953679382801056,1
743,StageAdapt,0.960331380367279,1
744,StageAdapt,0.9668322205543518,1
745,StageAdapt,0.9626769423484802,1
746,StageAdapt,0.9759764671325684,1
747,StageAdapt,0.9753046035766602,1
748,StageAdapt,0.9660119414329528,1
749,StageAdapt,0.969342052936554,1
750,StageAdapt,0.9297394156455994,1
751,StageAdapt,0.9553340673446656,1
752,StageAdapt,0.9564729928970336,1
753,StageAdapt,0.9132972955703736,1
754,StageAdapt,0.917503297328949,1
755,StageAdapt,0.8495528697967529,1
756,StageAdapt,0.9107142686843872,1
757,StageAdapt,0.934930384159088,1
758,StageAdapt,0.9111457467079164,1
759,StageAdapt,0.8003348708152771,1
760,StageAdapt,0.7805362343788147,1
761,StageAdapt,0.8152492642402649,1
762,StageAdapt,0.419475644826889,1
763,StageAdapt,1.086956524787297e-09,1
764,StageAdapt,1.2820512429456699e-09,1
765,StageAdapt,8.771929849160641e-10,1
766,StageAdapt,3.52112672352689e-10,1
767,StageAdapt,2.8571428556389833e-10,1
768,StageAdapt,0.0517241396009922,2
769,StageAdapt,0.2343324273824691,2
770,StageAdapt,0.3549920618534088,2
771,StageAdapt,0.3296749889850616,3
772,StageAdapt,0.3927195072174072,3
773,StageAdapt,0.3960236012935638,3
774,StageAdapt,0.4065866768360138,3
775,StageAdapt,0.3400746285915375,3
776,StageAdapt,0.3016165196895599,3
777,StageAdapt,0.272762268781662,3
778,StageAdapt,0.2747992575168609,3
779,StageAdapt,0.3191864192485809,3
780,StageAdapt,0.3512412309646606,3
781,StageAdapt,0.2975282967090606,3
782,StageAdapt,0.2721858024597168,4
783,StageAdapt,0.5170212388038635,5
784,StageAdapt,0.6160575747489929,6
785,StageAdapt,0.6533777713775635,6
786,StageAdapt,0.6325051784515381,6
787,StageAdapt,0.7093968987464905,6
788,StageAdapt,0.7075563073158264,6
789,StageAdapt,0.7267172932624817,6
790,StageAdapt,0.7448420524597168,6
791,StageAdapt,0.7614776492118835,6
792,StageAdapt,0.7889953255653381,6
793,StageAdapt,0.7955832481384277,6
794,StageAdapt,0.7676854133605957,6
795,StageAdapt,0.802675187587738,6
796,StageAdapt,0.7763832211494446,6
797,StageAdapt,0.7014530301094055,6
798,StageAdapt,0.754416286945343,6
799,StageAdapt,0.7650296092033386,6
800,StageAdapt,0.7871958613395691,6
801,StageAdapt,0.7665383219718933,6
802,StageAdapt,0.7339036464691162,6
803,StageAdapt,0.7004184722900391,6
804,StageAdapt,0.664733350276947,7
805,StageAdapt,0.6670224070549011,7
806,StageAdapt,0.6638360023498535,7
807,StageAdapt,0.6849846243858337,7
808,StageAdapt,0.6650688052177429,7
809,StageAdapt,0.6589432954788208,7
810,StageAdapt,0.6900919675827026,7
811,StageAdapt,0.7152444124221802,8
812,StageAdapt,0.7440383434295654,8
813,StageAdapt,0.7462077736854553,8
814,StageAdapt,0.7384023666381836,8
815,StageAdapt,0.761612594127655,9
816,StageAdapt,0.740370512008667,9
817,StageAdapt,0.7279362678527832,10
818,StageAdapt,0.6827487945556641,10
819,StageAdapt,0.6411788463592529,10
820,StageAdapt,0.5978542566299438,10
821,StageAdapt,0.6013765335083008,10
822,StageAdapt,0.6367174386978149,9
823,StageAdapt,0.7638704180717468,8
824,StageAdapt,0.844416081905365,7
825,StageAdapt,0.8327718377113342,7
826,StageAdapt,0.8260534405708313,6
827,StageAdapt,0.8679689168930054,5
828,StageAdapt,0.890917181968689,5
829,StageAdapt,0.9430937767028807,4
830,StageAdapt,0.960805118083954,3
831,StageAdapt,0.9548308849334716,3
832,StageAdapt,0.9621116518974304,3
833,StageAdapt,0.9685840010643004,3
834,StageAdapt,0.9523071646690368,3
835,StageAdapt,0.962923526763916,3
836,StageAdapt,0.9405979514122008,3
837,StageAdapt,0.6976016759872437,4
838,StageAdapt,0.7918673157691956,4
839,StageAdapt,0.8247451782226562,4
840,StageAdapt,0.864222526550293,4
841,StageAdapt,0.904615581035614,4
842,StageAdapt,0.8618663549423218,4
843,StageAdapt,0.8621583580970764,4
844,StageAdapt,0.9150472283363342,4
845,StageAdapt,0.897078275680542,4
846,StageAdapt,0.9098796248435974,3
847,StageAdapt,0.8355777859687805,3
848,StageAdapt,0.9476253986358644,2
849,StageAdapt,0.9434982538223268,2
850,StageAdapt,0.941962480545044,2
851,StageAdapt,0.9087097644805908,2
852,StageAdapt,0.9333816766738892,2
853,StageAdapt,0.9643762111663818,2
854,StageAdapt,0.9101502895355223,2
855,StageAdapt,0.9715304970741272,2
856,StageAdapt,0.92253577709198,2
857,StageAdapt,0.9556753039360046,2
858,StageAdapt,0.960199236869812,2
859,StageAdapt,0.9471056461334229,2
860,StageAdapt,0.9470232129096984,2
861,StageAdapt,0.9362835884094238,2
862,StageAdapt,0.9252530336380004,2
863,StageAdapt,0.9575523138046264,2
864,StageAdapt,0.884908139705658,2
865,StageAdapt,0.9174214005470276,2
866,StageAdapt,0.916207194328308,2
867,StageAdapt,0.8999999761581421,1
868,StageAdapt,0.9268292784690856,1
869,StageAdapt,0.7766990065574646,1
870,StageAdapt,0.8453608155250549,1
871,StageAdapt,0.7872340679168701,1
872,StageAdapt,0.8101266026496887,1
873,StageAdapt,0.7792207598686218,1
874,StageAdapt,0.7241379022598267,1
875,StageAdapt,0.6969696879386902,1
876,StageAdapt,0.6470588445663452,1
877,StageAdapt,0.9225092530250548,1
878,StageAdapt,0.9796407222747804,1
879,StageAdapt,0.9874243140220642,1
880,StageAdapt,0.98357892036438,1
881,StageAdapt,0.9904683232307434,1
882,StageAdapt,0.993630588054657,1
883,StageAdapt,0.9607843160629272,1
884,StageAdapt,0.8167202472686768,1
885,StageAdapt,0.8510638475418091,1
886,StageAdapt,0.9629629850387572,1
887,StageAdapt,0.985337257385254,1
888,StageAdapt,0.6483050584793091,2
889,StageAdapt,0.7016121745109558,3
890,StageAdapt,0.9072477221488952,3
891,StageAdapt,0.9162104725837708,3
892,StageAdapt,0.9507007002830504,3
893,StageAdapt,0.9318655133247375,3
894,StageAdapt,0.8444411158561707,3
895,StageAdapt,0.6882733106613159,5
896,StageAdapt,0.86314857006073,5
897,StageAdapt,0.9002677798271179,5
898,StageAdapt,0.9268032908439636,5
899,StageAdapt,0.8072013854980469,6
900,StageAdapt,0.8915767073631287,7
901,StageAdapt,0.8454130291938782,8
902,StageAdapt,0.7127199172973633,10
903,StageAdapt,0.865842342376709,10
904,StageAdapt,0.8754411935806274,10
905,StageAdapt,0.8410533666610718,10
906,StageAdapt,0.7205083966255188,7
907,StageAdapt,0.7255029678344727,6
908,StageAdapt,0.7079014778137207,5
909,StageAdapt,0.7655243277549744,3
910,StageAdapt,0.8714535236358643,3
911,StageAdapt,0.9051454067230223,4
912,StageAdapt,0.9582359194755554,4
913,StageAdapt,0.9540041089057922,4
914,StageAdapt,0.9642347693443298,4
915,StageAdapt,0.960343599319458,4
916,StageAdapt,0.7176935076713562,4
917,StageAdapt,0.9661650657653807,2
918,StageAdapt,0.942729115486145,2
919,StageAdapt,0.934393048286438,2
920,StageAdapt,0.9827750325202942,2
921,StageAdapt,0.8811428546905518,2
922,StageAdapt,0.911764681339264,1
923,StageAdapt,0.800000011920929,1
924,StageAdapt,0.6808510422706604,1
925,StageAdapt,0.4761904776096344,1
926,StageAdapt,0.5,1
927,StageAdapt,0.7774648070335388,1
928,StageAdapt,0.7647058963775635,1
929,StageAdapt,0.7743270993232727,1
930,StageAdapt,0.6753246784210205,1
931,StageAdapt,0.745843231678009,1
932,StageAdapt,0.6808510422706604,1
933,StageAdapt,0.4719101190567016,1
934,StageAdapt,1.6666666935449823e-09,1
935,StageAdapt,0.5815458297729492,2
936,StageAdapt,0.856095552444458,3
937,StageAdapt,0.9259188771247864,3
938,StageAdapt,0.964735507965088,3
939,StageAdapt,0.9247922897338868,3
940,StageAdapt,0.8877213001251221,4
941,StageAdapt,0.847970187664032,4
942,StageAdapt,0.9215479493141174,4
943,StageAdapt,0.9191656708717346,4
944,StageAdapt,0.9107590317726136,4
945,StageAdapt,0.8025552034378052,5
946,StageAdapt,0.8707268834114075,6
947,StageAdapt,0.9045624136924744,7
948,StageAdapt,0.8630126118659973,9
949,StageAdapt,0.9016417264938354,9
950,StageAdapt,0.9350355863571168,9
951,StageAdapt,0.9237687587738036,9
952,StageAdapt,0.9269136190414428,10
953,StageAdapt,0.8827763795852661,10
954,StageAdapt,0.875663161277771,8
955,StageAdapt,0.9295415878295898,7
956,StageAdapt,0.86423659324646,4
957,StageAdapt,0.9684306979179382,3
958,StageAdapt,0.9653789401054382,3
959,StageAdapt,0.958107888698578,3
960,StageAdapt,0.9525696635246276,3
961,StageAdapt,0.8948898315429688,4
962,StageAdapt,0.8945237398147583,4
963,StageAdapt,0.8830074667930603,3
964,StageAdapt,0.945087730884552,2
965,StageAdapt,0.9319343566894532,2
966,StageAdapt,0.9492342472076416,2
967,StageAdapt,0.9152542352676392,1
968,StageAdapt,0.8085106611251831,1
969,StageAdapt,0.9047619104385376,1
970,StageAdapt,0.9047619104385376,1
971,StageAdapt,0.9473684430122375,1
972,StageAdapt,0.9583333134651184,1
973,StageAdapt,0.9387755393981934,1
974,StageAdapt,0.936170220375061,1
975,StageAdapt,0.95652174949646,1
976,StageAdapt,0.8163265585899353,1
977,StageAdapt,0.7346938848495483,1
978,StageAdapt,0.6666666865348816,1
979,StageAdapt,0.8333333134651184,1
980,StageAdapt,0.75,1
981,StageAdapt,0.7272727489471436,1
982,StageAdapt,0.4482758641242981,1
983,StageAdapt,0.6428571343421936,1
984,StageAdapt,0.6551724076271057,1
985,StageAdapt,0.7142857313156128,1
986,StageAdapt,0.8235294222831726,1
987,StageAdapt,0.7777777910232544,1
988,StageAdapt,0.782608687877655,1
989,StageAdapt,0.6521739363670349,1
990,StageAdapt,0.699999988079071,1
991,StageAdapt,0.3125,1
992,StageAdapt,3.125000036519054e-09,1
993,StageAdapt,3.030303119544442e-09,1
994,StageAdapt,0.3913043439388275,1
995,StageAdapt,0.5490196347236633,1
996,StageAdapt,0.3913043439388275,1
997,StageAdapt,0.3870967626571655,1
998,StageAdapt,0.8979591727256775,1
999,StageAdapt,0.7407407164573669,1
1000,StageAdapt,0.8461538553237915,1
1001,StageAdapt,0.6984127163887024,1
1002,StageAdapt,0.7131011486053467,1
1003,StageAdapt,0.9739620089530944,1
1004,StageAdapt,0.8787465691566467,1
1005,StageAdapt,0.8303984999656677,1
1006,StageAdapt,0.1353383511304855,1
1007,StageAdapt,0.6206896305084229,1
1008,StageAdapt,0.4513372182846069,2
1009,StageAdapt,0.4361908435821533,3
1010,StageAdapt,0.6476058959960938,3
1011,StageAdapt,0.6585362553596497,3
1012,StageAdapt,0.6561176180839539,3
1013,StageAdapt,0.7016543745994568,3
1014,StageAdapt,0.74442058801651,3
1015,StageAdapt,0.8569801449775696,3
1016,StageAdapt,0.6246644258499146,4
1017,StageAdapt,0.6853188872337341,4
1018,StageAdapt,0.6759382486343384,4
1019,StageAdapt,0.71685791015625,5
1020,StageAdapt,0.721730649471283,5
1021,StageAdapt,0.7183830142021179,5
1022,StageAdapt,0.8050405383110046,6
1023,StageAdapt,0.647610068321228,7
1024,StageAdapt,0.6215553879737854,7
1025,StageAdapt,0.6229933500289917,8
1026,StageAdapt,0.7100379467010498,8
1027,StageAdapt,0.698702871799469,9
1028,StageAdapt,0.7883050441741943,8
1029,StageAdapt,0.7832419276237488,7
1030,StageAdapt,0.8391401171684265,7
1031,StageAdapt,0.7133194804191589,7
1032,StageAdapt,0.6670374274253845,7
1033,StageAdapt,0.6736377477645874,5
1034,StageAdapt,0.9205851554870604,3
1035,StageAdapt,0.891704797744751,3
1036,StageAdapt,0.9431127905845642,3
1037,StageAdapt,0.9270303249359132,3
1038,StageAdapt,0.906036376953125,4
1039,StageAdapt,0.8719196915626526,4
1040,StageAdapt,0.8581547141075134,4
1041,StageAdapt,0.9455032348632812,3
1042,StageAdapt,0.9459540247917176,3
1043,StageAdapt,0.9507817625999452,3
1044,StageAdapt,0.959267556667328,3
1045,StageAdapt,0.9131627082824708,3
1046,StageAdapt,0.9502354860305786,2
1047,StageAdapt,0.9439701437950134,2
1048,StageAdapt,0.9627357721328736,2
1049,StageAdapt,0.8321428298950195,2
1050,StageAdapt,0.8474576473236084,1
1051,StageAdapt,0.6909090876579285,1
1052,StageAdapt,0.8260869383811951,1
1053,StageAdapt,0.8163265585899353,1
1054,StageAdapt,0.6551724076271057,1
1055,StageAdapt,0.7555555701255798,1
1056,StageAdapt,0.8461538553237915,1
1057,StageAdapt,0.708737850189209,1
1058,StageAdapt,0.9425785541534424,1
1059,StageAdapt,0.9821810126304626,1
1060,StageAdapt,0.9912948608398438,1
1061,StageAdapt,0.9882352948188782,1
1062,StageAdapt,0.9887348413467408,1
1063,StageAdapt,0.9890295267105104,1
1064,StageAdapt,0.99128919839859,1
1065,StageAdapt,0.9930329918861388,1
1066,StageAdapt,0.9884575009346008,1
1067,StageAdapt,0.9874371886253356,1
1068,StageAdapt,0.9814814925193788,1
1069,StageAdapt,0.9572107791900636,1
1070,StageAdapt,0.8620689511299133,1
1071,StageAdapt,0.9256198406219482,1
1072,StageAdapt,0.9634801149368286,2
1073,StageAdapt,0.8901011347770691,3
1074,StageAdapt,0.7106583118438721,4
1075,StageAdapt,0.8180286288261414,4
1076,StageAdapt,0.8816587924957275,4
1077,StageAdapt,0.9135934710502625,5
1078,StageAdapt,0.9333532452583312,5
1079,StageAdapt,0.9378244280815125,5
1080,StageAdapt,0.8790790438652039,6
1081,StageAdapt,0.8803260922431946,6
1082,StageAdapt,0.8458383083343506,6
1083,StageAdapt,0.9003786444664001,6
1084,StageAdapt,0.9085979461669922,6
1085,StageAdapt,0.9531877636909484,6
1086,StageAdapt,0.9398325085639954,6
1087,StageAdapt,0.7738459706306458,9
1088,StageAdapt,0.865382194519043,9
1089,StageAdapt,0.829295814037323,10
1090,StageAdapt,0.8892563581466675,9
1091,StageAdapt,0.8909001350402832,8
1092,StageAdapt,0.843163251876831,8
1093,StageAdapt,0.7606568336486816,8
1094,StageAdapt,0.7272707223892212,4
1095,StageAdapt,0.9764270186424256,3
1096,StageAdapt,0.9657526016235352,3
1097,StageAdapt,0.97322416305542,3
1098,StageAdapt,0.971419095993042,3
1099,StageAdapt,0.9717692732810974,3
1100,StageAdapt,0.9267624020576476,4
1101,StageAdapt,0.9034816026687622,4
1102,StageAdapt,0.9451895356178284,4
1103,StageAdapt,0.8830490112304688,4
1104,StageAdapt,0.9546974897384644,2
1105,StageAdapt,0.9607096910476683,2
1106,StageAdapt,0.9493389129638672,2
1107,StageAdapt,0.6004962921142578,1
1108,StageAdapt,0.889140248298645,1
1109,StageAdapt,0.855967104434967,1
1110,StageAdapt,0.9287371635437012,1
1111,StageAdapt,0.9032599925994872,1
1112,StageAdapt,0.8885125517845154,1
1113,StageAdapt,0.7407407164573669,1
1114,StageAdapt,0.75,1
1115,StageAdapt,0.9528301954269408,1
1116,StageAdapt,0.9501312375068665,1
1117,StageAdapt,0.9051643013954164,1
1118,StageAdapt,0.943224847316742,1
1119,StageAdapt,0.9605435132980348,2
1120,StageAdapt,0.9590077996253968,2
1121,StageAdapt,0.8543531894683838,4
1122,StageAdapt,0.8974882960319519,5
1123,StageAdapt,0.8764002323150635,6
1124,StageAdapt,0.8847649693489075,6
1125,StageAdapt,0.8801997303962708,6
1126,StageAdapt,0.8699072599411011,7
1127,StageAdapt,0.8660711646080017,7
1128,StageAdapt,0.8354560136795044,8
1129,StageAdapt,0.8668522834777832,8
1130,StageAdapt,0.8623892664909363,8
1131,StageAdapt,0.9159799218177797,8
1132,StageAdapt,0.918999433517456,8
1133,StageAdapt,0.876573920249939,8
1134,StageAdapt,0.9125847816467284,8
1135,StageAdapt,0.9004757404327393,8
1136,StageAdapt,0.9295082092285156,7
1137,StageAdapt,0.911063313484192,7
1138,StageAdapt,0.7560867071151733,8
1139,StageAdapt,0.8551325798034668,6
1140,StageAdapt,0.8020792007446289,5
1141,StageAdapt,0.9660232067108154,3
1142,StageAdapt,0.9719536304473876,3
1143,StageAdapt,0.966542899608612,3
1144,StageAdapt,0.9594731330871582,3
1145,StageAdapt,0.958707630634308,3
1146,StageAdapt,0.9575176239013672,3
1147,StageAdapt,0.7991473078727722,4
1148,StageAdapt,0.8285279870033264,3
1149,StageAdapt,0.943522334098816,2
1150,StageAdapt,0.9252421855926514,2
1151,StageAdapt,0.8788731098175049,2
1152,StageAdapt,0.9420289993286132,1
1153,StageAdapt,0.885496199131012,1
1154,StageAdapt,0.9200000166893004,1
1155,StageAdapt,0.9647058844566344,1
1156,StageAdapt,0.8628193140029907,1
1157,StageAdapt,0.9238776564598083,1
1158,StageAdapt,0.8695651888847351,1
1159,StageAdapt,0.8443540334701538,1
1160,StageAdapt,0.8515815138816833,1
1161,StageAdapt,0.2264150977134704,1
1162,StageAdapt,0.6479591727256775,1
1163,StageAdapt,0.7338842749595642,1
1164,StageAdapt,0.7318840622901917,2
1165,StageAdapt,0.7070128321647644,5
1166,StageAdapt,0.8272841572761536,6
1167,StageAdapt,0.8908772468566895,6
1168,StageAdapt,0.8545101284980774,6
1169,StageAdapt,0.8726494908332825,6
1170,StageAdapt,0.8749215602874756,6
1171,StageAdapt,0.7745711207389832,7
1172,StageAdapt,0.7403931617736816,7
1173,StageAdapt,0.7620682716369629,7
1174,StageAdapt,0.7662877440452576,7
1175,StageAdapt,0.819409966468811,7
1176,StageAdapt,0.784696638584137,7
1177,StageAdapt,0.5782109498977661,8
1178,StageAdapt,0.6519263386726379,6
1179,StageAdapt,0.760016143321991,6
1180,StageAdapt,0.7176961898803711,8
1181,StageAdapt,0.8058516979217529,8
1182,StageAdapt,0.8048226237297058,8
1183,StageAdapt,0.7506510019302368,7
1184,StageAdapt,0.8407382369041443,6
1185,StageAdapt,0.9507917165756226,4
1186,StageAdapt,0.9001411199569702,4
1187,StageAdapt,0.8815597891807556,4
1188,StageAdapt,0.8396735787391663,4
1189,StageAdapt,0.8915178775787354,2
1190,StageAdapt,0.9008405804634094,2
1191,StageAdapt,0.885496199131012,1
1192,StageAdapt,0.9038461446762084,1
1193,StageAdapt,0.8952381014823914,1
1194,StageAdapt,0.8256880640983582,1
1195,StageAdapt,0.9591836929321288,1
1196,StageAdapt,0.901960790157318,1
1197,StageAdapt,0.748344361782074,1
1198,StageAdapt,0.8811880946159363,1
1199,StageAdapt,0.5322793126106262,1
1200,StageAdapt,0.8042843341827393,1
1201,StageAdapt,0.8260427117347717,1
1202,StageAdapt,0.3306773006916046,1
1203,StageAdapt,0.571475625038147,2
1204,StageAdapt,0.5600390434265137,4
1205,StageAdapt,0.7108027338981628,4
1206,StageAdapt,0.8270835876464844,4
1207,StageAdapt,0.574322521686554,6
1208,StageAdapt,0.7167149782180786,7
1209,StageAdapt,0.587769091129303,7
1210,StageAdapt,0.6626220345497131,7
1211,StageAdapt,0.6464561820030212,7
1212,StageAdapt,0.6565755605697632,7
1213,StageAdapt,0.6990399956703186,7
1214,StageAdapt,0.6978054046630859,7
1215,StageAdapt,0.6944357752799988,7
1216,StageAdapt,0.7069730758666992,7
1217,StageAdapt,0.7407658696174622,7
1218,StageAdapt,0.7269208431243896,8
1219,StageAdapt,0.7931481599807739,7
1220,StageAdapt,0.7868371605873108,7
1221,StageAdapt,0.7225185036659241,7
1222,StageAdapt,0.8178057670593262,7
1223,StageAdapt,0.7638669013977051,7
1224,StageAdapt,0.8515623807907104,5
1225,StageAdapt,0.7260236144065857,5
1226,StageAdapt,0.8846902847290039,4
1227,StageAdapt,0.9620039463043212,3
1228,StageAdapt,0.942512035369873,3
1229,StageAdapt,0.907992660999298,4
1230,StageAdapt,0.8762602210044861,4
1231,StageAdapt,0.8395225405693054,2
1232,StageAdapt,0.8297150135040283,2
1233,StageAdapt,0.8442012667655945,2
1234,StageAdapt,0.8571428656578064,1
1235,StageAdapt,0.6402266025543213,1
1236,StageAdapt,0.7338582873344421,1
1237,StageAdapt,0.739130437374115,1
1238,StageAdapt,0.8091482520103455,1
1239,StageAdapt,0.8002177476882935,1
1240,StageAdapt,0.8919739723205566,1
1241,StageAdapt,0.8457616567611694,1
1242,StageAdapt,0.9213542938232422,1
1243,StageAdapt,0.9181410670280457,1
1244,StageAdapt,0.952485203742981,1
1245,StageAdapt,0.926736056804657,1
1246,StageAdapt,0.9399293065071106,1
1247,StageAdapt,0.9264429807662964,1
1248,StageAdapt,0.928468942642212,1
1249,StageAdapt,0.9070740938186646,1
1250,StageAdapt,0.8692825436592102,1
1251,StageAdapt,0.9313326478004456,1
1252,StageAdapt,0.8829135298728943,1
1253,StageAdapt,0.9415132999420166,1
1254,StageAdapt,0.917733073234558,1
1255,StageAdapt,0.6142857074737549,1
1256,StageAdapt,0.4035874307155609,1
1257,StageAdapt,0.903030276298523,1
1258,StageAdapt,0.9501084685325624,1
1259,StageAdapt,0.953125,1
1260,StageAdapt,0.9738903641700744,1
1261,StageAdapt,0.9629629850387572,1
1262,StageAdapt,0.9784037470817566,1
1263,StageAdapt,0.6897689700126648,2
1264,StageAdapt,0.9263406991958618,2
1265,StageAdapt,0.9086683988571168,2
1266,StageAdapt,0.8321191072463989,2
1267,StageAdapt,0.8128870725631714,2
1268,StageAdapt,0.8948238492012024,2
1269,StageAdapt,0.894402265548706,2
1270,StageAdapt,0.9122977256774902,2
1271,StageAdapt,0.9336715936660768,2
1272,StageAdapt,0.9530380964279176,2
1273,StageAdapt,0.9651995897293092,2
1274,StageAdapt,0.6847794055938721,3
1275,StageAdapt,0.8959853649139404,3
1276,StageAdapt,0.944962441921234,3
1277,StageAdapt,0.9531037211418152,3
1278,StageAdapt,0.9412240982055664,3
1279,StageAdapt,0.9407071471214294,3
1280,StageAdapt,0.7879021167755127,4
1281,StageAdapt,0.7685173153877258,4
1282,StageAdapt,0.741040825843811,4
1283,StageAdapt,0.8100736141204834,4
1284,StageAdapt,0.8093591928482056,4
1285,StageAdapt,0.751064658164978,4
1286,StageAdapt,0.8007959723472595,4
1287,StageAdapt,0.8141062259674072,4
1288,StageAdapt,0.8161039352416992,4
1289,StageAdapt,0.8034572005271912,4
1290,StageAdapt,0.6816768050193787,5
1291,StageAdapt,0.6631391644477844,5
1292,StageAdapt,0.7155925035476685,5
1293,StageAdapt,0.6296278834342957,6
1294,StageAdapt,0.6101405620574951,6
1295,StageAdapt,0.7292728424072266,6
1296,StageAdapt,0.7212112545967102,6
1297,StageAdapt,0.7181711196899414,6
1298,StageAdapt,0.7170731425285339,6
1299,StageAdapt,0.7389416694641113,6
1300,StageAdapt,0.7549123764038086,6
1301,StageAdapt,0.7617025375366211,7
1302,StageAdapt,0.6652307510375977,8
1303,StageAdapt,0.6587286591529846,8
1304,StageAdapt,0.7324813604354858,9
1305,StageAdapt,0.6532595157623291,9
1306,StageAdapt,0.5919188857078552,10
1307,StageAdapt,0.5532249808311462,9
1308,StageAdapt,0.5812627077102661,9
1309,StageAdapt,0.5752187371253967,9
1310,StageAdapt,0.6686917543411255,9
1311,StageAdapt,0.707059919834137,9
1312,StageAdapt,0.7671459913253784,8
1313,StageAdapt,0.828359067440033,8
1314,StageAdapt,0.7539841532707214,8
1315,StageAdapt,0.7369743585586548,8
1316,StageAdapt,0.7181144952774048,8
1317,StageAdapt,0.675636887550354,7
1318,StageAdapt,0.5812072157859802,7
1319,StageAdapt,0.5987766981124878,7
1320,StageAdapt,0.5687136650085449,7
1321,StageAdapt,0.622685432434082,6
1322,StageAdapt,0.5823143124580383,6
1323,StageAdapt,0.5811508893966675,5
1324,StageAdapt,0.5066825151443481,5
1325,StageAdapt,0.5808300971984863,4
1326,StageAdapt,0.5368117094039917,4
1327,StageAdapt,0.479991614818573,4
1328,StageAdapt,0.5576266646385193,4
1329,StageAdapt,0.5437505841255188,4
1330,StageAdapt,0.5820805430412292,4
1331,StageAdapt,0.7583181858062744,3
1332,StageAdapt,0.7615322470664978,3
1333,StageAdapt,0.80290287733078,3
1334,StageAdapt,0.8212461471557617,3
1335,StageAdapt,0.8524786829948425,3
1336,StageAdapt,0.7927906513214111,3
1337,StageAdapt,0.7513282299041748,3
1338,StageAdapt,0.8295393586158752,3
1339,StageAdapt,0.8598060607910156,3
1340,StageAdapt,0.8285762667655945,3
1341,StageAdapt,0.8631784319877625,3
1342,StageAdapt,0.7799987196922302,3
1343,StageAdapt,0.8142984509468079,3
1344,StageAdapt,0.8410592079162598,3
1345,StageAdapt,0.8175098299980164,3
1346,StageAdapt,0.8270742297172546,3
1347,StageAdapt,0.718802273273468,3
1348,StageAdapt,0.7783603072166443,3
1349,StageAdapt,0.7753955721855164,3
1350,StageAdapt,0.6673438549041748,3
1351,StageAdapt,0.633148193359375,3
1352,StageAdapt,0.5849958062171936,3
1353,StageAdapt,0.5220490097999573,3
1354,StageAdapt,0.6180000305175781,3
1355,StageAdapt,0.5219234824180603,3
1356,StageAdapt,0.4093993604183197,3
1357,StageAdapt,0.6345604658126831,2
1358,StageAdapt,0.6242755055427551,2
1359,StageAdapt,0.6973475217819214,2
1360,StageAdapt,0.7045964002609253,2
1361,StageAdapt,0.7115180492401123,2
1362,StageAdapt,0.6889069080352783,2
1363,StageAdapt,0.7790498733520508,2
1364,StageAdapt,0.6745309829711914,2
1365,StageAdapt,0.6579529643058777,2
1366,StageAdapt,0.7100577354431152,2
1367,StageAdapt,0.7424407005310059,2
1368,StageAdapt,0.7352684736251831,2
1369,StageAdapt,0.5797985792160034,2
1370,StageAdapt,0.347457617521286,2
1371,StageAdapt,0.3571428656578064,2
1372,StageAdapt,0.60317462682724,1
1373,StageAdapt,0.6851851940155029,1
1374,StageAdapt,0.5413534045219421,1
1375,StageAdapt,0.9090909361839294,1
1376,StageAdapt,0.9278106689453124,1
1377,StageAdapt,0.9358490705490112,1
1378,StageAdapt,0.9306803345680236,1
1379,StageAdapt,0.4048027396202087,1
1380,StageAdapt,2.6385224560776516e-10,1
1381,StageAdapt,7.633587650879291e-10,1
1382,StageAdapt,6.802721164156367e-10,1
1383,StageAdapt,7.246376831915312e-10,1
1384,StageAdapt,1.587301623473536e-09,1
1385,StageAdapt,0.9432623982429504,1
1386,StageAdapt,0.9770992398262024,1
1387,StageAdapt,0.7249996066093445,3
1388,StageAdapt,0.7559327483177185,4
1389,StageAdapt,0.7613338232040405,4
1390,StageAdapt,0.862657368183136,5
1391,StageAdapt,0.9167211651802064,5
1392,StageAdapt,0.8247981071472168,6
1393,StageAdapt,0.8714345097541809,6
1394,StageAdapt,0.8623841404914856,6
1395,StageAdapt,0.7705691456794739,7
1396,StageAdapt,0.8467116951942444,7
1397,StageAdapt,0.8234024047851562,7
1398,StageAdapt,0.79143226146698,7
1399,StageAdapt,0.7703937292098999,7
1400,StageAdapt,0.8069031834602356,7
1401,StageAdapt,0.7883387207984924,7
1402,StageAdapt,0.8566665649414062,7
1403,StageAdapt,0.801158607006073,8
1404,StageAdapt,0.7916897535324097,8
1405,StageAdapt,0.7546948194503784,8
1406,StageAdapt,0.8139198422431946,7
1407,StageAdapt,0.7823257446289062,8
1408,StageAdapt,0.6826220750808716,7
1409,StageAdapt,0.8071215748786926,6
1410,StageAdapt,0.7710059285163879,5
1411,StageAdapt,0.6533108949661255,5
1412,StageAdapt,0.8135238289833069,3
1413,StageAdapt,0.8548896312713623,3
1414,StageAdapt,0.8442170023918152,3
1415,StageAdapt,0.8579668998718262,3
1416,StageAdapt,0.9224591851234436,4
1417,StageAdapt,0.8924504518508911,4
1418,StageAdapt,0.9329639673233032,4
1419,StageAdapt,0.8898776173591614,4
1420,StageAdapt,0.8035595417022705,3
1421,StageAdapt,0.7565184831619263,2
1422,StageAdapt,0.7638458013534546,2
1423,StageAdapt,0.8190383315086365,2
1424,StageAdapt,0.5,1
1425,StageAdapt,0.682634711265564,1
1426,StageAdapt,0.0875420868396759,1
1427,StageAdapt,0.7157894968986511,1
1428,StageAdapt,0.5144927501678467,1
1429,StageAdapt,0.7822497487068176,1
1430,StageAdapt,0.7491227984428406,1
1431,StageAdapt,0.8648998141288757,1
1432,StageAdapt,0.8790442943572998,1
1433,StageAdapt,0.9046478271484376,1
1434,StageAdapt,0.8772597312927246,1
1435,StageAdapt,0.8209236860275269,1
1436,StageAdapt,0.8457987308502197,1
1437,StageAdapt,0.8702749013900757,1
1438,StageAdapt,0.8141772150993347,1
1439,StageAdapt,0.1142857149243354,1
1440,StageAdapt,0.8117647171020508,1
1441,StageAdapt,0.9252669215202332,1
1442,StageAdapt,0.7531380653381348,1
1443,StageAdapt,0.6802853941917419,2
1444,StageAdapt,0.92973792552948,2
1445,StageAdapt,0.9470219612121582,2
1446,StageAdapt,0.9801934957504272,2
1447,StageAdapt,0.965076506137848,2
1448,StageAdapt,0.9576822519302368,2
1449,StageAdapt,0.9603346586227416,2
1450,StageAdapt,0.973207712173462,2
1451,StageAdapt,0.9772824048995972,2
1452,StageAdapt,0.9683125019073486,2
1453,StageAdapt,0.9870460033416748,2
1454,StageAdapt,0.9548965096473694,2
1455,StageAdapt,0.8607373833656311,3
1456,StageAdapt,0.7333431243896484,3
1457,StageAdapt,0.8384959101676941,3
1458,StageAdapt,0.9337050318717957,3
1459,StageAdapt,0.8766481280326843,3
1460,StageAdapt,0.9601405262947084,3
1461,StageAdapt,0.8433961868286133,3
1462,StageAdapt,0.8229042887687683,3
1463,StageAdapt,0.6096944212913513,4
1464,StageAdapt,0.5819900631904602,5
1465,StageAdapt,0.7698773741722107,5
1466,StageAdapt,0.7940182685852051,5
1467,StageAdapt,0.768744170665741,5
1468,StageAdapt,0.8719831705093384,5
1469,StageAdapt,0.8082662224769592,6
1470,StageAdapt,0.6813014149665833,7
1471,StageAdapt,0.7336405515670776,7
1472,StageAdapt,0.6931905746459961,7
1473,StageAdapt,0.7535939812660217,7
1474,StageAdapt,0.7386622428894043,7
1475,StageAdapt,0.7431694865226746,7
1476,StageAdapt,0.7785402536392212,7
1477,StageAdapt,0.7984116673469543,7
1478,StageAdapt,0.8391461968421936,7
1479,StageAdapt,0.8252567648887634,7
1480,StageAdapt,0.8148216009140015,8
1481,StageAdapt,0.7896424531936646,8
1482,StageAdapt,0.8152790069580078,8
1483,StageAdapt,0.8019987344741821,10
1484,StageAdapt,0.786650538444519,10
1485,StageAdapt,0.8077537417411804,10
1486,StageAdapt,0.8195590972900391,10
1487,StageAdapt,0.8239718675613403,10
1488,StageAdapt,0.8556230664253235,10
1489,StageAdapt,0.8553665280342102,10
1490,StageAdapt,0.7139220237731934,10
1491,StageAdapt,0.8027637004852295,9
1492,StageAdapt,0.8060531616210938,9
1493,StageAdapt,0.8203442096710205,9
1494,StageAdapt,0.6316614747047424,9
1495,StageAdapt,0.7522901892662048,7
1496,StageAdapt,0.747992217540741,7
1497,StageAdapt,0.5862797498703003,7
1498,StageAdapt,0.9006121158599854,4
1499,StageAdapt,0.9015721678733826,4
1500,StageAdapt,0.9321889281272888,3
1501,StageAdapt,0.946920931339264,3
1502,StageAdapt,0.9412619471549988,3
1503,StageAdapt,0.9537727236747742,3
1504,StageAdapt,0.9499568939208984,3
1505,StageAdapt,0.9556453227996826,3
1506,StageAdapt,0.96519535779953,3
1507,StageAdapt,0.9610841870307922,3
1508,StageAdapt,0.9612496495246888,3
1509,StageAdapt,0.9639096856117249,3
1510,StageAdapt,0.956193506717682,3
1511,StageAdapt,0.9717767834663392,3
1512,StageAdapt,0.963494598865509,3
1513,StageAdapt,0.9691534042358398,3
1514,StageAdapt,0.9648709297180176,3
1515,StageAdapt,0.8680003881454468,4
1516,StageAdapt,0.8937628865242004,4
1517,StageAdapt,0.9004378318786621,4
1518,StageAdapt,0.9201176166534424,4
1519,StageAdapt,0.9127911329269408,4
1520,StageAdapt,0.8443859219551086,4
1521,StageAdapt,0.872076690196991,4
1522,StageAdapt,0.8619431257247925,4
1523,StageAdapt,0.879999577999115,3
1524,StageAdapt,0.810631275177002,3
1525,StageAdapt,0.7279803156852722,3
1526,StageAdapt,0.6370853185653687,3
1527,StageAdapt,0.6319073438644409,3
1528,StageAdapt,0.9140199422836304,2
1529,StageAdapt,0.8502440452575684,2
1530,StageAdapt,0.9186038374900818,2
1531,StageAdapt,0.9268213510513306,2
1532,StageAdapt,0.9066275358200072,2
1533,StageAdapt,0.9131945371627808,2
1534,StageAdapt,0.8583739995956421,2
1535,StageAdapt,0.6161474585533142,2
1536,StageAdapt,0.6707317233085632,1
1537,StageAdapt,0.662420392036438,1
1538,StageAdapt,0.78899085521698,1
1539,StageAdapt,0.7021276354789734,1
1540,StageAdapt,0.8604651093482971,1
1541,StageAdapt,0.7674418687820435,1
1542,StageAdapt,0.6382978558540344,1
1543,StageAdapt,0.7631579041481018,1
1544,StageAdapt,0.7250000238418579,1
1545,StageAdapt,0.8051947951316833,1
1546,StageAdapt,0.790123462677002,1
1547,StageAdapt,0.5476190447807312,1
1548,StageAdapt,0.8761904835700989,1
1549,StageAdapt,0.7358490824699402,1
1550,StageAdapt,0.5098039507865906,1
1551,StageAdapt,0.5046728849411011,1
1552,StageAdapt,0.5684210658073425,1
1553,StageAdapt,0.5945945978164673,1
1554,StageAdapt,0.6595744490623474,1
1555,StageAdapt,0.7727272510528564,1
1556,StageAdapt,0.7792207598686218,1
1557,StageAdapt,0.6060606241226196,1
1558,StageAdapt,0.5783132314682007,1
1559,StageAdapt,0.5681818127632141,1
1560,StageAdapt,0.801261842250824,1
1561,StageAdapt,0.9379475116729736,1
1562,StageAdapt,0.9598572850227356,1
1563,StageAdapt,0.9640957713127136,1
1564,StageAdapt,0.9530808329582214,1
1565,StageAdapt,0.9358909726142884,1
1566,StageAdapt,0.951996386051178,1
1567,StageAdapt,0.930232584476471,1
1568,StageAdapt,0.9150197505950928,1
1569,StageAdapt,0.9396268129348756,1
1570,StageAdapt,0.9533169269561768,1
1571,StageAdapt,0.8925129771232605,1
1572,StageAdapt,0.9123103022575378,1
1573,StageAdapt,0.9332042336463928,1
1574,StageAdapt,0.9184845089912416,1
1575,StageAdapt,0.9166666865348816,1
1576,StageAdapt,0.9152542352676392,1
1577,StageAdapt,0.5190839767456055,1
1578,StageAdapt,0.7200000286102295,1
1579,StageAdapt,0.8481675386428833,1
1580,StageAdapt,0.91304349899292,1
1581,StageAdapt,0.9838337302207948,1
1582,StageAdapt,0.9387755393981934,1
1583,StageAdapt,0.5371240973472595,2
1584,StageAdapt,0.6179581880569458,2
1585,StageAdapt,0.9420713186264038,2
1586,StageAdapt,0.9747314453125,2
1587,StageAdapt,0.9398350715637208,2
1588,StageAdapt,0.9774712324142456,2
1589,StageAdapt,0.9713994860649108,2
1590,StageAdapt,0.9580377340316772,2
1591,StageAdapt,0.9685944318771362,2
1592,StageAdapt,0.9489967823028564,2
1593,StageAdapt,0.9741132855415344,2
1594,StageAdapt,0.7745270133018494,3
1595,StageAdapt,0.8523293137550354,3
1596,StageAdapt,0.8694355487823486,3
1597,StageAdapt,0.9046413898468018,3
1598,StageAdapt,0.8863574862480164,3
1599,StageAdapt,0.8922854065895081,3
1600,StageAdapt,0.8869326710700989,3
1601,StageAdapt,0.902456283569336,3
1602,StageAdapt,0.8744038939476013,3
1603,StageAdapt,0.915915310382843,3
1604,StageAdapt,0.8213329911231995,4
1605,StageAdapt,0.8401543498039246,5
1606,StageAdapt,0.884513258934021,5
1607,StageAdapt,0.8995627164840698,5
1608,StageAdapt,0.9093641042709352,5
1609,StageAdapt,0.8005053997039795,6
1610,StageAdapt,0.7837684750556946,6
1611,StageAdapt,0.8638989925384521,6
1612,StageAdapt,0.8986899852752686,6
1613,StageAdapt,0.9024806618690492,7
1614,StageAdapt,0.904060959815979,8
1615,StageAdapt,0.8686386346817017,8
1616,StageAdapt,0.8690556287765503,8
1617,StageAdapt,0.8634760975837708,8
1618,StageAdapt,0.8868981003761292,8
1619,StageAdapt,0.8080719709396362,8
1620,StageAdapt,0.7729892730712891,9
1621,StageAdapt,0.8266019821166992,8
1622,StageAdapt,0.8670365810394287,8
1623,StageAdapt,0.8889670372009277,8
1624,StageAdapt,0.8302486538887024,8
1625,StageAdapt,0.8040069341659546,8
1626,StageAdapt,0.8072379231452942,8
1627,StageAdapt,0.8737300038337708,7
1628,StageAdapt,0.8478227257728577,7
1629,StageAdapt,0.877528190612793,6
1630,StageAdapt,0.8926407694816589,6
1631,StageAdapt,0.8504064083099365,6
1632,StageAdapt,0.769365131855011,6
1633,StageAdapt,0.7915219068527222,5
1634,StageAdapt,0.7458324432373047,5
1635,StageAdapt,0.7153502106666565,4
1636,StageAdapt,0.7251216769218445,4
1637,StageAdapt,0.8122771978378296,4
1638,StageAdapt,0.9681459069252014,3
1639,StageAdapt,0.9655232429504396,3
1640,StageAdapt,0.9619858860969543,3
1641,StageAdapt,0.9702345728874208,3
1642,StageAdapt,0.9466260075569152,3
1643,StageAdapt,0.9569165110588074,3
1644,StageAdapt,0.9575747847557068,3
1645,StageAdapt,0.9552147388458252,3
1646,StageAdapt,0.9617762565612792,3
1647,StageAdapt,0.9024847745895386,4
1648,StageAdapt,0.9391779899597168,4
1649,StageAdapt,0.9195282459259032,4
1650,StageAdapt,0.9182417392730712,4
1651,StageAdapt,0.8604128956794739,4
1652,StageAdapt,0.9340181350708008,3
1653,StageAdapt,0.9345512986183168,3
1654,StageAdapt,0.8999576568603516,3
1655,StageAdapt,0.8909740447998047,3
1656,StageAdapt,0.9075517654418944,3
1657,StageAdapt,0.8884227871894836,3
1658,StageAdapt,0.9638299942016602,2
1659,StageAdapt,0.9590518474578856,2
1660,StageAdapt,0.9650014638900756,2
1661,StageAdapt,0.9781339168548584,2
1662,StageAdapt,0.9524252414703368,2
1663,StageAdapt,0.9633901119232178,2
1664,StageAdapt,0.9476633071899414,2
1665,StageAdapt,0.9638542532920836,2
1666,StageAdapt,0.9405592083930968,2
1667,StageAdapt,0.9704477787017822,2
1668,StageAdapt,0.9542805552482604,2
1669,StageAdapt,0.9292155504226683,2
1670,StageAdapt,0.950558304786682,2
1671,StageAdapt,0.9484463930130004,2
1672,StageAdapt,0.9021419882774352,2
1673,StageAdapt,0.9504731893539428,2
1674,StageAdapt,0.959163784980774,2
1675,StageAdapt,0.9100003242492676,2
1676,StageAdapt,0.9818143844604492,2
1677,StageAdapt,0.932079553604126,2
1678,StageAdapt,0.9497673511505128,2
1679,StageAdapt,0.8765334486961365,2
1680,StageAdapt,0.9516572952270508,2
1681,StageAdapt,0.9330796003341676,2
1682,StageAdapt,0.6986439824104309,2
1683,StageAdapt,0.9382715821266174,1
1684,StageAdapt,0.8219178318977356,1
1685,StageAdapt,0.9147825837135316,1
1686,StageAdapt,0.9667319059371948,1
1687,StageAdapt,0.9845653772354126,1
1688,StageAdapt,0.984520137310028,1
1689,StageAdapt,0.990670084953308,1
1690,StageAdapt,0.9626865386962892,1
1691,StageAdapt,0.7777777910232544,1
1692,StageAdapt,0.970588207244873,1
1693,StageAdapt,0.969465672969818,1
1694,StageAdapt,0.9797979593276978,1
1695,StageAdapt,0.9420126080513,2
1696,StageAdapt,0.9778818488121032,2
1697,StageAdapt,0.912545680999756,3
1698,StageAdapt,0.9610840678215028,3
1699,StageAdapt,0.9667344093322754,3
1700,StageAdapt,0.8789394497871399,4
1701,StageAdapt,0.8871707916259766,4
1702,StageAdapt,0.907504677772522,4
1703,StageAdapt,0.8479887843132019,5
1704,StageAdapt,0.8581430315971375,5
1705,StageAdapt,0.8017303347587585,7
1706,StageAdapt,0.8152709603309631,7
1707,StageAdapt,0.8823433518409729,7
1708,StageAdapt,0.9246591925621032,7
1709,StageAdapt,0.9044924974441528,7
1710,StageAdapt,0.90836900472641,7
1711,StageAdapt,0.8640025854110718,9
1712,StageAdapt,0.8102944493293762,9
1713,StageAdapt,0.8839207887649536,8
1714,StageAdapt,0.8691728115081787,9
1715,StageAdapt,0.8770737648010254,6
1716,StageAdapt,0.8957762718200684,6
1717,StageAdapt,0.9551539421081544,4
1718,StageAdapt,0.8205896019935608,4
1719,StageAdapt,0.9679787755012512,3
1720,StageAdapt,0.9489006400108336,3
1721,StageAdapt,0.6480857729911804,3
1722,StageAdapt,0.8709705471992493,3
1723,StageAdapt,0.9185473322868348,3
1724,StageAdapt,0.9345952868461608,3
1725,StageAdapt,0.9019975066184998,3
1726,StageAdapt,0.8832533955574036,3
1727,StageAdapt,0.9207317233085632,1
1728,StageAdapt,0.9313593506813048,1
1729,StageAdapt,0.929049551486969,1
1730,StageAdapt,0.7148846983909607,1
1731,StageAdapt,0.5288007259368896,1
1732,StageAdapt,0.4223826825618744,1
1733,StageAdapt,1.562500018259527e-09,1
1734,StageAdapt,0.2575757503509521,2
1735,StageAdapt,0.8272358179092407,2
1736,StageAdapt,0.8054265975952148,3
1737,StageAdapt,0.8659805655479431,3
1738,StageAdapt,0.890656054019928,3
1739,StageAdapt,0.8647546768188477,3
1740,StageAdapt,0.8067699670791626,4
1741,StageAdapt,0.761979877948761,4
1742,StageAdapt,0.7526158094406128,5
1743,StageAdapt,0.6338774561882019,6
1744,StageAdapt,0.7184147238731384,6
1745,StageAdapt,0.7178578972816467,7
1746,StageAdapt,0.8029608130455017,7
1747,StageAdapt,0.8188153505325317,7
1748,StageAdapt,0.8607165217399597,8
1749,StageAdapt,0.8427988290786743,8
1750,StageAdapt,0.8051688075065613,9
1751,StageAdapt,0.7764266133308411,10
1752,StageAdapt,0.7580529451370239,10
1753,StageAdapt,0.7995821833610535,10
1754,StageAdapt,0.7841923832893372,9
1755,StageAdapt,0.7569143772125244,8
1756,StageAdapt,0.8349326848983765,5
1757,StageAdapt,0.9534168839454652,3
1758,StageAdapt,0.9218573570251464,3
1759,StageAdapt,0.9431982040405272,3
1760,StageAdapt,0.9610280394554138,3
1761,StageAdapt,0.8593318462371826,4
1762,StageAdapt,0.756719708442688,4
1763,StageAdapt,0.9179832339286804,3
1764,StageAdapt,0.9204849004745485,2
1765,StageAdapt,0.9422446489334106,2
1766,StageAdapt,0.9083155393600464,2
1767,StageAdapt,0.9321892261505128,2
1768,StageAdapt,0.9052631855010986,2
1769,StageAdapt,0.9387755393981934,1
1770,StageAdapt,0.800000011920929,1
1771,StageAdapt,0.6111111044883728,1
1772,StageAdapt,0.5945945978164673,1
1773,StageAdapt,0.75,1
1774,StageAdapt,0.8387096524238586,1
1775,StageAdapt,0.9032257795333862,1
1776,StageAdapt,0.8695651888847351,1
1777,StageAdapt,0.9629629850387572,1
1778,StageAdapt,0.8387096524238586,1
1779,StageAdapt,0.959999978542328,1
1780,StageAdapt,0.3571428656578064,1
1781,StageAdapt,0.7441860437393188,1
1782,StageAdapt,0.7169811129570007,1
1783,StageAdapt,0.6666666865348816,1
1784,StageAdapt,0.5833333134651184,1
1785,StageAdapt,0.7755101919174194,1
1786,StageAdapt,0.6779661178588867,1
1787,StageAdapt,0.7441860437393188,1
1788,StageAdapt,0.5714285969734192,1
1789,StageAdapt,0.5882353186607361,1
1790,StageAdapt,0.6829268336296082,1
1791,StageAdapt,0.800000011920929,1
1792,StageAdapt,0.6349206566810608,1
1793,StageAdapt,0.8333333134651184,1
1794,StageAdapt,0.8813559412956238,1
1795,StageAdapt,0.7868852615356445,1
1796,StageAdapt,0.7636363506317139,1
1797,StageAdapt,0.4403669834136963,1
1798,StageAdapt,0.9461756348609924,1
1799,StageAdapt,0.951724112033844,1
1800,StageAdapt,0.851739764213562,1
1801,StageAdapt,0.90530925989151,1
1802,StageAdapt,0.9842331409454346,1
1803,StageAdapt,0.9858233332633972,1
1804,StageAdapt,0.885496199131012,1
1805,StageAdapt,0.6779661178588867,1
1806,StageAdapt,0.9473684430122375,1
1807,StageAdapt,0.9756097793579102,1
1808,StageAdapt,0.8813601136207581,2
1809,StageAdapt,0.9784555435180664,2
1810,StageAdapt,0.9686667919158936,2
1811,StageAdapt,0.9633064270019532,2
1812,StageAdapt,0.7423343658447266,3
1813,StageAdapt,0.6922981142997742,3
1814,StageAdapt,0.6295468211174011,4
1815,StageAdapt,0.5632908344268799,6
1816,StageAdapt,0.580050528049469,6
1817,StageAdapt,0.7002639770507812,7
1818,StageAdapt,0.8423312306404114,7
1819,StageAdapt,0.8600815534591675,8
1820,StageAdapt,0.8801789283752441,8
1821,StageAdapt,0.8601266145706177,8
1822,StageAdapt,0.9267309308052064,8
1823,StageAdapt,0.8578107357025146,8
1824,StageAdapt,0.7943377494812012,8
1825,StageAdapt,0.8055366277694702,8
1826,StageAdapt,0.8351410031318665,8
1827,StageAdapt,0.8574547171592712,8
1828,StageAdapt,0.8262233734130859,7
1829,StageAdapt,0.8565534949302673,6
1830,StageAdapt,0.94686621427536,5
1831,StageAdapt,0.9159186482429504,5
1832,StageAdapt,0.9436601996421814,4
1833,StageAdapt,0.8374958038330078,4
1834,StageAdapt,0.8559221625328064,4
1835,StageAdapt,0.9250134825706482,4
1836,StageAdapt,0.7060466408729553,4
1837,StageAdapt,0.9308233857154846,2
1838,StageAdapt,0.9019644260406494,2
1839,StageAdapt,0.9613259434700012,1
1840,StageAdapt,0.936170220375061,1
1841,StageAdapt,0.9172932505607604,1
1842,StageAdapt,0.8793103694915771,1
1843,StageAdapt,0.8807339668273926,1
1844,StageAdapt,0.9126213788986206,1
1845,StageAdapt,0.8907563090324402,1
1846,StageAdapt,0.9033492803573608,1
1847,StageAdapt,0.9501160383224488,1
1848,StageAdapt,0.9767032861709596,1
1849,StageAdapt,0.9693206548690796,1
1850,StageAdapt,0.970841646194458,1
1851,StageAdapt,0.97609680891037,1
1852,StageAdapt,0.9745109677314758,1
1853,StageAdapt,0.967487096786499,1
1854,StageAdapt,0.976094365119934,1
1855,StageAdapt,0.9727779626846312,1
1856,StageAdapt,0.9714067578315736,1
1857,StageAdapt,0.9301204681396484,1
1858,StageAdapt,0.9477124214172364,1
1859,StageAdapt,0.7805755138397217,1
1860,StageAdapt,0.8666666746139526,1
1861,StageAdapt,0.9590643048286438,1
1862,StageAdapt,0.9829351305961608,1
1863,StageAdapt,0.9725685715675354,1
1864,StageAdapt,0.9688715934753418,1
1865,StageAdapt,0.9634782671928406,1
1866,StageAdapt,0.7650957107543945,2
1867,StageAdapt,0.8491509556770325,3
1868,StageAdapt,0.9309313893318176,3
1869,StageAdapt,0.9011725783348083,3
1870,StageAdapt,0.9178867340087892,3
1871,StageAdapt,0.8110716342926025,4
1872,StageAdapt,0.8737293481826782,5
1873,StageAdapt,0.9194742441177368,5
1874,StageAdapt,0.9083245396614076,5
1875,StageAdapt,0.9404960870742798,5
1876,StageAdapt,0.9303826093673706,5
1877,StageAdapt,0.9214621782302856,5
1878,StageAdapt,0.9345915913581848,5
1879,StageAdapt,0.892810046672821,7
1880,StageAdapt,0.9110965728759766,7
1881,StageAdapt,0.8316206932067871,9
1882,StageAdapt,0.8487848043441772,10
1883,StageAdapt,0.8699508905410767,9
1884,StageAdapt,0.8724077939987183,9
1885,StageAdapt,0.8631112575531006,9
1886,StageAdapt,0.8798565864562988,9
1887,StageAdapt,0.8592803478240967,9
1888,StageAdapt,0.8332928419113159,8
1889,StageAdapt,0.8549003601074219,6
1890,StageAdapt,0.926171064376831,4
1891,StageAdapt,0.9604487419128418,3
1892,StageAdapt,0.964846134185791,3
1893,StageAdapt,0.9701372981071472,3
1894,StageAdapt,0.97255676984787,3
1895,StageAdapt,0.9132091999053956,4
1896,StageAdapt,0.9337507486343384,4
1897,StageAdapt,0.8976644277572632,4
1898,StageAdapt,0.961688995361328,3
1899,StageAdapt,0.9279622435569764,3
1900,StageAdapt,0.916193962097168,2
1901,StageAdapt,0.8051947951316833,1
1902,StageAdapt,0.8235294222831726,1
1903,StageAdapt,0.6428571343421936,1
1904,StageAdapt,0.7555555701255798,1
1905,StageAdapt,0.8837209343910217,1
1906,StageAdapt,0.8372092843055725,1
1907,StageAdapt,0.800000011920929,1
1908,StageAdapt,0.5882353186607361,1
1909,StageAdapt,0.7118644118309021,1
1910,StageAdapt,0.8363636136054993,1
1911,StageAdapt,0.4897959232330322,1
1912,StageAdapt,0.7301587462425232,1
1913,StageAdapt,0.7945205569267273,1
1914,StageAdapt,0.782608687877655,1
1915,StageAdapt,0.7272727489471436,1
1916,StageAdapt,0.7843137383460999,1
1917,StageAdapt,0.8444444537162781,1
1918,StageAdapt,0.7894737124443054,1
1919,StageAdapt,0.7450980544090271,1
1920,StageAdapt,0.7857142686843872,1
1921,StageAdapt,0.8767123222351074,1
1922,StageAdapt,0.6578947305679321,1
1923,StageAdapt,0.8695651888847351,1
1924,StageAdapt,0.6774193644523621,1
1925,StageAdapt,0.7037037014961243,1
1926,StageAdapt,0.6363636255264282,1
1927,StageAdapt,0.739130437374115,1
1928,StageAdapt,0.6938775777816772,1
1929,StageAdapt,0.7450980544090271,1
1930,StageAdapt,0.7843137383460999,1
1931,StageAdapt,0.7719298005104065,1
1932,StageAdapt,0.75,1
1933,StageAdapt,0.7368420958518982,1
1934,StageAdapt,0.9454545378684998,1
1935,StageAdapt,0.6415094137191772,1
1936,StageAdapt,0.7844827771186829,1
1937,StageAdapt,0.8722891807556152,1
1938,StageAdapt,0.8081263899803162,1
1939,StageAdapt,0.8790496587753296,1
1940,StageAdapt,0.9003782868385315,1
1941,StageAdapt,0.7505330443382263,1
1942,StageAdapt,0.790243923664093,1
1943,StageAdapt,0.7587822079658508,1
1944,StageAdapt,0.898511528968811,1
1945,StageAdapt,0.9698795080184937,1
1946,StageAdapt,0.4952135682106018,2
1947,StageAdapt,0.6189209222793579,2
1948,StageAdapt,0.6634236574172974,2
1949,StageAdapt,0.5452694296836853,3
1950,StageAdapt,0.7163964509963989,4
1951,StageAdapt,0.6575306057929993,5
1952,StageAdapt,0.7065688967704773,6
1953,StageAdapt,0.8156453967094421,6
1954,StageAdapt,0.8293964266777039,6
1955,StageAdapt,0.8079205751419067,7
1956,StageAdapt,0.8273337483406067,7
1957,StageAdapt,0.7849295735359192,7
1958,StageAdapt,0.7394958734512329,7
1959,StageAdapt,0.745227038860321,7
1960,StageAdapt,0.7606392502784729,8
1961,StageAdapt,0.8487221598625183,8
1962,StageAdapt,0.8079957962036133,8
1963,StageAdapt,0.9047157168388368,6
1964,StageAdapt,0.8989520072937012,6
1965,StageAdapt,0.938232719898224,5
1966,StageAdapt,0.9441204071044922,5
1967,StageAdapt,0.8438565135002136,6
1968,StageAdapt,0.9004698395729065,6
1969,StageAdapt,0.8739448189735413,6
1970,StageAdapt,0.917453110218048,6
1971,StageAdapt,0.929571568965912,6
1972,StageAdapt,0.9447652697563172,5
1973,StageAdapt,0.8982828855514526,5
1974,StageAdapt,0.9269593954086304,5
1975,StageAdapt,0.9037682414054872,5
1976,StageAdapt,0.8268160820007324,4
1977,StageAdapt,0.7417495846748352,3
1978,StageAdapt,0.8611888885498047,2
1979,StageAdapt,0.8654201626777649,2
1980,StageAdapt,0.8409591913223267,2
1981,StageAdapt,0.7588932514190674,2
1982,StageAdapt,0.5843368172645569,2
1983,StageAdapt,0.920967698097229,2
1984,StageAdapt,0.8680403232574463,2
1985,StageAdapt,0.4337349534034729,2
1986,StageAdapt,0.8809523582458496,1
1987,StageAdapt,0.7560975551605225,1
1988,StageAdapt,0.739130437374115,1
1989,StageAdapt,0.6739130616188049,1
1990,StageAdapt,0.6593406796455383,1
1991,StageAdapt,0.7676767706871033,1
1992,StageAdapt,0.7692307829856873,1
1993,StageAdapt,0.6499999761581421,1
1994,StageAdapt,0.9294403791427612,1
1995,StageAdapt,0.9239904880523682,1
1996,StageAdapt,0.8894081115722656,1
1997,StageAdapt,0.9083619713783264,1
1998,StageAdapt,0.7259747385978699,1
1999,StageAdapt,0.1365131586790084,1
2000,StageAdapt,0.174450546503067,1
2001,StageAdapt,0.1616038829088211,1
2002,StageAdapt,3.1545741019378676e-10,1
2003,StageAdapt,6.578947386870482e-10,1
2004,StageAdapt,7.142857416653214e-09,1
2005,StageAdapt,0.0526315793395042,1
2006,StageAdapt,0.5494505763053894,1
2007,StageAdapt,0.6954436302185059,1
2008,StageAdapt,0.6148422956466675,2
2009,StageAdapt,0.5879165530204773,3
2010,StageAdapt,0.8034582734107971,3
2011,StageAdapt,0.6719520092010498,4
2012,StageAdapt,0.7235130071640015,4
2013,StageAdapt,0.8000218868255615,4
2014,StageAdapt,0.7694365978240967,5
2015,StageAdapt,0.5621755719184875,6
2016,StageAdapt,0.7029606699943542,6
2017,StageAdapt,0.5972878336906433,6
2018,StageAdapt,0.616226851940155,6
2019,StageAdapt,0.6042210459709167,6
2020,StageAdapt,0.6290667653083801,6
2021,StageAdapt,0.6170614957809448,6
2022,StageAdapt,0.6523116230964661,6
2023,StageAdapt,0.774953305721283,5
2024,StageAdapt,0.7135872840881348,6
2025,StageAdapt,0.8355305790901184,5
2026,StageAdapt,0.8639212846755981,5
2027,StageAdapt,0.8957676887512207,5
2028,StageAdapt,0.7000725865364075,7
2029,StageAdapt,0.5819662809371948,7
2030,StageAdapt,0.7262513041496277,6
2031,StageAdapt,0.6719635725021362,5
2032,StageAdapt,0.6831783056259155,4
2033,StageAdapt,0.9116035103797911,3
2034,StageAdapt,0.8849239945411682,3
2035,StageAdapt,0.84770268201828,3
2036,StageAdapt,0.900719940662384,3
2037,StageAdapt,0.7532864212989807,4
2038,StageAdapt,0.8136072158813477,3
2039,StageAdapt,0.7707490921020508,2
2040,StageAdapt,0.9135156869888306,2
2041,StageAdapt,0.5882353186607361,1
2042,StageAdapt,0.8529411554336548,1
2043,StageAdapt,0.8235294222831726,1
2044,StageAdapt,0.911475419998169,1
2045,StageAdapt,0.95652174949646,1
2046,StageAdapt,0.9465909004211426,1
2047,StageAdapt,0.9747166633605956,1
2048,StageAdapt,0.9767255187034608,1
2049,StageAdapt,0.9719921350479126,1
2050,StageAdapt,0.9709848761558532,1
2051,StageAdapt,0.9605700969696044,1
2052,StageAdapt,0.9248291850090028,1
2053,StageAdapt,0.8840000033378601,1
2054,StageAdapt,0.8994082808494568,1
2055,StageAdapt,0.9407869577407836,2
2056,StageAdapt,0.9615894556045532,2
2057,StageAdapt,0.9701802134513856,2
2058,StageAdapt,0.98116934299469,2
2059,StageAdapt,0.9703049659729004,2
2060,StageAdapt,0.9608715772628784,2
2061,StageAdapt,0.8987168669700623,3
2062,StageAdapt,0.8604092597961426,3
2063,StageAdapt,0.8933860659599304,3
2064,StageAdapt,0.888200044631958,4
2065,StageAdapt,0.8627087473869324,5
2066,StageAdapt,0.9296125173568726,5
2067,StageAdapt,0.8971112966537476,5
2068,StageAdapt,0.902070164680481,5
2069,StageAdapt,0.9277939796447754,5
2070,StageAdapt,0.9180340766906738,5
2071,StageAdapt,0.9410215616226196,5
2072,StageAdapt,0.8771165609359741,7
2073,StageAdapt,0.8770977854728699,7
2074,StageAdapt,0.8487064838409424,8
2075,StageAdapt,0.8412666320800781,7
2076,StageAdapt,0.6914640665054321,8
2077,StageAdapt,0.7655730843544006,7
2078,StageAdapt,0.7458940148353577,7
2079,StageAdapt,0.7085739970207214,7
2080,StageAdapt,0.8014087677001953,6
2081,StageAdapt,0.8948192000389099,4
2082,StageAdapt,0.9614214301109314,3
2083,StageAdapt,0.9602974057197572,3
2084,StageAdapt,0.9615283012390136,3
2085,StageAdapt,0.7656354308128357,4
2086,StageAdapt,0.9040277004241944,4
2087,StageAdapt,0.9269731044769288,3
2088,StageAdapt,0.8700292706489563,3
2089,StageAdapt,0.8453316688537598,3
2090,StageAdapt,0.8512895703315735,3
2091,StageAdapt,0.8794891238212585,2
2092,StageAdapt,0.8583210706710815,2
2093,StageAdapt,0.6012930870056152,2
2094,StageAdapt,0.8985507488250732,1
2095,StageAdapt,0.8055555820465088,1
2096,StageAdapt,0.6969696879386902,1
2097,StageAdapt,0.8235294222831726,1
2098,StageAdapt,0.9428571462631226,1
2099,StageAdapt,0.8524590134620667,1
2100,StageAdapt,0.7586206793785095,1
2101,StageAdapt,0.8666666746139526,1
2102,StageAdapt,0.8333333134651184,1
2103,StageAdapt,0.8214285969734192,1
2104,StageAdapt,0.692307710647583,1
2105,StageAdapt,0.7058823704719543,1
2106,StageAdapt,0.7200000286102295,1
2107,StageAdapt,0.6764705777168274,1
2108,StageAdapt,0.8059701323509216,1
2109,StageAdapt,0.782608687877655,1
2110,StageAdapt,0.6376811861991882,1
2111,StageAdapt,0.7123287916183472,1
2112,StageAdapt,0.7200000286102295,1
2113,StageAdapt,0.7837837934494019,1
2114,StageAdapt,0.5185185074806213,1
2115,StageAdapt,0.7241379022598267,1
2116,StageAdapt,0.7037037014961243,1
2117,StageAdapt,0.8253968358039856,1
2118,StageAdapt,0.688524603843689,1
2119,StageAdapt,0.699999988079071,1
2120,StageAdapt,0.7536231875419617,1
2121,StageAdapt,0.3499999940395355,1
2122,StageAdapt,0.6428571343421936,1
2123,StageAdapt,0.8235294222831726,1
2124,StageAdapt,0.875,1
2125,StageAdapt,0.91304349899292,1
2126,StageAdapt,0.7111111283302307,1
2127,StageAdapt,0.9333333373069764,1
2128,StageAdapt,0.695652186870575,1
2129,StageAdapt,0.8148148059844971,1
2130,StageAdapt,0.6829268336296082,1
2131,StageAdapt,0.7346938848495483,1
2132,StageAdapt,0.75,1
2133,StageAdapt,0.8888888955116272,1
2134,StageAdapt,0.9122806787490844,1
2135,StageAdapt,0.7692307829856873,1
2136,StageAdapt,0.8148148059844971,1
2137,StageAdapt,0.8196721076965332,1
2138,StageAdapt,0.89552241563797,1
2139,StageAdapt,0.8813559412956238,1
2140,StageAdapt,0.956916093826294,1
2141,StageAdapt,0.9749478101730348,1
2142,StageAdapt,0.966861605644226,1
2143,StageAdapt,0.9775948524475098,1
2144,StageAdapt,0.985343873500824,1
2145,StageAdapt,0.9865319728851318,1
2146,StageAdapt,0.9824341535568236,1
2147,StageAdapt,0.9846057295799256,1
2148,StageAdapt,0.9862204790115356,1
2149,StageAdapt,0.9867050051689148,1
2150,StageAdapt,0.9756690859794616,1
2151,StageAdapt,0.98102468252182,1
2152,StageAdapt,0.9799656271934508,1
2153,StageAdapt,0.9742078185081482,1
2154,StageAdapt,0.8708571195602417,1
2155,StageAdapt,0.9583333134651184,1
2156,StageAdapt,0.9691630005836488,1
2157,StageAdapt,0.6674174666404724,3
2158,StageAdapt,0.9103879928588868,3
2159,StageAdapt,0.9139549732208252,3
2160,StageAdapt,0.7163960337638855,4
2161,StageAdapt,0.7262717485427856,5
2162,StageAdapt,0.8184646368026733,5
2163,StageAdapt,0.824022114276886,5
2164,StageAdapt,0.8622899055480957,5
2165,StageAdapt,0.7451171278953552,6
2166,StageAdapt,0.859255850315094,6
2167,StageAdapt,0.8568549752235413,7
2168,StageAdapt,0.8787156343460083,7
2169,StageAdapt,0.9537478685379028,7
2170,StageAdapt,0.9640589952468872,7
2171,StageAdapt,0.9754009246826172,7
2172,StageAdapt,0.9386383295059204,7
2173,StageAdapt,0.920667290687561,8
2174,StageAdapt,0.9350361824035645,8
2175,StageAdapt,0.9023248553276062,10
2176,StageAdapt,0.9114445447921752,10
2177,StageAdapt,0.925185203552246,10
2178,StageAdapt,0.9227121472358704,10
2179,StageAdapt,0.906960129737854,8
2180,StageAdapt,0.8980160355567932,7
2181,StageAdapt,0.8394526243209839,7
2182,StageAdapt,0.8801802396774292,5
2183,StageAdapt,0.8958194851875305,5
2184,StageAdapt,0.9810068011283876,3
2185,StageAdapt,0.9753677248954772,3
2186,StageAdapt,0.9794630408287048,3
2187,StageAdapt,0.964593470096588,3
2188,StageAdapt,0.972669005393982,4
2189,StageAdapt,0.9471142292022704,4
2190,StageAdapt,0.9690186381340028,3
2191,StageAdapt,0.9631946682929992,3
2192,StageAdapt,0.8869029879570007,3
2193,StageAdapt,0.9486968517303468,2
2194,StageAdapt,0.961490511894226,2
2195,StageAdapt,0.9516884088516236,2
2196,StageAdapt,0.9518611431121826,2
2197,StageAdapt,0.9389364719390868,2
2198,StageAdapt,0.9038078784942628,2
2199,StageAdapt,0.8611781597137451,2
2200,StageAdapt,0.8301886916160583,1
2201,StageAdapt,0.8636363744735718,1
2202,StageAdapt,0.7804877758026123,1
2203,StageAdapt,0.8999999761581421,1
2204,StageAdapt,0.782608687877655,1
2205,StageAdapt,0.8181818127632141,1
2206,StageAdapt,0.8799999952316284,1
2207,StageAdapt,0.9090909361839294,1
2208,StageAdapt,0.8157894611358643,1
2209,StageAdapt,0.7714285850524902,1
2210,StageAdapt,0.8461538553237915,1
2211,StageAdapt,0.8095238208770752,1
2212,StageAdapt,0.688524603843689,1
2213,StageAdapt,0.4545454680919647,1
2214,StageAdapt,0.6206896305084229,1
2215,StageAdapt,0.6849315166473389,1
2216,StageAdapt,0.800000011920929,1
2217,StageAdapt,0.8823529481887817,1
2218,StageAdapt,0.7777777910232544,1
2219,StageAdapt,0.8387096524238586,1
2220,StageAdapt,0.695652186870575,1
2221,StageAdapt,0.695652186870575,1
2222,StageAdapt,0.8648648858070374,1
2223,StageAdapt,0.8421052694320679,1
2224,StageAdapt,0.8985507488250732,1
2225,StageAdapt,0.8285714387893677,1
2226,StageAdapt,0.7714285850524902,1
2227,StageAdapt,0.95652174949646,1
2228,StageAdapt,0.8529411554336548,1
2229,StageAdapt,0.8918918967247009,1
2230,StageAdapt,0.8421052694320679,1
2231,StageAdapt,0.8571428656578064,1
2232,StageAdapt,0.9090909361839294,1
2233,StageAdapt,0.7222222089767456,1
2234,StageAdapt,0.4137931168079376,1
2235,StageAdapt,0.2354463189840316,1
2236,StageAdapt,0.8975664973258972,1
2237,StageAdapt,0.9314796328544616,1
2238,StageAdapt,0.9309890270233154,1
2239,StageAdapt,0.91206032037735,1
2240,StageAdapt,0.6434990763664246,1
2241,StageAdapt,0.6221248507499695,1
2242,StageAdapt,0.7524752616882324,1
2243,StageAdapt,0.8855721354484558,1
2244,StageAdapt,0.9047619104385376,1
2245,StageAdapt,0.8243243098258972,1
2246,StageAdapt,0.5403226017951965,1
2247,StageAdapt,0.3355048894882202,2
2248,StageAdapt,0.2208333313465118,2
2249,StageAdapt,0.3626952767372131,2
2250,StageAdapt,0.5855600833892822,2
2251,StageAdapt,0.6727758049964905,3
2252,StageAdapt,0.7487800121307373,3
2253,StageAdapt,0.743097722530365,3
2254,StageAdapt,0.7492036819458008,3
2255,StageAdapt,0.918642282485962,3
2256,StageAdapt,0.9003648161888123,3
2257,StageAdapt,0.8950851559638977,4
2258,StageAdapt,0.929581344127655,5
2259,StageAdapt,0.9303703308105468,5
2260,StageAdapt,0.8647739291191101,5
2261,StageAdapt,0.9253975749015808,5
2262,StageAdapt,0.8951952457427979,6
2263,StageAdapt,0.8030585646629333,6
2264,StageAdapt,0.7662189602851868,6
2265,StageAdapt,0.9200313091278076,6
2266,StageAdapt,0.8050981760025024,7
2267,StageAdapt,0.8666303753852844,7
2268,StageAdapt,0.8607469201087952,7
2269,StageAdapt,0.8829652070999146,7
2270,StageAdapt,0.9070674180984496,8
2271,StageAdapt,0.9000238180160522,8
2272,StageAdapt,0.8471843004226685,9
2273,StageAdapt,0.7733033895492554,7
2274,StageAdapt,0.7603197693824768,7
2275,StageAdapt,0.8902870416641235,5
2276,StageAdapt,0.8479701280593872,5
2277,StageAdapt,0.9177396893501282,5
2278,StageAdapt,0.9007576704025269,4
2279,StageAdapt,0.8911375999450684,4
2280,StageAdapt,0.8934251666069031,4
2281,StageAdapt,0.9776318669319152,3
2282,StageAdapt,0.9710395932197572,3
2283,StageAdapt,0.9705756306648254,3
2284,StageAdapt,0.907105028629303,4
2285,StageAdapt,0.9364817142486572,4
2286,StageAdapt,0.9510383605957032,4
2287,StageAdapt,0.936650574207306,4
2288,StageAdapt,0.9513625502586364,4
2289,StageAdapt,0.8881821632385254,4
2290,StageAdapt,0.8644689917564392,2
2291,StageAdapt,0.867123007774353,2
2292,StageAdapt,0.8235294222831726,1
2293,StageAdapt,0.729411780834198,1
2294,StageAdapt,0.8641975522041321,1
2295,StageAdapt,0.8433734774589539,1
2296,StageAdapt,0.7951807379722595,1
2297,StageAdapt,0.7594936490058899,1
2298,StageAdapt,0.688524603843689,1
2299,StageAdapt,0.7428571581840515,1
2300,StageAdapt,0.6510263681411743,1
2301,StageAdapt,0.8141112327575684,1
2302,StageAdapt,0.9217731356620787,1
2303,StageAdapt,0.9261643290519714,1
2304,StageAdapt,0.94549560546875,1
2305,StageAdapt,0.959999978542328,1
2306,StageAdapt,0.9678166508674622,1
2307,StageAdapt,0.9670480489730836,1
2308,StageAdapt,0.97043639421463,1
2309,StageAdapt,0.9670501947402954,1
2310,StageAdapt,0.951137900352478,1
2311,StageAdapt,0.9318801164627076,1
2312,StageAdapt,0.8518111705780029,1
2313,StageAdapt,0.1739130467176437,1
2314,StageAdapt,0.6094043850898743,1
2315,StageAdapt,0.8005964756011963,3
2316,StageAdapt,0.8998415470123291,3
2317,StageAdapt,0.9295908808708192,4
2318,StageAdapt,0.8488646745681763,5
2319,StageAdapt,0.938198447227478,5
2320,StageAdapt,0.9274024963378906,5
2321,StageAdapt,0.9003229141235352,6
2322,StageAdapt,0.7794556021690369,7
2323,StageAdapt,0.8709689974784851,7
2324,StageAdapt,0.8803800940513611,7
2325,StageAdapt,0.8790419697761536,7
2326,StageAdapt,0.7837876677513123,8
2327,StageAdapt,0.8608900308609009,8
2328,StageAdapt,0.841815173625946,8
2329,StageAdapt,0.879998505115509,8
2330,StageAdapt,0.8808672428131104,8
2331,StageAdapt,0.8752373456954956,8
2332,StageAdapt,0.8089936375617981,10
2333,StageAdapt,0.8238264322280884,10
2334,StageAdapt,0.8040661215782166,9
2335,StageAdapt,0.83083176612854,8
2336,StageAdapt,0.9042484164237976,6
2337,StageAdapt,0.8511161208152771,6
2338,StageAdapt,0.5850006341934204,5
2339,StageAdapt,0.9745578169822692,3
2340,StageAdapt,0.9533240795135498,3
2341,StageAdapt,0.9586296081542968,3
2342,StageAdapt,0.96272611618042,3
2343,StageAdapt,0.9238954782485962,4
2344,StageAdapt,0.881669282913208,3
2345,StageAdapt,0.9237083196640016,2
2346,StageAdapt,0.9423476457595824,2
2347,StageAdapt,0.827980637550354,2
2348,StageAdapt,0.3496503531932831,2
2349,StageAdapt,0.7751938104629517,1
2350,StageAdapt,0.9105691313743592,1
2351,StageAdapt,0.92592591047287,1
2352,StageAdapt,0.8602150678634644,1
2353,StageAdapt,0.9066666960716248,1
2354,StageAdapt,0.925000011920929,1
2355,StageAdapt,0.8641975522041321,1
2356,StageAdapt,0.7777777910232544,1
2357,StageAdapt,0.8387096524238586,1
2358,StageAdapt,0.8125,1
2359,StageAdapt,0.7037037014961243,1
2360,StageAdapt,0.7906976938247681,1
2361,StageAdapt,0.7804877758026123,1
2362,StageAdapt,0.6521739363670349,1
2363,StageAdapt,0.7169811129570007,1
2364,StageAdapt,0.7719298005104065,1
2365,StageAdapt,0.7540983557701111,1
2366,StageAdapt,0.7042253613471985,1
2367,StageAdapt,0.791208803653717,1
2368,StageAdapt,0.849056601524353,1
2369,StageAdapt,0.822429895401001,1
2370,StageAdapt,0.9090909361839294,1
2371,StageAdapt,0.8656716346740723,1
2372,StageAdapt,0.8484848737716675,1
2373,StageAdapt,0.8571428656578064,1
2374,StageAdapt,0.7796609997749329,1
2375,StageAdapt,0.8235294222831726,1
2376,StageAdapt,0.807692289352417,1
2377,StageAdapt,0.800000011920929,1
2378,StageAdapt,0.9032257795333862,1
2379,StageAdapt,0.945945918560028,1
2380,StageAdapt,0.9629629850387572,1
2381,StageAdapt,0.9135802388191224,1
2382,StageAdapt,0.875,1
2383,StageAdapt,0.8918918967247009,1
2384,StageAdapt,0.8684210777282715,1
2385,StageAdapt,0.7837837934494019,1
2386,StageAdapt,0.7945205569267273,1
2387,StageAdapt,0.8297872543334961,1
2388,StageAdapt,0.7472527623176575,1
2389,StageAdapt,0.7252747416496277,1
2390,StageAdapt,0.5882353186607361,1
2391,StageAdapt,0.7936508059501648,1
2392,StageAdapt,0.7777777910232544,1
2393,StageAdapt,0.8125,1
2394,StageAdapt,0.7028199434280396,1
2395,StageAdapt,0.939983069896698,1
2396,StageAdapt,0.9332664608955384,1
2397,StageAdapt,0.9573851823806764,1
2398,StageAdapt,0.9699769020080566,1
2399,StageAdapt,0.9614197611808776,1
2400,StageAdapt,0.9764918684959412,1
2401,StageAdapt,0.6585551500320435,1
2402,StageAdapt,0.6501128673553467,1
2403,StageAdapt,0.4444444477558136,1
2404,StageAdapt,0.984263241291046,1
2405,StageAdapt,0.9807531237602234,1
2406,StageAdapt,0.4937832951545715,2
2407,StageAdapt,0.8908305168151855,3
2408,StageAdapt,0.9030614495277404,4
2409,StageAdapt,0.8954964280128479,4
2410,StageAdapt,0.8300197720527649,4
2411,StageAdapt,0.7464774250984192,6
2412,StageAdapt,0.9435186982154846,6
2413,StageAdapt,0.9297054409980774,6
2414,StageAdapt,0.9458652138710022,7
2415,StageAdapt,0.8976979851722717,7
2416,StageAdapt,0.929011344909668,7
2417,StageAdapt,0.9249703288078308,7
2418,StageAdapt,0.9222793579101562,7
2419,StageAdapt,0.8962787389755249,7
2420,StageAdapt,0.7727627158164978,7
2421,StageAdapt,0.7728516459465027,7
2422,StageAdapt,0.7215678095817566,7
2423,StageAdapt,0.7742581367492676,6
2424,StageAdapt,0.932520031929016,5
2425,StageAdapt,0.9402666091918944,5
2426,StageAdapt,0.9181756973266602,7
2427,StageAdapt,0.9450341463088988,7
2428,StageAdapt,0.9325856566429138,8
2429,StageAdapt,0.935175895690918,8
2430,StageAdapt,0.8746711015701294,7
2431,StageAdapt,0.9314314723014832,7
2432,StageAdapt,0.9161831736564636,7
2433,StageAdapt,0.787007212638855,7
2434,StageAdapt,0.8089051246643066,6
2435,StageAdapt,0.8601154088973999,5
2436,StageAdapt,0.876483142375946,5
2437,StageAdapt,0.8331979513168335,4
2438,StageAdapt,0.8838648796081543,4
2439,StageAdapt,0.8611847162246704,4
2440,StageAdapt,0.8910317420959473,4
2441,StageAdapt,0.8986122608184814,4
2442,StageAdapt,0.9607815146446228,4
2443,StageAdapt,0.9476040601730348,4
2444,StageAdapt,0.9604754447937012,2
2445,StageAdapt,0.9465879797935486,2
2446,StageAdapt,0.9423296451568604,2
2447,StageAdapt,0.9062008857727052,2
2448,StageAdapt,0.8702290058135986,1
2449,StageAdapt,0.907801389694214,1
2450,StageAdapt,0.8082191944122314,1
2451,StageAdapt,0.7092198729515076,1
2452,StageAdapt,0.7160493731498718,1
2453,StageAdapt,0.6746987700462341,1
2454,StageAdapt,0.746268630027771,1
2455,StageAdapt,0.7352941036224365,1
2456,StageAdapt,0.5866666436195374,1
2457,StageAdapt,0.6153846383094788,1
2458,StageAdapt,0.4810126721858978,1
2459,StageAdapt,0.409090906381607,1
2460,StageAdapt,1.1363636698291655e-09,1
2461,StageAdapt,0.2137404531240463,1
2462,StageAdapt,0.0491803288459777,1
2463,StageAdapt,8.849557753265457e-10,1
2464,StageAdapt,0.270676702260971,1
2465,StageAdapt,0.3478260934352875,1
2466,StageAdapt,0.3174603283405304,1
2467,StageAdapt,0.5454545617103577,1
2468,StageAdapt,0.8311688303947449,1
2469,StageAdapt,0.8659793734550476,1
2470,StageAdapt,0.8351648449897766,1
2471,StageAdapt,0.8247422575950623,1
2472,StageAdapt,0.7586206793785095,1
2473,StageAdapt,0.8318583965301514,1
2474,StageAdapt,0.7818182110786438,1
2475,StageAdapt,0.8035714030265808,1
2476,StageAdapt,0.8712871074676514,1
2477,StageAdapt,0.8468468189239502,1
2478,StageAdapt,0.7945205569267273,1
2479,StageAdapt,0.8717948794364929,1
2480,StageAdapt,0.8837209343910217,1
2481,StageAdapt,0.7943262457847595,1
2482,StageAdapt,0.8251748085021973,1
2483,StageAdapt,0.8392857313156128,1
2484,StageAdapt,0.9312977194786072,1
2485,StageAdapt,0.7725856900215149,1
2486,StageAdapt,0.9290012121200562,1
2487,StageAdapt,0.936267077922821,1
2488,StageAdapt,0.9514779448509216,1
2489,StageAdapt,0.9745762944221495,1
2490,StageAdapt,0.973719358444214,1
2491,StageAdapt,0.9783509969711304,1
2492,StageAdapt,0.9646590352058412,1
2493,StageAdapt,0.9343891143798828,1
2494,StageAdapt,0.7720465660095215,1
2495,StageAdapt,0.7657142877578735,1
2496,StageAdapt,0.6222222447395325,1
2497,StageAdapt,0.5476190447807312,1
2498,StageAdapt,0.752293586730957,1
2499,StageAdapt,0.0601851865649223,2
2500,StageAdapt,0.3508771955966949,2
2501,StageAdapt,0.1779059320688247,3
2502,StageAdapt,0.5052906274795532,3
2503,StageAdapt,0.5257030129432678,3
2504,StageAdapt,0.6541938185691833,3
2505,StageAdapt,0.7591782808303833,4
2506,StageAdapt,0.8684524297714233,4
2507,StageAdapt,0.8716703653335571,4
2508,StageAdapt,0.6522740125656128,5
2509,StageAdapt,0.6410053372383118,5
2510,StageAdapt,0.6512101888656616,5
2511,StageAdapt,0.6921926736831665,5
2512,StageAdapt,0.6936346888542175,5
2513,StageAdapt,0.7303714752197266,6
2514,StageAdapt,0.8705894351005554,6
2515,StageAdapt,0.8814219832420349,6
2516,StageAdapt,0.6630152463912964,7
2517,StageAdapt,0.5881306529045105,7
2518,StageAdapt,0.6250119805335999,7
2519,StageAdapt,0.6136011481285095,7
2520,StageAdapt,0.5269813537597656,7
2521,StageAdapt,0.5016805529594421,7
2522,StageAdapt,0.6972439885139465,7
2523,StageAdapt,0.7608627676963806,7
2524,StageAdapt,0.8086339831352234,7
2525,StageAdapt,0.8330350518226624,7
2526,StageAdapt,0.7675759196281433,6
2527,StageAdapt,0.8818990588188171,4
2528,StageAdapt,0.969689130783081,3
2529,StageAdapt,0.9266259670257568,4
2530,StageAdapt,0.9309191703796388,4
2531,StageAdapt,0.9207577109336852,4
2532,StageAdapt,0.929084300994873,4
2533,StageAdapt,0.9125190377235411,4
2534,StageAdapt,0.6577420830726624,4
2535,StageAdapt,0.6315553784370422,3
2536,StageAdapt,0.943222165107727,2
2537,StageAdapt,0.914638876914978,2
2538,StageAdapt,0.91060209274292,2
2539,StageAdapt,0.7400583624839783,2
2540,StageAdapt,0.6641078591346741,2
2541,StageAdapt,0.7936464548110962,2
2542,StageAdapt,0.5909090638160706,1
2543,StageAdapt,0.4814814925193786,1
2544,StageAdapt,0.4727272689342499,1
2545,StageAdapt,0.4390243887901306,1
2546,StageAdapt,0.380952388048172,1
2547,StageAdapt,0.8575233221054077,1
2548,StageAdapt,0.9548133611679076,1
2549,StageAdapt,0.9574361443519592,1
2550,StageAdapt,0.9498111009597778,1
2551,StageAdapt,0.6884779334068298,1
2552,StageAdapt,0.3928571343421936,1
2553,StageAdapt,0.6944444179534912,1
2554,StageAdapt,0.8947368264198303,1
2555,StageAdapt,0.6018115878105164,2
2556,StageAdapt,0.4802631437778473,2
2557,StageAdapt,0.4071938991546631,3
2558,StageAdapt,0.6043066382408142,5
2559,StageAdapt,0.8857420682907104,5
2560,StageAdapt,0.933062732219696,5
2561,StageAdapt,0.8357617259025574,7
2562,StageAdapt,0.9012473821640016,7
2563,StageAdapt,0.8880558013916016,7
2564,StageAdapt,0.8593288660049438,7
2565,StageAdapt,0.8334688544273376,7
2566,StageAdapt,0.8510209918022156,8
2567,StageAdapt,0.8823016881942749,8
2568,StageAdapt,0.8961775302886963,8
2569,StageAdapt,0.8729733824729919,8
2570,StageAdapt,0.8807332515716553,8
2571,StageAdapt,0.8850353956222534,8
2572,StageAdapt,0.9481183886528016,6
2573,StageAdapt,0.9391734004020692,6
2574,StageAdapt,0.9421202540397644,6
2575,StageAdapt,0.8553413152694702,8
2576,StageAdapt,0.8689054846763611,7
2577,StageAdapt,0.8403705954551697,6
2578,StageAdapt,0.8667566180229187,5
2579,StageAdapt,0.8348532915115356,5
2580,StageAdapt,0.9654603004455566,3
2581,StageAdapt,0.9646199345588684,3
2582,StageAdapt,0.9437605738639832,3
2583,StageAdapt,0.9419212341308594,3
2584,StageAdapt,0.8530257940292358,2
2585,StageAdapt,0.8925521373748779,2
2586,StageAdapt,0.9124249815940856,2
2587,StageAdapt,0.8921805620193481,2
2588,StageAdapt,0.8264271020889282,2
2589,StageAdapt,0.6530864238739014,2
2590,StageAdapt,0.924731194972992,1
2591,StageAdapt,0.9494949579238892,1
2592,StageAdapt,0.8354430198669434,1
2593,StageAdapt,0.5652173757553101,1
2594,StageAdapt,0.89552241563797,1
2595,StageAdapt,0.9234941601753236,2
2596,StageAdapt,0.8492789268493652,3
2597,StageAdapt,0.8741338849067688,3
2598,StageAdapt,0.8425424695014954,3
2599,StageAdapt,0.8059372901916504,4
2600,StageAdapt,0.7683490514755249,5
2601,StageAdapt,0.8206639289855957,6
2602,StageAdapt,0.7685264945030212,6
2603,StageAdapt,0.839530885219574,6
2604,StageAdapt,0.8551412224769592,6
2605,StageAdapt,0.8442946076393127,6
2606,StageAdapt,0.8537799715995789,6
2607,StageAdapt,0.7669672966003418,8
2608,StageAdapt,0.7849363088607788,8
2609,StageAdapt,0.814949095249176,8
2610,StageAdapt,0.8083800077438354,8
2611,StageAdapt,0.8722842931747437,8
2612,StageAdapt,0.7967560291290283,9
2613,StageAdapt,0.7990086674690247,8
2614,StageAdapt,0.7773188948631287,8
2615,StageAdapt,0.7241750359535217,6
2616,StageAdapt,0.8162218332290649,5
2617,StageAdapt,0.7037296295166016,5
2618,StageAdapt,0.8803228735923767,3
2619,StageAdapt,0.8489670753479004,3
2620,StageAdapt,0.865764856338501,3
2621,StageAdapt,0.626902163028717,3
2622,StageAdapt,0.5612934231758118,2
2623,StageAdapt,0.5692505836486816,2
2624,StageAdapt,0.4859480261802673,2
2625,StageAdapt,0.4889685213565826,2
2626,StageAdapt,0.9310674667358398,2
2627,StageAdapt,0.9312422275543212,2
2628,StageAdapt,0.9234272241592408,2
2629,StageAdapt,0.8441558480262756,1
2630,StageAdapt,0.8550724387168884,1
2631,StageAdapt,0.8721804618835449,1
2632,StageAdapt,0.9193548560142516,1
2633,StageAdapt,0.8907563090324402,1
2634,StageAdapt,0.7346938848495483,1
2635,StageAdapt,0.800000011920929,1
2636,StageAdapt,0.6590909361839294,1
2637,StageAdapt,0.7042253613471985,1
2638,StageAdapt,0.7749999761581421,1
2639,StageAdapt,0.6753246784210205,1
2640,StageAdapt,0.7692307829856873,1
2641,StageAdapt,0.7777777910232544,1
2642,StageAdapt,0.7333333492279053,1
2643,StageAdapt,0.7796609997749329,1
2644,StageAdapt,0.6486486196517944,1
2645,StageAdapt,0.6835442781448364,1
2646,StageAdapt,0.7346938848495483,1
2647,StageAdapt,0.7529411911964417,1
2648,StageAdapt,0.6216216087341309,1
2649,StageAdapt,0.8101266026496887,1
2650,StageAdapt,0.7307692170143127,1
2651,StageAdapt,0.7428571581840515,1
2652,StageAdapt,0.7419354915618896,1
2653,StageAdapt,0.8095238208770752,1
2654,StageAdapt,0.7839999794960022,1
2655,StageAdapt,0.875,1
2656,StageAdapt,0.8208954930305481,1
2657,StageAdapt,0.8799999952316284,1
2658,StageAdapt,0.699999988079071,1
2659,StageAdapt,0.8181818127632141,1
2660,StageAdapt,0.7446808218955994,1
2661,StageAdapt,0.8333333134651184,1
2662,StageAdapt,0.822429895401001,1
2663,StageAdapt,0.782608687877655,1
2664,StageAdapt,0.8139534592628479,1
2665,StageAdapt,0.9052631855010986,1
2666,StageAdapt,0.8333333134651184,1
2667,StageAdapt,0.8048780560493469,1
2668,StageAdapt,0.9111111164093018,1
2669,StageAdapt,0.930232584476471,1
2670,StageAdapt,0.8222222328186035,1
2671,StageAdapt,0.9090909361839294,1
2672,StageAdapt,0.7027027010917664,1
2673,StageAdapt,0.6857143044471741,1
2674,StageAdapt,0.6391752362251282,1
2675,StageAdapt,0.7755101919174194,1
2676,StageAdapt,0.9502482414245604,2
2677,StageAdapt,0.8149418830871582,3
2678,StageAdapt,0.8736527562141418,3
2679,StageAdapt,0.8699841499328613,3
2680,StageAdapt,0.8590737581253052,4
2681,StageAdapt,0.8004940748214722,5
2682,StageAdapt,0.8546212911605835,5
2683,StageAdapt,0.8276998996734619,6
2684,StageAdapt,0.8467817306518555,6
2685,StageAdapt,0.8398311734199524,6
2686,StageAdapt,0.8854489326477051,6
2687,StageAdapt,0.8614152073860168,7
2688,StageAdapt,0.9105897545814514,7
2689,StageAdapt,0.8469685316085815,8
2690,StageAdapt,0.8536648154258728,8
2691,StageAdapt,0.8753013610839844,8
2692,StageAdapt,0.8382847309112549,9
2693,StageAdapt,0.8157965540885925,9
2694,StageAdapt,0.862517237663269,8
2695,StageAdapt,0.8070657253265381,8
2696,StageAdapt,0.772290050983429,6
2697,StageAdapt,0.9141986966133118,4
2698,StageAdapt,0.7390929460525513,4
2699,StageAdapt,0.593980073928833,4
2700,StageAdapt,0.9136211276054382,3
2701,StageAdapt,0.8379303812980652,3
2702,StageAdapt,0.6627100110054016,3
2703,StageAdapt,0.6684215664863586,3
2704,StageAdapt,0.4890792667865753,2
2705,StageAdapt,0.6311230063438416,3
2706,StageAdapt,0.9721938371658324,2
2707,StageAdapt,0.9478089809417723,2
2708,StageAdapt,0.93705415725708,2
2709,StageAdapt,0.9520851969718932,2
2710,StageAdapt,0.9668874144554138,1
2711,StageAdapt,0.9032257795333862,1
2712,StageAdapt,0.9160305261611938,1
2713,StageAdapt,0.8653846383094788,1
2714,StageAdapt,0.8723404407501221,1
2715,StageAdapt,0.8865979313850403,1
2716,StageAdapt,0.9512194991111756,1
2717,StageAdapt,0.911764681339264,1
2718,StageAdapt,0.8799999952316284,1
2719,StageAdapt,0.7887324094772339,1
2720,StageAdapt,0.8615384697914124,1
2721,StageAdapt,0.8571428656578064,1
2722,StageAdapt,0.8070175647735596,1
2723,StageAdapt,0.774193525314331,1
2724,StageAdapt,0.7123287916183472,1
2725,StageAdapt,0.5806451439857483,1
2726,StageAdapt,0.5979381203651428,1
2727,StageAdapt,0.6153846383094788,1
2728,StageAdapt,0.6078431606292725,1
2729,StageAdapt,0.8155339956283569,1
2730,StageAdapt,0.6600000262260437,1
2731,StageAdapt,0.6796116232872009,1
2732,StageAdapt,0.75,1
2733,StageAdapt,0.6554622054100037,1
2734,StageAdapt,0.75,1
2735,StageAdapt,0.734375,1
2736,StageAdapt,0.7090908885002136,1
2737,StageAdapt,0.5609756112098694,1
2738,StageAdapt,0.8500000238418579,1
2739,StageAdapt,0.7872340679168701,1
2740,StageAdapt,0.8288288116455078,1
2741,StageAdapt,0.834782600402832,1
2742,StageAdapt,0.717391312122345,1
2743,StageAdapt,0.8484848737716675,1
2744,StageAdapt,0.761904776096344,1
2745,StageAdapt,0.8470588326454163,1
2746,StageAdapt,0.843137264251709,1
2747,StageAdapt,0.8349514603614807,1
2748,StageAdapt,0.9655172228813172,1
2749,StageAdapt,0.8793103694915771,1
2750,StageAdapt,0.8705882430076599,1
2751,StageAdapt,0.800000011920929,1
2752,StageAdapt,0.8148148059844971,1
2753,StageAdapt,0.7866666913032532,1
2754,StageAdapt,0.9248554706573486,1
2755,StageAdapt,0.9421800971031188,1
2756,StageAdapt,0.965806007385254,1
2757,StageAdapt,0.9683582186698914,1
2758,StageAdapt,0.9623529314994812,1
2759,StageAdapt,0.9633967876434326,1
2760,StageAdapt,0.7319148778915405,1
2761,StageAdapt,0.7857142686843872,1
2762,StageAdapt,0.9607843160629272,1
2763,StageAdapt,0.970588207244873,1
2764,StageAdapt,0.9909443855285645,1
2765,StageAdapt,0.9795918464660645,1
2766,StageAdapt,0.9669937491416932,1
2767,StageAdapt,0.5788381695747375,2
2768,StageAdapt,0.8575580716133118,3
2769,StageAdapt,0.8718959093093872,5
2770,StageAdapt,0.83995121717453,5
2771,StageAdapt,0.797402560710907,5
2772,StageAdapt,0.857759952545166,5
2773,StageAdapt,0.6771209239959717,6
2774,StageAdapt,0.7137293219566345,6
2775,StageAdapt,0.7375993728637695,6
2776,StageAdapt,0.7742471098899841,6
2777,StageAdapt,0.8480857014656067,6
2778,StageAdapt,0.7742362022399902,6
2779,StageAdapt,0.8833143711090088,6
2780,StageAdapt,0.9208738803863524,6
2781,StageAdapt,0.8928101658821106,7
2782,StageAdapt,0.8959534764289856,7
2783,StageAdapt,0.8297238945960999,7
2784,StageAdapt,0.7621750831604004,8
2785,StageAdapt,0.8861233592033386,6
2786,StageAdapt,0.8545989394187927,7
2787,StageAdapt,0.9160048365592957,7
2788,StageAdapt,0.898422122001648,7
2789,StageAdapt,0.8346245884895325,7
2790,StageAdapt,0.9027621150016784,7
2791,StageAdapt,0.9055833220481871,6
2792,StageAdapt,0.9195896983146667,6
2793,StageAdapt,0.8629266619682312,6
2794,StageAdapt,0.95193749666214,3
2795,StageAdapt,0.9640148282051086,3
2796,StageAdapt,0.9604323506355286,3
2797,StageAdapt,0.9547874331474304,3
2798,StageAdapt,0.9500873684883118,3
2799,StageAdapt,0.8496001362800598,3
2800,StageAdapt,0.7399408221244812,4
2801,StageAdapt,0.9222146272659302,4
2802,StageAdapt,0.9214625358581544,3
2803,StageAdapt,0.9430897831916808,3
2804,StageAdapt,0.954920530319214,2
2805,StageAdapt,0.926080584526062,2
2806,StageAdapt,0.895197868347168,2
2807,StageAdapt,0.8350772261619568,2
2808,StageAdapt,0.8775927424430847,2
2809,StageAdapt,0.9208477735519408,2
2810,StageAdapt,0.7489740252494812,2
2811,StageAdapt,0.75,1
2812,StageAdapt,0.7924528121948242,1
2813,StageAdapt,0.65625,1
2814,StageAdapt,0.6666666865348816,1
2815,StageAdapt,0.6779661178588867,1
2816,StageAdapt,0.6666666865348816,1
2817,StageAdapt,0.9054054021835328,1
2818,StageAdapt,0.8744588494300842,1
2819,StageAdapt,0.8771929740905762,1
2820,StageAdapt,0.8991596698760986,1
2821,StageAdapt,0.8521303534507751,1
2822,StageAdapt,0.8139534592628479,1
2823,StageAdapt,0.8964143395423889,1
2824,StageAdapt,0.5454545617103577,1
2825,StageAdapt,0.9399999976158142,1
2826,StageAdapt,0.9532710313796996,1
2827,StageAdapt,0.982543647289276,1
2828,StageAdapt,0.953125,1
2829,StageAdapt,0.9471766948699952,1
2830,StageAdapt,0.8907346725463867,3
2831,StageAdapt,0.9512331485748292,3
2832,StageAdapt,0.9368992447853088,3
2833,StageAdapt,0.9462185502052308,3
2834,StageAdapt,0.9454078674316406,3
2835,StageAdapt,0.7928423881530762,4
2836,StageAdapt,0.8205535411834717,4
2837,StageAdapt,0.873752772808075,4
2838,StageAdapt,0.8981733322143555,4
2839,StageAdapt,0.8822290301322937,4
2840,StageAdapt,0.8636981844902039,5
2841,StageAdapt,0.910932183265686,5
2842,StageAdapt,0.8898994326591492,7
2843,StageAdapt,0.903523862361908,7
2844,StageAdapt,0.9088506102561952,7
2845,StageAdapt,0.9093953371047974,7
2846,StageAdapt,0.8904617428779602,7
2847,StageAdapt,0.6749001145362854,8
2848,StageAdapt,0.8062272667884827,7
2849,StageAdapt,0.7964125871658325,5
2850,StageAdapt,0.8461298942565918,5
2851,StageAdapt,0.740260124206543,6
2852,StageAdapt,0.7412315607070923,5
2853,StageAdapt,0.9282034039497375,4
2854,StageAdapt,0.8162093162536621,5
2855,StageAdapt,0.9093363881111144,4
2856,StageAdapt,0.9584481120109558,4
2857,StageAdapt,0.8727574944496155,3
2858,StageAdapt,0.8096527457237244,3
2859,StageAdapt,0.9058667421340942,2
2860,StageAdapt,0.9320366382598876,2
2861,StageAdapt,0.9403197765350342,2
2862,StageAdapt,0.9470030069351196,2
2863,StageAdapt,0.948790967464447,2
2864,StageAdapt,0.8746435046195984,2
2865,StageAdapt,0.8607594966888428,2
2866,StageAdapt,0.9036621451377868,2
2867,StageAdapt,0.8342031240463257,2
2868,StageAdapt,0.7027777433395386,2
2869,StageAdapt,0.6657980680465698,2
2870,StageAdapt,0.8780487775802612,1
2871,StageAdapt,0.8444444537162781,1
2872,StageAdapt,0.6530612111091614,1
2873,StageAdapt,0.7555555701255798,1
2874,StageAdapt,0.8636363744735718,1
2875,StageAdapt,0.6153846383094788,1
2876,StageAdapt,0.5925925970077515,1
2877,StageAdapt,0.9689737558364868,1
2878,StageAdapt,0.9039039015769958,1
2879,StageAdapt,0.8955532312393188,1
2880,StageAdapt,0.8454976081848145,1
2881,StageAdapt,0.9204545617103576,1
2882,StageAdapt,0.9295003414154052,1
2883,StageAdapt,0.9465649127960204,1
2884,StageAdapt,0.880334734916687,1
2885,StageAdapt,0.8810871839523315,1
2886,StageAdapt,0.0221606642007827,1
2887,StageAdapt,0.844357967376709,1
2888,StageAdapt,0.774193525314331,1
2889,StageAdapt,0.7870370149612427,1
2890,StageAdapt,0.9698996543884276,1
2891,StageAdapt,0.9671361446380616,1
2892,StageAdapt,0.534955620765686,2
2893,StageAdapt,0.8974430561065674,2
2894,StageAdapt,0.9514087438583374,2
2895,StageAdapt,0.7876960635185242,3
2896,StageAdapt,0.8077990412712097,3
2897,StageAdapt,0.822987973690033,3
2898,StageAdapt,0.8435661792755127,3
2899,StageAdapt,0.8573320508003235,3
2900,StageAdapt,0.5518046617507935,4
2901,StageAdapt,0.7306997776031494,4
2902,StageAdapt,0.6472374200820923,5
2903,StageAdapt,0.6567404866218567,5
2904,StageAdapt,0.7221401929855347,5
2905,StageAdapt,0.8020397424697876,5
2906,StageAdapt,0.6663339138031006,6
2907,StageAdapt,0.7258901596069336,7
2908,StageAdapt,0.7924723029136658,7
2909,StageAdapt,0.8544891476631165,6
2910,StageAdapt,0.8735909461975098,6
2911,StageAdapt,0.8294215798377991,7
2912,StageAdapt,0.8121269941329956,7
2913,StageAdapt,0.8104557991027832,6
2914,StageAdapt,0.8090927600860596,6
2915,StageAdapt,0.6753548383712769,5
2916,StageAdapt,0.6211177110671997,5
2917,StageAdapt,0.6424746513366699,5
2918,StageAdapt,0.6987035274505615,4
2919,StageAdapt,0.7388082146644592,4
2920,StageAdapt,0.6183627247810364,5
2921,StageAdapt,0.718234658241272,5
2922,StageAdapt,0.655258297920227,4
2923,StageAdapt,0.8648173809051514,3
2924,StageAdapt,0.8936140537261963,3
2925,StageAdapt,0.9241943359375,3
2926,StageAdapt,0.7773687839508057,3
2927,StageAdapt,0.8741344213485718,2
2928,StageAdapt,0.9310363531112672,2
2929,StageAdapt,0.9351154565811156,2
2930,StageAdapt,0.9110794067382812,2
2931,StageAdapt,0.8306437134742737,2
2932,StageAdapt,0.8444045782089233,2
2933,StageAdapt,0.8219178318977356,2
2934,StageAdapt,0.8728417158126831,2
2935,StageAdapt,0.8988639712333679,2
2936,StageAdapt,0.52173912525177,1
2937,StageAdapt,0.5696202516555786,1
2938,StageAdapt,0.8827361464500427,1
2939,StageAdapt,0.4266054928302765,1
2940,StageAdapt,0.601783037185669,1
2941,StageAdapt,0.9212707281112672,1
2942,StageAdapt,0.7251655459403992,1
2943,StageAdapt,0.4293785393238067,1
2944,StageAdapt,0.8037825226783752,1
2945,StageAdapt,0.8753541111946106,1
2946,StageAdapt,0.8495049476623535,1
2947,StageAdapt,0.8748018741607666,1
2948,StageAdapt,0.925581395626068,1
2949,StageAdapt,0.8726801872253418,1
2950,StageAdapt,0.9320629835128784,1
2951,StageAdapt,0.933803379535675,1
2952,StageAdapt,0.9427852034568788,1
2953,StageAdapt,0.945441484451294,1
2954,StageAdapt,0.9383490085601808,1
2955,StageAdapt,0.9070063829421996,1
2956,StageAdapt,0.8778794407844543,1
2957,StageAdapt,0.8952240943908691,2
2958,StageAdapt,0.8449966311454773,3
2959,StageAdapt,0.801908016204834,4
2960,StageAdapt,0.769461989402771,4
2961,StageAdapt,0.8278249502182007,4
2962,StageAdapt,0.7862586975097656,6
2963,StageAdapt,0.8098664879798889,7
2964,StageAdapt,0.8308241963386536,7
2965,StageAdapt,0.832433819770813,7
2966,StageAdapt,0.8316174745559692,7
2967,StageAdapt,0.8488660454750061,7
2968,StageAdapt,0.8384129405021667,7
2969,StageAdapt,0.8397597074508667,7
2970,StageAdapt,0.7840103507041931,7
2971,StageAdapt,0.7929056286811829,6
2972,StageAdapt,0.9014320373535156,6
2973,StageAdapt,0.8664959073066711,6
2974,StageAdapt,0.8019694089889526,8
2975,StageAdapt,0.7032175660133362,7
2976,StageAdapt,0.8979613184928894,5
2977,StageAdapt,0.8654345273971558,5
2978,StageAdapt,0.7365822196006775,6
2979,StageAdapt,0.7066364884376526,6
2980,StageAdapt,0.799667477607727,5
2981,StageAdapt,0.8837814331054688,4
2982,StageAdapt,0.9095250368118286,4
2983,StageAdapt,0.7678476572036743,4
2984,StageAdapt,0.7815577983856201,2
2985,StageAdapt,0.7126436829566956,1
2986,StageAdapt,0.900900900363922,1
2987,StageAdapt,0.8333333134651184,1
2988,StageAdapt,0.8952381014823914,1
2989,StageAdapt,0.9655172228813172,1
2990,StageAdapt,0.8623853325843811,1
2991,StageAdapt,0.9059829115867616,1
2992,StageAdapt,0.9189189076423644,1
2993,StageAdapt,0.9454545378684998,1
2994,StageAdapt,0.9333333373069764,1
2995,StageAdapt,0.9357798099517822,1
2996,StageAdapt,0.8541666865348816,1
2997,StageAdapt,0.75789475440979,1
2998,StageAdapt,0.8192771077156067,1
2999,StageAdapt,0.8648648858070374,1
3000,StageAdapt,0.8285714387893677,1
3001,StageAdapt,0.8780487775802612,1
3002,StageAdapt,0.8817204236984253,1
3003,StageAdapt,0.7948718070983887,1
3004,StageAdapt,0.6734693646430969,1
3005,StageAdapt,0.7777777910232544,1
3006,StageAdapt,0.6881720423698425,1
3007,StageAdapt,0.4941176474094391,1
3008,StageAdapt,0.3939394056797027,1
3009,StageAdapt,0.3684210479259491,1
3010,StageAdapt,0.3595505654811859,1
3011,StageAdapt,0.3797468245029449,1
3012,StageAdapt,0.5970149040222168,1
3013,StageAdapt,0.7352941036224365,1
3014,StageAdapt,0.8602150678634644,1
3015,StageAdapt,0.8684210777282715,1
3016,StageAdapt,0.8709677457809448,1
3017,StageAdapt,0.8524590134620667,1
3018,StageAdapt,0.8235294222831726,1
3019,StageAdapt,0.8947368264198303,1
3020,StageAdapt,0.8421052694320679,1
3021,StageAdapt,0.8888888955116272,1
3022,StageAdapt,0.8285714387893677,1
3023,StageAdapt,0.7594936490058899,1
3024,StageAdapt,0.8500000238418579,1
3025,StageAdapt,0.8235294222831726,1
3026,StageAdapt,0.707317054271698,1
3027,StageAdapt,0.7341772317886353,1
3028,StageAdapt,0.7090908885002136,1
3029,StageAdapt,0.5591397881507874,1
3030,StageAdapt,0.5609756112098694,1
3031,StageAdapt,0.6412213444709778,1
3032,StageAdapt,0.8877550959587097,1
3033,StageAdapt,0.9546350836753844,1
3034,StageAdapt,0.968137264251709,1
3035,StageAdapt,0.4415584504604339,1
3036,StageAdapt,2.673796739571799e-10,1
3037,StageAdapt,0.0594059415161609,1
3038,StageAdapt,7.246376831915312e-10,1
3039,StageAdapt,0.3846153914928436,1
3040,StageAdapt,0.5086206793785095,1
3041,StageAdapt,0.6643109321594238,1
3042,StageAdapt,0.5037487149238586,3
3043,StageAdapt,0.8560811877250671,3
3044,StageAdapt,0.8552287220954895,4
3045,StageAdapt,0.8791329264640808,6
3046,StageAdapt,0.8526881337165833,7
3047,StageAdapt,0.9029678702354432,7
3048,StageAdapt,0.9148064851760864,7
3049,StageAdapt,0.9094131588935852,7
3050,StageAdapt,0.9075182676315308,7
3051,StageAdapt,0.8669489622116089,7
3052,StageAdapt,0.8700678944587708,7
3053,StageAdapt,0.8001828789710999,7
3054,StageAdapt,0.7887284159660339,8
3055,StageAdapt,0.8579147458076477,7
3056,StageAdapt,0.7845034599304199,7
3057,StageAdapt,0.869289219379425,6
3058,StageAdapt,0.9001727104187012,6
3059,StageAdapt,0.8672513961791992,7
3060,StageAdapt,0.8730952143669128,7
3061,StageAdapt,0.9119756817817688,6
3062,StageAdapt,0.8467472791671753,7
3063,StageAdapt,0.8225412368774414,7
3064,StageAdapt,0.7729467153549194,7
3065,StageAdapt,0.7886486053466797,6
3066,StageAdapt,0.8453809022903442,4
3067,StageAdapt,0.8190103769302368,4
3068,StageAdapt,0.972374677658081,3
3069,StageAdapt,0.9648967385292052,3
3070,StageAdapt,0.9394078254699708,3
3071,StageAdapt,0.9140064120292664,4
3072,StageAdapt,0.8929421305656433,3
3073,StageAdapt,0.8949741125106812,2
3074,StageAdapt,0.9113175868988036,2
3075,StageAdapt,0.8374999761581421,1
3076,StageAdapt,0.9139179587364196,1
3077,StageAdapt,0.9446749687194824,1
3078,StageAdapt,0.9385474920272828,1
3079,StageAdapt,0.4919354915618896,1
3080,StageAdapt,0.7111111283302307,1
3081,StageAdapt,0.9435897469520568,1
3082,StageAdapt,0.9550173282623292,1
3083,StageAdapt,0.9352112412452698,1
3084,StageAdapt,0.9111111164093018,2
3085,StageAdapt,0.8932900428771973,3
3086,StageAdapt,0.8845598697662354,3
3087,StageAdapt,0.9442095756530762,3
3088,StageAdapt,0.8928272128105164,3
3089,StageAdapt,0.8864092230796814,3
3090,StageAdapt,0.782943069934845,3
3091,StageAdapt,0.6461295485496521,4
3092,StageAdapt,0.7725486755371094,5
3093,StageAdapt,0.8300920724868774,5
3094,StageAdapt,0.8649446368217468,5
3095,StageAdapt,0.8001980781555176,5
3096,StageAdapt,0.8877299427986145,6
3097,StageAdapt,0.7602077722549438,7
3098,StageAdapt,0.902131974697113,8
3099,StageAdapt,0.8944913148880005,8
3100,StageAdapt,0.9064337015151978,8
3101,StageAdapt,0.8697613477706909,9
3102,StageAdapt,0.8489491939544678,9
3103,StageAdapt,0.8114587068557739,7
3104,StageAdapt,0.8210018873214722,8
3105,StageAdapt,0.8343439102172852,6
3106,StageAdapt,0.8861033320426941,6
3107,StageAdapt,0.8566350936889648,5
3108,StageAdapt,0.8720160722732544,5
3109,StageAdapt,0.7373777627944946,5
3110,StageAdapt,0.7507804036140442,5
3111,StageAdapt,0.8210280537605286,5
3112,StageAdapt,0.7792495489120483,5
3113,StageAdapt,0.923086941242218,4
3114,StageAdapt,0.814475417137146,4
3115,StageAdapt,0.6983078718185425,4
3116,StageAdapt,0.6744000315666199,4
3117,StageAdapt,0.6096863150596619,3
3118,StageAdapt,0.6110100150108337,3
3119,StageAdapt,0.9063315391540528,2
3120,StageAdapt,0.8306263089179993,2
3121,StageAdapt,0.7496598958969116,2
3122,StageAdapt,0.7920030951499939,2
3123,StageAdapt,0.973621129989624,1
3124,StageAdapt,0.9148418307304382,1
3125,StageAdapt,0.9742612242698668,1
3126,StageAdapt,0.9808481335639954,1
3127,StageAdapt,0.9829221963882446,1
3128,StageAdapt,0.9680696725845336,1
3129,StageAdapt,0.6853147149085999,1
3130,StageAdapt,0.9152542352676392,1
3131,StageAdapt,0.9238269329071044,2
3132,StageAdapt,0.9798710942268372,2
3133,StageAdapt,0.986254870891571,2
3134,StageAdapt,0.910105049610138,4
3135,StageAdapt,0.9591374397277832,4
3136,StageAdapt,0.7523442506790161,5
3137,StageAdapt,0.9175785779953004,5
3138,StageAdapt,0.9068974256515504,5
3139,StageAdapt,0.8703753352165222,6
3140,StageAdapt,0.9050561189651488,7
3141,StageAdapt,0.908383309841156,7
3142,StageAdapt,0.8812904357910156,8
3143,StageAdapt,0.9470154047012328,8
3144,StageAdapt,0.9536677598953248,8
3145,StageAdapt,0.8823188543319702,9
3146,StageAdapt,0.9019453525543212,9
3147,StageAdapt,0.92036110162735,9
3148,StageAdapt,0.8990646004676819,9
3149,StageAdapt,0.8963342308998108,7
3150,StageAdapt,0.919180393218994,7
3151,StageAdapt,0.7795405387878418,6
3152,StageAdapt,0.8789727687835693,4
3153,StageAdapt,0.9715846180915833,3
3154,StageAdapt,0.9747402667999268,3
3155,StageAdapt,0.9795569777488708,3
3156,StageAdapt,0.9210150241851808,4
3157,StageAdapt,0.9570561051368712,4
3158,StageAdapt,0.8147943019866943,4
3159,StageAdapt,0.936543107032776,2
3160,StageAdapt,0.9615139961242676,2
3161,StageAdapt,0.9541918635368348,2
3162,StageAdapt,0.875212550163269,2
3163,StageAdapt,0.8192771077156067,1
3164,StageAdapt,0.8636363744735718,1
3165,StageAdapt,0.9056603908538818,1
3166,StageAdapt,0.6296296119689941,1
3167,StageAdapt,0.4651162922382355,1
3168,StageAdapt,0.9110047817230223,1
3169,StageAdapt,0.9535783529281616,1
3170,StageAdapt,0.9346092343330384,1
3171,StageAdapt,0.9590643048286438,1
3172,StageAdapt,0.9646127223968506,1
3173,StageAdapt,0.9679661989212036,1
3174,StageAdapt,0.96342796087265,1
3175,StageAdapt,0.9279308915138244,1
3176,StageAdapt,0.784370481967926,1
3177,StageAdapt,0.7122736573219299,1
3178,StageAdapt,0.6415094137191772,1
3179,StageAdapt,0.8874619007110596,2
3180,StageAdapt,0.893399715423584,3
3181,StageAdapt,0.9343891739845276,3
3182,StageAdapt,0.8937459588050842,3
3183,StageAdapt,0.8965867161750793,3
3184,StageAdapt,0.867207944393158,3
3185,StageAdapt,0.8486933708190918,4
3186,StageAdapt,0.7907198071479797,5
3187,StageAdapt,0.8171541094779968,5
3188,StageAdapt,0.8716028332710266,5
3189,StageAdapt,0.8986913561820984,5
3190,StageAdapt,0.8725028038024902,6
3191,StageAdapt,0.78265780210495,7
3192,StageAdapt,0.8539160490036011,8
3193,StageAdapt,0.8512646555900574,9
3194,StageAdapt,0.8406515121459961,9
3195,StageAdapt,0.8786129355430603,9
3196,StageAdapt,0.8821576833724976,9
3197,StageAdapt,0.7702263593673706,9
3198,StageAdapt,0.7539031505584717,6
3199,StageAdapt,0.8943044543266296,4
3200,StageAdapt,0.7906270027160645,4
3201,StageAdapt,0.9356513023376464,3
3202,StageAdapt,0.9425562024116516,3
3203,StageAdapt,0.9326775670051576,3
3204,StageAdapt,0.9298386573791504,3
3205,StageAdapt,0.7334116697311401,2
3206,StageAdapt,0.7688355445861816,2
3207,StageAdapt,0.5350703597068787,2
3208,StageAdapt,0.937929093837738,2
3209,StageAdapt,0.8926547765731812,2
3210,StageAdapt,0.9188972115516664,2
3211,StageAdapt,0.9238481521606444,2
3212,StageAdapt,0.8709677457809448,1
3213,StageAdapt,0.9194312691688538,1
3214,StageAdapt,0.9213483333587646,1
3215,StageAdapt,0.8974359035491943,1
3216,StageAdapt,0.2539682686328888,1
3217,StageAdapt,0.5429234504699707,1
3218,StageAdapt,0.8612334728240967,1
3219,StageAdapt,0.8425472378730774,1
3220,StageAdapt,0.8792600035667419,1
3221,StageAdapt,0.924434244632721,1
3222,StageAdapt,0.9508323669433594,1
3223,StageAdapt,0.9705288410186768,1
3224,StageAdapt,0.8982957601547241,1
3225,StageAdapt,0.7543185949325562,1
3226,StageAdapt,0.739130437374115,2
3227,StageAdapt,0.8132875561714172,2
3228,StageAdapt,0.8404790759086609,3
3229,StageAdapt,0.8956997394561768,3
3230,StageAdapt,0.7830689549446106,3
3231,StageAdapt,0.9039844870567322,3
3232,StageAdapt,0.9072928428649902,4
3233,StageAdapt,0.8143677711486816,5
3234,StageAdapt,0.8591087460517883,6
3235,StageAdapt,0.851732075214386,6
3236,StageAdapt,0.8495960235595703,6
3237,StageAdapt,0.8473832011222839,6
3238,StageAdapt,0.8497534990310669,7
3239,StageAdapt,0.8707000017166138,7
3240,StageAdapt,0.8478021621704102,7
3241,StageAdapt,0.87535160779953,7
3242,StageAdapt,0.8178197741508484,8
3243,StageAdapt,0.8015297055244446,7
3244,StageAdapt,0.8105827569961548,8
3245,StageAdapt,0.8104420304298401,8
3246,StageAdapt,0.8377904891967773,7
3247,StageAdapt,0.9050914645195008,6
3248,StageAdapt,0.9062525629997252,6
3249,StageAdapt,0.8314138054847717,6
3250,StageAdapt,0.6727958917617798,5
3251,StageAdapt,0.9581387639045716,3
3252,StageAdapt,0.9543793201446532,3
3253,StageAdapt,0.9501877427101136,3
3254,StageAdapt,0.9647252559661864,3
3255,StageAdapt,0.9634602069854736,3
3256,StageAdapt,0.9585141539573668,3
3257,StageAdapt,0.9055106043815612,3
3258,StageAdapt,0.936713457107544,2
3259,StageAdapt,0.8871355652809143,2
3260,StageAdapt,0.8705109357833862,2
3261,StageAdapt,0.4472361803054809,2
3262,StageAdapt,0.6865671873092651,1
3263,StageAdapt,0.8448275923728943,1
3264,StageAdapt,0.8793103694915771,1
3265,StageAdapt,0.7628865838050842,1
3266,StageAdapt,0.8623853325843811,1
3267,StageAdapt,0.7878788113594055,1
3268,StageAdapt,0.6769230961799622,1
3269,StageAdapt,0.6800000071525574,1
3270,StageAdapt,0.7142857313156128,1
3271,StageAdapt,0.6511628031730652,1
3272,StageAdapt,0.6666666865348816,1
3273,StageAdapt,0.6236559152603149,1
3274,StageAdapt,0.9744779467582704,1
3275,StageAdapt,0.9299655556678772,1
3276,StageAdapt,0.8262476921081543,1
3277,StageAdapt,0.8924418687820435,1
3278,StageAdapt,0.0958904102444648,1
3279,StageAdapt,0.4215730726718902,2
3280,StageAdapt,0.6200087070465088,2
3281,StageAdapt,0.5239160656929016,3
3282,StageAdapt,0.8823235034942627,3
3283,StageAdapt,0.8862727880477905,4
3284,StageAdapt,0.924098014831543,4
3285,StageAdapt,0.9596463441848756,4
3286,StageAdapt,0.9617763757705688,4
3287,StageAdapt,0.9526247978210448,4
3288,StageAdapt,0.9043113589286804,5
3289,StageAdapt,0.9336387515068054,5
3290,StageAdapt,0.9277204275131226,5
3291,StageAdapt,0.9344462156295776,5
3292,StageAdapt,0.932466685771942,5
3293,StageAdapt,0.9106621742248536,6
3294,StageAdapt,0.9115964770317078,6
3295,StageAdapt,0.8639889359474182,6
3296,StageAdapt,0.8554438352584839,7
3297,StageAdapt,0.8576703071594238,7
3298,StageAdapt,0.7871562242507935,8
3299,StageAdapt,0.8138900399208069,9
3300,StageAdapt,0.8962270021438599,9
3301,StageAdapt,0.876761794090271,10
3302,StageAdapt,0.7982013821601868,10
3303,StageAdapt,0.8955731391906738,8
3304,StageAdapt,0.9268115162849426,7
3305,StageAdapt,0.8948944807052612,7
3306,StageAdapt,0.7992582321166992,6
3307,StageAdapt,0.8803638815879822,4
3308,StageAdapt,0.9646151661872864,3
3309,StageAdapt,0.974122941493988,3
3310,StageAdapt,0.9637866020202636,3
3311,StageAdapt,0.9678953289985656,3
3312,StageAdapt,0.9304345846176147,4
3313,StageAdapt,0.9163982272148132,4
3314,StageAdapt,0.9519222378730774,4
3315,StageAdapt,0.6865671873092651,1
3316,StageAdapt,0.915331780910492,1
3317,StageAdapt,0.8966318368911743,1
3318,StageAdapt,0.939130425453186,1
3319,StageAdapt,0.9648894667625428,1
3320,StageAdapt,0.9318559765815736,1
3321,StageAdapt,0.955937922000885,1
3322,StageAdapt,0.9600614309310912,1
3323,StageAdapt,0.9410990476608276,1
3324,StageAdapt,0.9706999659538268,1
3325,StageAdapt,0.962616801261902,1
3326,StageAdapt,0.979556679725647,1
3327,StageAdapt,0.9716354608535768,1
3328,StageAdapt,0.9620253443717957,1
3329,StageAdapt,0.9673704504966736,1
3330,StageAdapt,0.96746426820755,1
3331,StageAdapt,0.9603658318519592,1
3332,StageAdapt,0.971024751663208,1
3333,StageAdapt,0.945354163646698,1
3334,StageAdapt,0.9155518412590028,1
3335,StageAdapt,0.8742045760154724,1
3336,StageAdapt,0.8779661059379578,1
3337,StageAdapt,0.8501966595649719,1
3338,StageAdapt,0.8897550106048584,1
3339,StageAdapt,0.5877550840377808,1
3340,StageAdapt,0.0851063802838325,1
3341,StageAdapt,0.949999988079071,1
3342,StageAdapt,0.9648711681365968,1
3343,StageAdapt,0.9700000286102296,1
3344,StageAdapt,0.9534591436386108,1
3345,StageAdapt,0.9798792600631714,1
3346,StageAdapt,0.6982235312461853,2
3347,StageAdapt,0.7128275036811829,2
3348,StageAdapt,0.7508502006530762,2
3349,StageAdapt,0.8360205888748169,2
3350,StageAdapt,0.876788318157196,2
3351,StageAdapt,0.8964532613754272,2
3352,StageAdapt,0.6611563563346863,3
3353,StageAdapt,0.6882449984550476,3
3354,StageAdapt,0.7023079991340637,4
3355,StageAdapt,0.7636325359344482,4
3356,StageAdapt,0.6892403960227966,6
3357,StageAdapt,0.8037716746330261,6
3358,StageAdapt,0.8490250706672668,6
3359,StageAdapt,0.8021665215492249,7
3360,StageAdapt,0.8634594678878784,7
3361,StageAdapt,0.8448325395584106,7
3362,StageAdapt,0.892389714717865,7
3363,StageAdapt,0.8955721855163574,7
3364,StageAdapt,0.8758454918861389,7
3365,StageAdapt,0.9007934927940368,7
3366,StageAdapt,0.8695971369743347,7
3367,StageAdapt,0.873214602470398,7
3368,StageAdapt,0.8886440396308899,7
3369,StageAdapt,0.8536561727523804,7
3370,StageAdapt,0.8586145043373108,7
3371,StageAdapt,0.839777946472168,7
3372,StageAdapt,0.8517776727676392,7
3373,StageAdapt,0.8772396445274353,7
3374,StageAdapt,0.8098746538162231,7
3375,StageAdapt,0.8458056449890137,7
3376,StageAdapt,0.8503299951553345,7
3377,StageAdapt,0.8408030271530151,7
3378,StageAdapt,0.8554027676582336,7
3379,StageAdapt,0.8650856018066406,7
3380,StageAdapt,0.8564205169677734,7
3381,StageAdapt,0.8328495025634766,7
3382,StageAdapt,0.8461451530456543,8
3383,StageAdapt,0.8457379937171936,8
3384,StageAdapt,0.865623950958252,8
3385,StageAdapt,0.8862923979759216,7
3386,StageAdapt,0.9002381563186646,7
3387,StageAdapt,0.8822387456893921,8
3388,StageAdapt,0.886673629283905,9
3389,StageAdapt,0.8094279766082764,9
3390,StageAdapt,0.8837872743606567,8
3391,StageAdapt,0.8422517776489258,8
3392,StageAdapt,0.856590747833252,8
3393,StageAdapt,0.9020901918411256,7
3394,StageAdapt,0.8805922269821167,7
3395,StageAdapt,0.8541487455368042,7
3396,StageAdapt,0.8703091740608215,7
3397,StageAdapt,0.8540481328964233,7
3398,StageAdapt,0.932205855846405,6
3399,StageAdapt,0.9310892224311828,6
3400,StageAdapt,0.9440853595733644,6
3401,StageAdapt,0.8604916930198669,6
3402,StageAdapt,0.8400833010673523,6
3403,StageAdapt,0.8563744425773621,6
3404,StageAdapt,0.8206637501716614,6
3405,StageAdapt,0.8126804232597351,5
3406,StageAdapt,0.8031301498413086,4
3407,StageAdapt,0.963484227657318,3
3408,StageAdapt,0.9724556803703308,3
3409,StageAdapt,0.9586922526359558,3
3410,StageAdapt,0.8655234575271606,4
3411,StageAdapt,0.9311721324920654,4
3412,StageAdapt,0.9310286045074464,4
3413,StageAdapt,0.9364092350006104,4
3414,StageAdapt,0.92024165391922,4
3415,StageAdapt,0.941105842590332,4
3416,StageAdapt,0.9309865236282348,4
3417,StageAdapt,0.9105409383773804,4
3418,StageAdapt,0.9436764121055604,4
3419,StageAdapt,0.9134646654129028,4
3420,StageAdapt,0.933447241783142,4
3421,StageAdapt,0.8055599927902222,4
3422,StageAdapt,0.9057912230491638,3
3423,StageAdapt,0.8806993365287781,3
3424,StageAdapt,0.7871009707450867,3
3425,StageAdapt,0.8661761283874512,2
3426,StageAdapt,0.8523308038711548,2
3427,StageAdapt,0.8048780560493469,1
3428,StageAdapt,0.6268656849861145,1
3429,StageAdapt,0.7042253613471985,1
3430,StageAdapt,0.7529411911964417,1
3431,StageAdapt,0.8737863898277283,1
3432,StageAdapt,0.9433962106704712,1
3433,StageAdapt,0.9465020298957824,1
3434,StageAdapt,0.9692112803459167,1
3435,StageAdapt,0.9849677681922911,1
3436,StageAdapt,0.9860615730285645,1
3437,StageAdapt,0.984790861606598,1
3438,StageAdapt,0.9858204126358032,1
3439,StageAdapt,0.990129053592682,1
3440,StageAdapt,0.9809744954109192,1
3441,StageAdapt,0.6652451753616333,1
3442,StageAdapt,0.945652186870575,1
3443,StageAdapt,0.6666666865348816,1
3444,StageAdapt,0.9837398529052734,1
3445,StageAdapt,0.973519206047058,2
3446,StageAdapt,0.9796967506408693,2
3447,StageAdapt,0.9815244674682616,2
3448,StageAdapt,0.9682340621948242,3
3449,StageAdapt,0.9550900459289552,3
3450,StageAdapt,0.9651075005531312,3
3451,StageAdapt,0.9236741065979004,3
3452,StageAdapt,0.8905504941940308,5
3453,StageAdapt,0.941621959209442,5
3454,StageAdapt,0.9065202474594116,5
3455,StageAdapt,0.935043215751648,5
3456,StageAdapt,0.9337404370307922,5
3457,StageAdapt,0.9421807527542114,5
3458,StageAdapt,0.9186561703681946,5
3459,StageAdapt,0.8009899854660034,7
3460,StageAdapt,0.9279071092605592,7
3461,StageAdapt,0.9410046339035034,7
3462,StageAdapt,0.935310423374176,7
3463,StageAdapt,0.906224250793457,10
3464,StageAdapt,0.926054835319519,10
3465,StageAdapt,0.9102083444595336,8
3466,StageAdapt,0.893740713596344,7
3467,StageAdapt,0.8110213875770569,6
3468,StageAdapt,0.9533599615097046,4
3469,StageAdapt,0.920947253704071,4
3470,StageAdapt,0.9721901416778564,3
3471,StageAdapt,0.9716820120811462,3
3472,StageAdapt,0.9662317633628844,3
3473,StageAdapt,0.951989471912384,4
3474,StageAdapt,0.9624060988426208,4
3475,StageAdapt,0.9422357678413392,4
3476,StageAdapt,0.9409753680229188,4
3477,StageAdapt,0.931580364704132,3
3478,StageAdapt,0.8994056582450867,3
3479,StageAdapt,0.9481351375579834,2
3480,StageAdapt,0.9600565433502196,2
3481,StageAdapt,0.9641932249069214,2
3482,StageAdapt,0.9724876880645752,2
3483,StageAdapt,0.9761074781417848,2
3484,StageAdapt,0.9442930221557616,2
3485,StageAdapt,0.8888888955116272,1
3486,StageAdapt,0.8960000276565552,1
3487,StageAdapt,0.9059829115867616,1
3488,StageAdapt,0.8131868243217468,1
3489,StageAdapt,0.8695651888847351,1
3490,StageAdapt,0.89552241563797,1
3491,StageAdapt,0.739130437374115,1
3492,StageAdapt,0.8333333134651184,1
3493,StageAdapt,0.7777777910232544,1
3494,StageAdapt,0.7605633735656738,1
3495,StageAdapt,0.8631578683853149,1
3496,StageAdapt,0.8712871074676514,1
3497,StageAdapt,0.8695651888847351,1
3498,StageAdapt,0.7631579041481018,1
3499,StageAdapt,0.8524590134620667,1
3500,StageAdapt,0.9090909361839294,1
3501,StageAdapt,0.7843137383460999,1
3502,StageAdapt,0.8266666531562805,1
3503,StageAdapt,0.7191011309623718,1
3504,StageAdapt,0.9090909361839294,1
3505,StageAdapt,0.8907563090324402,1
3506,StageAdapt,0.843137264251709,1
3507,StageAdapt,0.8433734774589539,1
3508,StageAdapt,0.8157894611358643,1
3509,StageAdapt,0.8571428656578064,1
3510,StageAdapt,0.8235294222831726,1
3511,StageAdapt,0.8181818127632141,1
3512,StageAdapt,0.7631579041481018,1
3513,StageAdapt,0.8863636255264282,1
3514,StageAdapt,0.7605633735656738,1
3515,StageAdapt,0.7160493731498718,1
3516,StageAdapt,0.7948718070983887,1
3517,StageAdapt,0.9069767594337464,1
3518,StageAdapt,0.9024389982223512,1
3519,StageAdapt,0.8947368264198303,1
3520,StageAdapt,0.7532467246055603,1
0,Hproj2,0.9278846383094788,1
1,Hproj2,0.9275675415992736,1
2,Hproj2,0.9764543175697328,1
3,Hproj2,0.959999978542328,1
4,Hproj2,0.9831387996673584,1
5,Hproj2,0.9889415502548218,1
6,Hproj2,0.9890109896659852,1
7,Hproj2,0.9829059839248656,1
8,Hproj2,0.9490695595741272,1
9,Hproj2,0.9749582409858704,1
10,Hproj2,0.968299686908722,1
11,Hproj2,0.9476743936538696,1
12,Hproj2,1.2500000146076218e-08,1
13,Hproj2,0.9192546606063844,1
14,Hproj2,0.9696969985961914,1
15,Hproj2,0.8444343209266663,2
16,Hproj2,0.8703427314758301,2
17,Hproj2,0.7822290062904358,3
18,Hproj2,0.8453660607337952,3
19,Hproj2,0.826450526714325,4
20,Hproj2,0.8727896213531494,4
21,Hproj2,0.9011706113815308,4
22,Hproj2,0.8248659372329712,5
23,Hproj2,0.7247298359870911,6
24,Hproj2,0.6816428303718567,6
25,Hproj2,0.8072302341461182,6
26,Hproj2,0.8451547622680664,6
27,Hproj2,0.8503041863441467,7
28,Hproj2,0.7855696082115173,7
29,Hproj2,0.807957649230957,7
30,Hproj2,0.8725094199180603,7
31,Hproj2,0.884307324886322,7
32,Hproj2,0.8359887003898621,8
33,Hproj2,0.8395354747772217,8
34,Hproj2,0.798909604549408,6
35,Hproj2,0.7681172490119934,7
36,Hproj2,0.8774386048316956,7
37,Hproj2,0.8829558491706848,7
38,Hproj2,0.8453472256660461,7
39,Hproj2,0.902695655822754,6
40,Hproj2,0.7035865187644958,6
41,Hproj2,0.5779517292976379,5
42,Hproj2,0.7335606813430786,4
43,Hproj2,0.9769515991210938,3
44,Hproj2,0.8166085481643677,4
45,Hproj2,0.8118648529052734,4
46,Hproj2,0.912267565727234,4
47,Hproj2,0.9128872752189636,4
48,Hproj2,0.6008583903312683,1
49,Hproj2,0.7853736281394958,1
50,Hproj2,0.2325581461191177,1
51,Hproj2,3.7037037325937655e-10,1
52,Hproj2,2.1141649542144592e-10,1
53,Hproj2,1.9685039709393948e-10,1
54,Hproj2,1.9685039709393948e-10,1
55,Hproj2,6.578947386870482e-10,1
56,Hproj2,0.1865486204624176,2
57,Hproj2,0.5907738208770752,2
58,Hproj2,0.6326465606689453,2
59,Hproj2,0.6477671265602112,2
60,Hproj2,0.3661302030086517,3
61,Hproj2,0.5396771430969238,4
62,Hproj2,0.6156202554702759,5
63,Hproj2,0.5740714073181152,5
64,Hproj2,0.7408480048179626,5
65,Hproj2,0.8178504109382629,5
66,Hproj2,0.7738499641418457,5
67,Hproj2,0.7081541419029236,6
68,Hproj2,0.6047455668449402,7
69,Hproj2,0.5772414803504944,7
70,Hproj2,0.6860668659210205,8
71,Hproj2,0.7348164319992065,8
72,Hproj2,0.7427615523338318,9
73,Hproj2,0.8454235196113586,8
74,Hproj2,0.80861896276474,9
75,Hproj2,0.6523339152336121,9
76,Hproj2,0.8063434362411499,8
77,Hproj2,0.6948760151863098,7
78,Hproj2,0.8099263310432434,6
79,Hproj2,0.7959480285644531,5
80,Hproj2,0.9239466190338136,4
81,Hproj2,0.6884315013885498,4
82,Hproj2,0.9132261276245116,3
83,Hproj2,0.7250533699989319,3
84,Hproj2,0.5054896473884583,4
85,Hproj2,0.5161807537078857,4
86,Hproj2,0.5068251490592957,3
87,Hproj2,0.6113483905792236,2
88,Hproj2,0.6076492071151733,2
89,Hproj2,0.564082682132721,2
90,Hproj2,0.1666666716337204,2
91,Hproj2,0.4642857015132904,1
92,Hproj2,0.4150943458080292,1
93,Hproj2,0.2413793057203292,1
94,Hproj2,0.3396226465702057,1
95,Hproj2,0.3829787373542785,1
96,Hproj2,0.529411792755127,1
97,Hproj2,0.5600000023841858,1
98,Hproj2,0.52173912525177,1
99,Hproj2,0.5161290168762207,1
100,Hproj2,0.6842105388641357,1
101,Hproj2,0.6486486196517944,1
102,Hproj2,0.739130437374115,1
103,Hproj2,0.7272727489471436,1
104,Hproj2,0.5945945978164673,1
105,Hproj2,0.5641025900840759,1
106,Hproj2,0.6315789222717285,1
107,Hproj2,0.6451612710952759,1
108,Hproj2,0.6666666865348816,1
109,Hproj2,0.9142857193946838,1
110,Hproj2,0.8205128312110901,1
111,Hproj2,0.8965517282485962,1
112,Hproj2,0.8275862336158752,1
113,Hproj2,0.5405405163764954,1
114,Hproj2,0.6875,1
115,Hproj2,0.7096773982048035,1
116,Hproj2,0.5454545617103577,1
117,Hproj2,0.6857143044471741,1
118,Hproj2,0.6842105388641357,1
119,Hproj2,0.75,1
120,Hproj2,0.6818181872367859,1
121,Hproj2,0.6451612710952759,1
122,Hproj2,0.4848484992980957,1
123,Hproj2,0.6399999856948853,1
124,Hproj2,0.2347826063632965,1
125,Hproj2,0.3503808379173279,1
126,Hproj2,0.5116918683052063,1
127,Hproj2,0.9600840210914612,1
128,Hproj2,0.9715335369110109,1
129,Hproj2,0.9723381996154784,1
130,Hproj2,0.9739297032356262,1
131,Hproj2,0.8595624566078186,1
132,Hproj2,0.7222222089767456,1
133,Hproj2,0.5655563473701477,1
134,Hproj2,0.3783924877643585,1
135,Hproj2,0.2017618715763092,1
136,Hproj2,0.1009817644953727,1
137,Hproj2,0.9154855608940125,2
138,Hproj2,0.90825754404068,3
139,Hproj2,0.9392651915550232,3
140,Hproj2,0.8846326470375061,3
141,Hproj2,0.8985098004341125,3
142,Hproj2,0.9253025650978088,3
143,Hproj2,0.9289994239807128,3
144,Hproj2,0.9022541046142578,3
145,Hproj2,0.8761681914329529,3
146,Hproj2,0.8362340927124023,3
147,Hproj2,0.8930349946022034,3
148,Hproj2,0.9066855311393738,3
149,Hproj2,0.9233329892158508,3
150,Hproj2,0.8919536471366882,3
151,Hproj2,0.8914632797241211,3
152,Hproj2,0.9283861517906188,3
153,Hproj2,0.8389290571212769,4
154,Hproj2,0.8407987952232361,4
155,Hproj2,0.8015036582946777,4
156,Hproj2,0.820412814617157,6
157,Hproj2,0.9215187430381776,6
158,Hproj2,0.8829855918884277,6
159,Hproj2,0.925026834011078,6
160,Hproj2,0.9239654541015624,6
161,Hproj2,0.8988826870918274,6
162,Hproj2,0.8742693066596985,6
163,Hproj2,0.8519218564033508,6
164,Hproj2,0.9343936443328856,6
165,Hproj2,0.9218573570251464,6
166,Hproj2,0.9168279767036438,6
167,Hproj2,0.9143457412719728,6
168,Hproj2,0.8738377690315247,7
169,Hproj2,0.915710985660553,7
170,Hproj2,0.9319761991500854,7
171,Hproj2,0.9130961298942566,7
172,Hproj2,0.9297484159469604,7
173,Hproj2,0.9189509749412536,7
174,Hproj2,0.9095506072044371,7
175,Hproj2,0.6772449612617493,8
176,Hproj2,0.7574447393417358,8
177,Hproj2,0.7965158224105835,8
178,Hproj2,0.8147080540657043,9
179,Hproj2,0.771159291267395,9
180,Hproj2,0.6393759846687317,9
181,Hproj2,0.7642810940742493,8
182,Hproj2,0.8103950619697571,8
183,Hproj2,0.8000841736793518,6
184,Hproj2,0.7984108328819275,5
185,Hproj2,0.8046420216560364,5
186,Hproj2,0.8242565393447876,5
187,Hproj2,0.8473469018936157,5
188,Hproj2,0.6930063962936401,5
189,Hproj2,0.8322291374206543,4
190,Hproj2,0.8105347156524658,4
191,Hproj2,0.8446732759475708,4
192,Hproj2,0.842964768409729,4
193,Hproj2,0.8126385807991028,4
194,Hproj2,0.8420454859733582,3
195,Hproj2,0.6979240775108337,3
196,Hproj2,0.9580325484275818,2
197,Hproj2,0.9656980037689208,2
198,Hproj2,0.9752469062805176,2
199,Hproj2,0.982348084449768,2
200,Hproj2,0.9670032858848572,2
201,Hproj2,0.9731366634368896,2
202,Hproj2,0.9759992361068726,2
203,Hproj2,0.9684667587280272,2
204,Hproj2,0.9716551303863524,2
205,Hproj2,0.9590160250663756,2
206,Hproj2,0.962943971157074,2
207,Hproj2,0.8941051363945007,3
208,Hproj2,0.850994884967804,3
209,Hproj2,0.9099256992340088,3
210,Hproj2,0.7900964617729187,3
211,Hproj2,0.9275128841400146,2
212,Hproj2,0.9476689100265504,2
213,Hproj2,0.955760896205902,2
214,Hproj2,0.9701524972915648,2
215,Hproj2,0.9284671545028688,2
216,Hproj2,0.953433632850647,2
217,Hproj2,0.9670770764350892,2
218,Hproj2,0.9478700160980223,2
219,Hproj2,0.9637836217880248,2
220,Hproj2,0.8686524629592896,2
221,Hproj2,0.9486232399940492,2
222,Hproj2,0.8758183717727661,2
223,Hproj2,0.6905968189239502,2
224,Hproj2,0.7272727489471436,1
225,Hproj2,0.6962025165557861,1
226,Hproj2,0.7368420958518982,1
227,Hproj2,0.694915235042572,1
228,Hproj2,0.8181818127632141,1
229,Hproj2,0.8333333134651184,1
230,Hproj2,0.778761088848114,1
231,Hproj2,0.7070707082748413,1
232,Hproj2,0.75,1
233,Hproj2,0.7843137383460999,1
234,Hproj2,0.8039215803146362,1
235,Hproj2,0.7884615659713745,1
236,Hproj2,0.8571428656578064,1
237,Hproj2,0.8545454740524292,1
238,Hproj2,0.8983050584793091,1
239,Hproj2,0.8760330677032471,1
240,Hproj2,0.8947368264198303,1
241,Hproj2,0.1333333402872085,1
242,Hproj2,0.4216524362564087,1
243,Hproj2,0.5342789888381958,1
244,Hproj2,0.6240000128746033,1
245,Hproj2,0.8838527202606201,1
246,Hproj2,0.9032257795333862,1
247,Hproj2,0.8898488283157349,1
248,Hproj2,0.91001695394516,1
249,Hproj2,0.9060605764389038,1
250,Hproj2,0.8979591727256775,1
251,Hproj2,0.9039692878723145,1
252,Hproj2,0.9585666060447692,1
253,Hproj2,0.956433653831482,1
254,Hproj2,0.9719806909561156,1
255,Hproj2,0.955195426940918,1
256,Hproj2,0.9760273694992064,1
257,Hproj2,0.9674344658851624,1
258,Hproj2,0.9829192757606506,1
259,Hproj2,0.9610389471054076,1
260,Hproj2,0.9699570536613464,1
261,Hproj2,0.970310389995575,1
262,Hproj2,0.984105944633484,1
263,Hproj2,0.98046875,1
264,Hproj2,0.9706066250801086,1
265,Hproj2,0.9692586064338684,1
266,Hproj2,0.9845605492591858,1
267,Hproj2,0.9794721603393556,1
268,Hproj2,0.9725182056427002,1
269,Hproj2,0.9776322841644288,1
270,Hproj2,0.985991358757019,1
271,Hproj2,0.979200005531311,1
272,Hproj2,0.9682619571685792,1
273,Hproj2,0.983067750930786,1
274,Hproj2,0.9901283383369446,1
275,Hproj2,0.9819247722625732,1
276,Hproj2,0.9778420329093932,1
277,Hproj2,0.9878048896789552,1
278,Hproj2,0.9897674322128296,1
279,Hproj2,0.9796860814094543,1
280,Hproj2,0.9741697311401368,1
281,Hproj2,0.982391119003296,1
282,Hproj2,0.9920597672462464,1
283,Hproj2,0.985356628894806,1
284,Hproj2,0.956127107143402,1
285,Hproj2,0.953213393688202,1
286,Hproj2,0.963040053844452,1
287,Hproj2,0.9560209512710572,1
288,Hproj2,0.895844578742981,1
289,Hproj2,0.9420803785324096,1
290,Hproj2,0.9436964392662048,1
291,Hproj2,0.910163938999176,1
292,Hproj2,0.9256899952888488,1
293,Hproj2,0.8236092329025269,1
294,Hproj2,0.6686976552009583,1
295,Hproj2,0.683563768863678,1
296,Hproj2,0.8243021368980408,1
297,Hproj2,0.8259109258651733,1
298,Hproj2,0.7634408473968506,1
299,Hproj2,0.5396825671195984,1
300,Hproj2,7.142857416653214e-09,1
301,Hproj2,5.882352827057957e-09,1
302,Hproj2,4.347826099149188e-09,1
303,Hproj2,2.083333283664501e-09,1
304,Hproj2,0.3103448152542114,2
305,Hproj2,0.3035714328289032,2
306,Hproj2,0.4180327951908111,2
307,Hproj2,0.4170854389667511,2
308,Hproj2,0.4280821979045868,2
309,Hproj2,0.4799999892711639,2
310,Hproj2,0.4850574731826782,2
311,Hproj2,0.6090003252029419,3
312,Hproj2,0.7466529011726379,3
313,Hproj2,0.7561829090118408,3
314,Hproj2,0.7489579319953918,3
315,Hproj2,0.8381163477897644,3
316,Hproj2,0.8561548590660095,3
317,Hproj2,0.8519973754882812,3
318,Hproj2,0.828014612197876,3
319,Hproj2,0.7402104139328003,4
320,Hproj2,0.7373149991035461,4
321,Hproj2,0.7563580274581909,4
322,Hproj2,0.7763305902481079,4
323,Hproj2,0.7406905889511108,4
324,Hproj2,0.6911774277687073,4
325,Hproj2,0.8252118229866028,4
326,Hproj2,0.7980415225028992,4
327,Hproj2,0.7827707529067993,4
328,Hproj2,0.787378191947937,4
329,Hproj2,0.743742048740387,4
330,Hproj2,0.7887232899665833,4
331,Hproj2,0.8355419039726257,4
332,Hproj2,0.854607105255127,4
333,Hproj2,0.8726490139961243,4
334,Hproj2,0.8624022006988525,4
335,Hproj2,0.8522312641143799,4
336,Hproj2,0.8790989518165588,4
337,Hproj2,0.8498724699020386,4
338,Hproj2,0.8519182205200195,4
339,Hproj2,0.8424990177154541,4
340,Hproj2,0.8572304248809814,4
341,Hproj2,0.8580237627029419,4
342,Hproj2,0.9097800254821776,4
343,Hproj2,0.8625518679618835,4
344,Hproj2,0.8553686738014221,4
345,Hproj2,0.8388232588768005,4
346,Hproj2,0.8029661178588867,4
347,Hproj2,0.6174629926681519,5
348,Hproj2,0.7246983051300049,5
349,Hproj2,0.8502358198165894,5
350,Hproj2,0.8209946751594543,5
351,Hproj2,0.8984835743904114,5
352,Hproj2,0.9070825576782228,5
353,Hproj2,0.9010764956474304,5
354,Hproj2,0.8772827386856079,5
355,Hproj2,0.7081837058067322,6
356,Hproj2,0.875901997089386,6
357,Hproj2,0.6648311018943787,6
358,Hproj2,0.7872411608695984,6
359,Hproj2,0.892876148223877,6
360,Hproj2,0.9227177500724792,6
361,Hproj2,0.891880989074707,6
362,Hproj2,0.8702192902565002,6
363,Hproj2,0.9045407772064208,6
364,Hproj2,0.9138115048408508,6
365,Hproj2,0.903142750263214,6
366,Hproj2,0.8805102705955505,6
367,Hproj2,0.8952590823173523,6
368,Hproj2,0.8645221590995789,6
369,Hproj2,0.874316394329071,6
370,Hproj2,0.8190540671348572,7
371,Hproj2,0.8313738703727722,7
372,Hproj2,0.8986703157424927,7
373,Hproj2,0.8253296613693237,7
374,Hproj2,0.7692574262619019,7
375,Hproj2,0.7705763578414917,7
376,Hproj2,0.7698974609375,7
377,Hproj2,0.8022387623786926,6
378,Hproj2,0.7078402638435364,6
379,Hproj2,0.6436735987663269,7
380,Hproj2,0.6144578456878662,8
381,Hproj2,0.6185553669929504,8
382,Hproj2,0.5047535300254822,8
383,Hproj2,0.6794916987419128,6
384,Hproj2,0.7552828788757324,6
385,Hproj2,0.7012494206428528,6
386,Hproj2,0.5731754302978516,6
387,Hproj2,0.6977283954620361,4
388,Hproj2,0.7066787481307983,4
389,Hproj2,0.709251880645752,4
390,Hproj2,0.9212987422943116,3
391,Hproj2,0.9496394991874696,3
392,Hproj2,0.9447600245475768,3
393,Hproj2,0.9485654830932616,3
394,Hproj2,0.9535916447639464,3
395,Hproj2,0.9482056498527528,3
396,Hproj2,0.9325030446052552,3
397,Hproj2,0.9212833046913148,3
398,Hproj2,0.9299373030662536,3
399,Hproj2,0.9371346831321716,3
400,Hproj2,0.9572884440422058,3
401,Hproj2,0.9615940451622008,3
402,Hproj2,0.9527698159217834,3
403,Hproj2,0.9592428803443908,3
404,Hproj2,0.966364562511444,3
405,Hproj2,0.960082709789276,3
406,Hproj2,0.9605647921562196,3
407,Hproj2,0.8446707129478455,4
408,Hproj2,0.8490121364593506,4
409,Hproj2,0.8381336331367493,4
410,Hproj2,0.8321530818939209,4
411,Hproj2,0.9310755133628844,4
412,Hproj2,0.9509092569351196,4
413,Hproj2,0.9441297054290771,4
414,Hproj2,0.9423446655273438,4
415,Hproj2,0.953557312488556,4
416,Hproj2,0.9757318496704102,4
417,Hproj2,0.9573402404785156,4
418,Hproj2,0.9412920475006104,4
419,Hproj2,0.9541174173355104,4
420,Hproj2,0.9580392837524414,4
421,Hproj2,0.9410143494606018,4
422,Hproj2,0.914060354232788,4
423,Hproj2,0.9615488648414612,4
424,Hproj2,0.977971076965332,4
425,Hproj2,0.9607343673706056,4
426,Hproj2,0.9299875497817992,4
427,Hproj2,0.907135248184204,4
428,Hproj2,0.9388081431388856,4
429,Hproj2,0.953896701335907,4
430,Hproj2,0.8774999976158142,4
431,Hproj2,0.797259509563446,3
432,Hproj2,0.6365345120429993,3
433,Hproj2,0.8912198543548584,2
434,Hproj2,0.904144525527954,2
435,Hproj2,0.877685010433197,2
436,Hproj2,0.8894855976104736,2
437,Hproj2,0.8798466920852661,2
438,Hproj2,0.8333998322486877,2
439,Hproj2,0.7966514825820923,2
440,Hproj2,0.8287774920463562,2
441,Hproj2,0.7980023622512817,2
442,Hproj2,0.7637437582015991,2
443,Hproj2,0.7654321193695068,1
444,Hproj2,0.6666666865348816,1
445,Hproj2,0.5897436141967773,1
446,Hproj2,0.4109589159488678,1
447,Hproj2,0.4799999892711639,1
448,Hproj2,0.5714285969734192,1
449,Hproj2,0.4897959232330322,1
450,Hproj2,0.5517241358757019,1
451,Hproj2,0.5,1
452,Hproj2,0.2285714298486709,1
453,Hproj2,0.6382978558540344,1
454,Hproj2,0.449999988079071,1
455,Hproj2,0.5306122303009033,1
456,Hproj2,0.4347825944423675,1
457,Hproj2,0.4210526347160339,1
458,Hproj2,0.6428571343421936,1
459,Hproj2,0.2222222238779068,1
460,Hproj2,0.375,1
461,Hproj2,0.3703703582286834,1
462,Hproj2,0.4137931168079376,1
463,Hproj2,0.2105263173580169,1
464,Hproj2,0.1199999973177909,1
465,Hproj2,3.030303119544442e-09,1
466,Hproj2,0.6386554837226868,1
467,Hproj2,0.8478964567184448,1
468,Hproj2,0.8733459115028381,1
469,Hproj2,0.9320905208587646,1
470,Hproj2,0.9418181777000428,1
471,Hproj2,0.9583333134651184,1
472,Hproj2,0.9643059372901917,1
473,Hproj2,0.9510489702224731,1
474,Hproj2,0.894130527973175,1
475,Hproj2,0.89747554063797,1
476,Hproj2,0.906356155872345,1
477,Hproj2,0.8022847175598145,1
478,Hproj2,0.8138527870178223,1
479,Hproj2,0.7153002023696899,1
480,Hproj2,0.4100418388843536,1
481,Hproj2,0.104854367673397,1
482,Hproj2,0.0059523810632526,1
483,Hproj2,1.0718113896412972e-10,1
484,Hproj2,0.0030165913049131,1
485,Hproj2,7.639419652427648e-11,1
486,Hproj2,9.43396250008277e-10,1
487,Hproj2,0.5769230723381042,1
488,Hproj2,0.7872340679168701,1
489,Hproj2,0.7785888314247131,1
490,Hproj2,0.8641425371170044,1
491,Hproj2,0.8470588326454163,1
492,Hproj2,0.4536784887313843,2
493,Hproj2,0.5963274836540222,2
494,Hproj2,0.7410450577735901,3
495,Hproj2,0.8764737248420715,3
496,Hproj2,0.9097716808319092,3
497,Hproj2,0.7735101580619812,3
498,Hproj2,0.7503232359886169,3
499,Hproj2,0.8617603182792664,3
500,Hproj2,0.8662741780281067,3
501,Hproj2,0.9089061617851256,3
502,Hproj2,0.8744514584541321,3
503,Hproj2,0.9026574492454528,3
504,Hproj2,0.8636667728424072,3
505,Hproj2,0.9189736843109132,3
506,Hproj2,0.9431385397911072,3
507,Hproj2,0.9309265613555908,3
508,Hproj2,0.6223153471946716,5
509,Hproj2,0.6762799620628357,5
510,Hproj2,0.4864342510700226,6
511,Hproj2,0.64694744348526,6
512,Hproj2,0.7145553231239319,6
513,Hproj2,0.7245054841041565,6
514,Hproj2,0.7099090218544006,7
515,Hproj2,0.7942599058151245,7
516,Hproj2,0.8262134194374084,7
517,Hproj2,0.7463890314102173,7
518,Hproj2,0.7710980176925659,7
519,Hproj2,0.7902507185935974,7
520,Hproj2,0.8931424021720886,7
521,Hproj2,0.9269479513168336,7
522,Hproj2,0.8800662755966187,7
523,Hproj2,0.9337544441223145,7
524,Hproj2,0.8973860144615173,8
525,Hproj2,0.9227049946784972,9
526,Hproj2,0.9140326976776124,9
527,Hproj2,0.8706395626068115,9
528,Hproj2,0.8911037445068359,9
529,Hproj2,0.9115367531776428,9
530,Hproj2,0.9200263619422911,9
531,Hproj2,0.9050291776657104,9
532,Hproj2,0.9074427485466005,9
533,Hproj2,0.9054657816886902,9
534,Hproj2,0.9172303080558776,9
535,Hproj2,0.9202781915664672,10
536,Hproj2,0.8630359768867493,10
537,Hproj2,0.9164773225784302,9
538,Hproj2,0.9378262758255004,9
539,Hproj2,0.8943465948104858,8
540,Hproj2,0.9411712884902954,8
541,Hproj2,0.9000855684280396,8
542,Hproj2,0.88399738073349,8
543,Hproj2,0.904904305934906,7
544,Hproj2,0.8916862607002258,5
545,Hproj2,0.941024124622345,4
546,Hproj2,0.9264401197433472,4
547,Hproj2,0.979869544506073,3
548,Hproj2,0.984558403491974,3
549,Hproj2,0.9782781600952148,3
550,Hproj2,0.9819087982177734,3
551,Hproj2,0.9814391136169434,3
552,Hproj2,0.9760925769805908,3
553,Hproj2,0.9828011989593506,3
554,Hproj2,0.9737430214881896,3
555,Hproj2,0.9655914306640624,4
556,Hproj2,0.9707695841789246,4
557,Hproj2,0.9546054005622864,4
558,Hproj2,0.969144880771637,4
559,Hproj2,0.9547001123428344,4
560,Hproj2,0.9760541915893556,4
561,Hproj2,0.9410258531570436,4
562,Hproj2,0.9545778036117554,4
563,Hproj2,0.9616777300834656,4
564,Hproj2,0.9550362825393676,4
565,Hproj2,0.9668058156967164,4
566,Hproj2,0.956159770488739,4
567,Hproj2,0.9076489806175232,4
568,Hproj2,0.9062971472740172,4
569,Hproj2,0.8240904808044434,4
570,Hproj2,0.8897852897644043,3
571,Hproj2,0.8888759613037109,3
572,Hproj2,0.8866209387779236,2
573,Hproj2,0.8840955495834351,2
574,Hproj2,0.8885774612426758,2
575,Hproj2,0.9378839135169984,2
576,Hproj2,0.8888320922851562,2
577,Hproj2,0.8924424648284912,2
578,Hproj2,0.8218040466308594,2
579,Hproj2,0.8909090757369995,1
580,Hproj2,0.8421052694320679,1
581,Hproj2,0.9174311757087708,1
582,Hproj2,0.8888888955116272,1
583,Hproj2,0.9038461446762084,1
584,Hproj2,0.8952381014823914,1
585,Hproj2,0.9622641801834106,1
586,Hproj2,0.8761904835700989,1
587,Hproj2,0.8913043737411499,1
588,Hproj2,0.8723404407501221,1
589,Hproj2,0.898876428604126,1
590,Hproj2,0.8470588326454163,1
591,Hproj2,0.8674699068069458,1
592,Hproj2,0.8695651888847351,1
593,Hproj2,0.89552241563797,1
594,Hproj2,0.8219178318977356,1
595,Hproj2,0.7761194109916687,1
596,Hproj2,0.8125,1
597,Hproj2,0.8813559412956238,1
598,Hproj2,0.8387096524238586,1
599,Hproj2,0.8125,1
600,Hproj2,0.8474576473236084,1
601,Hproj2,0.8196721076965332,1
602,Hproj2,0.7301587462425232,1
603,Hproj2,0.6969696879386902,1
604,Hproj2,0.71875,1
605,Hproj2,0.8115941882133484,1
606,Hproj2,0.7887324094772339,1
607,Hproj2,0.9333333373069764,1
608,Hproj2,0.8717948794364929,1
609,Hproj2,0.7472527623176575,1
610,Hproj2,0.8514851331710815,1
611,Hproj2,0.8399999737739563,1
612,Hproj2,0.849056601524353,1
613,Hproj2,0.921739101409912,1
614,Hproj2,0.8595041036605835,1
615,Hproj2,0.8818897604942322,1
616,Hproj2,0.9180327653884888,1
617,Hproj2,0.8349514603614807,1
618,Hproj2,0.8484848737716675,1
619,Hproj2,0.8791208863258362,1
620,Hproj2,0.8656716346740723,1
621,Hproj2,0.9180327653884888,1
622,Hproj2,0.7547169923782349,1
623,Hproj2,0.6511628031730652,1
624,Hproj2,0.5098039507865906,1
625,Hproj2,0.2105263173580169,1
626,Hproj2,0.4561403393745422,1
627,Hproj2,0.4230769276618957,1
628,Hproj2,0.6410256624221802,1
629,Hproj2,0.6984127163887024,1
630,Hproj2,0.8615384697914124,1
631,Hproj2,0.8505747318267822,1
632,Hproj2,0.8461538553237915,1
633,Hproj2,0.8571428656578064,1
634,Hproj2,0.8354430198669434,1
635,Hproj2,0.9350649118423462,1
636,Hproj2,0.8717948794364929,1
637,Hproj2,0.8409090638160706,1
638,Hproj2,0.6933333277702332,1
639,Hproj2,0.59375,1
640,Hproj2,0.5633803009986877,1
641,Hproj2,0.6666666865348816,1
642,Hproj2,0.7250000238418579,1
643,Hproj2,0.7848101258277893,1
644,Hproj2,0.75,1
645,Hproj2,0.7631579041481018,1
646,Hproj2,0.8169013857841492,1
647,Hproj2,0.8433734774589539,1
648,Hproj2,0.8266666531562805,1
649,Hproj2,0.7272727489471436,1
650,Hproj2,0.8354430198669434,1
651,Hproj2,0.8735632300376892,1
652,Hproj2,0.737864077091217,1
653,Hproj2,0.8392857313156128,1
654,Hproj2,0.8833333253860474,1
655,Hproj2,0.747826099395752,1
656,Hproj2,0.7894737124443054,1
657,Hproj2,0.8666666746139526,1
658,Hproj2,0.921875,1
659,Hproj2,0.8413792848587036,1
660,Hproj2,0.841269850730896,1
661,Hproj2,0.8527131676673889,1
662,Hproj2,0.8260869383811951,1
663,Hproj2,0.8730158805847168,1
664,Hproj2,0.8721804618835449,1
665,Hproj2,0.7480915784835815,1
666,Hproj2,0.6178861856460571,1
667,Hproj2,0.6190476417541504,1
668,Hproj2,0.6888889074325562,1
669,Hproj2,0.8314606547355652,1
670,Hproj2,0.8333333134651184,1
671,Hproj2,0.8571428656578064,1
672,Hproj2,0.6769230961799622,1
673,Hproj2,0.6966292262077332,1
674,Hproj2,0.54347825050354,1
675,Hproj2,0.5617977380752563,1
676,Hproj2,0.5564738512039185,1
677,Hproj2,0.8983200788497925,1
678,Hproj2,0.957373857498169,1
679,Hproj2,0.9774030447006226,1
680,Hproj2,0.9861111044883728,1
681,Hproj2,0.988052248954773,1
682,Hproj2,0.9883245825767516,1
683,Hproj2,0.97826087474823,1
684,Hproj2,0.9765037298202516,1
685,Hproj2,0.9218884110450744,1
686,Hproj2,0.5609284043312073,1
687,Hproj2,0.9807692170143129,1
688,Hproj2,0.97972971200943,1
689,Hproj2,0.9724409580230712,1
690,Hproj2,0.9771689772605896,1
691,Hproj2,0.8573825359344482,2
692,Hproj2,0.9229636192321776,2
693,Hproj2,0.8610841631889343,4
694,Hproj2,0.9526317715644836,4
695,Hproj2,0.9607629776000975,4
696,Hproj2,0.8585120439529419,5
697,Hproj2,0.9093591570854188,5
698,Hproj2,0.908232569694519,5
699,Hproj2,0.877182126045227,5
700,Hproj2,0.8401525616645813,6
701,Hproj2,0.8619473576545715,6
702,Hproj2,0.8537696003913879,7
703,Hproj2,0.9129787087440492,7
704,Hproj2,0.8003668785095215,8
705,Hproj2,0.9166952967643738,10
706,Hproj2,0.8363374471664429,10
707,Hproj2,0.8739995956420898,9
708,Hproj2,0.7930424809455872,7
709,Hproj2,0.761974036693573,6
710,Hproj2,0.8457794189453125,4
711,Hproj2,0.8809137940406799,3
712,Hproj2,0.9667391777038574,3
713,Hproj2,0.958770751953125,3
714,Hproj2,0.9573293328285216,3
715,Hproj2,0.9592238068580629,3
716,Hproj2,0.9231402277946472,4
717,Hproj2,0.9380472898483276,4
718,Hproj2,0.9073519706726074,3
719,Hproj2,0.906099259853363,3
720,Hproj2,0.8354387283325195,3
721,Hproj2,0.8095110654830933,2
722,Hproj2,0.7656036615371704,2
723,Hproj2,0.7809653282165527,2
724,Hproj2,0.742180347442627,2
725,Hproj2,0.6338028311729431,1
726,Hproj2,0.6491228342056274,1
727,Hproj2,0.6578947305679321,1
728,Hproj2,0.9161452054977416,1
729,Hproj2,0.7052023410797119,1
730,Hproj2,0.9149064421653748,1
731,Hproj2,0.9492567777633668,1
732,Hproj2,0.8186046481132507,1
733,Hproj2,0.970535159111023,1
734,Hproj2,0.8950397372245789,1
735,Hproj2,0.9751176834106444,1
736,Hproj2,0.961776614189148,1
737,Hproj2,0.914401650428772,1
738,Hproj2,0.968201756477356,1
739,Hproj2,0.9539568424224854,1
740,Hproj2,0.968908429145813,1
741,Hproj2,0.9736090302467346,1
742,Hproj2,0.9623236656188964,1
743,Hproj2,0.9733397960662842,1
744,Hproj2,0.9729207158088684,1
745,Hproj2,0.970684051513672,1
746,Hproj2,0.9729998111724854,1
747,Hproj2,0.9731253981590272,1
748,Hproj2,0.9628227353096008,1
749,Hproj2,0.9745910167694092,1
750,Hproj2,0.9474647641181946,1
751,Hproj2,0.9672686457633972,1
752,Hproj2,0.9569562077522278,1
753,Hproj2,0.9373890161514282,1
754,Hproj2,0.961002767086029,1
755,Hproj2,0.8922056555747986,1
756,Hproj2,0.963076949119568,1
757,Hproj2,0.9330191612243652,1
758,Hproj2,0.9455587267875672,1
759,Hproj2,0.9260891079902648,1
760,Hproj2,0.884529173374176,1
761,Hproj2,0.8937605619430542,1
762,Hproj2,0.5799573659896851,1
763,Hproj2,9.61538515475979e-10,1
764,Hproj2,1.0309278986042614e-09,1
765,Hproj2,8.62068971763108e-10,1
766,Hproj2,0.3764044940471649,1
767,Hproj2,0.1221374049782753,1
768,Hproj2,0.1782531142234802,2
769,Hproj2,0.3617709875106811,2
770,Hproj2,2.9885727226286463e-10,2
771,Hproj2,0.2456762045621872,3
772,Hproj2,0.4317663609981537,3
773,Hproj2,0.4791113436222076,3
774,Hproj2,0.4695147275924682,3
775,Hproj2,0.4008467197418213,3
776,Hproj2,0.4113074839115143,3
777,Hproj2,0.4342478513717651,3
778,Hproj2,0.3036181330680847,3
779,Hproj2,0.2939037680625915,3
780,Hproj2,0.4219399988651275,3
781,Hproj2,0.4498269259929657,3
782,Hproj2,0.5989476442337036,4
783,Hproj2,0.6015450358390808,5
784,Hproj2,0.6145866513252258,6
785,Hproj2,0.5716762542724609,6
786,Hproj2,0.5829299688339233,6
787,Hproj2,0.6166828274726868,6
788,Hproj2,0.7238937020301819,6
789,Hproj2,0.7218134999275208,6
790,Hproj2,0.7068584561347961,6
791,Hproj2,0.7509880661964417,6
792,Hproj2,0.788046658039093,6
793,Hproj2,0.7575693130493164,6
794,Hproj2,0.773402988910675,6
795,Hproj2,0.8242397904396057,6
796,Hproj2,0.7013298869132996,6
797,Hproj2,0.7689477801322937,6
798,Hproj2,0.7930192947387695,6
799,Hproj2,0.7717370986938477,6
800,Hproj2,0.7750754356384277,6
801,Hproj2,0.7699880599975586,6
802,Hproj2,0.7529245018959045,6
803,Hproj2,0.714165210723877,6
804,Hproj2,0.5952754020690918,7
805,Hproj2,0.6249814629554749,7
806,Hproj2,0.6334511041641235,7
807,Hproj2,0.6761799454689026,7
808,Hproj2,0.6192503571510315,7
809,Hproj2,0.6529697775840759,7
810,Hproj2,0.6632705330848694,7
811,Hproj2,0.673477292060852,8
812,Hproj2,0.7282997369766235,8
813,Hproj2,0.7371516227722168,8
814,Hproj2,0.7199203968048096,8
815,Hproj2,0.7621095180511475,9
816,Hproj2,0.7469422817230225,9
817,Hproj2,0.7557324767112732,10
818,Hproj2,0.7527191638946533,10
819,Hproj2,0.7146857976913452,10
820,Hproj2,0.6744319796562195,10
821,Hproj2,0.6438627243041992,10
822,Hproj2,0.6562569737434387,9
823,Hproj2,0.7515276670455933,8
824,Hproj2,0.8247993588447571,7
825,Hproj2,0.817256510257721,7
826,Hproj2,0.8630781769752502,6
827,Hproj2,0.8428381085395813,5
828,Hproj2,0.845870852470398,5
829,Hproj2,0.925381600856781,4
830,Hproj2,0.907886564731598,3
831,Hproj2,0.9304471015930176,3
832,Hproj2,0.9369638562202454,3
833,Hproj2,0.9408537745475768,3
834,Hproj2,0.9476406574249268,3
835,Hproj2,0.9620981216430664,3
836,Hproj2,0.9458981156349182,3
837,Hproj2,0.8012638092041016,4
838,Hproj2,0.8544300198554993,4
839,Hproj2,0.8955217599868774,4
840,Hproj2,0.9268923997879028,4
841,Hproj2,0.9433104395866394,4
842,Hproj2,0.9154053330421448,4
843,Hproj2,0.9148681163787842,4
844,Hproj2,0.908911108970642,4
845,Hproj2,0.9049941897392272,4
846,Hproj2,0.884515106678009,3
847,Hproj2,0.8055315017700195,3
848,Hproj2,0.899242639541626,2
849,Hproj2,0.9144391417503356,2
850,Hproj2,0.9189507961273192,2
851,Hproj2,0.8533025979995728,2
852,Hproj2,0.9047025442123412,2
853,Hproj2,0.9211184978485109,2
854,Hproj2,0.930017113685608,2
855,Hproj2,0.9477649927139282,2
856,Hproj2,0.906359076499939,2
857,Hproj2,0.9568048715591432,2
858,Hproj2,0.9646083116531372,2
859,Hproj2,0.9504474401474,2
860,Hproj2,0.9552758932113647,2
861,Hproj2,0.9442987442016602,2
862,Hproj2,0.9503806829452516,2
863,Hproj2,0.9629595279693604,2
864,Hproj2,0.8792149424552917,2
865,Hproj2,0.952762484550476,2
866,Hproj2,0.9089992642402648,2
867,Hproj2,0.8403361439704895,1
868,Hproj2,0.9473684430122375,1
869,Hproj2,0.7708333134651184,1
870,Hproj2,0.8791208863258362,1
871,Hproj2,0.8045976758003235,1
872,Hproj2,0.6896551847457886,1
873,Hproj2,0.8648648858070374,1
874,Hproj2,0.807692289352417,1
875,Hproj2,0.8510638475418091,1
876,Hproj2,0.800000011920929,1
877,Hproj2,0.971204161643982,1
878,Hproj2,0.9803197979927064,1
879,Hproj2,0.9877474308013916,1
880,Hproj2,0.9880647659301758,1
881,Hproj2,0.9899581670761108,1
882,Hproj2,0.9833333492279052,1
883,Hproj2,0.9726637005805968,1
884,Hproj2,0.8410596251487732,1
885,Hproj2,0.7727272510528564,1
886,Hproj2,0.9680851101875304,1
887,Hproj2,0.976331353187561,1
888,Hproj2,0.9612873196601868,2
889,Hproj2,0.7736790180206299,3
890,Hproj2,0.911970853805542,3
891,Hproj2,0.9103694558143616,3
892,Hproj2,0.95009446144104,3
893,Hproj2,0.9638838768005372,3
894,Hproj2,0.9012576937675476,3
895,Hproj2,0.8097102046012878,5
896,Hproj2,0.8603242635726929,5
897,Hproj2,0.8589643239974976,5
898,Hproj2,0.8836687803268433,5
899,Hproj2,0.8294780850410461,6
900,Hproj2,0.7818372845649719,7
901,Hproj2,0.7895249128341675,8
902,Hproj2,0.6438695192337036,10
903,Hproj2,0.7086092233657837,10
904,Hproj2,0.8134942054748535,10
905,Hproj2,0.8316426277160645,10
906,Hproj2,0.7848833799362183,7
907,Hproj2,0.6789988875389099,6
908,Hproj2,0.7913339734077454,5
909,Hproj2,0.9133283495903016,3
910,Hproj2,0.9636657238006592,3
911,Hproj2,0.9606571793556212,4
912,Hproj2,0.9616156816482544,4
913,Hproj2,0.9539281725883484,4
914,Hproj2,0.9468829035758972,4
915,Hproj2,0.9662641286849976,4
916,Hproj2,0.783978283405304,4
917,Hproj2,0.9472179412841796,2
918,Hproj2,0.9368394613265992,2
919,Hproj2,0.925423264503479,2
920,Hproj2,0.9376368522644044,2
921,Hproj2,0.8946999907493591,2
922,Hproj2,0.8611111044883728,1
923,Hproj2,0.8169013857841492,1
924,Hproj2,0.6315789222717285,1
925,Hproj2,0.4000000059604645,1
926,Hproj2,0.5,1
927,Hproj2,0.8165680766105652,1
928,Hproj2,0.6851851940155029,1
929,Hproj2,0.5311653017997742,1
930,Hproj2,0.5165562629699707,1
931,Hproj2,0.6828193664550781,1
932,Hproj2,0.6835442781448364,1
933,Hproj2,0.6111111044883728,1
934,Hproj2,1.6393443269535622e-09,1
935,Hproj2,0.4675136208534241,2
936,Hproj2,0.837016761302948,3
937,Hproj2,0.9288955330848694,3
938,Hproj2,0.9420576095581056,3
939,Hproj2,0.9571874141693116,3
940,Hproj2,0.8647916913032532,4
941,Hproj2,0.8401886224746704,4
942,Hproj2,0.9028263688087464,4
943,Hproj2,0.924761176109314,4
944,Hproj2,0.9437930583953856,4
945,Hproj2,0.8993786573410034,5
946,Hproj2,0.8879511952400208,6
947,Hproj2,0.9128578305244446,7
948,Hproj2,0.8959963321685791,9
949,Hproj2,0.8929519653320312,9
950,Hproj2,0.938206672668457,9
951,Hproj2,0.9352198839187622,9
952,Hproj2,0.9062768816947936,10
953,Hproj2,0.8365944027900696,10
954,Hproj2,0.8119978308677673,8
955,Hproj2,0.85882169008255,7
956,Hproj2,0.8780093193054199,4
957,Hproj2,0.9737074971199036,3
958,Hproj2,0.9185681343078612,3
959,Hproj2,0.9572553038597108,3
960,Hproj2,0.8008794784545898,3
961,Hproj2,0.7985458374023438,4
962,Hproj2,0.7101391553878784,4
963,Hproj2,0.8593595027923584,3
964,Hproj2,0.9447529315948486,2
965,Hproj2,0.9391441345214844,2
966,Hproj2,0.947875440120697,2
967,Hproj2,0.8135592937469482,1
968,Hproj2,0.7599999904632568,1
969,Hproj2,0.8936170339584351,1
970,Hproj2,0.91304349899292,1
971,Hproj2,0.7906976938247681,1
972,Hproj2,0.8461538553237915,1
973,Hproj2,0.8163265585899353,1
974,Hproj2,0.8571428656578064,1
975,Hproj2,0.8837209343910217,1
976,Hproj2,0.9166666865348816,1
977,Hproj2,0.7659574747085571,1
978,Hproj2,0.6666666865348816,1
979,Hproj2,0.8205128312110901,1
980,Hproj2,0.8095238208770752,1
981,Hproj2,0.8085106611251831,1
982,Hproj2,0.5428571701049805,1
983,Hproj2,0.6557376980781555,1
984,Hproj2,0.7111111283302307,1
985,Hproj2,0.782608687877655,1
986,Hproj2,0.7843137383460999,1
987,Hproj2,0.7272727489471436,1
988,Hproj2,0.6792452931404114,1
989,Hproj2,0.7755101919174194,1
990,Hproj2,0.6315789222717285,1
991,Hproj2,0.2857142984867096,1
992,Hproj2,0.5161290168762207,1
993,Hproj2,0.4081632792949676,1
994,Hproj2,0.2448979616165161,1
995,Hproj2,0.2978723347187042,1
996,Hproj2,0.4255319237709045,1
997,Hproj2,0.3888888955116272,1
998,Hproj2,0.5365853905677795,1
999,Hproj2,0.7307692170143127,1
1000,Hproj2,0.7307692170143127,1
1001,Hproj2,0.6153846383094788,1
1002,Hproj2,0.7190226912498474,1
1003,Hproj2,0.9763779640197754,1
1004,Hproj2,0.9325153231620787,1
1005,Hproj2,0.8999064564704895,1
1006,Hproj2,0.1481481492519378,1
1007,Hproj2,0.375,1
1008,Hproj2,0.46405228972435,2
1009,Hproj2,0.442438930273056,3
1010,Hproj2,0.6694452166557312,3
1011,Hproj2,0.6720564365386963,3
1012,Hproj2,0.6474975943565369,3
1013,Hproj2,0.7487914562225342,3
1014,Hproj2,0.819305956363678,3
1015,Hproj2,0.877475917339325,3
1016,Hproj2,0.6501448154449463,4
1017,Hproj2,0.8555408716201782,4
1018,Hproj2,0.7553849816322327,4
1019,Hproj2,0.6679831147193909,5
1020,Hproj2,0.784644603729248,5
1021,Hproj2,0.8740354776382446,5
1022,Hproj2,0.8265898823738098,6
1023,Hproj2,0.6837101578712463,7
1024,Hproj2,0.8020356297492981,7
1025,Hproj2,0.6288228034973145,8
1026,Hproj2,0.6855918169021606,8
1027,Hproj2,0.7748796939849854,9
1028,Hproj2,0.7479756474494934,8
1029,Hproj2,0.7125101089477539,7
1030,Hproj2,0.681630551815033,7
1031,Hproj2,0.5155764818191528,7
1032,Hproj2,0.5820279121398926,7
1033,Hproj2,0.5526452660560608,5
1034,Hproj2,0.5564107298851013,3
1035,Hproj2,0.5703699588775635,3
1036,Hproj2,0.839261531829834,3
1037,Hproj2,0.9390552639961244,3
1038,Hproj2,0.9196758270263672,4
1039,Hproj2,0.910779595375061,4
1040,Hproj2,0.8075065016746521,4
1041,Hproj2,0.9757561087608336,3
1042,Hproj2,0.95310640335083,3
1043,Hproj2,0.9463858604431152,3
1044,Hproj2,0.9575398564338684,3
1045,Hproj2,0.8906092047691345,3
1046,Hproj2,0.9442542791366576,2
1047,Hproj2,0.94744074344635,2
1048,Hproj2,0.9674922227859496,2
1049,Hproj2,0.7494726181030273,2
1050,Hproj2,0.8695651888847351,1
1051,Hproj2,0.7936508059501648,1
1052,Hproj2,0.6909090876579285,1
1053,Hproj2,0.7142857313156128,1
1054,Hproj2,0.5846154093742371,1
1055,Hproj2,0.7200000286102295,1
1056,Hproj2,0.6470588445663452,1
1057,Hproj2,0.7692307829856873,1
1058,Hproj2,0.9728506803512572,1
1059,Hproj2,0.9649634957313538,1
1060,Hproj2,0.9862410426139832,1
1061,Hproj2,0.9895138144493104,1
1062,Hproj2,0.9882044792175292,1
1063,Hproj2,0.9923338890075684,1
1064,Hproj2,0.9903593063354492,1
1065,Hproj2,0.9882903695106506,1
1066,Hproj2,0.9867934584617616,1
1067,Hproj2,0.98534095287323,1
1068,Hproj2,0.9707903861999512,1
1069,Hproj2,0.9592169523239136,1
1070,Hproj2,0.8771929740905762,1
1071,Hproj2,0.945147693157196,1
1072,Hproj2,0.9309440851211548,2
1073,Hproj2,0.7748201489448547,3
1074,Hproj2,0.70735102891922,4
1075,Hproj2,0.8533132076263428,4
1076,Hproj2,0.9331414699554444,4
1077,Hproj2,0.956236720085144,5
1078,Hproj2,0.9536008834838868,5
1079,Hproj2,0.9486573338508606,5
1080,Hproj2,0.905066967010498,6
1081,Hproj2,0.90091210603714,6
1082,Hproj2,0.8777204155921936,6
1083,Hproj2,0.8963522911071777,6
1084,Hproj2,0.9070119857788086,6
1085,Hproj2,0.9463123679161072,6
1086,Hproj2,0.9396681189537048,6
1087,Hproj2,0.8125381469726562,9
1088,Hproj2,0.880187451839447,9
1089,Hproj2,0.8505805134773254,10
1090,Hproj2,0.9017969965934752,9
1091,Hproj2,0.8416993618011475,8
1092,Hproj2,0.8477442860603333,8
1093,Hproj2,0.7629834413528442,8
1094,Hproj2,0.720112681388855,4
1095,Hproj2,0.9742959141731262,3
1096,Hproj2,0.9683990478515624,3
1097,Hproj2,0.979896068572998,3
1098,Hproj2,0.9775931239128112,3
1099,Hproj2,0.970926821231842,3
1100,Hproj2,0.8915244936943054,4
1101,Hproj2,0.9540244936943054,4
1102,Hproj2,0.9348129034042358,4
1103,Hproj2,0.9167649745941162,4
1104,Hproj2,0.9538202285766602,2
1105,Hproj2,0.9675931334495544,2
1106,Hproj2,0.9268441200256348,2
1107,Hproj2,0.4199999868869781,1
1108,Hproj2,0.8175519704818726,1
1109,Hproj2,0.9243270754814148,1
1110,Hproj2,0.9412928819656372,1
1111,Hproj2,0.9429363012313844,1
1112,Hproj2,0.9110527634620668,1
1113,Hproj2,0.762734591960907,1
1114,Hproj2,0.7692307829856873,1
1115,Hproj2,0.9411764740943908,1
1116,Hproj2,0.9667110443115234,1
1117,Hproj2,0.9362934231758118,1
1118,Hproj2,0.960629940032959,1
1119,Hproj2,0.954330563545227,2
1120,Hproj2,0.9615681767463684,2
1121,Hproj2,0.9181423783302308,4
1122,Hproj2,0.9014531970024108,5
1123,Hproj2,0.8991239666938782,6
1124,Hproj2,0.9268856048583984,6
1125,Hproj2,0.8552051186561584,6
1126,Hproj2,0.8636175990104675,7
1127,Hproj2,0.8573970794677734,7
1128,Hproj2,0.8897903561592102,8
1129,Hproj2,0.8598979115486145,8
1130,Hproj2,0.8711409568786621,8
1131,Hproj2,0.9086376428604126,8
1132,Hproj2,0.8771219253540039,8
1133,Hproj2,0.8820309042930603,8
1134,Hproj2,0.9169450402259828,8
1135,Hproj2,0.9376959204673768,8
1136,Hproj2,0.946260929107666,7
1137,Hproj2,0.9067531228065492,7
1138,Hproj2,0.8295459151268005,8
1139,Hproj2,0.8792662620544434,6
1140,Hproj2,0.8954904675483704,5
1141,Hproj2,0.9585735201835632,3
1142,Hproj2,0.969679832458496,3
1143,Hproj2,0.961695432662964,3
1144,Hproj2,0.9617246985435486,3
1145,Hproj2,0.9634916186332704,3
1146,Hproj2,0.9625527262687684,3
1147,Hproj2,0.7926803827285767,4
1148,Hproj2,0.7805485725402832,3
1149,Hproj2,0.9002590179443359,2
1150,Hproj2,0.8655775785446167,2
1151,Hproj2,0.8931136131286621,2
1152,Hproj2,0.9790209531784058,1
1153,Hproj2,0.9655172228813172,1
1154,Hproj2,0.8653846383094788,1
1155,Hproj2,0.7948718070983887,1
1156,Hproj2,0.8982528448104858,1
1157,Hproj2,0.957345962524414,1
1158,Hproj2,0.9239543676376344,1
1159,Hproj2,0.8767417073249817,1
1160,Hproj2,0.8337129950523376,1
1161,Hproj2,0.2656826674938202,1
1162,Hproj2,0.5470459461212158,1
1163,Hproj2,0.7746243476867676,1
1164,Hproj2,0.7580481767654419,2
1165,Hproj2,0.6582856178283691,5
1166,Hproj2,0.7514383792877197,6
1167,Hproj2,0.7634782195091248,6
1168,Hproj2,0.7290382385253906,6
1169,Hproj2,0.8757146000862122,6
1170,Hproj2,0.8642427325248718,6
1171,Hproj2,0.8130111694335938,7
1172,Hproj2,0.7705591917037964,7
1173,Hproj2,0.7836257219314575,7
1174,Hproj2,0.759852945804596,7
1175,Hproj2,0.7863804697990417,7
1176,Hproj2,0.8169171214103699,7
1177,Hproj2,0.5897001624107361,8
1178,Hproj2,0.6925749182701111,6
1179,Hproj2,0.8276419639587402,6
1180,Hproj2,0.755987286567688,8
1181,Hproj2,0.8605197072029114,8
1182,Hproj2,0.8507276773452759,8
1183,Hproj2,0.8045040965080261,7
1184,Hproj2,0.8024187088012695,6
1185,Hproj2,0.9364638924598694,4
1186,Hproj2,0.919752597808838,4
1187,Hproj2,0.896836519241333,4
1188,Hproj2,0.875110387802124,4
1189,Hproj2,0.8543217182159424,2
1190,Hproj2,0.776713490486145,2
1191,Hproj2,0.8918918967247009,1
1192,Hproj2,0.8318583965301514,1
1193,Hproj2,0.8648648858070374,1
1194,Hproj2,0.8181818127632141,1
1195,Hproj2,0.8952381014823914,1
1196,Hproj2,0.9158878326416016,1
1197,Hproj2,0.5849581956863403,1
1198,Hproj2,0.9246575236320496,1
1199,Hproj2,0.69305020570755,1
1200,Hproj2,0.7346570491790771,1
1201,Hproj2,0.7177615761756897,1
1202,Hproj2,0.6047903895378113,1
1203,Hproj2,0.5842563509941101,2
1204,Hproj2,0.6869875192642212,4
1205,Hproj2,0.7671602368354797,4
1206,Hproj2,0.8537434339523315,4
1207,Hproj2,0.6132604479789734,6
1208,Hproj2,0.6377162933349609,7
1209,Hproj2,0.5547841787338257,7
1210,Hproj2,0.582051157951355,7
1211,Hproj2,0.5429388880729675,7
1212,Hproj2,0.5460788607597351,7
1213,Hproj2,0.5742955207824707,7
1214,Hproj2,0.7648853659629822,7
1215,Hproj2,0.6869063377380371,7
1216,Hproj2,0.7030314803123474,7
1217,Hproj2,0.6998557448387146,7
1218,Hproj2,0.6454644203186035,8
1219,Hproj2,0.7151002883911133,7
1220,Hproj2,0.7703357338905334,7
1221,Hproj2,0.7291680574417114,7
1222,Hproj2,0.8011512756347656,7
1223,Hproj2,0.7075729966163635,7
1224,Hproj2,0.8373304605484009,5
1225,Hproj2,0.8856499791145325,5
1226,Hproj2,0.8491303324699402,4
1227,Hproj2,0.95579594373703,3
1228,Hproj2,0.9321652054786682,3
1229,Hproj2,0.8978993892669678,4
1230,Hproj2,0.8509361743927002,4
1231,Hproj2,0.8771951198577881,2
1232,Hproj2,0.8006664514541626,2
1233,Hproj2,0.7814629673957825,2
1234,Hproj2,0.90625,1
1235,Hproj2,0.4988962411880493,1
1236,Hproj2,0.7922534942626953,1
1237,Hproj2,0.7584269642829895,1
1238,Hproj2,0.7924217581748962,1
1239,Hproj2,0.839175283908844,1
1240,Hproj2,0.9181527495384216,1
1241,Hproj2,0.9112101197242736,1
1242,Hproj2,0.9349794387817384,1
1243,Hproj2,0.9331416487693788,1
1244,Hproj2,0.96791809797287,1
1245,Hproj2,0.952861189842224,1
1246,Hproj2,0.9610165953636168,1
1247,Hproj2,0.9445399641990662,1
1248,Hproj2,0.958306610584259,1
1249,Hproj2,0.9483378529548644,1
1250,Hproj2,0.952552855014801,1
1251,Hproj2,0.9239701628684998,1
1252,Hproj2,0.8830496072769165,1
1253,Hproj2,0.6896306872367859,1
1254,Hproj2,0.4077994525432586,1
1255,Hproj2,0.3875969052314758,1
1256,Hproj2,0.8035714030265808,1
1257,Hproj2,0.8805031180381775,1
1258,Hproj2,0.9605262875556946,1
1259,Hproj2,0.9712460041046144,1
1260,Hproj2,0.9867374300956726,1
1261,Hproj2,0.9493392109870912,1
1262,Hproj2,0.9685414433479308,1
1263,Hproj2,0.6497120261192322,2
1264,Hproj2,0.6158322095870972,2
1265,Hproj2,0.8912698030471802,2
1266,Hproj2,0.940403938293457,2
1267,Hproj2,0.90723979473114,2
1268,Hproj2,0.911435067653656,2
1269,Hproj2,0.8948863744735718,2
1270,Hproj2,0.903164803981781,2
1271,Hproj2,0.9408167004585266,2
1272,Hproj2,0.9465095400810242,2
1273,Hproj2,0.9712336659431458,2
1274,Hproj2,0.6758360862731934,3
1275,Hproj2,0.9067606925964355,3
1276,Hproj2,0.9474381804466248,3
1277,Hproj2,0.9495890736579896,3
1278,Hproj2,0.964942455291748,3
1279,Hproj2,0.953089952468872,3
1280,Hproj2,0.7913533449172974,4
1281,Hproj2,0.7811236381530762,4
1282,Hproj2,0.8043541312217712,4
1283,Hproj2,0.8033077716827393,4
1284,Hproj2,0.8131656646728516,4
1285,Hproj2,0.7965090274810791,4
1286,Hproj2,0.7840719223022461,4
1287,Hproj2,0.8345909118652344,4
1288,Hproj2,0.7743682861328125,4
1289,Hproj2,0.7814065217971802,4
1290,Hproj2,0.6828991174697876,5
1291,Hproj2,0.6447319984436035,5
1292,Hproj2,0.6767483949661255,5
1293,Hproj2,0.6158697009086609,6
1294,Hproj2,0.5956965088844299,6
1295,Hproj2,0.693251371383667,6
1296,Hproj2,0.7671010494232178,6
1297,Hproj2,0.8650036454200745,6
1298,Hproj2,0.8222842812538147,6
1299,Hproj2,0.8545374274253845,6
1300,Hproj2,0.8833968639373779,6
1301,Hproj2,0.7666980028152466,7
1302,Hproj2,0.6813337802886963,8
1303,Hproj2,0.703410267829895,8
1304,Hproj2,0.634778618812561,9
1305,Hproj2,0.6288253664970398,9
1306,Hproj2,0.5514539480209351,10
1307,Hproj2,0.6199648976325989,9
1308,Hproj2,0.5867010354995728,9
1309,Hproj2,0.6061570644378662,9
1310,Hproj2,0.6338900327682495,9
1311,Hproj2,0.6711384654045105,9
1312,Hproj2,0.7933297157287598,8
1313,Hproj2,0.8058833479881287,8
1314,Hproj2,0.7424811720848083,8
1315,Hproj2,0.7429823875427246,8
1316,Hproj2,0.7118134498596191,8
1317,Hproj2,0.6490412354469299,7
1318,Hproj2,0.5865630507469177,7
1319,Hproj2,0.5966118574142456,7
1320,Hproj2,0.5581909418106079,7
1321,Hproj2,0.6200218796730042,6
1322,Hproj2,0.608532190322876,6
1323,Hproj2,0.6189481616020203,5
1324,Hproj2,0.4352706968784332,5
1325,Hproj2,0.4548647105693817,4
1326,Hproj2,0.453910082578659,4
1327,Hproj2,0.4501350820064544,4
1328,Hproj2,0.5730376839637756,4
1329,Hproj2,0.4441906213760376,4
1330,Hproj2,0.4427459836006164,4
1331,Hproj2,0.6149546504020691,3
1332,Hproj2,0.5879347324371338,3
1333,Hproj2,0.6643610000610352,3
1334,Hproj2,0.5724021792411804,3
1335,Hproj2,0.7304028868675232,3
1336,Hproj2,0.7392759323120117,3
1337,Hproj2,0.5661652088165283,3
1338,Hproj2,0.7701864838600159,3
1339,Hproj2,0.8188630938529968,3
1340,Hproj2,0.7017118334770203,3
1341,Hproj2,0.7540022730827332,3
1342,Hproj2,0.6757671236991882,3
1343,Hproj2,0.7839031219482422,3
1344,Hproj2,0.7113445401191711,3
1345,Hproj2,0.7041844725608826,3
1346,Hproj2,0.7696196436882019,3
1347,Hproj2,0.6397895216941833,3
1348,Hproj2,0.4832984507083893,3
1349,Hproj2,0.6196931004524231,3
1350,Hproj2,0.6384109854698181,3
1351,Hproj2,0.70514315366745,3
1352,Hproj2,0.5592026114463806,3
1353,Hproj2,0.5926709771156311,3
1354,Hproj2,0.6736204624176025,3
1355,Hproj2,0.5809386372566223,3
1356,Hproj2,0.3596507310867309,3
1357,Hproj2,0.6108792424201965,2
1358,Hproj2,0.6075220108032227,2
1359,Hproj2,0.6301859617233276,2
1360,Hproj2,0.6492632627487183,2
1361,Hproj2,0.6553394794464111,2
1362,Hproj2,0.6706492900848389,2
1363,Hproj2,0.6631594896316528,2
1364,Hproj2,0.678992509841919,2
1365,Hproj2,0.6800607442855835,2
1366,Hproj2,0.6919549703598022,2
1367,Hproj2,0.7032973766326904,2
1368,Hproj2,0.6690924167633057,2
1369,Hproj2,0.5488383769989014,2
1370,Hproj2,0.2978723347187042,2
1371,Hproj2,0.3435114622116089,2
1372,Hproj2,0.6079999804496765,1
1373,Hproj2,0.6725663542747498,1
1374,Hproj2,0.52173912525177,1
1375,Hproj2,0.8392370343208313,1
1376,Hproj2,0.9307411909103394,1
1377,Hproj2,0.9307984709739684,1
1378,Hproj2,0.8732008337974548,1
1379,Hproj2,0.6703600883483887,1
1380,Hproj2,0.4934497773647308,1
1381,Hproj2,0.7970479726791382,1
1382,Hproj2,0.8679245114326477,1
1383,Hproj2,0.7149321436882019,1
1384,Hproj2,1.587301623473536e-09,1
1385,Hproj2,0.9534050226211548,1
1386,Hproj2,0.9655172228813172,1
1387,Hproj2,0.6313443779945374,3
1388,Hproj2,0.7581561803817749,4
1389,Hproj2,0.8982904553413391,4
1390,Hproj2,0.8606338500976562,5
1391,Hproj2,0.8736473917961121,5
1392,Hproj2,0.815634548664093,6
1393,Hproj2,0.8287687301635742,6
1394,Hproj2,0.850456953048706,6
1395,Hproj2,0.8085587620735168,7
1396,Hproj2,0.9083401560783386,7
1397,Hproj2,0.8525616526603699,7
1398,Hproj2,0.8389472961425781,7
1399,Hproj2,0.7493698000907898,7
1400,Hproj2,0.7892213463783264,7
1401,Hproj2,0.7846435904502869,7
1402,Hproj2,0.8275232911109924,7
1403,Hproj2,0.7264900207519531,8
1404,Hproj2,0.850253701210022,8
1405,Hproj2,0.7613276243209839,8
1406,Hproj2,0.7926194071769714,7
1407,Hproj2,0.8013031482696533,8
1408,Hproj2,0.8274016976356506,7
1409,Hproj2,0.6757715344429016,6
1410,Hproj2,0.6750617027282715,5
1411,Hproj2,0.6953065991401672,5
1412,Hproj2,0.8289080262184143,3
1413,Hproj2,0.8639140129089355,3
1414,Hproj2,0.9063849449157716,3
1415,Hproj2,0.8681699633598328,3
1416,Hproj2,0.8813972473144531,4
1417,Hproj2,0.8288285136222839,4
1418,Hproj2,0.8882343173027039,4
1419,Hproj2,0.8839993476867676,4
1420,Hproj2,0.7993327975273132,3
1421,Hproj2,0.7670280933380127,2
1422,Hproj2,0.793059766292572,2
1423,Hproj2,0.8574500679969788,2
1424,Hproj2,0.6349206566810608,1
1425,Hproj2,9.09090913658872e-10,1
1426,Hproj2,4.950495013922307e-10,1
1427,Hproj2,0.68544602394104,1
1428,Hproj2,0.7113884687423706,1
1429,Hproj2,0.8769230842590332,1
1430,Hproj2,0.8459616899490356,1
1431,Hproj2,0.874235212802887,1
1432,Hproj2,0.949999988079071,1
1433,Hproj2,0.9476495981216432,1
1434,Hproj2,0.9153061509132384,1
1435,Hproj2,0.8353123664855957,1
1436,Hproj2,0.8169733881950378,1
1437,Hproj2,0.8471177816390991,1
1438,Hproj2,0.5924479365348816,1
1439,Hproj2,0.1981981992721557,1
1440,Hproj2,0.9536423683166504,1
1441,Hproj2,0.9844961166381836,1
1442,Hproj2,0.9298701286315918,1
1443,Hproj2,0.9517510533332824,2
1444,Hproj2,0.9569538831710817,2
1445,Hproj2,0.9499140977859496,2
1446,Hproj2,0.973084568977356,2
1447,Hproj2,0.9600102305412292,2
1448,Hproj2,0.9842894077301024,2
1449,Hproj2,0.96269953250885,2
1450,Hproj2,0.9826988577842712,2
1451,Hproj2,0.9724652767181396,2
1452,Hproj2,0.967131733894348,2
1453,Hproj2,0.9838763475418092,2
1454,Hproj2,0.9599593877792358,2
1455,Hproj2,0.7805399894714355,3
1456,Hproj2,0.8155046105384827,3
1457,Hproj2,0.7983109354972839,3
1458,Hproj2,0.9192106127738952,3
1459,Hproj2,0.8929012417793274,3
1460,Hproj2,0.9518038630485536,3
1461,Hproj2,0.9544317126274108,3
1462,Hproj2,0.9438617825508118,3
1463,Hproj2,0.71152263879776,4
1464,Hproj2,0.5972020030021667,5
1465,Hproj2,0.8141677975654602,5
1466,Hproj2,0.8831762075424194,5
1467,Hproj2,0.8372821807861328,5
1468,Hproj2,0.926977515220642,5
1469,Hproj2,0.8714380264282227,6
1470,Hproj2,0.7383972406387329,7
1471,Hproj2,0.8155338168144226,7
1472,Hproj2,0.7732823491096497,7
1473,Hproj2,0.9032201766967772,7
1474,Hproj2,0.843587338924408,7
1475,Hproj2,0.9009944200515748,7
1476,Hproj2,0.910015106201172,7
1477,Hproj2,0.903167724609375,7
1478,Hproj2,0.9242106676101683,7
1479,Hproj2,0.8982797265052795,7
1480,Hproj2,0.8530392050743103,8
1481,Hproj2,0.8402889966964722,8
1482,Hproj2,0.8483601808547974,8
1483,Hproj2,0.7818571329116821,10
1484,Hproj2,0.7354217767715454,10
1485,Hproj2,0.7517166137695312,10
1486,Hproj2,0.8401690721511841,10
1487,Hproj2,0.8527318835258484,10
1488,Hproj2,0.8470169305801392,10
1489,Hproj2,0.8357257843017578,10
1490,Hproj2,0.7176663279533386,10
1491,Hproj2,0.8365659713745117,9
1492,Hproj2,0.8399439454078674,9
1493,Hproj2,0.8379537463188171,9
1494,Hproj2,0.7146296501159668,9
1495,Hproj2,0.8501242399215698,7
1496,Hproj2,0.8267586827278137,7
1497,Hproj2,0.6716951727867126,7
1498,Hproj2,0.936713695526123,4
1499,Hproj2,0.926071047782898,4
1500,Hproj2,0.9396302700042723,3
1501,Hproj2,0.9538643956184388,3
1502,Hproj2,0.9460660815238952,3
1503,Hproj2,0.9634003043174744,3
1504,Hproj2,0.9622983932495116,3
1505,Hproj2,0.959524929523468,3
1506,Hproj2,0.9685182571411132,3
1507,Hproj2,0.9669297337532043,3
1508,Hproj2,0.9656501412391664,3
1509,Hproj2,0.966780960559845,3
1510,Hproj2,0.9611363410949708,3
1511,Hproj2,0.9745891690254213,3
1512,Hproj2,0.9670512676239014,3
1513,Hproj2,0.9734082818031312,3
1514,Hproj2,0.966291606426239,3
1515,Hproj2,0.8811923861503601,4
1516,Hproj2,0.8950608968734741,4
1517,Hproj2,0.8959928750991821,4
1518,Hproj2,0.9416368007659912,4
1519,Hproj2,0.9166638255119324,4
1520,Hproj2,0.9228014945983888,4
1521,Hproj2,0.928076982498169,4
1522,Hproj2,0.8628374338150024,4
1523,Hproj2,0.8534284234046936,3
1524,Hproj2,0.7957947254180908,3
1525,Hproj2,0.7657945156097412,3
1526,Hproj2,0.6949746012687683,3
1527,Hproj2,0.6496585011482239,3
1528,Hproj2,0.8709723949432373,2
1529,Hproj2,0.8996003866195679,2
1530,Hproj2,0.9191138744354248,2
1531,Hproj2,0.9174489974975586,2
1532,Hproj2,0.9293047189712524,2
1533,Hproj2,0.913974106311798,2
1534,Hproj2,0.8504626750946045,2
1535,Hproj2,0.7032949924468994,2
1536,Hproj2,0.7356321811676025,1
1537,Hproj2,0.6971428394317627,1
1538,Hproj2,0.6762589812278748,1
1539,Hproj2,0.646616518497467,1
1540,Hproj2,0.4817518293857574,1
1541,Hproj2,0.8433734774589539,1
1542,Hproj2,0.800000011920929,1
1543,Hproj2,0.7733333110809326,1
1544,Hproj2,0.7532467246055603,1
1545,Hproj2,0.8292682766914368,1
1546,Hproj2,0.8433734774589539,1
1547,Hproj2,0.7529411911964417,1
1548,Hproj2,0.8695651888847351,1
1549,Hproj2,0.739130437374115,1
1550,Hproj2,0.800000011920929,1
1551,Hproj2,0.7433628439903259,1
1552,Hproj2,0.5346534848213196,1
1553,Hproj2,0.7415730357170105,1
1554,Hproj2,0.7631579041481018,1
1555,Hproj2,0.7532467246055603,1
1556,Hproj2,0.8505747318267822,1
1557,Hproj2,0.824999988079071,1
1558,Hproj2,0.8440366983413696,1
1559,Hproj2,0.8380952477455139,1
1560,Hproj2,0.8305647969245911,1
1561,Hproj2,0.9452381134033204,1
1562,Hproj2,0.9645131826400756,1
1563,Hproj2,0.95315682888031,1
1564,Hproj2,0.962920069694519,1
1565,Hproj2,0.9583333134651184,1
1566,Hproj2,0.9289055466651917,1
1567,Hproj2,0.9314814805984496,1
1568,Hproj2,0.8759571313858032,1
1569,Hproj2,0.9432902932167052,1
1570,Hproj2,0.5714285969734192,1
1571,Hproj2,0.6684831976890564,1
1572,Hproj2,0.8624191880226135,1
1573,Hproj2,0.92164945602417,1
1574,Hproj2,0.9518072009086608,1
1575,Hproj2,0.9411764740943908,1
1576,Hproj2,0.604651153087616,1
1577,Hproj2,0.0404040403664112,1
1578,Hproj2,0.7692307829856873,1
1579,Hproj2,0.8500000238418579,1
1580,Hproj2,0.9063444137573242,1
1581,Hproj2,0.9770641922950744,1
1582,Hproj2,0.9385665655136108,1
1583,Hproj2,0.4956140220165252,2
1584,Hproj2,0.4853300750255584,2
1585,Hproj2,0.7284514904022217,2
1586,Hproj2,0.981276512145996,2
1587,Hproj2,0.9573193788528442,2
1588,Hproj2,0.98036527633667,2
1589,Hproj2,0.961191177368164,2
1590,Hproj2,0.9654935002326964,2
1591,Hproj2,0.9756406545639038,2
1592,Hproj2,0.9586554169654846,2
1593,Hproj2,0.979784607887268,2
1594,Hproj2,0.846137285232544,3
1595,Hproj2,0.9050673842430116,3
1596,Hproj2,0.9017014503479004,3
1597,Hproj2,0.924546718597412,3
1598,Hproj2,0.8865302205085754,3
1599,Hproj2,0.8920659422874451,3
1600,Hproj2,0.8751594424247742,3
1601,Hproj2,0.9132830500602722,3
1602,Hproj2,0.9047179222106934,3
1603,Hproj2,0.9369771480560304,3
1604,Hproj2,0.832512378692627,4
1605,Hproj2,0.8659427762031555,5
1606,Hproj2,0.902253806591034,5
1607,Hproj2,0.9149801135063172,5
1608,Hproj2,0.9334335327148438,5
1609,Hproj2,0.8066102862358093,6
1610,Hproj2,0.7565481066703796,6
1611,Hproj2,0.8464207053184509,6
1612,Hproj2,0.8662827014923096,6
1613,Hproj2,0.8761212229728699,7
1614,Hproj2,0.900478720664978,8
1615,Hproj2,0.8712164163589478,8
1616,Hproj2,0.8585326671600342,8
1617,Hproj2,0.8691755533218384,8
1618,Hproj2,0.8735953569412231,8
1619,Hproj2,0.8260390758514404,8
1620,Hproj2,0.7921531796455383,9
1621,Hproj2,0.8390277624130249,8
1622,Hproj2,0.8342468738555908,8
1623,Hproj2,0.8448348045349121,8
1624,Hproj2,0.8142168521881104,8
1625,Hproj2,0.7969132661819458,8
1626,Hproj2,0.8534625768661499,8
1627,Hproj2,0.8623828291893005,7
1628,Hproj2,0.883696436882019,7
1629,Hproj2,0.8614171147346497,6
1630,Hproj2,0.8767333626747131,6
1631,Hproj2,0.841325044631958,6
1632,Hproj2,0.7237021923065186,6
1633,Hproj2,0.7930654287338257,5
1634,Hproj2,0.750074028968811,5
1635,Hproj2,0.7205215692520142,4
1636,Hproj2,0.7261003851890564,4
1637,Hproj2,0.7362130284309387,4
1638,Hproj2,0.9722900986671448,3
1639,Hproj2,0.9674108624458312,3
1640,Hproj2,0.9603506922721864,3
1641,Hproj2,0.9652277827262878,3
1642,Hproj2,0.9511644244194032,3
1643,Hproj2,0.9613361358642578,3
1644,Hproj2,0.9637776017189026,3
1645,Hproj2,0.9586521983146667,3
1646,Hproj2,0.9689145684242249,3
1647,Hproj2,0.898033857345581,4
1648,Hproj2,0.9295634031295776,4
1649,Hproj2,0.9311760067939758,4
1650,Hproj2,0.927432417869568,4
1651,Hproj2,0.8802772164344788,4
1652,Hproj2,0.9500344395637512,3
1653,Hproj2,0.9288824200630188,3
1654,Hproj2,0.9037896990776062,3
1655,Hproj2,0.9153504967689514,3
1656,Hproj2,0.9340014457702636,3
1657,Hproj2,0.9004595279693604,3
1658,Hproj2,0.9732059240341188,2
1659,Hproj2,0.9629113078117372,2
1660,Hproj2,0.9585744142532348,2
1661,Hproj2,0.9664416313171388,2
1662,Hproj2,0.9649252891540528,2
1663,Hproj2,0.959036648273468,2
1664,Hproj2,0.9528422355651855,2
1665,Hproj2,0.968816339969635,2
1666,Hproj2,0.9587653279304504,2
1667,Hproj2,0.9323922991752625,2
1668,Hproj2,0.9339722394943236,2
1669,Hproj2,0.9138780832290648,2
1670,Hproj2,0.9399256706237792,2
1671,Hproj2,0.9261497259140016,2
1672,Hproj2,0.9272831678390504,2
1673,Hproj2,0.9326517581939696,2
1674,Hproj2,0.9267650246620178,2
1675,Hproj2,0.8737002611160278,2
1676,Hproj2,0.9356608986854552,2
1677,Hproj2,0.9221742153167723,2
1678,Hproj2,0.9586997032165528,2
1679,Hproj2,0.8973674774169922,2
1680,Hproj2,0.9582388401031494,2
1681,Hproj2,0.9698453545570374,2
1682,Hproj2,0.6829965710639954,2
1683,Hproj2,0.9382715821266174,1
1684,Hproj2,0.8533333539962769,1
1685,Hproj2,0.9634782671928406,1
1686,Hproj2,0.9795501232147216,1
1687,Hproj2,0.9850993156433104,1
1688,Hproj2,0.9881423115730286,1
1689,Hproj2,0.9844290614128112,1
1690,Hproj2,0.9661229848861694,1
1691,Hproj2,0.7088607549667358,1
1692,Hproj2,0.9784172773361206,1
1693,Hproj2,0.9548872113227844,1
1694,Hproj2,0.9748743772506714,1
1695,Hproj2,0.9490624666213988,2
1696,Hproj2,0.9779199361801147,2
1697,Hproj2,0.9652209877967834,3
1698,Hproj2,0.9701042175292968,3
1699,Hproj2,0.9680171608924866,3
1700,Hproj2,0.8112767934799194,4
1701,Hproj2,0.9133164882659912,4
1702,Hproj2,0.9271200895309448,4
1703,Hproj2,0.7679182291030884,5
1704,Hproj2,0.8404833078384399,5
1705,Hproj2,0.7936253547668457,7
1706,Hproj2,0.8331955075263977,7
1707,Hproj2,0.872886061668396,7
1708,Hproj2,0.8929111361503601,7
1709,Hproj2,0.9106768369674684,7
1710,Hproj2,0.9288679361343384,7
1711,Hproj2,0.8904736638069153,9
1712,Hproj2,0.8635485172271729,9
1713,Hproj2,0.8624628782272339,8
1714,Hproj2,0.8719079494476318,9
1715,Hproj2,0.8933010101318359,6
1716,Hproj2,0.9239932894706726,6
1717,Hproj2,0.952091097831726,4
1718,Hproj2,0.856134295463562,4
1719,Hproj2,0.9663543701171876,3
1720,Hproj2,0.9572806358337402,3
1721,Hproj2,0.7981403470039368,3
1722,Hproj2,0.931062638759613,3
1723,Hproj2,0.9000954031944275,3
1724,Hproj2,0.9085391163825988,3
1725,Hproj2,0.8923845291137695,3
1726,Hproj2,0.9533193111419678,3
1727,Hproj2,0.9189189076423644,1
1728,Hproj2,0.9653333425521852,1
1729,Hproj2,0.7759398221969604,1
1730,Hproj2,0.7236841917037964,1
1731,Hproj2,0.7842565774917603,1
1732,Hproj2,0.800000011920929,1
1733,Hproj2,3.9370079418787896e-10,1
1734,Hproj2,0.6877289414405823,2
1735,Hproj2,0.7899264693260193,2
1736,Hproj2,0.7814435362815857,3
1737,Hproj2,0.7824954390525818,3
1738,Hproj2,0.8958415985107422,3
1739,Hproj2,0.8836669921875,3
1740,Hproj2,0.8285540342330933,4
1741,Hproj2,0.8173867464065552,4
1742,Hproj2,0.7863427400588989,5
1743,Hproj2,0.7309136390686035,6
1744,Hproj2,0.7180507779121399,6
1745,Hproj2,0.7115457653999329,7
1746,Hproj2,0.8532818555831909,7
1747,Hproj2,0.7608597874641418,7
1748,Hproj2,0.8375316858291626,8
1749,Hproj2,0.8564103841781616,8
1750,Hproj2,0.8246719837188721,9
1751,Hproj2,0.8312881588935852,10
1752,Hproj2,0.7922395467758179,10
1753,Hproj2,0.7079737782478333,10
1754,Hproj2,0.7675700783729553,9
1755,Hproj2,0.7349110841751099,8
1756,Hproj2,0.8210703134536743,5
1757,Hproj2,0.9627005457878112,3
1758,Hproj2,0.9071279168128968,3
1759,Hproj2,0.9413744807243348,3
1760,Hproj2,0.9415506720542908,3
1761,Hproj2,0.8184236884117126,4
1762,Hproj2,0.690340518951416,4
1763,Hproj2,0.9651471972465516,3
1764,Hproj2,0.9308711886405944,2
1765,Hproj2,0.9315007925033568,2
1766,Hproj2,0.9169093370437622,2
1767,Hproj2,0.9191656112670898,2
1768,Hproj2,0.8991973400115967,2
1769,Hproj2,0.9056603908538818,1
1770,Hproj2,0.75,1
1771,Hproj2,0.5116279125213623,1
1772,Hproj2,0.523809552192688,1
1773,Hproj2,0.5789473652839661,1
1774,Hproj2,0.7647058963775635,1
1775,Hproj2,0.6857143044471741,1
1776,Hproj2,0.7096773982048035,1
1777,Hproj2,0.8275862336158752,1
1778,Hproj2,0.8888888955116272,1
1779,Hproj2,0.7272727489471436,1
1780,Hproj2,0.7058823704719543,1
1781,Hproj2,0.8235294222831726,1
1782,Hproj2,0.6206896305084229,1
1783,Hproj2,0.6363636255264282,1
1784,Hproj2,0.7894737124443054,1
1785,Hproj2,0.8372092843055725,1
1786,Hproj2,0.4799999892711639,1
1787,Hproj2,0.6829268336296082,1
1788,Hproj2,0.6341463327407837,1
1789,Hproj2,0.4705882370471954,1
1790,Hproj2,0.5581395626068115,1
1791,Hproj2,0.7096773982048035,1
1792,Hproj2,0.8500000238418579,1
1793,Hproj2,0.8533333539962769,1
1794,Hproj2,0.7118644118309021,1
1795,Hproj2,0.7407407164573669,1
1796,Hproj2,0.782608687877655,1
1797,Hproj2,0.4571428596973419,1
1798,Hproj2,0.9439527988433838,1
1799,Hproj2,0.9192200303077698,1
1800,Hproj2,0.8773055076599121,1
1801,Hproj2,0.8863765001296997,1
1802,Hproj2,0.980947732925415,1
1803,Hproj2,0.9872434735298156,1
1804,Hproj2,0.942307710647583,1
1805,Hproj2,0.6727272868156433,1
1806,Hproj2,0.8403361439704895,1
1807,Hproj2,0.9672130942344666,1
1808,Hproj2,0.9625965356826782,2
1809,Hproj2,0.977593183517456,2
1810,Hproj2,0.9745005965232848,2
1811,Hproj2,0.97257262468338,2
1812,Hproj2,0.819500744342804,3
1813,Hproj2,0.7150209546089172,3
1814,Hproj2,0.6542568206787109,4
1815,Hproj2,0.5967428684234619,6
1816,Hproj2,0.6478870511054993,6
1817,Hproj2,0.7862643599510193,7
1818,Hproj2,0.850997805595398,7
1819,Hproj2,0.8547075390815735,8
1820,Hproj2,0.8458199501037598,8
1821,Hproj2,0.8167237043380737,8
1822,Hproj2,0.8984596133232117,8
1823,Hproj2,0.8641200661659241,8
1824,Hproj2,0.8184741139411926,8
1825,Hproj2,0.7593616247177124,8
1826,Hproj2,0.827271580696106,8
1827,Hproj2,0.721503734588623,8
1828,Hproj2,0.7475997805595398,7
1829,Hproj2,0.8092396855354309,6
1830,Hproj2,0.9491416215896606,5
1831,Hproj2,0.8762041926383972,5
1832,Hproj2,0.9529969692230223,4
1833,Hproj2,0.8345311880111694,4
1834,Hproj2,0.82700115442276,4
1835,Hproj2,0.9315541982650756,4
1836,Hproj2,0.7396397590637207,4
1837,Hproj2,0.8101690411567688,2
1838,Hproj2,0.5375220775604248,2
1839,Hproj2,0.9424083828926086,1
1840,Hproj2,0.9333333373069764,1
1841,Hproj2,0.8840579986572266,1
1842,Hproj2,0.9016393423080444,1
1843,Hproj2,0.875,1
1844,Hproj2,0.8545454740524292,1
1845,Hproj2,0.8269230723381042,1
1846,Hproj2,0.8498985767364502,1
1847,Hproj2,0.942011833190918,1
1848,Hproj2,0.9733570218086244,1
1849,Hproj2,0.9682187438011168,1
1850,Hproj2,0.97711980342865,1
1851,Hproj2,0.9731707572937012,1
1852,Hproj2,0.978761613368988,1
1853,Hproj2,0.9703635573387146,1
1854,Hproj2,0.9818295836448668,1
1855,Hproj2,0.9750913381576538,1
1856,Hproj2,0.9696279168128968,1
1857,Hproj2,0.9322361946105956,1
1858,Hproj2,0.95652174949646,1
1859,Hproj2,0.8120300769805908,1
1860,Hproj2,0.8771929740905762,1
1861,Hproj2,0.9529411792755128,1
1862,Hproj2,0.975944995880127,1
1863,Hproj2,0.9597989916801452,1
1864,Hproj2,0.974155068397522,1
1865,Hproj2,0.9720279574394226,1
1866,Hproj2,0.7273531556129456,2
1867,Hproj2,0.8974476456642151,3
1868,Hproj2,0.9226076602935792,3
1869,Hproj2,0.8863511681556702,3
1870,Hproj2,0.934986650943756,3
1871,Hproj2,0.8623090982437134,4
1872,Hproj2,0.8887615203857422,5
1873,Hproj2,0.9342045783996582,5
1874,Hproj2,0.926899552345276,5
1875,Hproj2,0.9441757202148438,5
1876,Hproj2,0.9177340269088744,5
1877,Hproj2,0.9417569041252136,5
1878,Hproj2,0.9122535586357116,5
1879,Hproj2,0.9195190072059632,7
1880,Hproj2,0.9352989196777344,7
1881,Hproj2,0.8616268634796143,9
1882,Hproj2,0.8386424779891968,10
1883,Hproj2,0.7877078652381897,9
1884,Hproj2,0.8767848014831543,9
1885,Hproj2,0.8549435138702393,9
1886,Hproj2,0.8881849646568298,9
1887,Hproj2,0.8705340623855591,9
1888,Hproj2,0.8309484720230103,8
1889,Hproj2,0.7775999903678894,6
1890,Hproj2,0.84180748462677,4
1891,Hproj2,0.9611595273017884,3
1892,Hproj2,0.9694544672966005,3
1893,Hproj2,0.9707384705543518,3
1894,Hproj2,0.9730936884880066,3
1895,Hproj2,0.9259747862815856,4
1896,Hproj2,0.9286233186721802,4
1897,Hproj2,0.9033651351928712,4
1898,Hproj2,0.8989279866218567,3
1899,Hproj2,0.9072551727294922,3
1900,Hproj2,0.9127871990203856,2
1901,Hproj2,0.8888888955116272,1
1902,Hproj2,0.8235294222831726,1
1903,Hproj2,0.7755101919174194,1
1904,Hproj2,0.7906976938247681,1
1905,Hproj2,0.8571428656578064,1
1906,Hproj2,0.8837209343910217,1
1907,Hproj2,0.7272727489471436,1
1908,Hproj2,0.5090909004211426,1
1909,Hproj2,0.7857142686843872,1
1910,Hproj2,0.774193525314331,1
1911,Hproj2,0.5199999809265137,1
1912,Hproj2,0.6764705777168274,1
1913,Hproj2,0.7837837934494019,1
1914,Hproj2,0.7297297120094299,1
1915,Hproj2,0.7792207598686218,1
1916,Hproj2,0.8333333134651184,1
1917,Hproj2,0.7142857313156128,1
1918,Hproj2,0.8095238208770752,1
1919,Hproj2,0.7037037014961243,1
1920,Hproj2,0.8474576473236084,1
1921,Hproj2,0.7272727489471436,1
1922,Hproj2,0.7575757503509521,1
1923,Hproj2,0.78125,1
1924,Hproj2,0.78125,1
1925,Hproj2,0.7843137383460999,1
1926,Hproj2,0.7317073345184326,1
1927,Hproj2,0.8571428656578064,1
1928,Hproj2,0.7450980544090271,1
1929,Hproj2,0.8787878751754761,1
1930,Hproj2,0.692307710647583,1
1931,Hproj2,0.6206896305084229,1
1932,Hproj2,0.8524590134620667,1
1933,Hproj2,0.7272727489471436,1
1934,Hproj2,0.9122806787490844,1
1935,Hproj2,0.8070175647735596,1
1936,Hproj2,0.8899999856948853,1
1937,Hproj2,0.9134253263473512,1
1938,Hproj2,0.8802017569541931,1
1939,Hproj2,0.8820286393165588,1
1940,Hproj2,0.9220607876777648,1
1941,Hproj2,0.6666666865348816,1
1942,Hproj2,0.843478262424469,1
1943,Hproj2,0.936247706413269,1
1944,Hproj2,0.9510664939880372,1
1945,Hproj2,0.9790209531784058,1
1946,Hproj2,0.4831553101539612,2
1947,Hproj2,0.4459064304828644,2
1948,Hproj2,0.5038970708847046,2
1949,Hproj2,0.2442992180585861,3
1950,Hproj2,0.4516071081161499,4
1951,Hproj2,0.4001309275627136,5
1952,Hproj2,0.6347472071647644,6
1953,Hproj2,0.6842370629310608,6
1954,Hproj2,0.758065402507782,6
1955,Hproj2,0.7286015748977661,7
1956,Hproj2,0.7575030326843262,7
1957,Hproj2,0.8053126931190491,7
1958,Hproj2,0.72103351354599,7
1959,Hproj2,0.698504626750946,7
1960,Hproj2,0.7426612377166748,8
1961,Hproj2,0.8312229514122009,8
1962,Hproj2,0.8506675362586975,8
1963,Hproj2,0.9007083773612976,6
1964,Hproj2,0.9091606736183168,6
1965,Hproj2,0.9485223889350892,5
1966,Hproj2,0.9464579820632936,5
1967,Hproj2,0.8768133521080017,6
1968,Hproj2,0.9210250973701476,6
1969,Hproj2,0.9281263947486876,6
1970,Hproj2,0.908585786819458,6
1971,Hproj2,0.8878509402275085,6
1972,Hproj2,0.9319028854370116,5
1973,Hproj2,0.8866565823554993,5
1974,Hproj2,0.8798691034317017,5
1975,Hproj2,0.9097930788993835,5
1976,Hproj2,0.8487370610237122,4
1977,Hproj2,0.7411537170410156,3
1978,Hproj2,0.8824727535247803,2
1979,Hproj2,0.8602451682090759,2
1980,Hproj2,0.8240255117416382,2
1981,Hproj2,0.8161405324935913,2
1982,Hproj2,0.6924886107444763,2
1983,Hproj2,0.9268141388893129,2
1984,Hproj2,0.895301342010498,2
1985,Hproj2,0.4246575236320495,2
1986,Hproj2,0.8266666531562805,1
1987,Hproj2,0.7887324094772339,1
1988,Hproj2,0.7948718070983887,1
1989,Hproj2,0.6736842393875122,1
1990,Hproj2,0.6111111044883728,1
1991,Hproj2,0.752293586730957,1
1992,Hproj2,0.7948718070983887,1
1993,Hproj2,0.5199999809265137,1
1994,Hproj2,0.8849999904632568,1
1995,Hproj2,0.9126891493797302,1
1996,Hproj2,0.9072642922401428,1
1997,Hproj2,0.9411123394966124,1
1998,Hproj2,0.7754642367362976,1
1999,Hproj2,0.141057938337326,1
2000,Hproj2,0.1769398152828216,1
2001,Hproj2,0.2504409253597259,1
2002,Hproj2,0.0335636734962463,1
2003,Hproj2,3.5335689929638647e-10,1
2004,Hproj2,5.58659229987768e-10,1
2005,Hproj2,0.2395833283662796,1
2006,Hproj2,0.6806282997131348,1
2007,Hproj2,0.7164179086685181,1
2008,Hproj2,0.5356336832046509,2
2009,Hproj2,0.7007215619087219,3
2010,Hproj2,0.770135223865509,3
2011,Hproj2,0.7195254564285278,4
2012,Hproj2,0.7296934723854065,4
2013,Hproj2,0.7295281291007996,4
2014,Hproj2,0.659605860710144,5
2015,Hproj2,0.4663008153438568,6
2016,Hproj2,0.5117881894111633,6
2017,Hproj2,0.5583946704864502,6
2018,Hproj2,0.5892099142074585,6
2019,Hproj2,0.6124281287193298,6
2020,Hproj2,0.625253438949585,6
2021,Hproj2,0.6476044654846191,6
2022,Hproj2,0.6394162774085999,6
2023,Hproj2,0.8163076639175415,5
2024,Hproj2,0.7394757866859436,6
2025,Hproj2,0.8231865167617798,5
2026,Hproj2,0.8432571291923523,5
2027,Hproj2,0.884477972984314,5
2028,Hproj2,0.8212805390357971,7
2029,Hproj2,0.7853215336799622,7
2030,Hproj2,0.7610176205635071,6
2031,Hproj2,0.8118661642074585,5
2032,Hproj2,0.816085696220398,4
2033,Hproj2,0.9201228022575378,3
2034,Hproj2,0.704454243183136,3
2035,Hproj2,0.5148153305053711,3
2036,Hproj2,0.8483026027679443,3
2037,Hproj2,0.7974574565887451,4
2038,Hproj2,0.8420093655586243,3
2039,Hproj2,0.7046771049499512,2
2040,Hproj2,0.8282091617584229,2
2041,Hproj2,0.6486486196517944,1
2042,Hproj2,0.892307698726654,1
2043,Hproj2,0.8115941882133484,1
2044,Hproj2,0.8912280797958374,1
2045,Hproj2,0.9680451154708862,1
2046,Hproj2,0.9487031698226928,1
2047,Hproj2,0.9687362313270568,1
2048,Hproj2,0.9784815311431884,1
2049,Hproj2,0.973767876625061,1
2050,Hproj2,0.9714758396148682,1
2051,Hproj2,0.9576516151428224,1
2052,Hproj2,0.95652174949646,1
2053,Hproj2,0.895652174949646,1
2054,Hproj2,0.8994082808494568,1
2055,Hproj2,0.951330840587616,2
2056,Hproj2,0.9573900103569032,2
2057,Hproj2,0.9732537865638732,2
2058,Hproj2,0.9807268381118774,2
2059,Hproj2,0.9666346311569214,2
2060,Hproj2,0.9636520147323608,2
2061,Hproj2,0.9128961563110352,3
2062,Hproj2,0.9236046671867372,3
2063,Hproj2,0.9114440083503724,3
2064,Hproj2,0.897264838218689,4
2065,Hproj2,0.8616741299629211,5
2066,Hproj2,0.9179016947746276,5
2067,Hproj2,0.8782476186752319,5
2068,Hproj2,0.894006609916687,5
2069,Hproj2,0.9204984903335572,5
2070,Hproj2,0.912367343902588,5
2071,Hproj2,0.9191074371337892,5
2072,Hproj2,0.8739391565322876,7
2073,Hproj2,0.8791161775588989,7
2074,Hproj2,0.8670125007629395,8
2075,Hproj2,0.8557223677635193,7
2076,Hproj2,0.7387259006500244,8
2077,Hproj2,0.8209235072135925,7
2078,Hproj2,0.8823702931404114,7
2079,Hproj2,0.7673326134681702,7
2080,Hproj2,0.83515864610672,6
2081,Hproj2,0.8948448896408081,4
2082,Hproj2,0.9401009678840636,3
2083,Hproj2,0.9612149596214294,3
2084,Hproj2,0.9646621346473694,3
2085,Hproj2,0.8384621143341064,4
2086,Hproj2,0.890251874923706,4
2087,Hproj2,0.9329717755317688,3
2088,Hproj2,0.929826319217682,3
2089,Hproj2,0.8703330159187317,3
2090,Hproj2,0.8883349895477295,3
2091,Hproj2,0.8848378658294678,2
2092,Hproj2,0.8681635856628418,2
2093,Hproj2,0.6527884006500244,2
2094,Hproj2,0.837837815284729,1
2095,Hproj2,0.75,1
2096,Hproj2,0.7076923251152039,1
2097,Hproj2,0.8333333134651184,1
2098,Hproj2,0.9295774698257446,1
2099,Hproj2,0.84375,1
2100,Hproj2,0.8275862336158752,1
2101,Hproj2,0.8524590134620667,1
2102,Hproj2,0.746268630027771,1
2103,Hproj2,0.8125,1
2104,Hproj2,0.800000011920929,1
2105,Hproj2,0.7169811129570007,1
2106,Hproj2,0.6666666865348816,1
2107,Hproj2,0.6753246784210205,1
2108,Hproj2,0.6944444179534912,1
2109,Hproj2,0.7222222089767456,1
2110,Hproj2,0.6388888955116272,1
2111,Hproj2,0.7123287916183472,1
2112,Hproj2,0.650602400302887,1
2113,Hproj2,0.7228915691375732,1
2114,Hproj2,0.4918032884597778,1
2115,Hproj2,0.75,1
2116,Hproj2,0.65625,1
2117,Hproj2,0.7142857313156128,1
2118,Hproj2,0.6557376980781555,1
2119,Hproj2,0.6909090876579285,1
2120,Hproj2,0.800000011920929,1
2121,Hproj2,0.7368420958518982,1
2122,Hproj2,0.800000011920929,1
2123,Hproj2,0.8085106611251831,1
2124,Hproj2,0.875,1
2125,Hproj2,0.800000011920929,1
2126,Hproj2,0.7111111283302307,1
2127,Hproj2,0.875,1
2128,Hproj2,0.6808510422706604,1
2129,Hproj2,0.7719298005104065,1
2130,Hproj2,0.6521739363670349,1
2131,Hproj2,0.7857142686843872,1
2132,Hproj2,0.7692307829856873,1
2133,Hproj2,0.8771929740905762,1
2134,Hproj2,0.8965517282485962,1
2135,Hproj2,0.7450980544090271,1
2136,Hproj2,0.7586206793785095,1
2137,Hproj2,0.7352941036224365,1
2138,Hproj2,0.8823529481887817,1
2139,Hproj2,0.8852459192276001,1
2140,Hproj2,0.9620853066444396,1
2141,Hproj2,0.9755579233169556,1
2142,Hproj2,0.9791666865348816,1
2143,Hproj2,0.979871928691864,1
2144,Hproj2,0.9856169819831848,1
2145,Hproj2,0.990559697151184,1
2146,Hproj2,0.9876543283462524,1
2147,Hproj2,0.9873337745666504,1
2148,Hproj2,0.9890764355659484,1
2149,Hproj2,0.9876543283462524,1
2150,Hproj2,0.9872375726699828,1
2151,Hproj2,0.9865771532058716,1
2152,Hproj2,0.9907084703445436,1
2153,Hproj2,0.9828230142593384,1
2154,Hproj2,0.9830148816108704,1
2155,Hproj2,0.9567010402679444,1
2156,Hproj2,0.9487179517745972,1
2157,Hproj2,0.6493671536445618,3
2158,Hproj2,0.8174555897712708,3
2159,Hproj2,0.899665355682373,3
2160,Hproj2,0.7020190954208374,4
2161,Hproj2,0.7442296743392944,5
2162,Hproj2,0.8147436380386353,5
2163,Hproj2,0.8729478716850281,5
2164,Hproj2,0.9219183921813964,5
2165,Hproj2,0.8094780445098877,6
2166,Hproj2,0.921973705291748,6
2167,Hproj2,0.8922650218009949,7
2168,Hproj2,0.90736585855484,7
2169,Hproj2,0.9221275448799132,7
2170,Hproj2,0.955231249332428,7
2171,Hproj2,0.9748514890670776,7
2172,Hproj2,0.9576098322868348,7
2173,Hproj2,0.9043951630592346,8
2174,Hproj2,0.9415162801742554,8
2175,Hproj2,0.8900286555290222,10
2176,Hproj2,0.9194375276565552,10
2177,Hproj2,0.9168545603752136,10
2178,Hproj2,0.9127836227416992,10
2179,Hproj2,0.8710768818855286,8
2180,Hproj2,0.8894951939582825,7
2181,Hproj2,0.8244895339012146,7
2182,Hproj2,0.8886855244636536,5
2183,Hproj2,0.8869876861572266,5
2184,Hproj2,0.9764049649238586,3
2185,Hproj2,0.9765480160713196,3
2186,Hproj2,0.9814994931221008,3
2187,Hproj2,0.964289665222168,3
2188,Hproj2,0.9625625014305116,4
2189,Hproj2,0.9419007301330566,4
2190,Hproj2,0.9525137543678284,3
2191,Hproj2,0.9471204280853271,3
2192,Hproj2,0.8068807125091553,3
2193,Hproj2,0.906569480895996,2
2194,Hproj2,0.9365728497505188,2
2195,Hproj2,0.939661979675293,2
2196,Hproj2,0.9479366540908812,2
2197,Hproj2,0.8960620760917664,2
2198,Hproj2,0.9587568044662476,2
2199,Hproj2,0.8637802600860596,2
2200,Hproj2,0.78125,1
2201,Hproj2,0.7599999904632568,1
2202,Hproj2,0.7083333134651184,1
2203,Hproj2,0.7450980544090271,1
2204,Hproj2,0.6545454263687134,1
2205,Hproj2,0.75,1
2206,Hproj2,0.7575757503509521,1
2207,Hproj2,0.800000011920929,1
2208,Hproj2,0.8205128312110901,1
2209,Hproj2,0.7297297120094299,1
2210,Hproj2,0.7719298005104065,1
2211,Hproj2,0.7111111283302307,1
2212,Hproj2,0.688524603843689,1
2213,Hproj2,0.5479452013969421,1
2214,Hproj2,0.695652186870575,1
2215,Hproj2,0.7179487347602844,1
2216,Hproj2,0.7368420958518982,1
2217,Hproj2,0.89552241563797,1
2218,Hproj2,0.7368420958518982,1
2219,Hproj2,0.84375,1
2220,Hproj2,0.774193525314331,1
2221,Hproj2,0.7692307829856873,1
2222,Hproj2,0.8611111044883728,1
2223,Hproj2,0.8648648858070374,1
2224,Hproj2,0.8985507488250732,1
2225,Hproj2,0.7887324094772339,1
2226,Hproj2,0.5,1
2227,Hproj2,0.8529411554336548,1
2228,Hproj2,0.8055555820465088,1
2229,Hproj2,0.8405796885490417,1
2230,Hproj2,0.8918918967247009,1
2231,Hproj2,0.800000011920929,1
2232,Hproj2,0.8354430198669434,1
2233,Hproj2,0.8799999952316284,1
2234,Hproj2,0.5152000188827515,1
2235,Hproj2,0.5922746658325195,1
2236,Hproj2,0.9161290526390076,1
2237,Hproj2,0.941059947013855,1
2238,Hproj2,0.949735462665558,1
2239,Hproj2,0.9202401638031006,1
2240,Hproj2,0.6690647602081299,1
2241,Hproj2,0.8093994855880737,1
2242,Hproj2,1.7857143541633034e-09,1
2243,Hproj2,0.8585858345031738,1
2244,Hproj2,0.9285714030265808,1
2245,Hproj2,0.89570552110672,1
2246,Hproj2,0.9591280817985536,1
2247,Hproj2,0.4521276652812958,2
2248,Hproj2,0.4128093123435974,2
2249,Hproj2,0.3119658231735229,2
2250,Hproj2,0.3700721859931946,2
2251,Hproj2,0.4990122318267822,3
2252,Hproj2,0.9378663897514344,3
2253,Hproj2,0.7271678447723389,3
2254,Hproj2,0.7258787751197815,3
2255,Hproj2,0.6337507367134094,3
2256,Hproj2,0.7658870220184326,3
2257,Hproj2,0.8804951906204224,4
2258,Hproj2,0.9257914423942566,5
2259,Hproj2,0.915063500404358,5
2260,Hproj2,0.8633898496627808,5
2261,Hproj2,0.9209614992141724,5
2262,Hproj2,0.8801300525665283,6
2263,Hproj2,0.74831223487854,6
2264,Hproj2,0.729401171207428,6
2265,Hproj2,0.8687059879302979,6
2266,Hproj2,0.8985825777053833,7
2267,Hproj2,0.8924569487571716,7
2268,Hproj2,0.9058398008346558,7
2269,Hproj2,0.8834546208381653,7
2270,Hproj2,0.8924352526664734,8
2271,Hproj2,0.9169621467590332,8
2272,Hproj2,0.8272829055786133,9
2273,Hproj2,0.8089889883995056,7
2274,Hproj2,0.7130678296089172,7
2275,Hproj2,0.8928558230400085,5
2276,Hproj2,0.8537839651107788,5
2277,Hproj2,0.9102497100830078,5
2278,Hproj2,0.9057005643844604,4
2279,Hproj2,0.803805947303772,4
2280,Hproj2,0.7650011777877808,4
2281,Hproj2,0.9694781303405762,3
2282,Hproj2,0.9716485142707824,3
2283,Hproj2,0.9711287617683412,3
2284,Hproj2,0.8892897367477417,4
2285,Hproj2,0.9348279237747192,4
2286,Hproj2,0.9379382133483888,4
2287,Hproj2,0.93455970287323,4
2288,Hproj2,0.9380433559417723,4
2289,Hproj2,0.8966165781021118,4
2290,Hproj2,0.8490502238273621,2
2291,Hproj2,0.6805750131607056,2
2292,Hproj2,0.8181818127632141,1
2293,Hproj2,0.7872340679168701,1
2294,Hproj2,0.9111111164093018,1
2295,Hproj2,0.8571428656578064,1
2296,Hproj2,0.8095238208770752,1
2297,Hproj2,0.791208803653717,1
2298,Hproj2,0.7714285850524902,1
2299,Hproj2,0.6896551847457886,1
2300,Hproj2,0.7007299065589905,1
2301,Hproj2,0.7863013744354248,1
2302,Hproj2,0.9494268298149108,1
2303,Hproj2,0.924592673778534,1
2304,Hproj2,0.9549086689949036,1
2305,Hproj2,0.972243070602417,1
2306,Hproj2,0.9741680026054382,1
2307,Hproj2,0.969780206680298,1
2308,Hproj2,0.9699651002883912,1
2309,Hproj2,0.9611021280288696,1
2310,Hproj2,0.9696349501609802,1
2311,Hproj2,0.9794356822967528,1
2312,Hproj2,0.8504273295402527,1
2313,Hproj2,3.96825405868384e-10,1
2314,Hproj2,0.70606529712677,1
2315,Hproj2,0.678325355052948,3
2316,Hproj2,0.7987349629402161,3
2317,Hproj2,0.8350920677185059,4
2318,Hproj2,0.7989063262939453,5
2319,Hproj2,0.8765660524368286,5
2320,Hproj2,0.9280308485031128,5
2321,Hproj2,0.8957732319831848,6
2322,Hproj2,0.7833074331283569,7
2323,Hproj2,0.8760177493095398,7
2324,Hproj2,0.9022477269172668,7
2325,Hproj2,0.8756777048110962,7
2326,Hproj2,0.776648998260498,8
2327,Hproj2,0.8366056084632874,8
2328,Hproj2,0.8470996022224426,8
2329,Hproj2,0.8918152451515198,8
2330,Hproj2,0.8785235285758972,8
2331,Hproj2,0.9130593538284302,8
2332,Hproj2,0.8344189524650574,10
2333,Hproj2,0.8258241415023804,10
2334,Hproj2,0.8361325263977051,9
2335,Hproj2,0.8599557280540466,8
2336,Hproj2,0.8926253318786621,6
2337,Hproj2,0.8397294878959656,6
2338,Hproj2,0.6900137066841125,5
2339,Hproj2,0.9727779030799866,3
2340,Hproj2,0.9683575630187988,3
2341,Hproj2,0.958812415599823,3
2342,Hproj2,0.9639334678649902,3
2343,Hproj2,0.9269144535064696,4
2344,Hproj2,0.8280680775642395,3
2345,Hproj2,0.9261376857757568,2
2346,Hproj2,0.8935446739196777,2
2347,Hproj2,0.8690903186798096,2
2348,Hproj2,0.3881579041481018,2
2349,Hproj2,0.8175182342529297,1
2350,Hproj2,0.9120000004768372,1
2351,Hproj2,0.9464285969734192,1
2352,Hproj2,0.875,1
2353,Hproj2,0.9333333373069764,1
2354,Hproj2,0.9382715821266174,1
2355,Hproj2,0.8333333134651184,1
2356,Hproj2,0.7631579041481018,1
2357,Hproj2,0.7428571581840515,1
2358,Hproj2,0.78125,1
2359,Hproj2,0.7547169923782349,1
2360,Hproj2,0.7234042286872864,1
2361,Hproj2,0.695652186870575,1
2362,Hproj2,0.5882353186607361,1
2363,Hproj2,0.6229507923126221,1
2364,Hproj2,0.7096773982048035,1
2365,Hproj2,0.7246376872062683,1
2366,Hproj2,0.6419752836227417,1
2367,Hproj2,0.75789475440979,1
2368,Hproj2,0.9126213788986206,1
2369,Hproj2,0.8039215803146362,1
2370,Hproj2,0.8181818127632141,1
2371,Hproj2,0.8292682766914368,1
2372,Hproj2,0.7631579041481018,1
2373,Hproj2,0.8656716346740723,1
2374,Hproj2,0.8965517282485962,1
2375,Hproj2,0.8965517282485962,1
2376,Hproj2,0.800000011920929,1
2377,Hproj2,0.8135592937469482,1
2378,Hproj2,0.8888888955116272,1
2379,Hproj2,0.945945918560028,1
2380,Hproj2,0.8860759735107422,1
2381,Hproj2,0.8705882430076599,1
2382,Hproj2,0.9047619104385376,1
2383,Hproj2,0.9444444179534912,1
2384,Hproj2,0.8607594966888428,1
2385,Hproj2,0.8607594966888428,1
2386,Hproj2,0.7816091775894165,1
2387,Hproj2,0.8659793734550476,1
2388,Hproj2,0.7899159789085388,1
2389,Hproj2,0.8865979313850403,1
2390,Hproj2,0.8533333539962769,1
2391,Hproj2,0.8985507488250732,1
2392,Hproj2,0.9041095972061156,1
2393,Hproj2,0.8888888955116272,1
2394,Hproj2,0.8764045238494873,1
2395,Hproj2,0.944153606891632,1
2396,Hproj2,0.962572455406189,1
2397,Hproj2,0.9768421053886414,1
2398,Hproj2,0.9858601689338684,1
2399,Hproj2,0.9829972386360168,1
2400,Hproj2,0.9813889861106871,1
2401,Hproj2,0.860063910484314,1
2402,Hproj2,0.2874493896961212,1
2403,Hproj2,0.699999988079071,1
2404,Hproj2,0.9842180609703064,1
2405,Hproj2,0.973927676677704,1
2406,Hproj2,0.6695144176483154,2
2407,Hproj2,0.903150737285614,3
2408,Hproj2,0.9242818355560304,4
2409,Hproj2,0.9437315464019777,4
2410,Hproj2,0.9388659596443176,4
2411,Hproj2,0.7828608155250549,6
2412,Hproj2,0.9438073039054872,6
2413,Hproj2,0.9287139773368835,6
2414,Hproj2,0.938134789466858,7
2415,Hproj2,0.9374504089355468,7
2416,Hproj2,0.9343146085739136,7
2417,Hproj2,0.9289842247962952,7
2418,Hproj2,0.9426871538162231,7
2419,Hproj2,0.9184864163398744,7
2420,Hproj2,0.8218890428543091,7
2421,Hproj2,0.7902128100395203,7
2422,Hproj2,0.7384384870529175,7
2423,Hproj2,0.8019346594810486,6
2424,Hproj2,0.9531632661819458,5
2425,Hproj2,0.9521095156669616,5
2426,Hproj2,0.9083882570266724,7
2427,Hproj2,0.8799629211425781,7
2428,Hproj2,0.8693292140960693,8
2429,Hproj2,0.9327640533447266,8
2430,Hproj2,0.9117946028709412,7
2431,Hproj2,0.9335290789604188,7
2432,Hproj2,0.8962534070014954,7
2433,Hproj2,0.7981497645378113,7
2434,Hproj2,0.8347113728523254,6
2435,Hproj2,0.8469158411026001,5
2436,Hproj2,0.864031970500946,5
2437,Hproj2,0.802298903465271,4
2438,Hproj2,0.9149412512779236,4
2439,Hproj2,0.8998351693153381,4
2440,Hproj2,0.8906815648078918,4
2441,Hproj2,0.899128258228302,4
2442,Hproj2,0.9155480861663818,4
2443,Hproj2,0.9304735064506532,4
2444,Hproj2,0.9224216341972352,2
2445,Hproj2,0.932437300682068,2
2446,Hproj2,0.8694594502449036,2
2447,Hproj2,0.8728446364402771,2
2448,Hproj2,0.8219178318977356,1
2449,Hproj2,0.8476821184158325,1
2450,Hproj2,0.8137931227684021,1
2451,Hproj2,0.7121211886405945,1
2452,Hproj2,0.6835442781448364,1
2453,Hproj2,0.6279069781303406,1
2454,Hproj2,0.7428571581840515,1
2455,Hproj2,0.7123287916183472,1
2456,Hproj2,0.6590909361839294,1
2457,Hproj2,0.7640449404716492,1
2458,Hproj2,0.4470588266849518,1
2459,Hproj2,0.446601927280426,1
2460,Hproj2,0.449612408876419,1
2461,Hproj2,0.5029940009117126,1
2462,Hproj2,0.262773722410202,1
2463,Hproj2,0.5769230723381042,1
2464,Hproj2,0.7759562730789185,1
2465,Hproj2,0.7295597195625305,1
2466,Hproj2,0.6808510422706604,1
2467,Hproj2,0.6804123520851135,1
2468,Hproj2,0.7954545617103577,1
2469,Hproj2,0.8478260636329651,1
2470,Hproj2,0.936170220375061,1
2471,Hproj2,0.8461538553237915,1
2472,Hproj2,0.821052610874176,1
2473,Hproj2,0.859649121761322,1
2474,Hproj2,0.7663551568984985,1
2475,Hproj2,0.8623853325843811,1
2476,Hproj2,0.747474730014801,1
2477,Hproj2,0.75,1
2478,Hproj2,0.6474820375442505,1
2479,Hproj2,0.8644067645072937,1
2480,Hproj2,0.8396946787834167,1
2481,Hproj2,0.746666669845581,1
2482,Hproj2,0.8427672982215881,1
2483,Hproj2,0.9279999732971193,1
2484,Hproj2,0.9481481313705444,1
2485,Hproj2,0.9034749269485474,1
2486,Hproj2,0.9413233399391174,1
2487,Hproj2,0.94017094373703,1
2488,Hproj2,0.957313597202301,1
2489,Hproj2,0.9812769889831544,1
2490,Hproj2,0.9788193106651306,1
2491,Hproj2,0.9850327372550964,1
2492,Hproj2,0.9811704754829408,1
2493,Hproj2,0.9544143080711364,1
2494,Hproj2,0.9192646145820618,1
2495,Hproj2,0.8652482032775879,1
2496,Hproj2,0.3376623392105102,1
2497,Hproj2,0.5263158082962036,1
2498,Hproj2,0.7540983557701111,1
2499,Hproj2,0.0315315313637256,2
2500,Hproj2,0.3970260322093963,2
2501,Hproj2,0.5565783381462097,3
2502,Hproj2,0.5330237746238708,3
2503,Hproj2,0.4918293952941894,3
2504,Hproj2,0.4880940020084381,3
2505,Hproj2,0.639933168888092,4
2506,Hproj2,0.6798040866851807,4
2507,Hproj2,0.7076634764671326,4
2508,Hproj2,0.5945954322814941,5
2509,Hproj2,0.597884476184845,5
2510,Hproj2,0.5986632108688354,5
2511,Hproj2,0.6376124620437622,5
2512,Hproj2,0.6475614309310913,5
2513,Hproj2,0.7240527272224426,6
2514,Hproj2,0.7728858590126038,6
2515,Hproj2,0.792458713054657,6
2516,Hproj2,0.6642619371414185,7
2517,Hproj2,0.6614266633987427,7
2518,Hproj2,0.6682208776473999,7
2519,Hproj2,0.708649754524231,7
2520,Hproj2,0.468054860830307,7
2521,Hproj2,0.467236191034317,7
2522,Hproj2,0.7007229924201965,7
2523,Hproj2,0.7651076912879944,7
2524,Hproj2,0.7637314200401306,7
2525,Hproj2,0.7918462753295898,7
2526,Hproj2,0.7546525597572327,6
2527,Hproj2,0.9056606292724608,4
2528,Hproj2,0.9625738263130188,3
2529,Hproj2,0.91396826505661,4
2530,Hproj2,0.928336501121521,4
2531,Hproj2,0.9385552406311036,4
2532,Hproj2,0.916474997997284,4
2533,Hproj2,0.8989579677581787,4
2534,Hproj2,0.6881306171417236,4
2535,Hproj2,0.6182746291160583,3
2536,Hproj2,0.8966963887214661,2
2537,Hproj2,0.8856096863746643,2
2538,Hproj2,0.9378621578216552,2
2539,Hproj2,0.8622679114341736,2
2540,Hproj2,0.8686035871505737,2
2541,Hproj2,0.8392707109451294,2
2542,Hproj2,0.4905660450458526,1
2543,Hproj2,0.517241358757019,1
2544,Hproj2,0.6666666865348816,1
2545,Hproj2,0.6538461446762085,1
2546,Hproj2,0.6153846383094788,1
2547,Hproj2,0.9057665467262268,1
2548,Hproj2,0.9452736377716064,1
2549,Hproj2,0.9645244479179382,1
2550,Hproj2,0.8653010725975037,1
2551,Hproj2,0.7011173367500305,1
2552,Hproj2,2.3255815051470563e-09,1
2553,Hproj2,0.8734177350997925,1
2554,Hproj2,0.9385474920272828,1
2555,Hproj2,0.5909199118614197,2
2556,Hproj2,0.9036206007003784,2
2557,Hproj2,0.5384588837623596,3
2558,Hproj2,0.7778728604316711,5
2559,Hproj2,0.8968008160591125,5
2560,Hproj2,0.923737645149231,5
2561,Hproj2,0.8093668222427368,7
2562,Hproj2,0.9076085090637208,7
2563,Hproj2,0.8689936399459839,7
2564,Hproj2,0.8401651382446289,7
2565,Hproj2,0.8388357758522034,7
2566,Hproj2,0.7679400444030762,8
2567,Hproj2,0.7651320695877075,8
2568,Hproj2,0.7793269157409668,8
2569,Hproj2,0.8532557487487793,8
2570,Hproj2,0.8461808562278748,8
2571,Hproj2,0.8571324944496155,8
2572,Hproj2,0.9470074772834778,6
2573,Hproj2,0.9403696060180664,6
2574,Hproj2,0.9383819103240968,6
2575,Hproj2,0.8608510494232178,8
2576,Hproj2,0.8285040855407715,7
2577,Hproj2,0.8041970133781433,6
2578,Hproj2,0.8811887502670288,5
2579,Hproj2,0.8671466708183289,5
2580,Hproj2,0.9662119746208192,3
2581,Hproj2,0.9723587036132812,3
2582,Hproj2,0.9192473292350768,3
2583,Hproj2,0.9458794593811036,3
2584,Hproj2,0.8097726106643677,2
2585,Hproj2,0.858128547668457,2
2586,Hproj2,0.9252190589904784,2
2587,Hproj2,0.886839747428894,2
2588,Hproj2,0.7624794840812683,2
2589,Hproj2,0.5320441722869873,2
2590,Hproj2,0.978723406791687,1
2591,Hproj2,0.9523809552192688,1
2592,Hproj2,0.930232584476471,1
2593,Hproj2,0.5977011322975159,1
2594,Hproj2,0.8531468510627747,1
2595,Hproj2,0.9279873967170716,2
2596,Hproj2,0.6787020564079285,3
2597,Hproj2,0.8123070597648621,3
2598,Hproj2,0.7737590670585632,3
2599,Hproj2,0.7213649749755859,4
2600,Hproj2,0.784050464630127,5
2601,Hproj2,0.8371151089668274,6
2602,Hproj2,0.7032567858695984,6
2603,Hproj2,0.8379456400871277,6
2604,Hproj2,0.8393799662590027,6
2605,Hproj2,0.8542069792747498,6
2606,Hproj2,0.8884329199790955,6
2607,Hproj2,0.7840878963470459,8
2608,Hproj2,0.7880339622497559,8
2609,Hproj2,0.7752261161804199,8
2610,Hproj2,0.7626160979270935,8
2611,Hproj2,0.8171567916870117,8
2612,Hproj2,0.7798601984977722,9
2613,Hproj2,0.7958644032478333,8
2614,Hproj2,0.8320708274841309,8
2615,Hproj2,0.7304205894470215,6
2616,Hproj2,0.8625870943069458,5
2617,Hproj2,0.7078881859779358,5
2618,Hproj2,0.8324849009513855,3
2619,Hproj2,0.6659612059593201,3
2620,Hproj2,0.8117427229881287,3
2621,Hproj2,0.7428234219551086,3
2622,Hproj2,0.5038444399833679,2
2623,Hproj2,0.4790187180042267,2
2624,Hproj2,0.4684570431709289,2
2625,Hproj2,0.440006822347641,2
2626,Hproj2,0.9275414943695068,2
2627,Hproj2,0.936176896095276,2
2628,Hproj2,0.9217023849487304,2
2629,Hproj2,0.8974359035491943,1
2630,Hproj2,0.8550724387168884,1
2631,Hproj2,0.911764681339264,1
2632,Hproj2,0.902255654335022,1
2633,Hproj2,0.9291338324546814,1
2634,Hproj2,0.8771929740905762,1
2635,Hproj2,0.8659793734550476,1
2636,Hproj2,0.7111111283302307,1
2637,Hproj2,0.7631579041481018,1
2638,Hproj2,0.7749999761581421,1
2639,Hproj2,0.7469879388809204,1
2640,Hproj2,0.7792207598686218,1
2641,Hproj2,0.767123281955719,1
2642,Hproj2,0.6896551847457886,1
2643,Hproj2,0.7692307829856873,1
2644,Hproj2,0.7951807379722595,1
2645,Hproj2,0.8131868243217468,1
2646,Hproj2,0.8256880640983582,1
2647,Hproj2,0.7777777910232544,1
2648,Hproj2,0.8409090638160706,1
2649,Hproj2,0.8260869383811951,1
2650,Hproj2,0.807692289352417,1
2651,Hproj2,0.7433628439903259,1
2652,Hproj2,0.8360655903816223,1
2653,Hproj2,0.8640000224113464,1
2654,Hproj2,0.8636363744735718,1
2655,Hproj2,0.8571428656578064,1
2656,Hproj2,0.8226950168609619,1
2657,Hproj2,0.7551020383834839,1
2658,Hproj2,0.5277777910232544,1
2659,Hproj2,0.6746987700462341,1
2660,Hproj2,0.6304348111152649,1
2661,Hproj2,0.7547169923782349,1
2662,Hproj2,0.7184466123580933,1
2663,Hproj2,0.782608687877655,1
2664,Hproj2,0.8602150678634644,1
2665,Hproj2,0.8514851331710815,1
2666,Hproj2,0.695652186870575,1
2667,Hproj2,0.898876428604126,1
2668,Hproj2,0.8163265585899353,1
2669,Hproj2,0.9069767594337464,1
2670,Hproj2,0.8125,1
2671,Hproj2,0.8717948794364929,1
2672,Hproj2,0.7105262875556946,1
2673,Hproj2,0.7037037014961243,1
2674,Hproj2,0.5303030014038086,1
2675,Hproj2,0.7272727489471436,1
2676,Hproj2,0.937872350215912,2
2677,Hproj2,0.7989034652709961,3
2678,Hproj2,0.8251219391822815,3
2679,Hproj2,0.8348383903503418,3
2680,Hproj2,0.8011640310287476,4
2681,Hproj2,0.7922335863113403,5
2682,Hproj2,0.8460858464241028,5
2683,Hproj2,0.7887184619903564,6
2684,Hproj2,0.8229435086250305,6
2685,Hproj2,0.8489566445350647,6
2686,Hproj2,0.8968725204467773,6
2687,Hproj2,0.8720506429672241,7
2688,Hproj2,0.91668701171875,7
2689,Hproj2,0.820079505443573,8
2690,Hproj2,0.8221903443336487,8
2691,Hproj2,0.8525979518890381,8
2692,Hproj2,0.8360669016838074,9
2693,Hproj2,0.8084663152694702,9
2694,Hproj2,0.8577206134796143,8
2695,Hproj2,0.8073623180389404,8
2696,Hproj2,0.8743793368339539,6
2697,Hproj2,0.917116641998291,4
2698,Hproj2,0.640366792678833,4
2699,Hproj2,0.5803723335266113,4
2700,Hproj2,0.9144600033760072,3
2701,Hproj2,0.8201298713684082,3
2702,Hproj2,0.6483973860740662,3
2703,Hproj2,0.6354259252548218,3
2704,Hproj2,0.4908012449741363,2
2705,Hproj2,0.6329376101493835,3
2706,Hproj2,0.9529622793197632,2
2707,Hproj2,0.961890995502472,2
2708,Hproj2,0.9302266836166382,2
2709,Hproj2,0.9177536368370056,2
2710,Hproj2,0.9251700639724731,1
2711,Hproj2,0.9354838728904724,1
2712,Hproj2,0.9465649127960204,1
2713,Hproj2,0.8474576473236084,1
2714,Hproj2,0.91304349899292,1
2715,Hproj2,0.9230769276618958,1
2716,Hproj2,0.8493150472640991,1
2717,Hproj2,0.8529411554336548,1
2718,Hproj2,0.8648648858070374,1
2719,Hproj2,0.7647058963775635,1
2720,Hproj2,0.8253968358039856,1
2721,Hproj2,0.7636363506317139,1
2722,Hproj2,0.8214285969734192,1
2723,Hproj2,0.8787878751754761,1
2724,Hproj2,0.8266666531562805,1
2725,Hproj2,0.8648648858070374,1
2726,Hproj2,0.6987951993942261,1
2727,Hproj2,0.8376068472862244,1
2728,Hproj2,0.792792797088623,1
2729,Hproj2,0.800000011920929,1
2730,Hproj2,0.6808510422706604,1
2731,Hproj2,0.7254902124404907,1
2732,Hproj2,0.7254902124404907,1
2733,Hproj2,0.7479674816131592,1
2734,Hproj2,0.8333333134651184,1
2735,Hproj2,0.7878788113594055,1
2736,Hproj2,0.5607476830482483,1
2737,Hproj2,0.4810126721858978,1
2738,Hproj2,0.6133333444595337,1
2739,Hproj2,0.5813953280448914,1
2740,Hproj2,0.6200000047683716,1
2741,Hproj2,0.6605504751205444,1
2742,Hproj2,0.6086956262588501,1
2743,Hproj2,0.7400000095367432,1
2744,Hproj2,0.7169811129570007,1
2745,Hproj2,0.7710843086242676,1
2746,Hproj2,0.84112149477005,1
2747,Hproj2,0.8571428656578064,1
2748,Hproj2,0.9059829115867616,1
2749,Hproj2,0.8455284833908081,1
2750,Hproj2,0.8775510191917419,1
2751,Hproj2,0.6601941585540771,1
2752,Hproj2,0.7652173638343811,1
2753,Hproj2,0.7642276287078857,1
2754,Hproj2,0.9404990673065186,1
2755,Hproj2,0.9557521939277648,1
2756,Hproj2,0.9653220176696776,1
2757,Hproj2,0.9781553149223328,1
2758,Hproj2,0.9813365340232848,1
2759,Hproj2,0.9586410522460938,1
2760,Hproj2,0.84375,1
2761,Hproj2,0.2666666805744171,1
2762,Hproj2,0.9832134246826172,1
2763,Hproj2,0.9690048694610596,1
2764,Hproj2,0.9909909963607788,1
2765,Hproj2,0.9897330403327942,1
2766,Hproj2,0.9756975769996644,1
2767,Hproj2,0.4811715483665466,2
2768,Hproj2,0.8339352011680603,3
2769,Hproj2,0.6977753639221191,5
2770,Hproj2,0.6709388494491577,5
2771,Hproj2,0.7441555857658386,5
2772,Hproj2,0.8480676412582397,5
2773,Hproj2,0.6827759742736816,6
2774,Hproj2,0.6981358528137207,6
2775,Hproj2,0.7200617790222168,6
2776,Hproj2,0.8194800019264221,6
2777,Hproj2,0.8504573702812195,6
2778,Hproj2,0.7411147952079773,6
2779,Hproj2,0.8693720698356628,6
2780,Hproj2,0.8401874899864197,6
2781,Hproj2,0.8284315466880798,7
2782,Hproj2,0.8833407163619995,7
2783,Hproj2,0.8805525898933411,7
2784,Hproj2,0.8095102310180664,8
2785,Hproj2,0.8974120616912842,6
2786,Hproj2,0.8474327921867371,7
2787,Hproj2,0.8647695779800415,7
2788,Hproj2,0.8845175504684448,7
2789,Hproj2,0.8275943398475647,7
2790,Hproj2,0.8149539232254028,7
2791,Hproj2,0.9113933444023132,6
2792,Hproj2,0.9317759871482848,6
2793,Hproj2,0.9037324786186218,6
2794,Hproj2,0.9690993428230286,3
2795,Hproj2,0.9347934722900392,3
2796,Hproj2,0.9335387349128724,3
2797,Hproj2,0.9462681412696838,3
2798,Hproj2,0.9371159672737122,3
2799,Hproj2,0.9070741534233092,3
2800,Hproj2,0.7775810956954956,4
2801,Hproj2,0.9080495238304138,4
2802,Hproj2,0.8913083672523499,3
2803,Hproj2,0.8842086791992188,3
2804,Hproj2,0.925951600074768,2
2805,Hproj2,0.8824975490570068,2
2806,Hproj2,0.8634048700332642,2
2807,Hproj2,0.8167939186096191,2
2808,Hproj2,0.8039807081222534,2
2809,Hproj2,0.8235514163970947,2
2810,Hproj2,0.3333333432674408,2
2811,Hproj2,0.6865671873092651,1
2812,Hproj2,0.8196721076965332,1
2813,Hproj2,0.6470588445663452,1
2814,Hproj2,0.6666666865348816,1
2815,Hproj2,0.7352941036224365,1
2816,Hproj2,0.7887324094772339,1
2817,Hproj2,0.8888888955116272,1
2818,Hproj2,0.9099525809288024,1
2819,Hproj2,0.8640483617782593,1
2820,Hproj2,0.9072580933570862,1
2821,Hproj2,0.8120893836021423,1
2822,Hproj2,0.7567567825317383,1
2823,Hproj2,0.828742504119873,1
2824,Hproj2,0.6549707651138306,1
2825,Hproj2,0.9629629850387572,1
2826,Hproj2,0.9865471124649048,1
2827,Hproj2,0.9851484894752502,1
2828,Hproj2,0.9518304467201232,1
2829,Hproj2,0.9458483457565308,1
2830,Hproj2,0.8744626045227051,3
2831,Hproj2,0.966529369354248,3
2832,Hproj2,0.9532975554466248,3
2833,Hproj2,0.954892098903656,3
2834,Hproj2,0.9465996623039246,3
2835,Hproj2,0.8745160102844238,4
2836,Hproj2,0.8330475687980652,4
2837,Hproj2,0.891900897026062,4
2838,Hproj2,0.9273205995559692,4
2839,Hproj2,0.8958203196525574,4
2840,Hproj2,0.8559365272521973,5
2841,Hproj2,0.9275075197219848,5
2842,Hproj2,0.7579755187034607,7
2843,Hproj2,0.916458010673523,7
2844,Hproj2,0.8592066168785095,7
2845,Hproj2,0.8970593214035034,7
2846,Hproj2,0.8012219667434692,7
2847,Hproj2,0.6903308629989624,8
2848,Hproj2,0.7860722541809082,7
2849,Hproj2,0.7560269236564636,5
2850,Hproj2,0.858189582824707,5
2851,Hproj2,0.8597248196601868,6
2852,Hproj2,0.7416447401046753,5
2853,Hproj2,0.9094852209091188,4
2854,Hproj2,0.8489449620246887,5
2855,Hproj2,0.9470374584197998,4
2856,Hproj2,0.9440233111381532,4
2857,Hproj2,0.9407265782356262,3
2858,Hproj2,0.8420791029930115,3
2859,Hproj2,0.9033743143081664,2
2860,Hproj2,0.9386327266693116,2
2861,Hproj2,0.8886458873748779,2
2862,Hproj2,0.9551918506622314,2
2863,Hproj2,0.8949553370475769,2
2864,Hproj2,0.9100164175033568,2
2865,Hproj2,0.9099498987197876,2
2866,Hproj2,0.8775869607925415,2
2867,Hproj2,0.8472087383270264,2
2868,Hproj2,0.7728513479232788,2
2869,Hproj2,0.7217697501182556,2
2870,Hproj2,0.8636363744735718,1
2871,Hproj2,0.91304349899292,1
2872,Hproj2,0.6530612111091614,1
2873,Hproj2,0.6938775777816772,1
2874,Hproj2,0.875,1
2875,Hproj2,0.7179487347602844,1
2876,Hproj2,0.5614035129547119,1
2877,Hproj2,0.9492385983467102,1
2878,Hproj2,0.8730649948120117,1
2879,Hproj2,0.8819875717163086,1
2880,Hproj2,0.8659476041793823,1
2881,Hproj2,0.8855788707733154,1
2882,Hproj2,0.947154462337494,1
2883,Hproj2,0.9461161494255066,1
2884,Hproj2,0.942097008228302,1
2885,Hproj2,0.8986415863037109,1
2886,Hproj2,0.9396551847457886,1
2887,Hproj2,0.9496123790740968,1
2888,Hproj2,0.7058823704719543,1
2889,Hproj2,0.8643215894699097,1
2890,Hproj2,0.9605262875556946,1
2891,Hproj2,0.9720930457115172,1
2892,Hproj2,0.4716981053352356,2
2893,Hproj2,0.9171854257583618,2
2894,Hproj2,0.944971799850464,2
2895,Hproj2,0.8106711506843567,3
2896,Hproj2,0.8468058705329895,3
2897,Hproj2,0.8453750610351562,3
2898,Hproj2,0.8551207184791565,3
2899,Hproj2,0.8573877811431885,3
2900,Hproj2,0.6485536694526672,4
2901,Hproj2,0.7105609774589539,4
2902,Hproj2,0.7796661853790283,5
2903,Hproj2,0.7372916340827942,5
2904,Hproj2,0.7489594221115112,5
2905,Hproj2,0.7128878831863403,5
2906,Hproj2,0.5805368423461914,6
2907,Hproj2,0.6755746603012085,7
2908,Hproj2,0.7622910141944885,7
2909,Hproj2,0.8608651161193848,6
2910,Hproj2,0.8685047626495361,6
2911,Hproj2,0.8143774271011353,7
2912,Hproj2,0.8305524587631226,7
2913,Hproj2,0.7917530536651611,6
2914,Hproj2,0.777235746383667,6
2915,Hproj2,0.6742783784866333,5
2916,Hproj2,0.6595126986503601,5
2917,Hproj2,0.6132131218910217,5
2918,Hproj2,0.6972979307174683,4
2919,Hproj2,0.7125908136367798,4
2920,Hproj2,0.8744469881057739,5
2921,Hproj2,0.8745341300964355,5
2922,Hproj2,0.7133790254592896,4
2923,Hproj2,0.9164322018623352,3
2924,Hproj2,0.9115565419197084,3
2925,Hproj2,0.8992870450019836,3
2926,Hproj2,0.8397486805915833,3
2927,Hproj2,0.8682693839073181,2
2928,Hproj2,0.843898355960846,2
2929,Hproj2,0.8749357461929321,2
2930,Hproj2,0.9447289705276488,2
2931,Hproj2,0.8319085836410522,2
2932,Hproj2,0.9087538123130798,2
2933,Hproj2,0.8863533139228821,2
2934,Hproj2,0.8572210669517517,2
2935,Hproj2,0.9182835817337036,2
2936,Hproj2,0.75,1
2937,Hproj2,0.7894737124443054,1
2938,Hproj2,0.8773747682571411,1
2939,Hproj2,0.5036674737930298,1
2940,Hproj2,0.7300079464912415,1
2941,Hproj2,0.9541817903518676,1
2942,Hproj2,0.8330206274986267,1
2943,Hproj2,0.1960784345865249,1
2944,Hproj2,0.8563380241394043,1
2945,Hproj2,0.8547717928886414,1
2946,Hproj2,0.8961175084114075,1
2947,Hproj2,0.9209855794906616,1
2948,Hproj2,0.875,1
2949,Hproj2,0.93073171377182,1
2950,Hproj2,0.9616390466690063,1
2951,Hproj2,0.9325751662254332,1
2952,Hproj2,0.9486426711082458,1
2953,Hproj2,0.9503858685493468,1
2954,Hproj2,0.8300812840461731,1
2955,Hproj2,0.8866571187973022,1
2956,Hproj2,0.777561366558075,1
2957,Hproj2,0.7973060011863708,2
2958,Hproj2,0.7839315533638,3
2959,Hproj2,0.7421050667762756,4
2960,Hproj2,0.788968563079834,4
2961,Hproj2,0.8467419147491455,4
2962,Hproj2,0.8392000198364258,6
2963,Hproj2,0.8579226732254028,7
2964,Hproj2,0.8563941717147827,7
2965,Hproj2,0.8483631014823914,7
2966,Hproj2,0.8455238342285156,7
2967,Hproj2,0.8562045693397522,7
2968,Hproj2,0.839106559753418,7
2969,Hproj2,0.8393044471740723,7
2970,Hproj2,0.7463487386703491,7
2971,Hproj2,0.7953564524650574,6
2972,Hproj2,0.8995321393013,6
2973,Hproj2,0.8754002451896667,6
2974,Hproj2,0.7429970502853394,8
2975,Hproj2,0.7291746139526367,7
2976,Hproj2,0.9103973507881165,5
2977,Hproj2,0.861444354057312,5
2978,Hproj2,0.7281768321990967,6
2979,Hproj2,0.6879779696464539,6
2980,Hproj2,0.7742396593093872,5
2981,Hproj2,0.924678385257721,4
2982,Hproj2,0.9186038970947266,4
2983,Hproj2,0.6898525953292847,4
2984,Hproj2,0.8134747743606567,2
2985,Hproj2,0.6200000047683716,1
2986,Hproj2,0.8672566413879395,1
2987,Hproj2,0.8108108043670654,1
2988,Hproj2,0.9108911156654358,1
2989,Hproj2,0.7083333134651184,1
2990,Hproj2,0.9090909361839294,1
2991,Hproj2,0.9285714030265808,1
2992,Hproj2,0.8807339668273926,1
2993,Hproj2,0.8627451062202454,1
2994,Hproj2,0.8256880640983582,1
2995,Hproj2,0.7659574747085571,1
2996,Hproj2,0.791208803653717,1
2997,Hproj2,0.7755101919174194,1
2998,Hproj2,0.7654321193695068,1
2999,Hproj2,0.8219178318977356,1
3000,Hproj2,0.8450704216957092,1
3001,Hproj2,0.8735632300376892,1
3002,Hproj2,0.8695651888847351,1
3003,Hproj2,0.8636363744735718,1
3004,Hproj2,0.7333333492279053,1
3005,Hproj2,0.8073394298553467,1
3006,Hproj2,0.6060606241226196,1
3007,Hproj2,0.5333333611488342,1
3008,Hproj2,0.5507246255874634,1
3009,Hproj2,0.6133333444595337,1
3010,Hproj2,0.7341772317886353,1
3011,Hproj2,0.5316455960273743,1
3012,Hproj2,0.6388888955116272,1
3013,Hproj2,0.6461538672447205,1
3014,Hproj2,0.8045976758003235,1
3015,Hproj2,0.6027397513389587,1
3016,Hproj2,0.6440678238868713,1
3017,Hproj2,0.774193525314331,1
3018,Hproj2,0.8918918967247009,1
3019,Hproj2,0.8461538553237915,1
3020,Hproj2,0.901960790157318,1
3021,Hproj2,0.8051947951316833,1
3022,Hproj2,0.7088607549667358,1
3023,Hproj2,0.7191011309623718,1
3024,Hproj2,0.7710843086242676,1
3025,Hproj2,0.7209302186965942,1
3026,Hproj2,0.6829268336296082,1
3027,Hproj2,0.5909090638160706,1
3028,Hproj2,0.6060606241226196,1
3029,Hproj2,0.5,1
3030,Hproj2,0.4675324559211731,1
3031,Hproj2,0.8484848737716675,1
3032,Hproj2,0.9120879173278807,1
3033,Hproj2,0.9488752484321594,1
3034,Hproj2,0.9511889815330504,1
3035,Hproj2,0.6190476417541504,1
3036,Hproj2,0.2862669229507446,1
3037,Hproj2,0.2376811653375625,1
3038,Hproj2,0.4893617033958435,1
3039,Hproj2,0.25,1
3040,Hproj2,0.4580152630805969,1
3041,Hproj2,0.5562130212783813,1
3042,Hproj2,0.820318877696991,3
3043,Hproj2,0.8632211089134216,3
3044,Hproj2,0.890927255153656,4
3045,Hproj2,0.8393869400024414,6
3046,Hproj2,0.8814526200294495,7
3047,Hproj2,0.9225875735282898,7
3048,Hproj2,0.8941006064414978,7
3049,Hproj2,0.905809223651886,7
3050,Hproj2,0.8582575917243958,7
3051,Hproj2,0.8466424942016602,7
3052,Hproj2,0.7731140851974487,7
3053,Hproj2,0.7233258485794067,7
3054,Hproj2,0.7873847484588623,8
3055,Hproj2,0.8916577696800232,7
3056,Hproj2,0.8686338067054749,7
3057,Hproj2,0.8777105212211609,6
3058,Hproj2,0.913121223449707,6
3059,Hproj2,0.8869420289993286,7
3060,Hproj2,0.8714962005615234,7
3061,Hproj2,0.9042137265205384,6
3062,Hproj2,0.8254672884941101,7
3063,Hproj2,0.75920569896698,7
3064,Hproj2,0.7613490223884583,7
3065,Hproj2,0.7173669338226318,6
3066,Hproj2,0.8456425666809082,4
3067,Hproj2,0.8253585696220398,4
3068,Hproj2,0.9648968577384948,3
3069,Hproj2,0.9603890776634216,3
3070,Hproj2,0.9248161315917968,3
3071,Hproj2,0.8943660259246826,4
3072,Hproj2,0.8781810402870178,3
3073,Hproj2,0.9008349776268004,2
3074,Hproj2,0.8879052400588989,2
3075,Hproj2,0.8599033951759338,1
3076,Hproj2,0.9416666626930236,1
3077,Hproj2,0.9463276863098145,1
3078,Hproj2,0.9380863308906556,1
3079,Hproj2,0.4395604431629181,1
3080,Hproj2,0.695652186870575,1
3081,Hproj2,0.9238578677177428,1
3082,Hproj2,0.9423728585243224,1
3083,Hproj2,0.8997290134429932,1
3084,Hproj2,0.8409485220909119,2
3085,Hproj2,0.8324467539787292,3
3086,Hproj2,0.8962531089782715,3
3087,Hproj2,0.9307271838188172,3
3088,Hproj2,0.8984456062316895,3
3089,Hproj2,0.8925983905792236,3
3090,Hproj2,0.8330909609794617,3
3091,Hproj2,0.6765855550765991,4
3092,Hproj2,0.7038459181785583,5
3093,Hproj2,0.8527938723564148,5
3094,Hproj2,0.8541663289070129,5
3095,Hproj2,0.8337727785110474,5
3096,Hproj2,0.8241950869560242,6
3097,Hproj2,0.7284399271011353,7
3098,Hproj2,0.7556723952293396,8
3099,Hproj2,0.8240121603012085,8
3100,Hproj2,0.8040114641189575,8
3101,Hproj2,0.7580158710479736,9
3102,Hproj2,0.7057165503501892,9
3103,Hproj2,0.6334041953086853,7
3104,Hproj2,0.6896113157272339,8
3105,Hproj2,0.7545943260192871,6
3106,Hproj2,0.7491573691368103,6
3107,Hproj2,0.7491945624351501,5
3108,Hproj2,0.7740678787231445,5
3109,Hproj2,0.7399225831031799,5
3110,Hproj2,0.7485809326171875,5
3111,Hproj2,0.7655636072158813,5
3112,Hproj2,0.8540409803390503,5
3113,Hproj2,0.9216002821922302,4
3114,Hproj2,0.8912762403488159,4
3115,Hproj2,0.6790732145309448,4
3116,Hproj2,0.6516919136047363,4
3117,Hproj2,0.588726282119751,3
3118,Hproj2,0.6059874296188354,3
3119,Hproj2,0.9153788089752196,2
3120,Hproj2,0.8194822072982788,2
3121,Hproj2,0.7562538981437683,2
3122,Hproj2,0.7251442670822144,2
3123,Hproj2,0.978468894958496,1
3124,Hproj2,0.8753180503845215,1
3125,Hproj2,0.9655850529670716,1
3126,Hproj2,0.992376983165741,1
3127,Hproj2,0.9891095161437988,1
3128,Hproj2,0.9814126491546632,1
3129,Hproj2,0.7333333492279053,1
3130,Hproj2,0.7234042286872864,1
3131,Hproj2,0.943415343761444,2
3132,Hproj2,0.9769529104232788,2
3133,Hproj2,0.987306833267212,2
3134,Hproj2,0.8956021666526794,4
3135,Hproj2,0.9564634561538696,4
3136,Hproj2,0.7680476903915405,5
3137,Hproj2,0.9337156414985656,5
3138,Hproj2,0.9091294407844543,5
3139,Hproj2,0.8920770287513733,6
3140,Hproj2,0.8864515423774719,7
3141,Hproj2,0.9336541295051576,7
3142,Hproj2,0.878264307975769,8
3143,Hproj2,0.947603404521942,8
3144,Hproj2,0.9515612125396729,8
3145,Hproj2,0.884021520614624,9
3146,Hproj2,0.9100836515426636,9
3147,Hproj2,0.9124721884727478,9
3148,Hproj2,0.9007070064544678,9
3149,Hproj2,0.9056187868118286,7
3150,Hproj2,0.9194698929786682,7
3151,Hproj2,0.8243027329444885,6
3152,Hproj2,0.8867332935333252,4
3153,Hproj2,0.9710134863853456,3
3154,Hproj2,0.9650440216064452,3
3155,Hproj2,0.967457115650177,3
3156,Hproj2,0.8833210468292236,4
3157,Hproj2,0.9547953009605408,4
3158,Hproj2,0.7891057133674622,4
3159,Hproj2,0.9464685320854188,2
3160,Hproj2,0.8869649171829224,2
3161,Hproj2,0.8935941457748413,2
3162,Hproj2,0.6467105150222778,2
3163,Hproj2,0.790123462677002,1
3164,Hproj2,0.9090909361839294,1
3165,Hproj2,0.9230769276618958,1
3166,Hproj2,0.6800000071525574,1
3167,Hproj2,0.4545454680919647,1
3168,Hproj2,0.9042448401451112,1
3169,Hproj2,0.966867446899414,1
3170,Hproj2,0.945645034313202,1
3171,Hproj2,0.9665407538414,1
3172,Hproj2,0.9482092261314392,1
3173,Hproj2,0.9633718132972716,1
3174,Hproj2,0.95173579454422,1
3175,Hproj2,0.9478839039802552,1
3176,Hproj2,0.9142857193946838,1
3177,Hproj2,0.7129186391830444,1
3178,Hproj2,0.2000000029802322,1
3179,Hproj2,0.8937798738479614,2
3180,Hproj2,0.8951924443244934,3
3181,Hproj2,0.9273967742919922,3
3182,Hproj2,0.9438712000846864,3
3183,Hproj2,0.927023470401764,3
3184,Hproj2,0.8977947235107422,3
3185,Hproj2,0.8654437065124512,4
3186,Hproj2,0.8337863683700562,5
3187,Hproj2,0.8390882611274719,5
3188,Hproj2,0.8628383874893188,5
3189,Hproj2,0.851885974407196,5
3190,Hproj2,0.8735947608947754,6
3191,Hproj2,0.8139657378196716,7
3192,Hproj2,0.8396695852279663,8
3193,Hproj2,0.8763118386268616,9
3194,Hproj2,0.8499943017959595,9
3195,Hproj2,0.88493412733078,9
3196,Hproj2,0.8694501519203186,9
3197,Hproj2,0.8422867655754089,9
3198,Hproj2,0.7785900235176086,6
3199,Hproj2,0.9304264783859252,4
3200,Hproj2,0.7180829644203186,4
3201,Hproj2,0.9222877025604248,3
3202,Hproj2,0.942828357219696,3
3203,Hproj2,0.9048926830291748,3
3204,Hproj2,0.9434879422187804,3
3205,Hproj2,0.5126835703849792,2
3206,Hproj2,0.7725836038589478,2
3207,Hproj2,0.7746150493621826,2
3208,Hproj2,0.5842809677124023,2
3209,Hproj2,0.573515772819519,2
3210,Hproj2,0.5576934218406677,2
3211,Hproj2,0.9126126170158386,2
3212,Hproj2,0.8786610960960388,1
3213,Hproj2,0.8942307829856873,1
3214,Hproj2,0.8914285898208618,1
3215,Hproj2,0.818791925907135,1
3216,Hproj2,0.3622047305107116,1
3217,Hproj2,0.4937655925750732,1
3218,Hproj2,0.8853575587272644,1
3219,Hproj2,0.8869179487228394,1
3220,Hproj2,0.9144303798675536,1
3221,Hproj2,0.9389817118644714,1
3222,Hproj2,0.9656804800033568,1
3223,Hproj2,0.9734879732131958,1
3224,Hproj2,0.9380530714988708,1
3225,Hproj2,0.772635817527771,1
3226,Hproj2,0.7061423063278198,2
3227,Hproj2,0.9007951021194458,2
3228,Hproj2,0.864693820476532,3
3229,Hproj2,0.916445255279541,3
3230,Hproj2,0.8569812774658203,3
3231,Hproj2,0.8346307873725891,3
3232,Hproj2,0.8642899990081787,4
3233,Hproj2,0.8743247985839844,5
3234,Hproj2,0.8152899742126465,6
3235,Hproj2,0.8014674186706543,6
3236,Hproj2,0.8515804409980774,6
3237,Hproj2,0.8760821223258972,6
3238,Hproj2,0.8561025261878967,7
3239,Hproj2,0.8830540776252747,7
3240,Hproj2,0.8596076965332031,7
3241,Hproj2,0.8765831589698792,7
3242,Hproj2,0.8405227661132812,8
3243,Hproj2,0.8426021933555603,7
3244,Hproj2,0.8281876444816589,8
3245,Hproj2,0.8334716558456421,8
3246,Hproj2,0.8525241017341614,7
3247,Hproj2,0.9168561100959778,6
3248,Hproj2,0.9076700210571288,6
3249,Hproj2,0.8445329666137695,6
3250,Hproj2,0.6733054518699646,5
3251,Hproj2,0.9377286434173584,3
3252,Hproj2,0.9496148228645324,3
3253,Hproj2,0.9545817375183104,3
3254,Hproj2,0.9646345973014832,3
3255,Hproj2,0.96289324760437,3
3256,Hproj2,0.9580807089805604,3
3257,Hproj2,0.937885284423828,3
3258,Hproj2,0.917611598968506,2
3259,Hproj2,0.8671912550926208,2
3260,Hproj2,0.8436028957366943,2
3261,Hproj2,0.498553991317749,2
3262,Hproj2,0.5365853905677795,1
3263,Hproj2,0.8548387289047241,1
3264,Hproj2,0.9256198406219482,1
3265,Hproj2,0.7835051417350769,1
3266,Hproj2,0.8461538553237915,1
3267,Hproj2,0.782608687877655,1
3268,Hproj2,0.800000011920929,1
3269,Hproj2,0.75,1
3270,Hproj2,0.7540983557701111,1
3271,Hproj2,0.7027027010917664,1
3272,Hproj2,0.5714285969734192,1
3273,Hproj2,0.7250000238418579,1
3274,Hproj2,0.9433962106704712,1
3275,Hproj2,0.9456264972686768,1
3276,Hproj2,0.8541063070297241,1
3277,Hproj2,0.9019073843955994,1
3278,Hproj2,0.5051903128623962,1
3279,Hproj2,0.4747710824012756,2
3280,Hproj2,0.6818493604660034,2
3281,Hproj2,0.7891244292259216,3
3282,Hproj2,0.9124787449836732,3
3283,Hproj2,0.8983457088470459,4
3284,Hproj2,0.951324224472046,4
3285,Hproj2,0.9573769569396972,4
3286,Hproj2,0.9595374464988708,4
3287,Hproj2,0.9456249475479126,4
3288,Hproj2,0.8650330305099487,5
3289,Hproj2,0.8452485799789429,5
3290,Hproj2,0.8523815870285034,5
3291,Hproj2,0.8821784853935242,5
3292,Hproj2,0.8908132314682007,5
3293,Hproj2,0.8976481556892395,6
3294,Hproj2,0.9006022810935974,6
3295,Hproj2,0.8440988659858704,6
3296,Hproj2,0.8881049752235413,7
3297,Hproj2,0.8753916025161743,7
3298,Hproj2,0.8692525625228882,8
3299,Hproj2,0.8190014362335205,9
3300,Hproj2,0.8317784070968628,9
3301,Hproj2,0.8691413998603821,10
3302,Hproj2,0.804862380027771,10
3303,Hproj2,0.895716667175293,8
3304,Hproj2,0.907327115535736,7
3305,Hproj2,0.9099000692367554,7
3306,Hproj2,0.7758636474609375,6
3307,Hproj2,0.8749895691871643,4
3308,Hproj2,0.968560516834259,3
3309,Hproj2,0.9710553288459778,3
3310,Hproj2,0.9699541926383972,3
3311,Hproj2,0.966543972492218,3
3312,Hproj2,0.8626179695129395,4
3313,Hproj2,0.9668105244636536,4
3314,Hproj2,0.9389426708221436,4
3315,Hproj2,0.8148148059844971,1
3316,Hproj2,0.8715596199035645,1
3317,Hproj2,0.8931116461753845,1
3318,Hproj2,0.9361329674720764,1
3319,Hproj2,0.9522546529769896,1
3320,Hproj2,0.953581690788269,1
3321,Hproj2,0.9374464154243468,1
3322,Hproj2,0.9751479029655457,1
3323,Hproj2,0.955812394618988,1
3324,Hproj2,0.9673672318458556,1
3325,Hproj2,0.9661523103713988,1
3326,Hproj2,0.9691533446311952,1
3327,Hproj2,0.9749596118927002,1
3328,Hproj2,0.959894061088562,1
3329,Hproj2,0.9689028859138488,1
3330,Hproj2,0.9754995703697203,1
3331,Hproj2,0.9593412280082704,1
3332,Hproj2,0.9758694171905518,1
3333,Hproj2,0.9483079314231871,1
3334,Hproj2,0.9299362897872924,1
3335,Hproj2,0.9062261581420898,1
3336,Hproj2,0.8502097129821777,1
3337,Hproj2,0.8996655344963074,1
3338,Hproj2,0.8970174193382263,1
3339,Hproj2,0.6886447072029114,1
3340,Hproj2,0.8626198172569275,1
3341,Hproj2,0.9387755393981934,1
3342,Hproj2,0.9478672742843628,1
3343,Hproj2,0.9814502596855164,1
3344,Hproj2,0.9580686092376708,1
3345,Hproj2,0.9827761054039,1
3346,Hproj2,0.778608500957489,2
3347,Hproj2,0.7079519033432007,2
3348,Hproj2,0.752138078212738,2
3349,Hproj2,0.8137153387069702,2
3350,Hproj2,0.8045313358306885,2
3351,Hproj2,0.8197723031044006,2
3352,Hproj2,0.5525266528129578,3
3353,Hproj2,0.5968019366264343,3
3354,Hproj2,0.7407023906707764,4
3355,Hproj2,0.7812479138374329,4
3356,Hproj2,0.6076013445854187,6
3357,Hproj2,0.6681897044181824,6
3358,Hproj2,0.8475907444953918,6
3359,Hproj2,0.7905985713005066,7
3360,Hproj2,0.8644499778747559,7
3361,Hproj2,0.8405434489250183,7
3362,Hproj2,0.8713198900222778,7
3363,Hproj2,0.8902713060379028,7
3364,Hproj2,0.8758619427680969,7
3365,Hproj2,0.8812652230262756,7
3366,Hproj2,0.8593283891677856,7
3367,Hproj2,0.8406401872634888,7
3368,Hproj2,0.8588175773620605,7
3369,Hproj2,0.8522689938545227,7
3370,Hproj2,0.8575044274330139,7
3371,Hproj2,0.8309774398803711,7
3372,Hproj2,0.8458614945411682,7
3373,Hproj2,0.8650344014167786,7
3374,Hproj2,0.8516772389411926,7
3375,Hproj2,0.8921135663986206,7
3376,Hproj2,0.8672564625740051,7
3377,Hproj2,0.8336701393127441,7
3378,Hproj2,0.8467693328857422,7
3379,Hproj2,0.8308117985725403,7
3380,Hproj2,0.8426094651222229,7
3381,Hproj2,0.8585812449455261,7
3382,Hproj2,0.8778756856918335,8
3383,Hproj2,0.8854883313179016,8
3384,Hproj2,0.8456358909606934,8
3385,Hproj2,0.8813033699989319,7
3386,Hproj2,0.9082610011100768,7
3387,Hproj2,0.8638062477111816,8
3388,Hproj2,0.8752866387367249,9
3389,Hproj2,0.8234744668006897,9
3390,Hproj2,0.9089698791503906,8
3391,Hproj2,0.8780505061149597,8
3392,Hproj2,0.8894941210746765,8
3393,Hproj2,0.9011390805244446,7
3394,Hproj2,0.872986376285553,7
3395,Hproj2,0.8609172105789185,7
3396,Hproj2,0.8619733452796936,7
3397,Hproj2,0.8039721250534058,7
3398,Hproj2,0.9478147625923156,6
3399,Hproj2,0.9195177555084229,6
3400,Hproj2,0.9279670715332032,6
3401,Hproj2,0.9003145694732666,6
3402,Hproj2,0.8336505889892578,6
3403,Hproj2,0.828747570514679,6
3404,Hproj2,0.8522694706916809,6
3405,Hproj2,0.7764043807983398,5
3406,Hproj2,0.8286586999893188,4
3407,Hproj2,0.962063491344452,3
3408,Hproj2,0.9746389389038086,3
3409,Hproj2,0.967085063457489,3
3410,Hproj2,0.8885462284088135,4
3411,Hproj2,0.9090235829353333,4
3412,Hproj2,0.9539049863815308,4
3413,Hproj2,0.9610270857810974,4
3414,Hproj2,0.9161970615386964,4
3415,Hproj2,0.9555319547653198,4
3416,Hproj2,0.9027036428451538,4
3417,Hproj2,0.9167109131813048,4
3418,Hproj2,0.9273163676261902,4
3419,Hproj2,0.9176856279373168,4
3420,Hproj2,0.9322973489761353,4
3421,Hproj2,0.8498049974441528,4
3422,Hproj2,0.8335530757904053,3
3423,Hproj2,0.8342298865318298,3
3424,Hproj2,0.7161357998847961,3
3425,Hproj2,0.8470215797424316,2
3426,Hproj2,0.7848649024963379,2
3427,Hproj2,0.692307710647583,1
3428,Hproj2,0.6382978558540344,1
3429,Hproj2,0.7272727489471436,1
3430,Hproj2,0.8282828330993652,1
3431,Hproj2,0.834782600402832,1
3432,Hproj2,0.939393937587738,1
3433,Hproj2,0.9562575817108154,1
3434,Hproj2,0.9827139377593994,1
3435,Hproj2,0.989130437374115,1
3436,Hproj2,0.9885283708572388,1
3437,Hproj2,0.9945425391197203,1
3438,Hproj2,0.9897540807724,1
3439,Hproj2,0.9931192398071288,1
3440,Hproj2,0.9914934039115906,1
3441,Hproj2,0.9211909174919128,1
3442,Hproj2,0.9378530979156494,1
3443,Hproj2,0.625,1
3444,Hproj2,0.9765625,1
3445,Hproj2,0.9687934517860411,2
3446,Hproj2,0.9786437749862672,2
3447,Hproj2,0.9806481003761292,2
3448,Hproj2,0.9631308913230896,3
3449,Hproj2,0.9691342711448668,3
3450,Hproj2,0.9723234176635742,3
3451,Hproj2,0.956692397594452,3
3452,Hproj2,0.9109225273132324,5
3453,Hproj2,0.9272996187210084,5
3454,Hproj2,0.8183757066726685,5
3455,Hproj2,0.9192131757736206,5
3456,Hproj2,0.90221107006073,5
3457,Hproj2,0.9159380793571472,5
3458,Hproj2,0.8992159962654114,5
3459,Hproj2,0.8405677676200867,7
3460,Hproj2,0.9281707406044006,7
3461,Hproj2,0.926705241203308,7
3462,Hproj2,0.9508082270622252,7
3463,Hproj2,0.920630156993866,10
3464,Hproj2,0.9332833290100098,10
3465,Hproj2,0.898300290107727,8
3466,Hproj2,0.9047991633415222,7
3467,Hproj2,0.8347201347351074,6
3468,Hproj2,0.942173957824707,4
3469,Hproj2,0.9276129603385924,4
3470,Hproj2,0.9727447628974916,3
3471,Hproj2,0.975153625011444,3
3472,Hproj2,0.9760608673095704,3
3473,Hproj2,0.9187604784965516,4
3474,Hproj2,0.9672741293907166,4
3475,Hproj2,0.9471999406814576,4
3476,Hproj2,0.9147272109985352,4
3477,Hproj2,0.9013843536376952,3
3478,Hproj2,0.9109024405479432,3
3479,Hproj2,0.9404928088188172,2
3480,Hproj2,0.9682894945144652,2
3481,Hproj2,0.9739992022514344,2
3482,Hproj2,0.9555723667144777,2
3483,Hproj2,0.9283525347709656,2
3484,Hproj2,0.92881578207016,2
3485,Hproj2,0.8617886304855347,1
3486,Hproj2,0.8062015771865845,1
3487,Hproj2,0.8288288116455078,1
3488,Hproj2,0.7586206793785095,1
3489,Hproj2,0.5833333134651184,1
3490,Hproj2,0.7222222089767456,1
3491,Hproj2,0.6071428656578064,1
3492,Hproj2,0.7017543911933899,1
3493,Hproj2,0.5263158082962036,1
3494,Hproj2,0.607594907283783,1
3495,Hproj2,0.7878788113594055,1
3496,Hproj2,0.8679245114326477,1
3497,Hproj2,0.8399999737739563,1
3498,Hproj2,0.8045976758003235,1
3499,Hproj2,0.8888888955116272,1
3500,Hproj2,0.7301587462425232,1
3501,Hproj2,0.7384615540504456,1
3502,Hproj2,0.699999988079071,1
3503,Hproj2,0.5142857432365417,1
3504,Hproj2,0.6792452931404114,1
3505,Hproj2,0.6415094137191772,1
3506,Hproj2,0.7096773982048035,1
3507,Hproj2,0.7948718070983887,1
3508,Hproj2,0.7749999761581421,1
3509,Hproj2,0.8095238208770752,1
3510,Hproj2,0.8139534592628479,1
3511,Hproj2,0.7951807379722595,1
3512,Hproj2,0.7272727489471436,1
3513,Hproj2,0.7777777910232544,1
3514,Hproj2,0.6265060305595398,1
3515,Hproj2,0.6578947305679321,1
3516,Hproj2,0.6666666865348816,1
3517,Hproj2,0.7916666865348816,1
3518,Hproj2,0.8510638475418091,1
3519,Hproj2,0.7764706015586853,1
3520,Hproj2,0.7105262875556946,1
0,HprojSA,0.8839505910873413,1
1,HprojSA,0.923399806022644,1
2,HprojSA,0.9613492488861084,1
3,HprojSA,0.9496787786483764,1
4,HprojSA,0.9809027910232544,1
5,HprojSA,0.9846516847610474,1
6,HprojSA,0.9882537126541138,1
7,HprojSA,0.9842217564582824,1
8,HprojSA,0.9617486596107484,1
9,HprojSA,0.8934198617935181,1
10,HprojSA,0.9570370316505432,1
11,HprojSA,0.9380530714988708,1
12,HprojSA,1.2500000146076218e-08,1
13,HprojSA,0.9268292784690856,1
14,HprojSA,0.9698629975318908,1
15,HprojSA,0.8660891056060791,2
16,HprojSA,0.9227869510650636,2
17,HprojSA,0.7624862790107727,3
18,HprojSA,0.8406721949577332,3
19,HprojSA,0.8381194472312927,4
20,HprojSA,0.8353354930877686,4
21,HprojSA,0.8686085343360901,4
22,HprojSA,0.6653114557266235,5
23,HprojSA,0.6487094163894653,6
24,HprojSA,0.7210199236869812,6
25,HprojSA,0.7350835204124451,6
26,HprojSA,0.8372864723205566,6
27,HprojSA,0.7322940826416016,7
28,HprojSA,0.6944279074668884,7
29,HprojSA,0.8039722442626953,7
30,HprojSA,0.8425688147544861,7
31,HprojSA,0.7955751419067383,7
32,HprojSA,0.8274493217468262,8
33,HprojSA,0.8371446132659912,8
34,HprojSA,0.7582305073738098,6
35,HprojSA,0.703214168548584,7
36,HprojSA,0.85405433177948,7
37,HprojSA,0.82649165391922,7
38,HprojSA,0.8048666715621948,7
39,HprojSA,0.8452181816101074,6
40,HprojSA,0.6927571892738342,6
41,HprojSA,0.5779284238815308,5
42,HprojSA,0.7306137084960938,4
43,HprojSA,0.9726803302764891,3
44,HprojSA,0.844366192817688,4
45,HprojSA,0.8846833109855652,4
46,HprojSA,0.9214405417442322,4
47,HprojSA,0.9204213619232178,4
48,HprojSA,0.7575757503509521,1
49,HprojSA,0.8261563181877136,1
50,HprojSA,0.6318082809448242,1
51,HprojSA,0.152380958199501,1
52,HprojSA,0.0738786309957504,1
53,HprojSA,0.3076923191547394,1
54,HprojSA,1.9417475960459282e-10,1
55,HprojSA,6.369426652774735e-10,1
56,HprojSA,0.3833333253860473,2
57,HprojSA,0.4566473960876465,2
58,HprojSA,0.4756554365158081,2
59,HprojSA,0.4617736935615539,2
60,HprojSA,0.5434425473213196,3
61,HprojSA,0.3228297531604767,4
62,HprojSA,0.6330656409263611,5
63,HprojSA,0.7338793873786926,5
64,HprojSA,0.7433551549911499,5
65,HprojSA,0.7714714407920837,5
66,HprojSA,0.7885422110557556,5
67,HprojSA,0.6617828011512756,6
68,HprojSA,0.6970507502555847,7
69,HprojSA,0.5741318464279175,7
70,HprojSA,0.6347394585609436,8
71,HprojSA,0.7063430547714233,8
72,HprojSA,0.7364034056663513,9
73,HprojSA,0.808055579662323,8
74,HprojSA,0.8098764419555664,9
75,HprojSA,0.7108135223388672,9
76,HprojSA,0.7181646823883057,8
77,HprojSA,0.7654452323913574,7
78,HprojSA,0.7814070582389832,6
79,HprojSA,0.7477157711982727,5
80,HprojSA,0.8893208503723145,4
81,HprojSA,0.6600359678268433,4
82,HprojSA,0.9344885349273682,3
83,HprojSA,0.9035663604736328,3
84,HprojSA,0.7187720537185669,4
85,HprojSA,0.6874233484268188,4
86,HprojSA,0.5559877753257751,3
87,HprojSA,0.6623145341873169,2
88,HprojSA,0.5570027828216553,2
89,HprojSA,0.3333333432674408,2
90,HprojSA,0.409090906381607,2
91,HprojSA,0.7441860437393188,1
92,HprojSA,0.800000011920929,1
93,HprojSA,0.6000000238418579,1
94,HprojSA,0.6666666865348816,1
95,HprojSA,0.6666666865348816,1
96,HprojSA,0.7857142686843872,1
97,HprojSA,0.6399999856948853,1
98,HprojSA,0.5517241358757019,1
99,HprojSA,0.7333333492279053,1
100,HprojSA,0.3396226465702057,1
101,HprojSA,0.3684210479259491,1
102,HprojSA,0.7234042286872864,1
103,HprojSA,0.6086956262588501,1
104,HprojSA,0.5581395626068115,1
105,HprojSA,0.4489795863628387,1
106,HprojSA,0.1739130467176437,1
107,HprojSA,0.1599999964237213,1
108,HprojSA,3.448275887052432e-09,1
109,HprojSA,0.6315789222717285,1
110,HprojSA,0.8275862336158752,1
111,HprojSA,0.8148148059844971,1
112,HprojSA,0.8333333134651184,1
113,HprojSA,0.9523809552192688,1
114,HprojSA,0.7200000286102295,1
115,HprojSA,0.7407407164573669,1
116,HprojSA,0.5161290168762207,1
117,HprojSA,0.5365853905677795,1
118,HprojSA,0.6111111044883728,1
119,HprojSA,0.699999988079071,1
120,HprojSA,0.6153846383094788,1
121,HprojSA,0.8275862336158752,1
122,HprojSA,8.333333134658005e-09,1
123,HprojSA,0.6666666865348816,1
124,HprojSA,0.7272727489471436,1
125,HprojSA,0.3395399749279022,1
126,HprojSA,0.8485169410705566,1
127,HprojSA,0.9648451209068298,1
128,HprojSA,0.9696417450904846,1
129,HprojSA,0.9709652066230774,1
130,HprojSA,0.9737470149993896,1
131,HprojSA,0.8731182813644409,1
132,HprojSA,0.7200000286102295,1
133,HprojSA,0.57220858335495,1
134,HprojSA,0.1945883780717849,1
135,HprojSA,0.1549497842788696,1
136,HprojSA,0.1181546598672866,1
137,HprojSA,0.9155066609382628,2
138,HprojSA,0.9319188594818116,3
139,HprojSA,0.9343376159667968,3
140,HprojSA,0.9068252444267272,3
141,HprojSA,0.9257821440696716,3
142,HprojSA,0.9577048420906068,3
143,HprojSA,0.939555823802948,3
144,HprojSA,0.959894835948944,3
145,HprojSA,0.92436021566391,3
146,HprojSA,0.8632715344429016,3
147,HprojSA,0.9220280647277832,3
148,HprojSA,0.8940715789794922,3
149,HprojSA,0.9371979832649232,3
150,HprojSA,0.9108922481536864,3
151,HprojSA,0.9157909750938416,3
152,HprojSA,0.9205941557884216,3
153,HprojSA,0.8856956362724304,4
154,HprojSA,0.8530807495117188,4
155,HprojSA,0.8470370769500732,4
156,HprojSA,0.8325371742248535,6
157,HprojSA,0.9331948757171632,6
158,HprojSA,0.8696436882019043,6
159,HprojSA,0.8936794400215149,6
160,HprojSA,0.8351402878761292,6
161,HprojSA,0.8905197978019714,6
162,HprojSA,0.8653655648231506,6
163,HprojSA,0.8174469470977783,6
164,HprojSA,0.9125660061836244,6
165,HprojSA,0.9257290959358216,6
166,HprojSA,0.8909077644348145,6
167,HprojSA,0.8943837285041809,6
168,HprojSA,0.8358812928199768,7
169,HprojSA,0.9099069237709044,7
170,HprojSA,0.9096317291259766,7
171,HprojSA,0.9002342224121094,7
172,HprojSA,0.913899540901184,7
173,HprojSA,0.903211236000061,7
174,HprojSA,0.7901040315628052,7
175,HprojSA,0.6524097323417664,8
176,HprojSA,0.7954545021057129,8
177,HprojSA,0.867119312286377,8
178,HprojSA,0.8542045950889587,9
179,HprojSA,0.7618008255958557,9
180,HprojSA,0.7076756358146667,9
181,HprojSA,0.7702268362045288,8
182,HprojSA,0.7800820469856262,8
183,HprojSA,0.7898299098014832,6
184,HprojSA,0.8043197393417358,5
185,HprojSA,0.6922576427459717,5
186,HprojSA,0.6723686456680298,5
187,HprojSA,0.6778823137283325,5
188,HprojSA,0.595687985420227,5
189,HprojSA,0.8517126441001892,4
190,HprojSA,0.8175410628318787,4
191,HprojSA,0.8373039364814758,4
192,HprojSA,0.8481817245483398,4
193,HprojSA,0.8320608139038086,4
194,HprojSA,0.8483128547668457,3
195,HprojSA,0.6490805745124817,3
196,HprojSA,0.963261604309082,2
197,HprojSA,0.9755651950836182,2
198,HprojSA,0.9771877527236938,2
199,HprojSA,0.9828332662582396,2
200,HprojSA,0.9682856798171996,2
201,HprojSA,0.9732844829559326,2
202,HprojSA,0.9768964052200316,2
203,HprojSA,0.9712857007980348,2
204,HprojSA,0.9798991680145264,2
205,HprojSA,0.9607130885124208,2
206,HprojSA,0.967549204826355,2
207,HprojSA,0.94339781999588,3
208,HprojSA,0.9333009123802184,3
209,HprojSA,0.8471953868865967,3
210,HprojSA,0.8368123173713684,3
211,HprojSA,0.920844793319702,2
212,HprojSA,0.9253360033035278,2
213,HprojSA,0.926114559173584,2
214,HprojSA,0.9654066562652588,2
215,HprojSA,0.9362031817436218,2
216,HprojSA,0.9353395700454712,2
217,HprojSA,0.9485043287277222,2
218,HprojSA,0.8870455026626587,2
219,HprojSA,0.9266773462295532,2
220,HprojSA,0.8869748115539551,2
221,HprojSA,0.8945499062538147,2
222,HprojSA,0.839771032333374,2
223,HprojSA,0.6541564464569092,2
224,HprojSA,0.8095238208770752,1
225,HprojSA,0.8833333253860474,1
226,HprojSA,0.8288288116455078,1
227,HprojSA,0.6218487620353699,1
228,HprojSA,0.684684693813324,1
229,HprojSA,0.8118811845779419,1
230,HprojSA,0.8453608155250549,1
231,HprojSA,0.6813187003135681,1
232,HprojSA,0.7311828136444092,1
233,HprojSA,0.7659574747085571,1
234,HprojSA,0.8163265585899353,1
235,HprojSA,0.8282828330993652,1
236,HprojSA,0.7747747898101807,1
237,HprojSA,0.8648648858070374,1
238,HprojSA,0.9285714030265808,1
239,HprojSA,0.8214285969734192,1
240,HprojSA,0.9473684430122375,1
241,HprojSA,0.2535211145877838,1
242,HprojSA,0.4457831382751465,1
243,HprojSA,0.5493975877761841,1
244,HprojSA,0.6215139627456665,1
245,HprojSA,0.6777777671813965,1
246,HprojSA,0.7771639227867126,1
247,HprojSA,0.7432674765586853,1
248,HprojSA,0.8139182925224304,1
249,HprojSA,0.8397790193557739,1
250,HprojSA,0.8701298832893372,1
251,HprojSA,0.8849999904632568,1
252,HprojSA,0.9579645991325378,1
253,HprojSA,0.9597585797309875,1
254,HprojSA,0.972195565700531,1
255,HprojSA,0.947965919971466,1
256,HprojSA,0.9778534770011902,1
257,HprojSA,0.9674861431121826,1
258,HprojSA,0.986892819404602,1
259,HprojSA,0.9644209146499634,1
260,HprojSA,0.9722814559936525,1
261,HprojSA,0.9710047245025636,1
262,HprojSA,0.986138641834259,1
263,HprojSA,0.9798570275306702,1
264,HprojSA,0.965303599834442,1
265,HprojSA,0.9666269421577454,1
266,HprojSA,0.9870283007621764,1
267,HprojSA,0.9831100702285768,1
268,HprojSA,0.9694613814353944,1
269,HprojSA,0.9788846969604492,1
270,HprojSA,0.9882729053497314,1
271,HprojSA,0.97991544008255,1
272,HprojSA,0.9675162434577942,1
273,HprojSA,0.9831683039665222,1
274,HprojSA,0.9877270460128784,1
275,HprojSA,0.9815354943275452,1
276,HprojSA,0.9707434177398682,1
277,HprojSA,0.9869036674499512,1
278,HprojSA,0.9851163029670716,1
279,HprojSA,0.9801568984985352,1
280,HprojSA,0.973744809627533,1
281,HprojSA,0.983788788318634,1
282,HprojSA,0.9883666634559632,1
283,HprojSA,0.9863913655281068,1
284,HprojSA,0.949424147605896,1
285,HprojSA,0.9513568878173828,1
286,HprojSA,0.9612001776695251,1
287,HprojSA,0.9327263236045836,1
288,HprojSA,0.8778424263000488,1
289,HprojSA,0.8767876625061035,1
290,HprojSA,0.8587075471878052,1
291,HprojSA,0.8224917054176331,1
292,HprojSA,0.7961046695709229,1
293,HprojSA,0.7202255129814148,1
294,HprojSA,0.5499021410942078,1
295,HprojSA,0.6374828815460205,1
296,HprojSA,0.628366231918335,1
297,HprojSA,0.6815642714500427,1
298,HprojSA,0.0879120901226997,1
299,HprojSA,2.7027027282855443e-09,1
300,HprojSA,9.708738257785399e-10,1
301,HprojSA,5.5555555711350735e-09,1
302,HprojSA,4.347826099149188e-09,1
303,HprojSA,2.083333283664501e-09,1
304,HprojSA,3.269230663960343e-09,2
305,HprojSA,0.2692307829856872,2
306,HprojSA,0.28125,2
307,HprojSA,0.1407407373189926,2
308,HprojSA,0.2820512950420379,2
309,HprojSA,0.2804878056049347,2
310,HprojSA,0.405994564294815,2
311,HprojSA,0.6126565337181091,3
312,HprojSA,0.7454653382301331,3
313,HprojSA,0.7707553505897522,3
314,HprojSA,0.7714468836784363,3
315,HprojSA,0.8314366340637207,3
316,HprojSA,0.8273100256919861,3
317,HprojSA,0.5850784778594971,3
318,HprojSA,0.5997044444084167,3
319,HprojSA,0.6283841133117676,4
320,HprojSA,0.7242535948753357,4
321,HprojSA,0.7244588732719421,4
322,HprojSA,0.7146909236907959,4
323,HprojSA,0.7376775145530701,4
324,HprojSA,0.775910496711731,4
325,HprojSA,0.7913099527359009,4
326,HprojSA,0.7771663665771484,4
327,HprojSA,0.7806286215782166,4
328,HprojSA,0.7061729431152344,4
329,HprojSA,0.6666429042816162,4
330,HprojSA,0.751994252204895,4
331,HprojSA,0.803493857383728,4
332,HprojSA,0.7816757559776306,4
333,HprojSA,0.7876977324485779,4
334,HprojSA,0.7905286550521851,4
335,HprojSA,0.777091383934021,4
336,HprojSA,0.8141230940818787,4
337,HprojSA,0.8026713728904724,4
338,HprojSA,0.7871193289756775,4
339,HprojSA,0.7968299388885498,4
340,HprojSA,0.8325375914573669,4
341,HprojSA,0.7935317158699036,4
342,HprojSA,0.8180254697799683,4
343,HprojSA,0.8805597424507141,4
344,HprojSA,0.8928471803665161,4
345,HprojSA,0.8766797184944153,4
346,HprojSA,0.8621423840522766,4
347,HprojSA,0.7062663435935974,5
348,HprojSA,0.8503082394599915,5
349,HprojSA,0.8838046193122864,5
350,HprojSA,0.8532994389533997,5
351,HprojSA,0.8680189251899719,5
352,HprojSA,0.8474748730659485,5
353,HprojSA,0.8640950322151184,5
354,HprojSA,0.8661414384841919,5
355,HprojSA,0.7051351070404053,6
356,HprojSA,0.8236162066459656,6
357,HprojSA,0.7319764494895935,6
358,HprojSA,0.7495944499969482,6
359,HprojSA,0.8106505870819092,6
360,HprojSA,0.9226188659667968,6
361,HprojSA,0.9203166961669922,6
362,HprojSA,0.8991314768791199,6
363,HprojSA,0.9247236847877502,6
364,HprojSA,0.931208610534668,6
365,HprojSA,0.9267354011535645,6
366,HprojSA,0.9097993969917296,6
367,HprojSA,0.916245937347412,6
368,HprojSA,0.9155485033988952,6
369,HprojSA,0.8704902529716492,6
370,HprojSA,0.8226589560508728,7
371,HprojSA,0.8480497598648071,7
372,HprojSA,0.8732587695121765,7
373,HprojSA,0.8297666907310486,7
374,HprojSA,0.7647871375083923,7
375,HprojSA,0.8526245355606079,7
376,HprojSA,0.7507129311561584,7
377,HprojSA,0.8443896174430847,6
378,HprojSA,0.7442944049835205,6
379,HprojSA,0.5670836567878723,7
380,HprojSA,0.5991120338439941,8
381,HprojSA,0.6207928657531738,8
382,HprojSA,0.3879210650920868,8
383,HprojSA,0.5954302549362183,6
384,HprojSA,0.6644184589385986,6
385,HprojSA,0.6435924172401428,6
386,HprojSA,0.6312508583068848,6
387,HprojSA,0.922706425189972,4
388,HprojSA,0.9150134325027466,4
389,HprojSA,0.717551589012146,4
390,HprojSA,0.9353335499763488,3
391,HprojSA,0.9426024556159972,3
392,HprojSA,0.9475051760673524,3
393,HprojSA,0.9371920228004456,3
394,HprojSA,0.9539272785186768,3
395,HprojSA,0.9661899209022522,3
396,HprojSA,0.9710801243782043,3
397,HprojSA,0.9519020915031432,3
398,HprojSA,0.9490223526954652,3
399,HprojSA,0.9471471905708312,3
400,HprojSA,0.9576241970062256,3
401,HprojSA,0.9550514221191406,3
402,HprojSA,0.952674925327301,3
403,HprojSA,0.9528626799583436,3
404,HprojSA,0.959223449230194,3
405,HprojSA,0.9534867405891418,3
406,HprojSA,0.9514066576957704,3
407,HprojSA,0.815933108329773,4
408,HprojSA,0.8291974067687988,4
409,HprojSA,0.8357978463172913,4
410,HprojSA,0.8348912000656128,4
411,HprojSA,0.9238589406013488,4
412,HprojSA,0.9502914547920228,4
413,HprojSA,0.9514064192771912,4
414,HprojSA,0.9449540376663208,4
415,HprojSA,0.9364608526229858,4
416,HprojSA,0.955898642539978,4
417,HprojSA,0.9681445360183716,4
418,HprojSA,0.9432971477508544,4
419,HprojSA,0.9528661370277404,4
420,HprojSA,0.975591778755188,4
421,HprojSA,0.945143461227417,4
422,HprojSA,0.9260247349739076,4
423,HprojSA,0.9590954780578612,4
424,HprojSA,0.9697455167770386,4
425,HprojSA,0.9452137351036072,4
426,HprojSA,0.9093005061149596,4
427,HprojSA,0.878504753112793,4
428,HprojSA,0.9229974150657654,4
429,HprojSA,0.955449104309082,4
430,HprojSA,0.8835352063179016,4
431,HprojSA,0.7452521920204163,3
432,HprojSA,0.8090057969093323,3
433,HprojSA,0.9025965929031372,2
434,HprojSA,0.9025590419769288,2
435,HprojSA,0.8840222954750061,2
436,HprojSA,0.8913059830665588,2
437,HprojSA,0.9051796197891236,2
438,HprojSA,0.9150087237358092,2
439,HprojSA,0.8763656616210938,2
440,HprojSA,0.8914107084274292,2
441,HprojSA,0.8446097373962402,2
442,HprojSA,0.7621462345123291,2
443,HprojSA,0.7317073345184326,1
444,HprojSA,0.6478873491287231,1
445,HprojSA,0.529411792755127,1
446,HprojSA,0.4615384638309479,1
447,HprojSA,0.4761904776096344,1
448,HprojSA,0.5652173757553101,1
449,HprojSA,0.5833333134651184,1
450,HprojSA,0.5901639461517334,1
451,HprojSA,0.2857142984867096,1
452,HprojSA,0.1666666716337204,1
453,HprojSA,0.4186046421527862,1
454,HprojSA,0.2222222238779068,1
455,HprojSA,0.260869562625885,1
456,HprojSA,0.2553191483020782,1
457,HprojSA,0.2040816396474838,1
458,HprojSA,0.4705882370471954,1
459,HprojSA,0.3636363744735718,1
460,HprojSA,0.3529411852359772,1
461,HprojSA,0.3508771955966949,1
462,HprojSA,0.2622950673103332,1
463,HprojSA,0.1818181872367859,1
464,HprojSA,0.0689655169844627,1
465,HprojSA,2.3255815051470563e-09,1
466,HprojSA,0.6181818246841431,1
467,HprojSA,0.8660436272621155,1
468,HprojSA,0.8680688142776489,1
469,HprojSA,0.9395973086357116,1
470,HprojSA,0.9290780425071716,1
471,HprojSA,0.9500998258590698,1
472,HprojSA,0.9596412777900696,1
473,HprojSA,0.9412341117858888,1
474,HprojSA,0.8839285969734192,1
475,HprojSA,0.8911637663841248,1
476,HprojSA,0.8751702308654785,1
477,HprojSA,0.9014222621917723,1
478,HprojSA,0.9586614370346068,1
479,HprojSA,0.8106734156608582,1
480,HprojSA,0.7530763149261475,1
481,HprojSA,0.4294605851173401,1
482,HprojSA,0.2351386994123459,1
483,HprojSA,0.014388489536941,1
484,HprojSA,0.0016891892300918,1
485,HprojSA,9.541984563599115e-11,1
486,HprojSA,5.649717360611817e-10,1
487,HprojSA,0.3459459543228149,1
488,HprojSA,0.4940239191055298,1
489,HprojSA,0.4836601316928863,1
490,HprojSA,0.5826330780982971,1
491,HprojSA,0.8422877192497253,1
492,HprojSA,0.387267917394638,2
493,HprojSA,0.8660166263580322,2
494,HprojSA,0.8537787795066833,3
495,HprojSA,0.8900242447853088,3
496,HprojSA,0.8538849949836731,3
497,HprojSA,0.7616112232208252,3
498,HprojSA,0.8090844750404358,3
499,HprojSA,0.7898269295692444,3
500,HprojSA,0.8164413571357727,3
501,HprojSA,0.8662360310554504,3
502,HprojSA,0.8417056202888489,3
503,HprojSA,0.8930432200431824,3
504,HprojSA,0.8018877506256104,3
505,HprojSA,0.8749640583992004,3
506,HprojSA,0.8804898262023926,3
507,HprojSA,0.951188623905182,3
508,HprojSA,0.735711932182312,5
509,HprojSA,0.6595376133918762,5
510,HprojSA,0.5284128785133362,6
511,HprojSA,0.6041843295097351,6
512,HprojSA,0.5151634812355042,6
513,HprojSA,0.5971303582191467,6
514,HprojSA,0.6381310224533081,7
515,HprojSA,0.711645781993866,7
516,HprojSA,0.7470294237136841,7
517,HprojSA,0.718454897403717,7
518,HprojSA,0.7357279658317566,7
519,HprojSA,0.7768170237541199,7
520,HprojSA,0.9110466837882996,7
521,HprojSA,0.8135506510734558,7
522,HprojSA,0.9016963839530944,7
523,HprojSA,0.946434497833252,7
524,HprojSA,0.917583703994751,8
525,HprojSA,0.9408963322639464,9
526,HprojSA,0.8808532357215881,9
527,HprojSA,0.8683819770812988,9
528,HprojSA,0.901697039604187,9
529,HprojSA,0.915226936340332,9
530,HprojSA,0.9327892661094666,9
531,HprojSA,0.9056050777435304,9
532,HprojSA,0.8721883296966553,9
533,HprojSA,0.9004263281822205,9
534,HprojSA,0.8937923908233643,9
535,HprojSA,0.8854314088821411,10
536,HprojSA,0.8417851328849792,10
537,HprojSA,0.905620276927948,9
538,HprojSA,0.908040165901184,9
539,HprojSA,0.8925324082374573,8
540,HprojSA,0.9442814588546752,8
541,HprojSA,0.9033746719360352,8
542,HprojSA,0.8776048421859741,8
543,HprojSA,0.8809161186218262,7
544,HprojSA,0.8489786982536316,5
545,HprojSA,0.944643497467041,4
546,HprojSA,0.925085186958313,4
547,HprojSA,0.9779889583587646,3
548,HprojSA,0.9840466380119324,3
549,HprojSA,0.979534924030304,3
550,HprojSA,0.9833897948265076,3
551,HprojSA,0.9830726981163024,3
552,HprojSA,0.9747214317321776,3
553,HprojSA,0.9797544479370116,3
554,HprojSA,0.9715394973754884,3
555,HprojSA,0.9488189220428468,4
556,HprojSA,0.9664291143417358,4
557,HprojSA,0.9396305680274964,4
558,HprojSA,0.9731053113937378,4
559,HprojSA,0.9552121758461,4
560,HprojSA,0.9728307127952576,4
561,HprojSA,0.9417874813079834,4
562,HprojSA,0.9513283967971802,4
563,HprojSA,0.9757564663887024,4
564,HprojSA,0.9511829614639282,4
565,HprojSA,0.970383644104004,4
566,HprojSA,0.9628744125366212,4
567,HprojSA,0.934818148612976,4
568,HprojSA,0.9220197796821594,4
569,HprojSA,0.8724187016487122,4
570,HprojSA,0.8759581446647644,3
571,HprojSA,0.8912010192871094,3
572,HprojSA,0.9202960133552552,2
573,HprojSA,0.9593798518180848,2
574,HprojSA,0.9065999984741212,2
575,HprojSA,0.9592272043228148,2
576,HprojSA,0.8908231258392334,2
577,HprojSA,0.8856713771820068,2
578,HprojSA,0.8196428418159485,2
579,HprojSA,0.8947368264198303,1
580,HprojSA,0.8947368264198303,1
581,HprojSA,0.9272727370262146,1
582,HprojSA,0.8785046935081482,1
583,HprojSA,0.8846153616905212,1
584,HprojSA,0.957446813583374,1
585,HprojSA,0.8602150678634644,1
586,HprojSA,0.8723404407501221,1
587,HprojSA,0.7529411911964417,1
588,HprojSA,0.8602150678634644,1
589,HprojSA,0.7764706015586853,1
590,HprojSA,0.650602400302887,1
591,HprojSA,0.8101266026496887,1
592,HprojSA,0.6567164063453674,1
593,HprojSA,0.7352941036224365,1
594,HprojSA,0.7894737124443054,1
595,HprojSA,0.7878788113594055,1
596,HprojSA,0.8135592937469482,1
597,HprojSA,0.7407407164573669,1
598,HprojSA,0.6792452931404114,1
599,HprojSA,0.7272727489471436,1
600,HprojSA,0.7037037014961243,1
601,HprojSA,0.6315789222717285,1
602,HprojSA,0.5490196347236633,1
603,HprojSA,0.6428571343421936,1
604,HprojSA,0.581818163394928,1
605,HprojSA,0.71875,1
606,HprojSA,0.7096773982048035,1
607,HprojSA,0.6849315166473389,1
608,HprojSA,0.5789473652839661,1
609,HprojSA,0.5542168617248535,1
610,HprojSA,0.800000011920929,1
611,HprojSA,0.6813187003135681,1
612,HprojSA,0.6666666865348816,1
613,HprojSA,0.807692289352417,1
614,HprojSA,0.8571428656578064,1
615,HprojSA,0.8983050584793091,1
616,HprojSA,0.875,1
617,HprojSA,0.8199999928474426,1
618,HprojSA,0.7727272510528564,1
619,HprojSA,0.4615384638309479,1
620,HprojSA,0.2195121943950653,1
621,HprojSA,9.09090913658872e-10,1
622,HprojSA,1.176470587616052e-09,1
623,HprojSA,1.9607844237157224e-09,1
624,HprojSA,1.818181827317744e-09,1
625,HprojSA,2.2727273396583314e-09,1
626,HprojSA,1.818181827317744e-09,1
627,HprojSA,1.923077030951958e-09,1
628,HprojSA,1.123595549934464e-09,1
629,HprojSA,0.4235294163227081,1
630,HprojSA,0.6666666865348816,1
631,HprojSA,0.800000011920929,1
632,HprojSA,0.3125,1
633,HprojSA,0.5714285969734192,1
634,HprojSA,0.4666666686534881,1
635,HprojSA,0.7887324094772339,1
636,HprojSA,0.8051947951316833,1
637,HprojSA,0.8095238208770752,1
638,HprojSA,0.7200000286102295,1
639,HprojSA,0.7222222089767456,1
640,HprojSA,0.6756756901741028,1
641,HprojSA,0.7368420958518982,1
642,HprojSA,0.8222222328186035,1
643,HprojSA,0.800000011920929,1
644,HprojSA,0.7415730357170105,1
645,HprojSA,0.7710843086242676,1
646,HprojSA,0.7228915691375732,1
647,HprojSA,0.695652186870575,1
648,HprojSA,0.7727272510528564,1
649,HprojSA,0.7111111283302307,1
650,HprojSA,0.6399999856948853,1
651,HprojSA,0.6607142686843872,1
652,HprojSA,0.684684693813324,1
653,HprojSA,0.6875,1
654,HprojSA,0.7218044996261597,1
655,HprojSA,0.6991869807243347,1
656,HprojSA,0.7543859481811523,1
657,HprojSA,0.8067227005958557,1
658,HprojSA,0.8992248177528381,1
659,HprojSA,0.867132842540741,1
660,HprojSA,0.8709677457809448,1
661,HprojSA,0.8333333134651184,1
662,HprojSA,0.811188817024231,1
663,HprojSA,0.8421052694320679,1
664,HprojSA,0.8724831938743591,1
665,HprojSA,0.8062015771865845,1
666,HprojSA,0.7519999742507935,1
667,HprojSA,0.75,1
668,HprojSA,0.9357798099517822,1
669,HprojSA,0.8484848737716675,1
670,HprojSA,0.8936170339584351,1
671,HprojSA,0.8372092843055725,1
672,HprojSA,0.8461538553237915,1
673,HprojSA,0.7594936490058899,1
674,HprojSA,0.6279069781303406,1
675,HprojSA,0.395348846912384,1
676,HprojSA,0.594427227973938,1
677,HprojSA,0.800000011920929,1
678,HprojSA,0.9229177236557008,1
679,HprojSA,0.9512279629707336,1
680,HprojSA,0.967381715774536,1
681,HprojSA,0.9779391288757324,1
682,HprojSA,0.9833576679229736,1
683,HprojSA,0.9797627329826356,1
684,HprojSA,0.9803370833396912,1
685,HprojSA,0.8566038012504578,1
686,HprojSA,0.7828571200370789,1
687,HprojSA,0.959999978542328,1
688,HprojSA,0.9650349617004396,1
689,HprojSA,0.9836734533309937,1
690,HprojSA,0.9844720363616944,1
691,HprojSA,0.9076968431472778,2
692,HprojSA,0.9245734214782716,2
693,HprojSA,0.8956438302993774,4
694,HprojSA,0.9431577920913696,4
695,HprojSA,0.9128140211105348,4
696,HprojSA,0.8261038661003113,5
697,HprojSA,0.7957214117050171,5
698,HprojSA,0.895091712474823,5
699,HprojSA,0.9047187566757202,5
700,HprojSA,0.8618636131286621,6
701,HprojSA,0.9225003123283386,6
702,HprojSA,0.8995842337608337,7
703,HprojSA,0.9257346391677856,7
704,HprojSA,0.8891000747680664,8
705,HprojSA,0.9078918695449828,10
706,HprojSA,0.8255807757377625,10
707,HprojSA,0.7810946106910706,9
708,HprojSA,0.8475326895713806,7
709,HprojSA,0.7519304156303406,6
710,HprojSA,0.7752619981765747,4
711,HprojSA,0.920875370502472,3
712,HprojSA,0.9656417965888976,3
713,HprojSA,0.9659419655799866,3
714,HprojSA,0.966179370880127,3
715,HprojSA,0.9616863131523132,3
716,HprojSA,0.9325453042984008,4
717,HprojSA,0.9578039050102234,4
718,HprojSA,0.9157946705818176,3
719,HprojSA,0.9232349395751952,3
720,HprojSA,0.7699751257896423,3
721,HprojSA,0.8785258531570435,2
722,HprojSA,0.8100000023841858,2
723,HprojSA,0.8855660557746887,2
724,HprojSA,0.7788558006286621,2
725,HprojSA,0.6307692527770996,1
726,HprojSA,0.6016260385513306,1
727,HprojSA,0.7102272510528564,1
728,HprojSA,0.8808664083480835,1
729,HprojSA,0.7011494040489197,1
730,HprojSA,0.8617210388183594,1
731,HprojSA,0.9392874836921692,1
732,HprojSA,0.8238297700881958,1
733,HprojSA,0.9640415906906128,1
734,HprojSA,0.8979928493499756,1
735,HprojSA,0.9719290137290956,1
736,HprojSA,0.953034520149231,1
737,HprojSA,0.917939305305481,1
738,HprojSA,0.9664896726608276,1
739,HprojSA,0.951438844203949,1
740,HprojSA,0.9673290848731996,1
741,HprojSA,0.9705389738082886,1
742,HprojSA,0.9646313190460204,1
743,HprojSA,0.9679934978485109,1
744,HprojSA,0.9776119589805604,1
745,HprojSA,0.9699346423149108,1
746,HprojSA,0.9772502183914183,1
747,HprojSA,0.9850398898124696,1
748,HprojSA,0.9753899574279784,1
749,HprojSA,0.9749333262443542,1
750,HprojSA,0.9520459175109864,1
751,HprojSA,0.952398955821991,1
752,HprojSA,0.9442521929740906,1
753,HprojSA,0.9210770726203918,1
754,HprojSA,0.9367570281028748,1
755,HprojSA,0.9289208650588988,1
756,HprojSA,0.9574671983718872,1
757,HprojSA,0.9119718074798584,1
758,HprojSA,0.9418803453445436,1
759,HprojSA,0.924753487110138,1
760,HprojSA,0.9230769276618958,1
761,HprojSA,0.825932502746582,1
762,HprojSA,0.0983606576919555,1
763,HprojSA,2.7777777855675367e-09,1
764,HprojSA,2.2727273396583314e-09,1
765,HprojSA,9.174311865756123e-10,1
766,HprojSA,3.676470516911223e-10,1
767,HprojSA,3.0864197309021785e-10,1
768,HprojSA,0.2181083112955093,2
769,HprojSA,0.7588056325912476,2
770,HprojSA,0.5852896571159363,2
771,HprojSA,0.4101707935333252,3
772,HprojSA,0.3933530151844024,3
773,HprojSA,0.4050023853778839,3
774,HprojSA,0.4348824024200439,3
775,HprojSA,0.3999201357364654,3
776,HprojSA,0.3834570944309234,3
777,HprojSA,0.3644298613071441,3
778,HprojSA,0.3551799952983856,3
779,HprojSA,0.389098048210144,3
780,HprojSA,0.4209983348846435,3
781,HprojSA,0.3707530498504638,3
782,HprojSA,0.5670645236968994,4
783,HprojSA,0.5739217400550842,5
784,HprojSA,0.5581521391868591,6
785,HprojSA,0.5275874733924866,6
786,HprojSA,0.5411296486854553,6
787,HprojSA,0.5176231265068054,6
788,HprojSA,0.597265899181366,6
789,HprojSA,0.6764505505561829,6
790,HprojSA,0.6941702365875244,6
791,HprojSA,0.6837161183357239,6
792,HprojSA,0.6973966956138611,6
793,HprojSA,0.636458158493042,6
794,HprojSA,0.6433234214782715,6
795,HprojSA,0.6923685073852539,6
796,HprojSA,0.6864867806434631,6
797,HprojSA,0.6754626631736755,6
798,HprojSA,0.6639665365219116,6
799,HprojSA,0.7801883220672607,6
800,HprojSA,0.8022411465644836,6
801,HprojSA,0.7665236592292786,6
802,HprojSA,0.7718002200126648,6
803,HprojSA,0.7216038703918457,6
804,HprojSA,0.6137643456459045,7
805,HprojSA,0.6881658434867859,7
806,HprojSA,0.664451539516449,7
807,HprojSA,0.7348556518554688,7
808,HprojSA,0.6885957717895508,7
809,HprojSA,0.718988835811615,7
810,HprojSA,0.7476902008056641,7
811,HprojSA,0.7660703659057617,8
812,HprojSA,0.7872774004936218,8
813,HprojSA,0.7853069305419922,8
814,HprojSA,0.7986869812011719,8
815,HprojSA,0.8068082332611084,9
816,HprojSA,0.792608916759491,9
817,HprojSA,0.7807244062423706,10
818,HprojSA,0.7222474813461304,10
819,HprojSA,0.6911486387252808,10
820,HprojSA,0.7014731168746948,10
821,HprojSA,0.6608933210372925,10
822,HprojSA,0.735690176486969,9
823,HprojSA,0.8142440319061279,8
824,HprojSA,0.8015952706336975,7
825,HprojSA,0.7874110341072083,7
826,HprojSA,0.8664321899414062,6
827,HprojSA,0.8635115623474121,5
828,HprojSA,0.907211184501648,5
829,HprojSA,0.9492385387420654,4
830,HprojSA,0.9673433303833008,3
831,HprojSA,0.9621599316596984,3
832,HprojSA,0.9647101759910583,3
833,HprojSA,0.9680563807487488,3
834,HprojSA,0.9576265811920166,3
835,HprojSA,0.963467299938202,3
836,HprojSA,0.9415168762207032,3
837,HprojSA,0.8402245044708252,4
838,HprojSA,0.84950190782547,4
839,HprojSA,0.9059988260269164,4
840,HprojSA,0.9276453852653505,4
841,HprojSA,0.9332377910614014,4
842,HprojSA,0.9144211411476136,4
843,HprojSA,0.9297483563423156,4
844,HprojSA,0.9018853306770324,4
845,HprojSA,0.94183087348938,4
846,HprojSA,0.9132736325263976,3
847,HprojSA,0.8391754031181335,3
848,HprojSA,0.9262636303901672,2
849,HprojSA,0.9207766056060792,2
850,HprojSA,0.9354900121688844,2
851,HprojSA,0.9139521718025208,2
852,HprojSA,0.9203482866287231,2
853,HprojSA,0.9335287809371948,2
854,HprojSA,0.9019560813903807,2
855,HprojSA,0.947018027305603,2
856,HprojSA,0.9320073127746582,2
857,HprojSA,0.953923225402832,2
858,HprojSA,0.9542018175125122,2
859,HprojSA,0.9433741569519044,2
860,HprojSA,0.9569591283798218,2
861,HprojSA,0.9539881348609924,2
862,HprojSA,0.9317513704299928,2
863,HprojSA,0.968705415725708,2
864,HprojSA,0.8766603469848633,2
865,HprojSA,0.8709113001823425,2
866,HprojSA,0.8765166997909546,2
867,HprojSA,0.8159999847412109,1
868,HprojSA,0.904347836971283,1
869,HprojSA,0.8125,1
870,HprojSA,0.8695651888847351,1
871,HprojSA,0.8631578683853149,1
872,HprojSA,0.729411780834198,1
873,HprojSA,0.7333333492279053,1
874,HprojSA,0.5333333611488342,1
875,HprojSA,0.6197183132171631,1
876,HprojSA,0.699999988079071,1
877,HprojSA,0.9504685401916504,1
878,HprojSA,0.9779140949249268,1
879,HprojSA,0.9877358675003052,1
880,HprojSA,0.9905821681022644,1
881,HprojSA,0.988304078578949,1
882,HprojSA,0.9876203536987304,1
883,HprojSA,0.9717513918876648,1
884,HprojSA,0.8484848737716675,1
885,HprojSA,0.8510638475418091,1
886,HprojSA,0.9789473414421082,1
887,HprojSA,0.9823529124259948,1
888,HprojSA,0.9768553376197816,2
889,HprojSA,0.8066959381103516,3
890,HprojSA,0.9388842582702636,3
891,HprojSA,0.9242774844169616,3
892,HprojSA,0.9650622010231018,3
893,HprojSA,0.9523510336875916,3
894,HprojSA,0.8920368552207947,3
895,HprojSA,0.760707676410675,5
896,HprojSA,0.8729608654975891,5
897,HprojSA,0.9120358228683472,5
898,HprojSA,0.914395809173584,5
899,HprojSA,0.8123607635498047,6
900,HprojSA,0.8725205659866333,7
901,HprojSA,0.8916630744934082,8
902,HprojSA,0.7100499272346497,10
903,HprojSA,0.79570472240448,10
904,HprojSA,0.8240827322006226,10
905,HprojSA,0.8078628778457642,10
906,HprojSA,0.7883204221725464,7
907,HprojSA,0.7571035027503967,6
908,HprojSA,0.5415974855422974,5
909,HprojSA,0.7666959762573242,3
910,HprojSA,0.8961338996887207,3
911,HprojSA,0.9170873761177064,4
912,HprojSA,0.9630801677703856,4
913,HprojSA,0.9590636491775512,4
914,HprojSA,0.9575984477996826,4
915,HprojSA,0.9588531851768494,4
916,HprojSA,0.7919648885726929,4
917,HprojSA,0.9318819046020508,2
918,HprojSA,0.9777777791023254,2
919,HprojSA,0.945791482925415,2
920,HprojSA,0.9601756930351256,2
921,HprojSA,0.8939728736877441,2
922,HprojSA,0.78125,1
923,HprojSA,0.7457627058029175,1
924,HprojSA,0.5769230723381042,1
925,HprojSA,0.3265306055545807,1
926,HprojSA,0.4897959232330322,1
927,HprojSA,0.8238806128501892,1
928,HprojSA,0.7426900863647461,1
929,HprojSA,0.5167173147201538,1
930,HprojSA,0.2319749146699905,1
931,HprojSA,0.6972010135650635,1
932,HprojSA,0.7828571200370789,1
933,HprojSA,0.6710526347160339,1
934,HprojSA,0.8571428656578064,1
935,HprojSA,0.4491837322711944,2
936,HprojSA,0.8483806252479553,3
937,HprojSA,0.9600934386253356,3
938,HprojSA,0.967117726802826,3
939,HprojSA,0.8996255397796631,3
940,HprojSA,0.9162644743919371,4
941,HprojSA,0.8766178488731384,4
942,HprojSA,0.8891582489013672,4
943,HprojSA,0.9406725168228148,4
944,HprojSA,0.9365243911743164,4
945,HprojSA,0.9116121530532836,5
946,HprojSA,0.8968861103057861,6
947,HprojSA,0.9204071164131165,7
948,HprojSA,0.9058480858802797,9
949,HprojSA,0.901396870613098,9
950,HprojSA,0.9386876225471495,9
951,HprojSA,0.9313625693321228,9
952,HprojSA,0.9025393724441528,10
953,HprojSA,0.8893860578536987,10
954,HprojSA,0.8371919989585876,8
955,HprojSA,0.8787169456481934,7
956,HprojSA,0.8712077140808105,4
957,HprojSA,0.9699726104736328,3
958,HprojSA,0.960486888885498,3
959,HprojSA,0.9531211853027344,3
960,HprojSA,0.9529316425323486,3
961,HprojSA,0.9016692638397216,4
962,HprojSA,0.90650475025177,4
963,HprojSA,0.9400465488433838,3
964,HprojSA,0.9687808156013488,2
965,HprojSA,0.9285768270492554,2
966,HprojSA,0.931904911994934,2
967,HprojSA,0.8070175647735596,1
968,HprojSA,0.7111111283302307,1
969,HprojSA,0.7599999904632568,1
970,HprojSA,0.9090909361839294,1
971,HprojSA,0.8181818127632141,1
972,HprojSA,0.8571428656578064,1
973,HprojSA,0.8928571343421936,1
974,HprojSA,0.8571428656578064,1
975,HprojSA,0.8333333134651184,1
976,HprojSA,0.7843137383460999,1
977,HprojSA,0.7058823704719543,1
978,HprojSA,0.625,1
979,HprojSA,0.8372092843055725,1
980,HprojSA,0.8888888955116272,1
981,HprojSA,0.800000011920929,1
982,HprojSA,0.5079365372657776,1
983,HprojSA,0.5352112650871277,1
984,HprojSA,0.5762711763381958,1
985,HprojSA,0.5517241358757019,1
986,HprojSA,0.5090909004211426,1
987,HprojSA,0.6382978558540344,1
988,HprojSA,0.4186046421527862,1
989,HprojSA,0.5641025900840759,1
990,HprojSA,0.3448275923728943,1
991,HprojSA,0.1333333402872085,1
992,HprojSA,2.9411764135289782e-09,1
993,HprojSA,0.1621621549129486,1
994,HprojSA,0.304347813129425,1
995,HprojSA,0.4150943458080292,1
996,HprojSA,0.6037735939025879,1
997,HprojSA,0.3125,1
998,HprojSA,0.7555555701255798,1
999,HprojSA,0.8888888955116272,1
1000,HprojSA,0.901960790157318,1
1001,HprojSA,0.800000011920929,1
1002,HprojSA,0.703832745552063,1
1003,HprojSA,0.980728030204773,1
1004,HprojSA,0.933078408241272,1
1005,HprojSA,0.3390313386917114,1
1006,HprojSA,4.1666665673290035e-09,1
1007,HprojSA,0.7200000286102295,1
1008,HprojSA,0.4417178034782409,2
1009,HprojSA,0.4618209302425384,3
1010,HprojSA,0.5795794129371643,3
1011,HprojSA,0.6171384453773499,3
1012,HprojSA,0.7126527428627014,3
1013,HprojSA,0.7731779217720032,3
1014,HprojSA,0.8217784762382507,3
1015,HprojSA,0.8648656010627747,3
1016,HprojSA,0.7804076671600342,4
1017,HprojSA,0.8881930708885193,4
1018,HprojSA,0.7991203665733337,4
1019,HprojSA,0.8390312194824219,5
1020,HprojSA,0.7993298172950745,5
1021,HprojSA,0.819591224193573,5
1022,HprojSA,0.8460723757743835,6
1023,HprojSA,0.7145862579345703,7
1024,HprojSA,0.7235135436058044,7
1025,HprojSA,0.7120956182479858,8
1026,HprojSA,0.759055495262146,8
1027,HprojSA,0.8163145780563354,9
1028,HprojSA,0.7947059869766235,8
1029,HprojSA,0.6864694952964783,7
1030,HprojSA,0.5527001023292542,7
1031,HprojSA,0.5379900336265564,7
1032,HprojSA,0.4736369550228119,7
1033,HprojSA,0.4569475054740906,5
1034,HprojSA,0.4569912254810333,3
1035,HprojSA,0.7317960262298584,3
1036,HprojSA,0.8606533408164978,3
1037,HprojSA,0.8806506991386414,3
1038,HprojSA,0.8856426477432251,4
1039,HprojSA,0.8321523070335388,4
1040,HprojSA,0.8573322892189026,4
1041,HprojSA,0.9717126488685608,3
1042,HprojSA,0.9455089569091796,3
1043,HprojSA,0.9549344182014464,3
1044,HprojSA,0.9409281611442566,3
1045,HprojSA,0.9426321387290956,3
1046,HprojSA,0.9100033044815063,2
1047,HprojSA,0.9187766313552856,2
1048,HprojSA,0.9306846857070924,2
1049,HprojSA,0.8209898471832275,2
1050,HprojSA,0.774193525314331,1
1051,HprojSA,0.7586206793785095,1
1052,HprojSA,0.75,1
1053,HprojSA,0.6909090876579285,1
1054,HprojSA,0.5333333611488342,1
1055,HprojSA,0.6938775777816772,1
1056,HprojSA,0.5882353186607361,1
1057,HprojSA,0.8156424760818481,1
1058,HprojSA,0.9728506803512572,1
1059,HprojSA,0.9741379022598268,1
1060,HprojSA,0.9867987036705016,1
1061,HprojSA,0.990467131137848,1
1062,HprojSA,0.9864569902420044,1
1063,HprojSA,0.9919183254241944,1
1064,HprojSA,0.9894644618034364,1
1065,HprojSA,0.9887323975563048,1
1066,HprojSA,0.9824933409690856,1
1067,HprojSA,0.9827255010604858,1
1068,HprojSA,0.9680759310722352,1
1069,HprojSA,0.9256756901741028,1
1070,HprojSA,0.8936170339584351,1
1071,HprojSA,0.9487179517745972,1
1072,HprojSA,0.911879301071167,2
1073,HprojSA,0.8101426959037781,3
1074,HprojSA,0.6958643794059753,4
1075,HprojSA,0.8261213302612305,4
1076,HprojSA,0.8927819132804871,4
1077,HprojSA,0.9523109197616576,5
1078,HprojSA,0.9452012777328492,5
1079,HprojSA,0.9398187398910522,5
1080,HprojSA,0.9419019818305968,6
1081,HprojSA,0.9317755103111268,6
1082,HprojSA,0.8781724572181702,6
1083,HprojSA,0.9390636086463928,6
1084,HprojSA,0.912493884563446,6
1085,HprojSA,0.9626668095588684,6
1086,HprojSA,0.8928712010383606,6
1087,HprojSA,0.7557055354118347,9
1088,HprojSA,0.8572641611099243,9
1089,HprojSA,0.8297014236450195,10
1090,HprojSA,0.8728853464126587,9
1091,HprojSA,0.8771747350692749,8
1092,HprojSA,0.8570587635040283,8
1093,HprojSA,0.7746659517288208,8
1094,HprojSA,0.9295027256011964,4
1095,HprojSA,0.9711617827415466,3
1096,HprojSA,0.9782505631446838,3
1097,HprojSA,0.9796309471130372,3
1098,HprojSA,0.9808762073516846,3
1099,HprojSA,0.9702696800231934,3
1100,HprojSA,0.8436285853385925,4
1101,HprojSA,0.9524044394493104,4
1102,HprojSA,0.9187209010124208,4
1103,HprojSA,0.9288085103034972,4
1104,HprojSA,0.9598686695098876,2
1105,HprojSA,0.9451589584350586,2
1106,HprojSA,0.8979213237762451,2
1107,HprojSA,0.5517241358757019,1
1108,HprojSA,0.8872548937797546,1
1109,HprojSA,0.8982869386672974,1
1110,HprojSA,0.9640190005302428,1
1111,HprojSA,0.9429150819778442,1
1112,HprojSA,0.9060381054878236,1
1113,HprojSA,0.7351712584495544,1
1114,HprojSA,0.8031495809555054,1
1115,HprojSA,0.9287469387054444,1
1116,HprojSA,0.970588207244873,1
1117,HprojSA,0.96884423494339,1
1118,HprojSA,0.9702194333076476,1
1119,HprojSA,0.9648510217666626,2
1120,HprojSA,0.9674129486083984,2
1121,HprojSA,0.8788571953773499,4
1122,HprojSA,0.9062290191650392,5
1123,HprojSA,0.8215838074684143,6
1124,HprojSA,0.8933563232421875,6
1125,HprojSA,0.882859468460083,6
1126,HprojSA,0.866398274898529,7
1127,HprojSA,0.8862491250038147,7
1128,HprojSA,0.9178500771522522,8
1129,HprojSA,0.8843847513198853,8
1130,HprojSA,0.8944330215454102,8
1131,HprojSA,0.8688660860061646,8
1132,HprojSA,0.8659580945968628,8
1133,HprojSA,0.8499314785003662,8
1134,HprojSA,0.8904443979263306,8
1135,HprojSA,0.8895967602729797,8
1136,HprojSA,0.8947621583938599,7
1137,HprojSA,0.8824344277381897,7
1138,HprojSA,0.7266369462013245,8
1139,HprojSA,0.8591816425323486,6
1140,HprojSA,0.934395968914032,5
1141,HprojSA,0.9645035862922668,3
1142,HprojSA,0.9705119132995604,3
1143,HprojSA,0.9692091941833496,3
1144,HprojSA,0.961869180202484,3
1145,HprojSA,0.9618293642997742,3
1146,HprojSA,0.9566032886505128,3
1147,HprojSA,0.5991231203079224,4
1148,HprojSA,0.847277820110321,3
1149,HprojSA,0.9004789590835571,2
1150,HprojSA,0.9061046838760376,2
1151,HprojSA,0.883690357208252,2
1152,HprojSA,0.9436619877815248,1
1153,HprojSA,0.875,1
1154,HprojSA,0.7878788113594055,1
1155,HprojSA,0.8780487775802612,1
1156,HprojSA,0.9068825840950012,1
1157,HprojSA,0.95302015542984,1
1158,HprojSA,0.8968499302864075,1
1159,HprojSA,0.8619247078895569,1
1160,HprojSA,0.8387096524238586,1
1161,HprojSA,0.2666666805744171,1
1162,HprojSA,0.5219399333000183,1
1163,HprojSA,0.6184210777282715,1
1164,HprojSA,0.714942991733551,2
1165,HprojSA,0.6539267301559448,5
1166,HprojSA,0.7762460708618164,6
1167,HprojSA,0.8550610542297363,6
1168,HprojSA,0.8414559364318848,6
1169,HprojSA,0.8783761858940125,6
1170,HprojSA,0.8601160049438477,6
1171,HprojSA,0.7596784234046936,7
1172,HprojSA,0.7286248803138733,7
1173,HprojSA,0.8082499504089355,7
1174,HprojSA,0.7960521578788757,7
1175,HprojSA,0.7905091643333435,7
1176,HprojSA,0.7540594935417175,7
1177,HprojSA,0.6166651248931885,8
1178,HprojSA,0.6646902561187744,6
1179,HprojSA,0.8569195866584778,6
1180,HprojSA,0.7423461675643921,8
1181,HprojSA,0.8251469731330872,8
1182,HprojSA,0.7871094346046448,8
1183,HprojSA,0.7815942764282227,7
1184,HprojSA,0.8185343146324158,6
1185,HprojSA,0.9461312890052797,4
1186,HprojSA,0.908625602722168,4
1187,HprojSA,0.9032138586044312,4
1188,HprojSA,0.8770719766616821,4
1189,HprojSA,0.888916015625,2
1190,HprojSA,0.8789987564086914,2
1191,HprojSA,0.8571428656578064,1
1192,HprojSA,0.8712871074676514,1
1193,HprojSA,0.8484848737716675,1
1194,HprojSA,0.7708333134651184,1
1195,HprojSA,0.8444444537162781,1
1196,HprojSA,0.8478260636329651,1
1197,HprojSA,0.5684754252433777,1
1198,HprojSA,0.8661417365074158,1
1199,HprojSA,0.9358288645744324,1
1200,HprojSA,0.8500000238418579,1
1201,HprojSA,0.6518282890319824,1
1202,HprojSA,0.5227963328361511,1
1203,HprojSA,0.7298387289047241,2
1204,HprojSA,0.715528130531311,4
1205,HprojSA,0.80144864320755,4
1206,HprojSA,0.8410527110099792,4
1207,HprojSA,0.6899566054344177,6
1208,HprojSA,0.5584226846694946,7
1209,HprojSA,0.573449432849884,7
1210,HprojSA,0.5532456636428833,7
1211,HprojSA,0.5747525095939636,7
1212,HprojSA,0.6337264776229858,7
1213,HprojSA,0.6180432438850403,7
1214,HprojSA,0.7140799760818481,7
1215,HprojSA,0.741144061088562,7
1216,HprojSA,0.8125823140144348,7
1217,HprojSA,0.7019572854042053,7
1218,HprojSA,0.7260106801986694,8
1219,HprojSA,0.8308461308479309,7
1220,HprojSA,0.8235979676246643,7
1221,HprojSA,0.8051342368125916,7
1222,HprojSA,0.7584349513053894,7
1223,HprojSA,0.7396107912063599,7
1224,HprojSA,0.8384002447128296,5
1225,HprojSA,0.7834005355834961,5
1226,HprojSA,0.8227674961090088,4
1227,HprojSA,0.9508492350578308,3
1228,HprojSA,0.9290147423744202,3
1229,HprojSA,0.9021763801574708,4
1230,HprojSA,0.8593659996986389,4
1231,HprojSA,0.8062722086906433,2
1232,HprojSA,0.7461477518081665,2
1233,HprojSA,0.8620690107345581,2
1234,HprojSA,0.7222222089767456,1
1235,HprojSA,6.45161313261866e-10,1
1236,HprojSA,2.0661157507095848e-10,1
1237,HprojSA,2.096436080289976e-10,1
1238,HprojSA,0.7168874144554138,1
1239,HprojSA,0.7880133390426636,1
1240,HprojSA,0.8467742204666138,1
1241,HprojSA,0.8873038291931152,1
1242,HprojSA,0.856521725654602,1
1243,HprojSA,0.8649921417236328,1
1244,HprojSA,0.9532753229141236,1
1245,HprojSA,0.9410461187362672,1
1246,HprojSA,0.9389650821685792,1
1247,HprojSA,0.9601584672927856,1
1248,HprojSA,0.9609636664390564,1
1249,HprojSA,0.9526501893997192,1
1250,HprojSA,0.9343299269676208,1
1251,HprojSA,0.9254835247993468,1
1252,HprojSA,0.8786885142326355,1
1253,HprojSA,0.8185880184173584,1
1254,HprojSA,0.8397291302680969,1
1255,HprojSA,0.5530726313591003,1
1256,HprojSA,0.8190476298332214,1
1257,HprojSA,0.8805031180381775,1
1258,HprojSA,0.948051929473877,1
1259,HprojSA,0.9620253443717957,1
1260,HprojSA,0.9790025949478148,1
1261,HprojSA,0.9684439897537231,1
1262,HprojSA,0.9792843461036682,1
1263,HprojSA,0.4838420152664184,2
1264,HprojSA,0.4874791204929352,2
1265,HprojSA,0.5714161396026611,2
1266,HprojSA,0.635918140411377,2
1267,HprojSA,0.6842830777168274,2
1268,HprojSA,0.8010512590408325,2
1269,HprojSA,0.8237407207489014,2
1270,HprojSA,0.8009546995162964,2
1271,HprojSA,0.8212589621543884,2
1272,HprojSA,0.8143537044525146,2
1273,HprojSA,0.8983300924301147,2
1274,HprojSA,0.6707767844200134,3
1275,HprojSA,0.8821681141853333,3
1276,HprojSA,0.9461122155189514,3
1277,HprojSA,0.9378190636634828,3
1278,HprojSA,0.9661657214164734,3
1279,HprojSA,0.9473031163215636,3
1280,HprojSA,0.7265328168869019,4
1281,HprojSA,0.742279052734375,4
1282,HprojSA,0.8238628506660461,4
1283,HprojSA,0.8802660703659058,4
1284,HprojSA,0.8930715322494507,4
1285,HprojSA,0.8801525831222534,4
1286,HprojSA,0.8673455715179443,4
1287,HprojSA,0.8829621076583862,4
1288,HprojSA,0.8880419731140137,4
1289,HprojSA,0.8329726457595825,4
1290,HprojSA,0.7415393590927124,5
1291,HprojSA,0.6528441309928894,5
1292,HprojSA,0.7186471223831177,5
1293,HprojSA,0.5879668593406677,6
1294,HprojSA,0.5855332016944885,6
1295,HprojSA,0.5900939106941223,6
1296,HprojSA,0.787358283996582,6
1297,HprojSA,0.824101448059082,6
1298,HprojSA,0.8295528292655945,6
1299,HprojSA,0.8110035061836243,6
1300,HprojSA,0.8692571520805359,6
1301,HprojSA,0.7508120536804199,7
1302,HprojSA,0.7837489247322083,8
1303,HprojSA,0.7986710071563721,8
1304,HprojSA,0.754416286945343,9
1305,HprojSA,0.673041582107544,9
1306,HprojSA,0.5975581407546997,10
1307,HprojSA,0.5198274850845337,9
1308,HprojSA,0.5346086621284485,9
1309,HprojSA,0.5637922286987305,9
1310,HprojSA,0.6289141774177551,9
1311,HprojSA,0.6894219517707825,9
1312,HprojSA,0.7623169422149658,8
1313,HprojSA,0.765410840511322,8
1314,HprojSA,0.6940634846687317,8
1315,HprojSA,0.7434039115905762,8
1316,HprojSA,0.7429310083389282,8
1317,HprojSA,0.5745264887809753,7
1318,HprojSA,0.5425882935523987,7
1319,HprojSA,0.6389052271842957,7
1320,HprojSA,0.6503135561943054,7
1321,HprojSA,0.6229323744773865,6
1322,HprojSA,0.5342776775360107,6
1323,HprojSA,0.5131093263626099,5
1324,HprojSA,0.4189627766609192,5
1325,HprojSA,0.5284817814826965,4
1326,HprojSA,0.4741565883159637,4
1327,HprojSA,0.4697100520133972,4
1328,HprojSA,0.5317469835281372,4
1329,HprojSA,0.5021159648895264,4
1330,HprojSA,0.5622394680976868,4
1331,HprojSA,0.6002073884010315,3
1332,HprojSA,0.5985031723976135,3
1333,HprojSA,0.614320695400238,3
1334,HprojSA,0.6343621611595154,3
1335,HprojSA,0.598974883556366,3
1336,HprojSA,0.6340758204460144,3
1337,HprojSA,0.5849807858467102,3
1338,HprojSA,0.7757899165153503,3
1339,HprojSA,0.752636730670929,3
1340,HprojSA,0.7108182311058044,3
1341,HprojSA,0.8344884514808655,3
1342,HprojSA,0.7275992035865784,3
1343,HprojSA,0.7808599472045898,3
1344,HprojSA,0.7445942759513855,3
1345,HprojSA,0.743880569934845,3
1346,HprojSA,0.6948528289794922,3
1347,HprojSA,0.5934175848960876,3
1348,HprojSA,0.6416752934455872,3
1349,HprojSA,0.6828356385231018,3
1350,HprojSA,0.8152714371681213,3
1351,HprojSA,0.7911180853843689,3
1352,HprojSA,0.5756741762161255,3
1353,HprojSA,0.6298100352287292,3
1354,HprojSA,0.6958872675895691,3
1355,HprojSA,0.6052040457725525,3
1356,HprojSA,0.4477875232696533,3
1357,HprojSA,0.6606460809707642,2
1358,HprojSA,0.6696007251739502,2
1359,HprojSA,0.7433724403381348,2
1360,HprojSA,0.7456486225128174,2
1361,HprojSA,0.7744150757789612,2
1362,HprojSA,0.7460894584655762,2
1363,HprojSA,0.6731438636779785,2
1364,HprojSA,0.6524631381034851,2
1365,HprojSA,0.5357251167297363,2
1366,HprojSA,0.6144717335700989,2
1367,HprojSA,0.8006707429885864,2
1368,HprojSA,0.5839999914169312,2
1369,HprojSA,0.3909677565097809,2
1370,HprojSA,0.1891891956329345,2
1371,HprojSA,0.1506849378347396,2
1372,HprojSA,0.5925925970077515,1
1373,HprojSA,0.5853658318519592,1
1374,HprojSA,0.4935064911842346,1
1375,HprojSA,0.8394365906715393,1
1376,HprojSA,0.949352204799652,1
1377,HprojSA,0.9296407103538512,1
1378,HprojSA,0.865129292011261,1
1379,HprojSA,0.6558823585510254,1
1380,HprojSA,0.3505154550075531,1
1381,HprojSA,7.633587650879291e-10,1
1382,HprojSA,6.802721164156367e-10,1
1383,HprojSA,7.246376831915312e-10,1
1384,HprojSA,1.587301623473536e-09,1
1385,HprojSA,0.9466192126274108,1
1386,HprojSA,0.9770992398262024,1
1387,HprojSA,0.8212700486183167,3
1388,HprojSA,0.9007893800735474,4
1389,HprojSA,0.9258564710617064,4
1390,HprojSA,0.9082657694816588,5
1391,HprojSA,0.898884117603302,5
1392,HprojSA,0.8816447854042053,6
1393,HprojSA,0.8801587224006653,6
1394,HprojSA,0.8601382374763489,6
1395,HprojSA,0.8067741394042969,7
1396,HprojSA,0.8902800679206848,7
1397,HprojSA,0.8482743501663208,7
1398,HprojSA,0.809646725654602,7
1399,HprojSA,0.6919421553611755,7
1400,HprojSA,0.7798658013343811,7
1401,HprojSA,0.7700783610343933,7
1402,HprojSA,0.7909802198410034,7
1403,HprojSA,0.7274635434150696,8
1404,HprojSA,0.832294762134552,8
1405,HprojSA,0.7670575976371765,8
1406,HprojSA,0.8107202649116516,7
1407,HprojSA,0.7150413990020752,8
1408,HprojSA,0.8165574669837952,7
1409,HprojSA,0.7122719287872314,6
1410,HprojSA,0.6719013452529907,5
1411,HprojSA,0.715531051158905,5
1412,HprojSA,0.8503882884979248,3
1413,HprojSA,0.8574325442314148,3
1414,HprojSA,0.8887580037117004,3
1415,HprojSA,0.9250895380973816,3
1416,HprojSA,0.8269044160842896,4
1417,HprojSA,0.7521998286247253,4
1418,HprojSA,0.9275112152099608,4
1419,HprojSA,0.9136854410171508,4
1420,HprojSA,0.91957026720047,3
1421,HprojSA,0.8210936188697815,2
1422,HprojSA,0.755530595779419,2
1423,HprojSA,0.7963409423828125,2
1424,HprojSA,0.3921568691730499,1
1425,HprojSA,0.4057970941066742,1
1426,HprojSA,0.4412811398506164,1
1427,HprojSA,0.6996047496795654,1
1428,HprojSA,0.699999988079071,1
1429,HprojSA,0.8103837370872498,1
1430,HprojSA,0.7111947536468506,1
1431,HprojSA,0.8311688303947449,1
1432,HprojSA,0.8912580013275146,1
1433,HprojSA,0.913241982460022,1
1434,HprojSA,0.7399650812149048,1
1435,HprojSA,0.5997248888015747,1
1436,HprojSA,0.6296064853668213,1
1437,HprojSA,0.5983213186264038,1
1438,HprojSA,0.4238975942134857,1
1439,HprojSA,0.1019108295440673,1
1440,HprojSA,0.8089887499809265,1
1441,HprojSA,0.9806950092315674,1
1442,HprojSA,0.930232584476471,1
1443,HprojSA,0.9453564882278442,2
1444,HprojSA,0.946272611618042,2
1445,HprojSA,0.9502459168434144,2
1446,HprojSA,0.9756049513816832,2
1447,HprojSA,0.9676357507705688,2
1448,HprojSA,0.9844432473182678,2
1449,HprojSA,0.9628711938858032,2
1450,HprojSA,0.9765203595161438,2
1451,HprojSA,0.9730522632598876,2
1452,HprojSA,0.9644927382469176,2
1453,HprojSA,0.9854263663291932,2
1454,HprojSA,0.9570375680923462,2
1455,HprojSA,0.7377309799194336,3
1456,HprojSA,0.8222267627716064,3
1457,HprojSA,0.7431964874267578,3
1458,HprojSA,0.8566896319389343,3
1459,HprojSA,0.6615809798240662,3
1460,HprojSA,0.9307406544685364,3
1461,HprojSA,0.949404001235962,3
1462,HprojSA,0.912137806415558,3
1463,HprojSA,0.7070542573928833,4
1464,HprojSA,0.6267647743225098,5
1465,HprojSA,0.8234370946884155,5
1466,HprojSA,0.8889365196228027,5
1467,HprojSA,0.8579965829849243,5
1468,HprojSA,0.9230871200561525,5
1469,HprojSA,0.7597653269767761,6
1470,HprojSA,0.7734008431434631,7
1471,HprojSA,0.7966148257255554,7
1472,HprojSA,0.7471584677696228,7
1473,HprojSA,0.7965030670166016,7
1474,HprojSA,0.8194409608840942,7
1475,HprojSA,0.8308893442153931,7
1476,HprojSA,0.8502698540687561,7
1477,HprojSA,0.8791010975837708,7
1478,HprojSA,0.8120402097702026,7
1479,HprojSA,0.7831194996833801,7
1480,HprojSA,0.7600483894348145,8
1481,HprojSA,0.8078064918518066,8
1482,HprojSA,0.8045165538787842,8
1483,HprojSA,0.7359343767166138,10
1484,HprojSA,0.6876513361930847,10
1485,HprojSA,0.7203337550163269,10
1486,HprojSA,0.8290778994560242,10
1487,HprojSA,0.8576031923294067,10
1488,HprojSA,0.8499025106430054,10
1489,HprojSA,0.8607938885688782,10
1490,HprojSA,0.6806500554084778,10
1491,HprojSA,0.83021479845047,9
1492,HprojSA,0.8465220332145691,9
1493,HprojSA,0.8270562291145325,9
1494,HprojSA,0.7016059160232544,9
1495,HprojSA,0.8542054891586304,7
1496,HprojSA,0.7982403039932251,7
1497,HprojSA,0.6308616995811462,7
1498,HprojSA,0.9467115998268129,4
1499,HprojSA,0.9398623108863832,4
1500,HprojSA,0.9582114219665528,3
1501,HprojSA,0.96844083070755,3
1502,HprojSA,0.9550328254699708,3
1503,HprojSA,0.9691912531852722,3
1504,HprojSA,0.9682083129882812,3
1505,HprojSA,0.965804159641266,3
1506,HprojSA,0.9734907150268556,3
1507,HprojSA,0.9607264995574952,3
1508,HprojSA,0.9624829888343812,3
1509,HprojSA,0.95876145362854,3
1510,HprojSA,0.9522554874420166,3
1511,HprojSA,0.9734656810760498,3
1512,HprojSA,0.9441540837287904,3
1513,HprojSA,0.957402229309082,3
1514,HprojSA,0.9559409022331238,3
1515,HprojSA,0.8931413888931274,4
1516,HprojSA,0.893645703792572,4
1517,HprojSA,0.8906208276748657,4
1518,HprojSA,0.9301918745040894,4
1519,HprojSA,0.9173077940940856,4
1520,HprojSA,0.9040408134460448,4
1521,HprojSA,0.9097806215286256,4
1522,HprojSA,0.8815545439720154,4
1523,HprojSA,0.7191362977027893,3
1524,HprojSA,0.8719053864479065,3
1525,HprojSA,0.7762212157249451,3
1526,HprojSA,0.6824565529823303,3
1527,HprojSA,0.6437178254127502,3
1528,HprojSA,0.8470826148986816,2
1529,HprojSA,0.8700655698776245,2
1530,HprojSA,0.9078779220581056,2
1531,HprojSA,0.9049408435821532,2
1532,HprojSA,0.9094835519790648,2
1533,HprojSA,0.9123880863189696,2
1534,HprojSA,0.8576034307479858,2
1535,HprojSA,0.5504673719406128,2
1536,HprojSA,0.6666666865348816,1
1537,HprojSA,0.6666666865348816,1
1538,HprojSA,0.6666666865348816,1
1539,HprojSA,0.4615384638309479,1
1540,HprojSA,2.7027027282855443e-09,1
1541,HprojSA,0.3555555641651153,1
1542,HprojSA,0.6756756901741028,1
1543,HprojSA,0.7887324094772339,1
1544,HprojSA,0.6744186282157898,1
1545,HprojSA,0.7848101258277893,1
1546,HprojSA,0.6666666865348816,1
1547,HprojSA,0.6436781883239746,1
1548,HprojSA,0.7068965435028076,1
1549,HprojSA,0.7777777910232544,1
1550,HprojSA,0.7920792102813721,1
1551,HprojSA,0.7356321811676025,1
1552,HprojSA,0.6352941393852234,1
1553,HprojSA,0.8351648449897766,1
1554,HprojSA,0.7422680258750916,1
1555,HprojSA,0.746666669845581,1
1556,HprojSA,0.739130437374115,1
1557,HprojSA,0.5573770403862,1
1558,HprojSA,0.5,1
1559,HprojSA,0.5070422291755676,1
1560,HprojSA,0.8266666531562805,1
1561,HprojSA,0.9384800791740416,1
1562,HprojSA,0.9666966795921326,1
1563,HprojSA,0.9616161584854126,1
1564,HprojSA,0.968299686908722,1
1565,HprojSA,0.9539575576782228,1
1566,HprojSA,0.9450346231460572,1
1567,HprojSA,0.928735613822937,1
1568,HprojSA,0.9026644825935364,1
1569,HprojSA,0.9297544360160828,1
1570,HprojSA,0.8089573383331299,1
1571,HprojSA,0.7835391163825989,1
1572,HprojSA,0.8529680371284485,1
1573,HprojSA,0.942740261554718,1
1574,HprojSA,0.9507803320884703,1
1575,HprojSA,0.9342857003211976,1
1576,HprojSA,4.878049075784928e-10,1
1577,HprojSA,1.0309278986042614e-09,1
1578,HprojSA,0.1099999994039535,1
1579,HprojSA,0.7529411911964417,1
1580,HprojSA,0.9268292784690856,1
1581,HprojSA,0.974117636680603,1
1582,HprojSA,0.931034505367279,1
1583,HprojSA,0.5303129553794861,2
1584,HprojSA,0.4875621795654297,2
1585,HprojSA,0.9360737204551696,2
1586,HprojSA,0.9855014085769652,2
1587,HprojSA,0.9495611786842346,2
1588,HprojSA,0.9851298332214355,2
1589,HprojSA,0.9561777114868164,2
1590,HprojSA,0.9625204801559448,2
1591,HprojSA,0.9824531078338624,2
1592,HprojSA,0.9612172842025756,2
1593,HprojSA,0.9796276688575744,2
1594,HprojSA,0.8138885498046875,3
1595,HprojSA,0.8933306336402893,3
1596,HprojSA,0.9092040657997132,3
1597,HprojSA,0.9012935757637024,3
1598,HprojSA,0.8618461489677429,3
1599,HprojSA,0.9011287689208984,3
1600,HprojSA,0.9189300537109376,3
1601,HprojSA,0.9236335754394532,3
1602,HprojSA,0.8903565406799316,3
1603,HprojSA,0.9087536931037904,3
1604,HprojSA,0.8170604705810547,4
1605,HprojSA,0.8280316591262817,5
1606,HprojSA,0.9009221196174622,5
1607,HprojSA,0.8879095911979675,5
1608,HprojSA,0.883996844291687,5
1609,HprojSA,0.7314791679382324,6
1610,HprojSA,0.65822434425354,6
1611,HprojSA,0.7598848342895508,6
1612,HprojSA,0.7909461855888367,6
1613,HprojSA,0.8496437072753906,7
1614,HprojSA,0.8889828324317932,8
1615,HprojSA,0.8765759468078613,8
1616,HprojSA,0.8464353680610657,8
1617,HprojSA,0.8393112421035767,8
1618,HprojSA,0.8804007768630981,8
1619,HprojSA,0.8056198358535767,8
1620,HprojSA,0.7534151077270508,9
1621,HprojSA,0.8514658212661743,8
1622,HprojSA,0.8281795978546143,8
1623,HprojSA,0.8672377467155457,8
1624,HprojSA,0.8356571197509766,8
1625,HprojSA,0.7944676876068115,8
1626,HprojSA,0.7474073171615601,8
1627,HprojSA,0.8277329802513123,7
1628,HprojSA,0.8547669649124146,7
1629,HprojSA,0.8498829007148743,6
1630,HprojSA,0.8373107314109802,6
1631,HprojSA,0.8765246272087097,6
1632,HprojSA,0.8160316348075867,6
1633,HprojSA,0.7980648279190063,5
1634,HprojSA,0.7499731779098511,5
1635,HprojSA,0.7228831648826599,4
1636,HprojSA,0.7289378643035889,4
1637,HprojSA,0.7195558547973633,4
1638,HprojSA,0.976080596446991,3
1639,HprojSA,0.9705373644828796,3
1640,HprojSA,0.9670262336730956,3
1641,HprojSA,0.9727361798286438,3
1642,HprojSA,0.937385082244873,3
1643,HprojSA,0.9685656428337096,3
1644,HprojSA,0.956678569316864,3
1645,HprojSA,0.953851878643036,3
1646,HprojSA,0.9651809334754944,3
1647,HprojSA,0.900607705116272,4
1648,HprojSA,0.9228650331497192,4
1649,HprojSA,0.9305484294891356,4
1650,HprojSA,0.9227025508880616,4
1651,HprojSA,0.885563313961029,4
1652,HprojSA,0.929226815700531,3
1653,HprojSA,0.930800199508667,3
1654,HprojSA,0.8961529731750488,3
1655,HprojSA,0.9020078778266908,3
1656,HprojSA,0.9368035197257996,3
1657,HprojSA,0.908261239528656,3
1658,HprojSA,0.9674234390258788,2
1659,HprojSA,0.9566997289657592,2
1660,HprojSA,0.9768270254135132,2
1661,HprojSA,0.9706808924674988,2
1662,HprojSA,0.9630497694015504,2
1663,HprojSA,0.9657456278800964,2
1664,HprojSA,0.9773322343826294,2
1665,HprojSA,0.9709372520446776,2
1666,HprojSA,0.9617693424224854,2
1667,HprojSA,0.9597662687301636,2
1668,HprojSA,0.9586789608001708,2
1669,HprojSA,0.931027054786682,2
1670,HprojSA,0.9380037188529968,2
1671,HprojSA,0.9414651989936828,2
1672,HprojSA,0.9388176202774048,2
1673,HprojSA,0.9658939838409424,2
1674,HprojSA,0.9431005716323853,2
1675,HprojSA,0.9423341155052184,2
1676,HprojSA,0.9739202260971068,2
1677,HprojSA,0.9273882508277892,2
1678,HprojSA,0.9527062773704528,2
1679,HprojSA,0.90360426902771,2
1680,HprojSA,0.9213780164718628,2
1681,HprojSA,0.94522887468338,2
1682,HprojSA,0.637109100818634,2
1683,HprojSA,0.8831169009208679,1
1684,HprojSA,0.8108108043670654,1
1685,HprojSA,0.9363957643508912,1
1686,HprojSA,0.9848024249076844,1
1687,HprojSA,0.9801653027534484,1
1688,HprojSA,0.9841772317886353,1
1689,HprojSA,0.9870354533195496,1
1690,HprojSA,0.963795244693756,1
1691,HprojSA,0.8214285969734192,1
1692,HprojSA,0.970588207244873,1
1693,HprojSA,0.9729729890823364,1
1694,HprojSA,0.9793814420700072,1
1695,HprojSA,0.9521551728248596,2
1696,HprojSA,0.976076602935791,2
1697,HprojSA,0.9554002285003662,3
1698,HprojSA,0.9686865210533142,3
1699,HprojSA,0.9681231379508972,3
1700,HprojSA,0.694053053855896,4
1701,HprojSA,0.8347960710525513,4
1702,HprojSA,0.914202094078064,4
1703,HprojSA,0.8198580741882324,5
1704,HprojSA,0.836995005607605,5
1705,HprojSA,0.7869640588760376,7
1706,HprojSA,0.8485161662101746,7
1707,HprojSA,0.9257298707962036,7
1708,HprojSA,0.918986201286316,7
1709,HprojSA,0.9255158305168152,7
1710,HprojSA,0.941000759601593,7
1711,HprojSA,0.9134951829910278,9
1712,HprojSA,0.914358377456665,9
1713,HprojSA,0.9346004724502563,8
1714,HprojSA,0.8704365491867065,9
1715,HprojSA,0.8985087275505066,6
1716,HprojSA,0.8459072709083557,6
1717,HprojSA,0.949203073978424,4
1718,HprojSA,0.7979359030723572,4
1719,HprojSA,0.9740241169929504,3
1720,HprojSA,0.9690538048744202,3
1721,HprojSA,0.753986656665802,3
1722,HprojSA,0.9020629525184632,3
1723,HprojSA,0.8787502646446228,3
1724,HprojSA,0.904846489429474,3
1725,HprojSA,0.8816054463386536,3
1726,HprojSA,0.9314437508583068,3
1727,HprojSA,0.9367088675498962,1
1728,HprojSA,0.9517426490783693,1
1729,HprojSA,0.8882681727409363,1
1730,HprojSA,0.7491409182548523,1
1731,HprojSA,0.480932205915451,1
1732,HprojSA,0.4421052634716034,1
1733,HprojSA,2.6041666045806267e-10,1
1734,HprojSA,0.4065440595149994,2
1735,HprojSA,0.6279095411300659,2
1736,HprojSA,0.6598248481750488,3
1737,HprojSA,0.8665751814842224,3
1738,HprojSA,0.872602641582489,3
1739,HprojSA,0.8666837215423584,3
1740,HprojSA,0.8027250170707703,4
1741,HprojSA,0.8365764617919922,4
1742,HprojSA,0.781055212020874,5
1743,HprojSA,0.6556188464164734,6
1744,HprojSA,0.6148428916931152,6
1745,HprojSA,0.7188159227371216,7
1746,HprojSA,0.8292027711868286,7
1747,HprojSA,0.8280535340309143,7
1748,HprojSA,0.8403302431106567,8
1749,HprojSA,0.8375647664070129,8
1750,HprojSA,0.8209178447723389,9
1751,HprojSA,0.7859913110733032,10
1752,HprojSA,0.7920755743980408,10
1753,HprojSA,0.7677749395370483,10
1754,HprojSA,0.6917417049407959,9
1755,HprojSA,0.7268964648246765,8
1756,HprojSA,0.8250418901443481,5
1757,HprojSA,0.9692079424858092,3
1758,HprojSA,0.9348023533821106,3
1759,HprojSA,0.9304909110069276,3
1760,HprojSA,0.9565550684928894,3
1761,HprojSA,0.8694383502006531,4
1762,HprojSA,0.6839874982833862,4
1763,HprojSA,0.8026087880134583,3
1764,HprojSA,0.9212013483047484,2
1765,HprojSA,0.9225605726242064,2
1766,HprojSA,0.9078716039657592,2
1767,HprojSA,0.9273531436920166,2
1768,HprojSA,0.8324680328369141,2
1769,HprojSA,0.9166666865348816,1
1770,HprojSA,0.8387096524238586,1
1771,HprojSA,0.4848484992980957,1
1772,HprojSA,0.3225806355476379,1
1773,HprojSA,0.4444444477558136,1
1774,HprojSA,0.6857143044471741,1
1775,HprojSA,0.7058823704719543,1
1776,HprojSA,0.5600000023841858,1
1777,HprojSA,0.6428571343421936,1
1778,HprojSA,0.7647058963775635,1
1779,HprojSA,0.75,1
1780,HprojSA,0.5714285969734192,1
1781,HprojSA,0.807692289352417,1
1782,HprojSA,0.625,1
1783,HprojSA,0.4347825944423675,1
1784,HprojSA,0.4363636374473572,1
1785,HprojSA,0.4897959232330322,1
1786,HprojSA,0.4528301954269409,1
1787,HprojSA,0.7567567825317383,1
1788,HprojSA,0.4705882370471954,1
1789,HprojSA,0.4375,1
1790,HprojSA,0.5853658318519592,1
1791,HprojSA,0.6153846383094788,1
1792,HprojSA,0.7428571581840515,1
1793,HprojSA,0.7945205569267273,1
1794,HprojSA,0.699999988079071,1
1795,HprojSA,0.8627451062202454,1
1796,HprojSA,0.7441860437393188,1
1797,HprojSA,0.1991701275110244,1
1798,HprojSA,0.9390243887901306,1
1799,HprojSA,0.929088294506073,1
1800,HprojSA,0.8517646789550781,1
1801,HprojSA,0.9068736433982848,1
1802,HprojSA,0.9849587678909302,1
1803,HprojSA,0.9933775067329408,1
1804,HprojSA,0.9428868293762208,1
1805,HprojSA,0.6470588445663452,1
1806,HprojSA,0.9312977194786072,1
1807,HprojSA,0.9726775884628296,1
1808,HprojSA,0.9748777151107788,2
1809,HprojSA,0.9829886555671692,2
1810,HprojSA,0.975250482559204,2
1811,HprojSA,0.9661370515823364,2
1812,HprojSA,0.7817973494529724,3
1813,HprojSA,0.7297808527946472,3
1814,HprojSA,0.6554057598114014,4
1815,HprojSA,0.5902635455131531,6
1816,HprojSA,0.642077624797821,6
1817,HprojSA,0.7169843912124634,7
1818,HprojSA,0.7495967149734497,7
1819,HprojSA,0.8391395211219788,8
1820,HprojSA,0.8172370195388794,8
1821,HprojSA,0.8222067356109619,8
1822,HprojSA,0.9189417958259584,8
1823,HprojSA,0.8860503435134888,8
1824,HprojSA,0.8718739151954651,8
1825,HprojSA,0.6874756813049316,8
1826,HprojSA,0.8481388092041016,8
1827,HprojSA,0.8104390501976013,8
1828,HprojSA,0.8024874925613403,7
1829,HprojSA,0.8612370491027832,6
1830,HprojSA,0.9445497393608092,5
1831,HprojSA,0.8887902498245239,5
1832,HprojSA,0.9411606192588806,4
1833,HprojSA,0.8778132796287537,4
1834,HprojSA,0.8233926892280579,4
1835,HprojSA,0.9217063188552856,4
1836,HprojSA,0.7016909122467041,4
1837,HprojSA,0.8818641901016235,2
1838,HprojSA,0.9071624279022216,2
1839,HprojSA,0.9513513445854188,1
1840,HprojSA,0.951724112033844,1
1841,HprojSA,0.8780487775802612,1
1842,HprojSA,0.9454545378684998,1
1843,HprojSA,0.9215686321258544,1
1844,HprojSA,0.8351648449897766,1
1845,HprojSA,0.7777777910232544,1
1846,HprojSA,0.90215265750885,1
1847,HprojSA,0.9448725581169128,1
1848,HprojSA,0.97099506855011,1
1849,HprojSA,0.9657710790634156,1
1850,HprojSA,0.9724462628364564,1
1851,HprojSA,0.975357472896576,1
1852,HprojSA,0.9764108657836914,1
1853,HprojSA,0.9687882661819458,1
1854,HprojSA,0.9762054085731506,1
1855,HprojSA,0.97577166557312,1
1856,HprojSA,0.9732211232185364,1
1857,HprojSA,0.9422792196273804,1
1858,HprojSA,0.9625850319862366,1
1859,HprojSA,0.8307692408561707,1
1860,HprojSA,0.8771929740905762,1
1861,HprojSA,0.9590643048286438,1
1862,HprojSA,0.969072163105011,1
1863,HprojSA,0.977329969406128,1
1864,HprojSA,0.978217840194702,1
1865,HprojSA,0.9650349617004396,1
1866,HprojSA,0.6712116003036499,2
1867,HprojSA,0.8362833857536316,3
1868,HprojSA,0.8992829918861389,3
1869,HprojSA,0.8718259930610657,3
1870,HprojSA,0.9231204986572266,3
1871,HprojSA,0.8057920336723328,4
1872,HprojSA,0.8752242922782898,5
1873,HprojSA,0.9076708555221558,5
1874,HprojSA,0.9175628423690796,5
1875,HprojSA,0.9335832595825196,5
1876,HprojSA,0.9284636378288268,5
1877,HprojSA,0.9401963353157043,5
1878,HprojSA,0.9385892152786256,5
1879,HprojSA,0.9178737998008728,7
1880,HprojSA,0.9193232655525208,7
1881,HprojSA,0.8652176260948181,9
1882,HprojSA,0.8748006820678711,10
1883,HprojSA,0.7962415814399719,9
1884,HprojSA,0.8892165422439575,9
1885,HprojSA,0.8804656267166138,9
1886,HprojSA,0.8881490230560303,9
1887,HprojSA,0.8930783867835999,9
1888,HprojSA,0.863095760345459,8
1889,HprojSA,0.8129250407218933,6
1890,HprojSA,0.9152997732162476,4
1891,HprojSA,0.9668688774108888,3
1892,HprojSA,0.9670659899711608,3
1893,HprojSA,0.9680140018463136,3
1894,HprojSA,0.9669628739356996,3
1895,HprojSA,0.9167722463607788,4
1896,HprojSA,0.9245729446411132,4
1897,HprojSA,0.8990399241447449,4
1898,HprojSA,0.9475183486938475,3
1899,HprojSA,0.9155892729759216,3
1900,HprojSA,0.9443437457084656,2
1901,HprojSA,0.8421052694320679,1
1902,HprojSA,0.911764681339264,1
1903,HprojSA,0.5660377144813538,1
1904,HprojSA,0.6363636255264282,1
1905,HprojSA,0.8095238208770752,1
1906,HprojSA,0.8421052694320679,1
1907,HprojSA,0.800000011920929,1
1908,HprojSA,0.5600000023841858,1
1909,HprojSA,0.7599999904632568,1
1910,HprojSA,0.8510638475418091,1
1911,HprojSA,0.5333333611488342,1
1912,HprojSA,0.7301587462425232,1
1913,HprojSA,0.7605633735656738,1
1914,HprojSA,0.7272727489471436,1
1915,HprojSA,0.5945945978164673,1
1916,HprojSA,0.3448275923728943,1
1917,HprojSA,0.3214285671710968,1
1918,HprojSA,0.5454545617103577,1
1919,HprojSA,0.695652186870575,1
1920,HprojSA,0.8965517282485962,1
1921,HprojSA,0.8684210777282715,1
1922,HprojSA,0.6865671873092651,1
1923,HprojSA,0.7941176295280457,1
1924,HprojSA,0.8333333134651184,1
1925,HprojSA,0.6666666865348816,1
1926,HprojSA,0.75,1
1927,HprojSA,0.7567567825317383,1
1928,HprojSA,0.7200000286102295,1
1929,HprojSA,0.7169811129570007,1
1930,HprojSA,0.8444444537162781,1
1931,HprojSA,0.6909090876579285,1
1932,HprojSA,0.8275862336158752,1
1933,HprojSA,0.6538461446762085,1
1934,HprojSA,0.8928571343421936,1
1935,HprojSA,0.6296296119689941,1
1936,HprojSA,0.8613861203193665,1
1937,HprojSA,0.914691925048828,1
1938,HprojSA,0.7566938400268555,1
1939,HprojSA,0.8664495348930359,1
1940,HprojSA,0.9125168323516846,1
1941,HprojSA,0.7813411355018616,1
1942,HprojSA,0.8825622797012329,1
1943,HprojSA,0.9390018582344056,1
1944,HprojSA,0.905710518360138,1
1945,HprojSA,0.9197860956192015,1
1946,HprojSA,0.4757201671600342,2
1947,HprojSA,0.8566673398017883,2
1948,HprojSA,0.8105340003967285,2
1949,HprojSA,0.5841181874275208,3
1950,HprojSA,0.7528046369552612,4
1951,HprojSA,0.677725076675415,5
1952,HprojSA,0.7069892883300781,6
1953,HprojSA,0.7433924674987793,6
1954,HprojSA,0.7849985957145691,6
1955,HprojSA,0.7787531018257141,7
1956,HprojSA,0.8146031498908997,7
1957,HprojSA,0.7924214601516724,7
1958,HprojSA,0.8093846440315247,7
1959,HprojSA,0.7158423066139221,7
1960,HprojSA,0.7535209655761719,8
1961,HprojSA,0.8477008938789368,8
1962,HprojSA,0.8205859661102295,8
1963,HprojSA,0.9079000353813172,6
1964,HprojSA,0.9218809008598328,6
1965,HprojSA,0.9545823931694032,5
1966,HprojSA,0.948360800743103,5
1967,HprojSA,0.8390980362892151,6
1968,HprojSA,0.8931686282157898,6
1969,HprojSA,0.9286991953849792,6
1970,HprojSA,0.910683810710907,6
1971,HprojSA,0.9346172213554382,6
1972,HprojSA,0.9507808685302734,5
1973,HprojSA,0.9003093838691711,5
1974,HprojSA,0.9025897979736328,5
1975,HprojSA,0.894382119178772,5
1976,HprojSA,0.7460862398147583,4
1977,HprojSA,0.7969085574150085,3
1978,HprojSA,0.9172706604003906,2
1979,HprojSA,0.8236552476882935,2
1980,HprojSA,0.7763564586639404,2
1981,HprojSA,0.7571069598197937,2
1982,HprojSA,0.6251803636550903,2
1983,HprojSA,0.9290587902069092,2
1984,HprojSA,0.9293445348739624,2
1985,HprojSA,0.4022988379001617,2
1986,HprojSA,0.875,1
1987,HprojSA,0.7209302186965942,1
1988,HprojSA,0.6739130616188049,1
1989,HprojSA,0.625,1
1990,HprojSA,0.6213592290878296,1
1991,HprojSA,0.7878788113594055,1
1992,HprojSA,0.8421052694320679,1
1993,HprojSA,0.375,1
1994,HprojSA,0.8910890817642212,1
1995,HprojSA,0.9304447174072266,1
1996,HprojSA,0.9170437455177308,1
1997,HprojSA,0.8853427767753601,1
1998,HprojSA,0.7527377605438232,1
1999,HprojSA,0.1419807225465774,1
2000,HprojSA,0.1872340440750122,1
2001,HprojSA,0.1558441519737243,1
2002,HprojSA,7.575757798861105e-10,1
2003,HprojSA,9.999999717180683e-10,1
2004,HprojSA,3.3898306384116944e-10,1
2005,HprojSA,0.2199999988079071,1
2006,HprojSA,0.5970149040222168,1
2007,HprojSA,0.5742574334144592,1
2008,HprojSA,0.5280216336250305,2
2009,HprojSA,0.7190762162208557,3
2010,HprojSA,0.8009946942329407,3
2011,HprojSA,0.6864321231842041,4
2012,HprojSA,0.7138804197311401,4
2013,HprojSA,0.7245529890060425,4
2014,HprojSA,0.571593165397644,5
2015,HprojSA,0.4651325941085815,6
2016,HprojSA,0.6541716456413269,6
2017,HprojSA,0.6451142430305481,6
2018,HprojSA,0.6682643890380859,6
2019,HprojSA,0.7267029881477356,6
2020,HprojSA,0.7189207077026367,6
2021,HprojSA,0.6277815699577332,6
2022,HprojSA,0.735724151134491,6
2023,HprojSA,0.8221842050552368,5
2024,HprojSA,0.7721474766731262,6
2025,HprojSA,0.8504589200019836,5
2026,HprojSA,0.8481053113937378,5
2027,HprojSA,0.9043261408805848,5
2028,HprojSA,0.8481329679489136,7
2029,HprojSA,0.7745371460914612,7
2030,HprojSA,0.7711694836616516,6
2031,HprojSA,0.8037114143371582,5
2032,HprojSA,0.8777447938919067,4
2033,HprojSA,0.9347469806671144,3
2034,HprojSA,0.9049582481384276,3
2035,HprojSA,0.8711385130882263,3
2036,HprojSA,0.8631029725074768,3
2037,HprojSA,0.8688126802444458,4
2038,HprojSA,0.8193920254707336,3
2039,HprojSA,0.8312892913818359,2
2040,HprojSA,0.834845781326294,2
2041,HprojSA,0.8611111044883728,1
2042,HprojSA,0.774193525314331,1
2043,HprojSA,0.7457627058029175,1
2044,HprojSA,0.8953068852424622,1
2045,HprojSA,0.9662289023399352,1
2046,HprojSA,0.9473081231117249,1
2047,HprojSA,0.970549464225769,1
2048,HprojSA,0.9764991998672484,1
2049,HprojSA,0.97301584482193,1
2050,HprojSA,0.9681423306465148,1
2051,HprojSA,0.9606903195381165,1
2052,HprojSA,0.9483568072319032,1
2053,HprojSA,0.910284459590912,1
2054,HprojSA,0.8982036113739014,1
2055,HprojSA,0.9589238166809082,2
2056,HprojSA,0.9510804414749146,2
2057,HprojSA,0.9755486845970154,2
2058,HprojSA,0.9820299744606018,2
2059,HprojSA,0.9751501083374025,2
2060,HprojSA,0.964500904083252,2
2061,HprojSA,0.9306602478027344,3
2062,HprojSA,0.9007954597473145,3
2063,HprojSA,0.9172773361206056,3
2064,HprojSA,0.8918638229370117,4
2065,HprojSA,0.877781867980957,5
2066,HprojSA,0.928557515144348,5
2067,HprojSA,0.8759013414382935,5
2068,HprojSA,0.9204950332641602,5
2069,HprojSA,0.9331172108650208,5
2070,HprojSA,0.9267364740371704,5
2071,HprojSA,0.939667820930481,5
2072,HprojSA,0.9088257551193236,7
2073,HprojSA,0.8784450888633728,7
2074,HprojSA,0.872551441192627,8
2075,HprojSA,0.837708055973053,7
2076,HprojSA,0.7704117894172668,8
2077,HprojSA,0.8279861807823181,7
2078,HprojSA,0.9091947674751282,7
2079,HprojSA,0.842411458492279,7
2080,HprojSA,0.8546895980834961,6
2081,HprojSA,0.9195759296417236,4
2082,HprojSA,0.9365081787109376,3
2083,HprojSA,0.9604921936988832,3
2084,HprojSA,0.9660034775733948,3
2085,HprojSA,0.8713068962097168,4
2086,HprojSA,0.907226264476776,4
2087,HprojSA,0.9340464472770692,3
2088,HprojSA,0.8427368998527527,3
2089,HprojSA,0.7484070658683777,3
2090,HprojSA,0.8580169081687927,3
2091,HprojSA,0.8776487112045288,2
2092,HprojSA,0.8523238897323608,2
2093,HprojSA,0.6350437998771667,2
2094,HprojSA,0.8656716346740723,1
2095,HprojSA,0.7631579041481018,1
2096,HprojSA,0.6666666865348816,1
2097,HprojSA,0.8405796885490417,1
2098,HprojSA,0.9041095972061156,1
2099,HprojSA,0.8115941882133484,1
2100,HprojSA,0.7457627058029175,1
2101,HprojSA,0.8387096524238586,1
2102,HprojSA,0.8888888955116272,1
2103,HprojSA,0.8474576473236084,1
2104,HprojSA,0.8399999737739563,1
2105,HprojSA,0.8571428656578064,1
2106,HprojSA,0.7547169923782349,1
2107,HprojSA,0.8354430198669434,1
2108,HprojSA,0.8125,1
2109,HprojSA,0.8307692408561707,1
2110,HprojSA,0.6865671873092651,1
2111,HprojSA,0.7761194109916687,1
2112,HprojSA,0.8484848737716675,1
2113,HprojSA,0.8484848737716675,1
2114,HprojSA,0.6000000238418579,1
2115,HprojSA,0.7333333492279053,1
2116,HprojSA,0.7924528121948242,1
2117,HprojSA,0.7397260069847107,1
2118,HprojSA,0.7096773982048035,1
2119,HprojSA,0.7241379022598267,1
2120,HprojSA,0.800000011920929,1
2121,HprojSA,0.5714285969734192,1
2122,HprojSA,0.2772277295589447,1
2123,HprojSA,0.5373134613037109,1
2124,HprojSA,0.6545454263687134,1
2125,HprojSA,0.739130437374115,1
2126,HprojSA,0.6363636255264282,1
2127,HprojSA,0.800000011920929,1
2128,HprojSA,0.6363636255264282,1
2129,HprojSA,0.6666666865348816,1
2130,HprojSA,0.4000000059604645,1
2131,HprojSA,0.6666666865348816,1
2132,HprojSA,0.699999988079071,1
2133,HprojSA,0.9090909361839294,1
2134,HprojSA,0.9285714030265808,1
2135,HprojSA,0.8510638475418091,1
2136,HprojSA,0.800000011920929,1
2137,HprojSA,0.7419354915618896,1
2138,HprojSA,0.920634925365448,1
2139,HprojSA,0.9285714030265808,1
2140,HprojSA,0.9666666388511658,1
2141,HprojSA,0.9810924530029296,1
2142,HprojSA,0.9731499552726746,1
2143,HprojSA,0.9834558963775636,1
2144,HprojSA,0.9868173003196716,1
2145,HprojSA,0.9895868301391602,1
2146,HprojSA,0.9867340326309204,1
2147,HprojSA,0.9883244037628174,1
2148,HprojSA,0.992720067501068,1
2149,HprojSA,0.9876453280448914,1
2150,HprojSA,0.9875724911689758,1
2151,HprojSA,0.9861443042755128,1
2152,HprojSA,0.9872241616249084,1
2153,HprojSA,0.9857035279273988,1
2154,HprojSA,0.9715489745140076,1
2155,HprojSA,0.9316239356994628,1
2156,HprojSA,0.9691630005836488,1
2157,HprojSA,0.9422757029533386,3
2158,HprojSA,0.8796852231025696,3
2159,HprojSA,0.8760380744934082,3
2160,HprojSA,0.7840131521224976,4
2161,HprojSA,0.7356036305427551,5
2162,HprojSA,0.7842292785644531,5
2163,HprojSA,0.8563133478164673,5
2164,HprojSA,0.9164611101150512,5
2165,HprojSA,0.8315432667732239,6
2166,HprojSA,0.8878948092460632,6
2167,HprojSA,0.8369878530502319,7
2168,HprojSA,0.8981180191040039,7
2169,HprojSA,0.9532795548439026,7
2170,HprojSA,0.958419382572174,7
2171,HprojSA,0.9708313941955566,7
2172,HprojSA,0.965161144733429,7
2173,HprojSA,0.9192225933074952,8
2174,HprojSA,0.944072425365448,8
2175,HprojSA,0.8713148236274719,10
2176,HprojSA,0.906621754169464,10
2177,HprojSA,0.9214310646057128,10
2178,HprojSA,0.9165719747543336,10
2179,HprojSA,0.9016534090042114,8
2180,HprojSA,0.8851405382156372,7
2181,HprojSA,0.872990608215332,7
2182,HprojSA,0.8890531659126282,5
2183,HprojSA,0.9110678434371948,5
2184,HprojSA,0.97731751203537,3
2185,HprojSA,0.9760090708732604,3
2186,HprojSA,0.9732938408851624,3
2187,HprojSA,0.9574972987174988,3
2188,HprojSA,0.9599149227142334,4
2189,HprojSA,0.9551345705986024,4
2190,HprojSA,0.9629930853843688,3
2191,HprojSA,0.9416150450706482,3
2192,HprojSA,0.8907987475395203,3
2193,HprojSA,0.94352388381958,2
2194,HprojSA,0.9470993876457214,2
2195,HprojSA,0.9656194448471068,2
2196,HprojSA,0.9745209217071532,2
2197,HprojSA,0.9318098425865172,2
2198,HprojSA,0.9211352467536926,2
2199,HprojSA,0.9029896855354308,2
2200,HprojSA,0.901960790157318,1
2201,HprojSA,0.7111111283302307,1
2202,HprojSA,0.7567567825317383,1
2203,HprojSA,0.8205128312110901,1
2204,HprojSA,0.7659574747085571,1
2205,HprojSA,0.8235294222831726,1
2206,HprojSA,0.7118644118309021,1
2207,HprojSA,0.7419354915618896,1
2208,HprojSA,0.9411764740943908,1
2209,HprojSA,0.8125,1
2210,HprojSA,0.800000011920929,1
2211,HprojSA,0.8648648858070374,1
2212,HprojSA,0.6399999856948853,1
2213,HprojSA,0.3768115937709808,1
2214,HprojSA,0.3928571343421936,1
2215,HprojSA,0.45783132314682,1
2216,HprojSA,0.8115941882133484,1
2217,HprojSA,0.8307692408561707,1
2218,HprojSA,0.8571428656578064,1
2219,HprojSA,0.8727272748947144,1
2220,HprojSA,0.7241379022598267,1
2221,HprojSA,0.6268656849861145,1
2222,HprojSA,0.7887324094772339,1
2223,HprojSA,0.7941176295280457,1
2224,HprojSA,0.8787878751754761,1
2225,HprojSA,0.8823529481887817,1
2226,HprojSA,0.8450704216957092,1
2227,HprojSA,0.8985507488250732,1
2228,HprojSA,0.8985507488250732,1
2229,HprojSA,0.8450704216957092,1
2230,HprojSA,0.8717948794364929,1
2231,HprojSA,0.7749999761581421,1
2232,HprojSA,0.8831169009208679,1
2233,HprojSA,0.8157894611358643,1
2234,HprojSA,0.3037036955356598,1
2235,HprojSA,0.1572700291872024,1
2236,HprojSA,0.808842658996582,1
2237,HprojSA,0.7759815454483032,1
2238,HprojSA,0.8817407488822937,1
2239,HprojSA,0.9213483333587646,1
2240,HprojSA,0.7698237895965576,1
2241,HprojSA,0.6569646596908569,1
2242,HprojSA,0.4210526347160339,1
2243,HprojSA,0.8613861203193665,1
2244,HprojSA,0.9342105388641356,1
2245,HprojSA,0.8722741603851318,1
2246,HprojSA,0.9243243336677552,1
2247,HprojSA,0.8860868215560913,2
2248,HprojSA,0.8196576833724976,2
2249,HprojSA,0.8021084070205688,2
2250,HprojSA,0.8415349125862122,2
2251,HprojSA,0.8883683681488037,3
2252,HprojSA,0.903578758239746,3
2253,HprojSA,0.7231661677360535,3
2254,HprojSA,0.7248076796531677,3
2255,HprojSA,0.9191407561302184,3
2256,HprojSA,0.8792874217033386,3
2257,HprojSA,0.8794676065444946,4
2258,HprojSA,0.9173175692558287,5
2259,HprojSA,0.9195636510849,5
2260,HprojSA,0.8678876161575317,5
2261,HprojSA,0.906906247138977,5
2262,HprojSA,0.90159410238266,6
2263,HprojSA,0.743026077747345,6
2264,HprojSA,0.6885780692100525,6
2265,HprojSA,0.850337028503418,6
2266,HprojSA,0.8531078100204468,7
2267,HprojSA,0.8121265769004822,7
2268,HprojSA,0.8656711578369141,7
2269,HprojSA,0.8880348205566406,7
2270,HprojSA,0.9052711129188538,8
2271,HprojSA,0.9209223985671996,8
2272,HprojSA,0.8665763139724731,9
2273,HprojSA,0.8138251304626465,7
2274,HprojSA,0.7362726330757141,7
2275,HprojSA,0.8917361497879028,5
2276,HprojSA,0.8589960932731628,5
2277,HprojSA,0.9274622201919556,5
2278,HprojSA,0.8836954832077026,4
2279,HprojSA,0.8811669945716858,4
2280,HprojSA,0.875479519367218,4
2281,HprojSA,0.9707698225975036,3
2282,HprojSA,0.9582361578941344,3
2283,HprojSA,0.9646336436271667,3
2284,HprojSA,0.8974112272262573,4
2285,HprojSA,0.9383903741836548,4
2286,HprojSA,0.9332523345947266,4
2287,HprojSA,0.9496176838874816,4
2288,HprojSA,0.9437559843063354,4
2289,HprojSA,0.9287184476852416,4
2290,HprojSA,0.8788063526153564,2
2291,HprojSA,0.8753558397293091,2
2292,HprojSA,0.9113923907279968,1
2293,HprojSA,0.9135802388191224,1
2294,HprojSA,0.9230769276618958,1
2295,HprojSA,0.8148148059844971,1
2296,HprojSA,0.7435897588729858,1
2297,HprojSA,0.7435897588729858,1
2298,HprojSA,0.6153846383094788,1
2299,HprojSA,0.1000000014901161,1
2300,HprojSA,0.8093385100364685,1
2301,HprojSA,0.618719220161438,1
2302,HprojSA,0.943025529384613,1
2303,HprojSA,0.9448757767677308,1
2304,HprojSA,0.96815288066864,1
2305,HprojSA,0.9804717302322388,1
2306,HprojSA,0.978153645992279,1
2307,HprojSA,0.9775826334953308,1
2308,HprojSA,0.9768649935722352,1
2309,HprojSA,0.9417201280593872,1
2310,HprojSA,0.976961612701416,1
2311,HprojSA,0.9766082167625428,1
2312,HprojSA,0.8943819999694824,1
2313,HprojSA,0.57337886095047,1
2314,HprojSA,0.923523724079132,1
2315,HprojSA,0.6216413974761963,3
2316,HprojSA,0.8063547015190125,3
2317,HprojSA,0.8942902088165283,4
2318,HprojSA,0.8434672355651855,5
2319,HprojSA,0.8699126243591309,5
2320,HprojSA,0.9152792096138,5
2321,HprojSA,0.8786547780036926,6
2322,HprojSA,0.7795549035072327,7
2323,HprojSA,0.8591957092285156,7
2324,HprojSA,0.884252667427063,7
2325,HprojSA,0.8586542010307312,7
2326,HprojSA,0.7109441757202148,8
2327,HprojSA,0.8273211717605591,8
2328,HprojSA,0.8003072142601013,8
2329,HprojSA,0.8861758708953857,8
2330,HprojSA,0.8856232166290283,8
2331,HprojSA,0.9024460315704346,8
2332,HprojSA,0.8588179349899292,10
2333,HprojSA,0.8144621849060059,10
2334,HprojSA,0.8156531453132629,9
2335,HprojSA,0.8257080912590027,8
2336,HprojSA,0.8733379244804382,6
2337,HprojSA,0.8408918976783752,6
2338,HprojSA,0.6095377802848816,5
2339,HprojSA,0.972275733947754,3
2340,HprojSA,0.9650440216064452,3
2341,HprojSA,0.95875483751297,3
2342,HprojSA,0.9377537369728088,3
2343,HprojSA,0.8576661944389343,4
2344,HprojSA,0.8395069241523743,3
2345,HprojSA,0.9389130473136902,2
2346,HprojSA,0.9255883693695068,2
2347,HprojSA,0.8591815233230591,2
2348,HprojSA,0.4451219439506531,2
2349,HprojSA,0.8529411554336548,1
2350,HprojSA,0.960629940032959,1
2351,HprojSA,0.9541284441947936,1
2352,HprojSA,0.9111111164093018,1
2353,HprojSA,0.945945918560028,1
2354,HprojSA,0.9866666793823242,1
2355,HprojSA,0.8051947951316833,1
2356,HprojSA,0.6233766078948975,1
2357,HprojSA,0.6470588445663452,1
2358,HprojSA,0.6153846383094788,1
2359,HprojSA,0.5,1
2360,HprojSA,0.4799999892711639,1
2361,HprojSA,0.5490196347236633,1
2362,HprojSA,0.4897959232330322,1
2363,HprojSA,0.6415094137191772,1
2364,HprojSA,0.7636363506317139,1
2365,HprojSA,0.84375,1
2366,HprojSA,0.7532467246055603,1
2367,HprojSA,0.8247422575950623,1
2368,HprojSA,0.9375,1
2369,HprojSA,0.8958333134651184,1
2370,HprojSA,0.9534883499145508,1
2371,HprojSA,0.7536231875419617,1
2372,HprojSA,0.8571428656578064,1
2373,HprojSA,0.7714285850524902,1
2374,HprojSA,0.7346938848495483,1
2375,HprojSA,0.8571428656578064,1
2376,HprojSA,0.8627451062202454,1
2377,HprojSA,0.8421052694320679,1
2378,HprojSA,0.8484848737716675,1
2379,HprojSA,0.9090909361839294,1
2380,HprojSA,0.9512194991111756,1
2381,HprojSA,0.9438202381134032,1
2382,HprojSA,0.8571428656578064,1
2383,HprojSA,0.8500000238418579,1
2384,HprojSA,0.8607594966888428,1
2385,HprojSA,0.7160493731498718,1
2386,HprojSA,0.875,1
2387,HprojSA,0.9090909361839294,1
2388,HprojSA,0.7191011309623718,1
2389,HprojSA,0.6024096608161926,1
2390,HprojSA,0.6571428775787354,1
2391,HprojSA,0.7605633735656738,1
2392,HprojSA,0.8695651888847351,1
2393,HprojSA,0.6666666865348816,1
2394,HprojSA,0.8547945022583008,1
2395,HprojSA,0.9390997290611268,1
2396,HprojSA,0.944849133491516,1
2397,HprojSA,0.9783989787101746,1
2398,HprojSA,0.9824561476707458,1
2399,HprojSA,0.9772191643714904,1
2400,HprojSA,0.9739443063735962,1
2401,HprojSA,0.892551064491272,1
2402,HprojSA,0.1879194676876068,1
2403,HprojSA,0.5957446694374084,1
2404,HprojSA,0.9842180609703064,1
2405,HprojSA,0.9773679971694946,1
2406,HprojSA,0.7123174071311951,2
2407,HprojSA,0.9036019444465636,3
2408,HprojSA,0.9378395676612854,4
2409,HprojSA,0.9614094495773317,4
2410,HprojSA,0.9042016267776488,4
2411,HprojSA,0.7834029197692871,6
2412,HprojSA,0.9287562370300292,6
2413,HprojSA,0.9372826218605042,6
2414,HprojSA,0.9295739531517028,7
2415,HprojSA,0.9097058176994324,7
2416,HprojSA,0.8718447089195251,7
2417,HprojSA,0.9328076243400574,7
2418,HprojSA,0.9335737228393556,7
2419,HprojSA,0.9071313142776488,7
2420,HprojSA,0.7879408597946167,7
2421,HprojSA,0.848779559135437,7
2422,HprojSA,0.7377287745475769,7
2423,HprojSA,0.8274106979370117,6
2424,HprojSA,0.9558442831039428,5
2425,HprojSA,0.9205441474914552,5
2426,HprojSA,0.9106017351150512,7
2427,HprojSA,0.9543871283531188,7
2428,HprojSA,0.9093602895736694,8
2429,HprojSA,0.948173999786377,8
2430,HprojSA,0.9197502136230468,7
2431,HprojSA,0.925995409488678,7
2432,HprojSA,0.8980640172958374,7
2433,HprojSA,0.7894906997680664,7
2434,HprojSA,0.8084065318107605,6
2435,HprojSA,0.8623123168945312,5
2436,HprojSA,0.8961163759231567,5
2437,HprojSA,0.8300207853317261,4
2438,HprojSA,0.9356427788734436,4
2439,HprojSA,0.9305465817451476,4
2440,HprojSA,0.9261910915374756,4
2441,HprojSA,0.9492014050483704,4
2442,HprojSA,0.9594711065292358,4
2443,HprojSA,0.9373117089271544,4
2444,HprojSA,0.957462728023529,2
2445,HprojSA,0.9561496376991272,2
2446,HprojSA,0.9444951415061952,2
2447,HprojSA,0.9515122771263124,2
2448,HprojSA,0.8818897604942322,1
2449,HprojSA,0.9185185432434082,1
2450,HprojSA,0.7445255517959595,1
2451,HprojSA,0.6190476417541504,1
2452,HprojSA,0.4848484992980957,1
2453,HprojSA,0.5348837375640869,1
2454,HprojSA,0.7027027010917664,1
2455,HprojSA,0.7605633735656738,1
2456,HprojSA,0.6436781883239746,1
2457,HprojSA,0.6526315808296204,1
2458,HprojSA,0.3368421196937561,1
2459,HprojSA,0.1800000071525573,1
2460,HprojSA,0.2016806751489639,1
2461,HprojSA,0.3913043439388275,1
2462,HprojSA,0.5465838313102722,1
2463,HprojSA,0.7415730357170105,1
2464,HprojSA,0.4666666686534881,1
2465,HprojSA,0.5625,1
2466,HprojSA,0.6301369667053223,1
2467,HprojSA,0.7594936490058899,1
2468,HprojSA,0.8108108043670654,1
2469,HprojSA,0.6896551847457886,1
2470,HprojSA,0.8314606547355652,1
2471,HprojSA,0.8514851331710815,1
2472,HprojSA,0.6823529601097107,1
2473,HprojSA,0.7326732873916626,1
2474,HprojSA,0.808080792427063,1
2475,HprojSA,0.7799999713897705,1
2476,HprojSA,0.8666666746139526,1
2477,HprojSA,0.8952381014823914,1
2478,HprojSA,0.8615384697914124,1
2479,HprojSA,0.8712871074676514,1
2480,HprojSA,0.8595041036605835,1
2481,HprojSA,0.8548387289047241,1
2482,HprojSA,0.7432432174682617,1
2483,HprojSA,0.8888888955116272,1
2484,HprojSA,0.9552238583564758,1
2485,HprojSA,0.7859649062156677,1
2486,HprojSA,0.9032257795333862,1
2487,HprojSA,0.948275864124298,1
2488,HprojSA,0.9583333134651184,1
2489,HprojSA,0.9786831140518188,1
2490,HprojSA,0.9740143418312072,1
2491,HprojSA,0.981902539730072,1
2492,HprojSA,0.9693564772605896,1
2493,HprojSA,0.945852518081665,1
2494,HprojSA,0.9195583462715148,1
2495,HprojSA,0.4514563083648681,1
2496,HprojSA,1.6666666935449823e-09,1
2497,HprojSA,0.359281450510025,1
2498,HprojSA,0.4473684132099151,1
2499,HprojSA,8.894136538373231e-10,2
2500,HprojSA,8.09320388484025e-10,2
2501,HprojSA,0.3180287778377533,3
2502,HprojSA,0.3380328416824341,3
2503,HprojSA,0.3258216083049774,3
2504,HprojSA,0.3226358592510223,3
2505,HprojSA,0.4988681375980377,4
2506,HprojSA,0.6289262175559998,4
2507,HprojSA,0.7781360149383545,4
2508,HprojSA,0.5488886833190918,5
2509,HprojSA,0.6188910007476807,5
2510,HprojSA,0.6995499730110168,5
2511,HprojSA,0.7657048106193542,5
2512,HprojSA,0.7988219857215881,5
2513,HprojSA,0.7496828436851501,6
2514,HprojSA,0.8098483681678772,6
2515,HprojSA,0.8800023198127747,6
2516,HprojSA,0.6486239433288574,7
2517,HprojSA,0.6379455924034119,7
2518,HprojSA,0.7066386342048645,7
2519,HprojSA,0.7443876266479492,7
2520,HprojSA,0.6118698716163635,7
2521,HprojSA,0.5602833032608032,7
2522,HprojSA,0.7177850008010864,7
2523,HprojSA,0.7541508078575134,7
2524,HprojSA,0.8084467649459839,7
2525,HprojSA,0.8230077028274536,7
2526,HprojSA,0.7715480923652649,6
2527,HprojSA,0.8964684009552002,4
2528,HprojSA,0.9664700031280518,3
2529,HprojSA,0.8741397261619568,4
2530,HprojSA,0.916015625,4
2531,HprojSA,0.8988512754440308,4
2532,HprojSA,0.9238458275794984,4
2533,HprojSA,0.89363032579422,4
2534,HprojSA,0.6776557564735413,4
2535,HprojSA,0.522186279296875,3
2536,HprojSA,0.845791220664978,2
2537,HprojSA,0.8706756830215454,2
2538,HprojSA,0.84079909324646,2
2539,HprojSA,0.7930263876914978,2
2540,HprojSA,0.8305984735488892,2
2541,HprojSA,0.8386232852935791,2
2542,HprojSA,0.5531914830207825,1
2543,HprojSA,0.4150943458080292,1
2544,HprojSA,0.4067796468734741,1
2545,HprojSA,0.2857142984867096,1
2546,HprojSA,0.1632653027772903,1
2547,HprojSA,0.9333333373069764,1
2548,HprojSA,0.977657437324524,1
2549,HprojSA,0.9601613879203796,1
2550,HprojSA,0.952277660369873,1
2551,HprojSA,0.53721684217453,1
2552,HprojSA,0.4260354936122894,1
2553,HprojSA,0.5535714030265808,1
2554,HprojSA,0.9112426042556764,1
2555,HprojSA,0.6578348875045776,2
2556,HprojSA,0.8720306754112244,2
2557,HprojSA,0.5892025828361511,3
2558,HprojSA,0.7835098505020142,5
2559,HprojSA,0.9233940243721008,5
2560,HprojSA,0.9330952763557434,5
2561,HprojSA,0.8334785103797913,7
2562,HprojSA,0.8802589774131775,7
2563,HprojSA,0.8424780964851379,7
2564,HprojSA,0.8127036690711975,7
2565,HprojSA,0.8103038668632507,7
2566,HprojSA,0.8425425291061401,8
2567,HprojSA,0.8538287878036499,8
2568,HprojSA,0.8989272713661194,8
2569,HprojSA,0.8677582740783691,8
2570,HprojSA,0.8646852374076843,8
2571,HprojSA,0.890668511390686,8
2572,HprojSA,0.9426369667053224,6
2573,HprojSA,0.9419047832489014,6
2574,HprojSA,0.9450117945671082,6
2575,HprojSA,0.8681726455688477,8
2576,HprojSA,0.8986154198646545,7
2577,HprojSA,0.8553476333618164,6
2578,HprojSA,0.8721758127212524,5
2579,HprojSA,0.7913601994514465,5
2580,HprojSA,0.9660523533821106,3
2581,HprojSA,0.9693028330802916,3
2582,HprojSA,0.9041079878807068,3
2583,HprojSA,0.8378947377204895,3
2584,HprojSA,0.7160121202468872,2
2585,HprojSA,0.870224118232727,2
2586,HprojSA,0.9067786931991576,2
2587,HprojSA,0.9257495403289796,2
2588,HprojSA,0.8033088445663452,2
2589,HprojSA,0.5829651355743408,2
2590,HprojSA,0.9473684430122375,1
2591,HprojSA,0.9607843160629272,1
2592,HprojSA,0.9176470637321472,1
2593,HprojSA,0.6153846383094788,1
2594,HprojSA,0.8708487153053284,1
2595,HprojSA,0.9287862181663512,2
2596,HprojSA,0.6709263324737549,3
2597,HprojSA,0.829409658908844,3
2598,HprojSA,0.7988936901092529,3
2599,HprojSA,0.756999671459198,4
2600,HprojSA,0.7505227327346802,5
2601,HprojSA,0.7754661440849304,6
2602,HprojSA,0.6596369743347168,6
2603,HprojSA,0.7599784731864929,6
2604,HprojSA,0.8197657465934753,6
2605,HprojSA,0.8326595425605774,6
2606,HprojSA,0.8474915623664856,6
2607,HprojSA,0.7634032368659973,8
2608,HprojSA,0.8123307228088379,8
2609,HprojSA,0.7651605010032654,8
2610,HprojSA,0.7543101906776428,8
2611,HprojSA,0.7947708964347839,8
2612,HprojSA,0.7469581961631775,9
2613,HprojSA,0.7924138307571411,8
2614,HprojSA,0.8261333703994751,8
2615,HprojSA,0.8008309006690979,6
2616,HprojSA,0.8198501467704773,5
2617,HprojSA,0.6941967606544495,5
2618,HprojSA,0.7603733539581299,3
2619,HprojSA,0.8295667171478271,3
2620,HprojSA,0.8519324660301208,3
2621,HprojSA,0.5898439288139343,3
2622,HprojSA,0.4842307269573211,2
2623,HprojSA,0.4839930832386017,2
2624,HprojSA,0.4818916022777557,2
2625,HprojSA,0.4851540625095367,2
2626,HprojSA,0.9242029190063475,2
2627,HprojSA,0.9346705675125122,2
2628,HprojSA,0.9169073700904846,2
2629,HprojSA,0.7611940503120422,1
2630,HprojSA,0.7350427508354187,1
2631,HprojSA,0.7540983557701111,1
2632,HprojSA,0.8196721076965332,1
2633,HprojSA,0.8870967626571655,1
2634,HprojSA,0.7962962985038757,1
2635,HprojSA,0.7708333134651184,1
2636,HprojSA,0.6499999761581421,1
2637,HprojSA,0.6969696879386902,1
2638,HprojSA,0.75,1
2639,HprojSA,0.6904761791229248,1
2640,HprojSA,0.7435897588729858,1
2641,HprojSA,0.767123281955719,1
2642,HprojSA,0.7017543911933899,1
2643,HprojSA,0.5483871102333069,1
2644,HprojSA,0.6578947305679321,1
2645,HprojSA,0.5822784900665283,1
2646,HprojSA,0.6304348111152649,1
2647,HprojSA,0.591549277305603,1
2648,HprojSA,0.7105262875556946,1
2649,HprojSA,0.7804877758026123,1
2650,HprojSA,0.6666666865348816,1
2651,HprojSA,0.6534653306007385,1
2652,HprojSA,0.6226415038108826,1
2653,HprojSA,0.6909090876579285,1
2654,HprojSA,0.7321428656578064,1
2655,HprojSA,0.7387387156486511,1
2656,HprojSA,0.6315789222717285,1
2657,HprojSA,0.7640449404716492,1
2658,HprojSA,0.529411792755127,1
2659,HprojSA,0.233333334326744,1
2660,HprojSA,1.587301623473536e-09,1
2661,HprojSA,0.4324324429035187,1
2662,HprojSA,0.6067415475845337,1
2663,HprojSA,0.6666666865348816,1
2664,HprojSA,0.761904776096344,1
2665,HprojSA,0.8478260636329651,1
2666,HprojSA,0.6913580298423767,1
2667,HprojSA,0.7674418687820435,1
2668,HprojSA,0.8865979313850403,1
2669,HprojSA,0.9534883499145508,1
2670,HprojSA,0.8695651888847351,1
2671,HprojSA,0.921052634716034,1
2672,HprojSA,0.7435897588729858,1
2673,HprojSA,0.5769230723381042,1
2674,HprojSA,0.2857142984867096,1
2675,HprojSA,0.761904776096344,1
2676,HprojSA,0.9521654844284058,2
2677,HprojSA,0.7349362969398499,3
2678,HprojSA,0.8434365391731262,3
2679,HprojSA,0.8613508343696594,3
2680,HprojSA,0.6781020164489746,4
2681,HprojSA,0.8365641832351685,5
2682,HprojSA,0.8019415736198425,5
2683,HprojSA,0.651860773563385,6
2684,HprojSA,0.8302690386772156,6
2685,HprojSA,0.8299527764320374,6
2686,HprojSA,0.8590433597564697,6
2687,HprojSA,0.8492938280105591,7
2688,HprojSA,0.8940520882606506,7
2689,HprojSA,0.8281909227371216,8
2690,HprojSA,0.841181218624115,8
2691,HprojSA,0.8416212797164917,8
2692,HprojSA,0.8207067251205444,9
2693,HprojSA,0.8160668015480042,9
2694,HprojSA,0.8308531045913696,8
2695,HprojSA,0.7755909562110901,8
2696,HprojSA,0.8061049580574036,6
2697,HprojSA,0.9116594791412354,4
2698,HprojSA,0.7012369632720947,4
2699,HprojSA,0.4849147796630859,4
2700,HprojSA,0.8901368975639343,3
2701,HprojSA,0.7376022338867188,3
2702,HprojSA,0.6450106501579285,3
2703,HprojSA,0.6260226368904114,3
2704,HprojSA,0.4885883331298828,2
2705,HprojSA,0.628150463104248,3
2706,HprojSA,0.9406959414482116,2
2707,HprojSA,0.9323279857635498,2
2708,HprojSA,0.894847571849823,2
2709,HprojSA,0.8312587141990662,2
2710,HprojSA,0.7846153974533081,1
2711,HprojSA,0.7931034564971924,1
2712,HprojSA,0.8730158805847168,1
2713,HprojSA,0.7166666388511658,1
2714,HprojSA,0.8108108043670654,1
2715,HprojSA,0.8421052694320679,1
2716,HprojSA,0.800000011920929,1
2717,HprojSA,0.9166666865348816,1
2718,HprojSA,0.8684210777282715,1
2719,HprojSA,0.800000011920929,1
2720,HprojSA,0.767123281955719,1
2721,HprojSA,0.8135592937469482,1
2722,HprojSA,0.7936508059501648,1
2723,HprojSA,0.7761194109916687,1
2724,HprojSA,0.7710843086242676,1
2725,HprojSA,0.8235294222831726,1
2726,HprojSA,0.5,1
2727,HprojSA,0.5106382966041565,1
2728,HprojSA,0.5714285969734192,1
2729,HprojSA,0.6595744490623474,1
2730,HprojSA,0.5333333611488342,1
2731,HprojSA,0.4731182754039764,1
2732,HprojSA,0.5652173757553101,1
2733,HprojSA,0.5142857432365417,1
2734,HprojSA,0.695652186870575,1
2735,HprojSA,0.6166666746139526,1
2736,HprojSA,0.4791666567325592,1
2737,HprojSA,0.2461538463830948,1
2738,HprojSA,0.4590163826942444,1
2739,HprojSA,0.2857142984867096,1
2740,HprojSA,0.3678160905838012,1
2741,HprojSA,0.4680851101875305,1
2742,HprojSA,0.5952380895614624,1
2743,HprojSA,0.7311828136444092,1
2744,HprojSA,0.6315789222717285,1
2745,HprojSA,0.607594907283783,1
2746,HprojSA,0.7551020383834839,1
2747,HprojSA,0.7200000286102295,1
2748,HprojSA,0.9122806787490844,1
2749,HprojSA,0.8571428656578064,1
2750,HprojSA,0.8965517282485962,1
2751,HprojSA,0.7631579041481018,1
2752,HprojSA,0.8727272748947144,1
2753,HprojSA,0.6666666865348816,1
2754,HprojSA,0.9333333373069764,1
2755,HprojSA,0.965652585029602,1
2756,HprojSA,0.9777458906173706,1
2757,HprojSA,0.9751965999603271,1
2758,HprojSA,0.9725863933563232,1
2759,HprojSA,0.9612289667129515,1
2760,HprojSA,0.807881772518158,1
2761,HprojSA,0.6530612111091614,1
2762,HprojSA,0.974117636680603,1
2763,HprojSA,0.9727126955986024,1
2764,HprojSA,0.9897435903549194,1
2765,HprojSA,0.9836734533309937,1
2766,HprojSA,0.9575971961021424,1
2767,HprojSA,0.4766584634780884,2
2768,HprojSA,0.6981428265571594,3
2769,HprojSA,0.536453366279602,5
2770,HprojSA,0.679425835609436,5
2771,HprojSA,0.7247336506843567,5
2772,HprojSA,0.8045442700386047,5
2773,HprojSA,0.6860830187797546,6
2774,HprojSA,0.690054714679718,6
2775,HprojSA,0.7110682129859924,6
2776,HprojSA,0.7190909385681152,6
2777,HprojSA,0.8087038993835449,6
2778,HprojSA,0.8676251769065857,6
2779,HprojSA,0.9418373703956604,6
2780,HprojSA,0.9253889918327332,6
2781,HprojSA,0.8697720766067505,7
2782,HprojSA,0.894830048084259,7
2783,HprojSA,0.831291675567627,7
2784,HprojSA,0.8108800649642944,8
2785,HprojSA,0.9218314290046692,6
2786,HprojSA,0.8806315064430237,7
2787,HprojSA,0.9162489771842957,7
2788,HprojSA,0.8981461524963379,7
2789,HprojSA,0.7510743141174316,7
2790,HprojSA,0.8218010663986206,7
2791,HprojSA,0.9104782938957214,6
2792,HprojSA,0.9243418574333192,6
2793,HprojSA,0.8681873679161072,6
2794,HprojSA,0.9602644443511964,3
2795,HprojSA,0.9324555397033693,3
2796,HprojSA,0.9310855269432068,3
2797,HprojSA,0.9397797584533693,3
2798,HprojSA,0.9262478947639464,3
2799,HprojSA,0.8155071139335632,3
2800,HprojSA,0.729470431804657,4
2801,HprojSA,0.9154433012008668,4
2802,HprojSA,0.9614822268486024,3
2803,HprojSA,0.9608006477355956,3
2804,HprojSA,0.796326756477356,2
2805,HprojSA,0.8727474212646484,2
2806,HprojSA,0.8529218435287476,2
2807,HprojSA,0.8625947833061218,2
2808,HprojSA,0.8871197700500488,2
2809,HprojSA,0.8519666194915771,2
2810,HprojSA,0.7467963695526123,2
2811,HprojSA,0.5714285969734192,1
2812,HprojSA,0.7118644118309021,1
2813,HprojSA,0.4067796468734741,1
2814,HprojSA,0.4482758641242981,1
2815,HprojSA,0.5600000023841858,1
2816,HprojSA,0.6875,1
2817,HprojSA,0.90625,1
2818,HprojSA,0.9073171019554138,1
2819,HprojSA,0.84375,1
2820,HprojSA,0.843317985534668,1
2821,HprojSA,0.7085714340209961,1
2822,HprojSA,0.7521793246269226,1
2823,HprojSA,0.8866442441940308,1
2824,HprojSA,0.6352941393852234,1
2825,HprojSA,0.9622641801834106,1
2826,HprojSA,0.9814814925193788,1
2827,HprojSA,0.9950000047683716,1
2828,HprojSA,0.953125,1
2829,HprojSA,0.9681050777435304,1
2830,HprojSA,0.9214946627616882,3
2831,HprojSA,0.9561629891395568,3
2832,HprojSA,0.9422339797019958,3
2833,HprojSA,0.9472456574440002,3
2834,HprojSA,0.9385711550712584,3
2835,HprojSA,0.8745366334915161,4
2836,HprojSA,0.8522257804870605,4
2837,HprojSA,0.902795672416687,4
2838,HprojSA,0.8519093990325928,4
2839,HprojSA,0.8563503623008728,4
2840,HprojSA,0.847008228302002,5
2841,HprojSA,0.8310192823410034,5
2842,HprojSA,0.8516009449958801,7
2843,HprojSA,0.8923875093460083,7
2844,HprojSA,0.8624929785728455,7
2845,HprojSA,0.8739041090011597,7
2846,HprojSA,0.8604030609130859,7
2847,HprojSA,0.6816556453704834,8
2848,HprojSA,0.8073946833610535,7
2849,HprojSA,0.799837589263916,5
2850,HprojSA,0.9088864326477052,5
2851,HprojSA,0.8576629757881165,6
2852,HprojSA,0.7646125555038452,5
2853,HprojSA,0.9311169385910034,4
2854,HprojSA,0.8941892385482788,5
2855,HprojSA,0.9411303997039796,4
2856,HprojSA,0.9421980381011964,4
2857,HprojSA,0.9381670355796814,3
2858,HprojSA,0.93495512008667,3
2859,HprojSA,0.945225715637207,2
2860,HprojSA,0.948447287082672,2
2861,HprojSA,0.9187469482421876,2
2862,HprojSA,0.970993995666504,2
2863,HprojSA,0.8956822156906128,2
2864,HprojSA,0.9545615911483764,2
2865,HprojSA,0.8894062042236328,2
2866,HprojSA,0.8512381315231323,2
2867,HprojSA,0.860054612159729,2
2868,HprojSA,0.7656185030937195,2
2869,HprojSA,0.7131555080413818,2
2870,HprojSA,0.8292682766914368,1
2871,HprojSA,0.8636363744735718,1
2872,HprojSA,0.6222222447395325,1
2873,HprojSA,0.7692307829856873,1
2874,HprojSA,0.800000011920929,1
2875,HprojSA,0.6111111044883728,1
2876,HprojSA,0.2641509473323822,1
2877,HprojSA,0.937062919139862,1
2878,HprojSA,0.8819875717163086,1
2879,HprojSA,0.8702757954597473,1
2880,HprojSA,0.8769230842590332,1
2881,HprojSA,0.8959338665008545,1
2882,HprojSA,0.9368635416030884,1
2883,HprojSA,0.945147693157196,1
2884,HprojSA,0.9254209995269777,1
2885,HprojSA,0.9020901918411256,1
2886,HprojSA,0.9452449679374696,1
2887,HprojSA,0.9525691866874696,1
2888,HprojSA,0.7058823704719543,1
2889,HprojSA,0.9717513918876648,1
2890,HprojSA,0.966216206550598,1
2891,HprojSA,0.964200496673584,1
2892,HprojSA,0.4750957787036896,2
2893,HprojSA,0.9074047803878784,2
2894,HprojSA,0.9477875232696532,2
2895,HprojSA,0.7407824993133545,3
2896,HprojSA,0.8257116675376892,3
2897,HprojSA,0.8018794655799866,3
2898,HprojSA,0.8260307908058167,3
2899,HprojSA,0.8147667050361633,3
2900,HprojSA,0.5678470730781555,4
2901,HprojSA,0.606131374835968,4
2902,HprojSA,0.6075182557106018,5
2903,HprojSA,0.714777410030365,5
2904,HprojSA,0.6637115478515625,5
2905,HprojSA,0.6531419157981873,5
2906,HprojSA,0.6231881976127625,6
2907,HprojSA,0.705950915813446,7
2908,HprojSA,0.7810186743736267,7
2909,HprojSA,0.8488778471946716,6
2910,HprojSA,0.8848896622657776,6
2911,HprojSA,0.8032978177070618,7
2912,HprojSA,0.8487837910652161,7
2913,HprojSA,0.762333869934082,6
2914,HprojSA,0.7058553695678711,6
2915,HprojSA,0.6747352480888367,5
2916,HprojSA,0.6789019107818604,5
2917,HprojSA,0.610382080078125,5
2918,HprojSA,0.7048784494400024,4
2919,HprojSA,0.7196812033653259,4
2920,HprojSA,0.8070575594902039,5
2921,HprojSA,0.7855230569839478,5
2922,HprojSA,0.6944493055343628,4
2923,HprojSA,0.9186343550682068,3
2924,HprojSA,0.9166503548622132,3
2925,HprojSA,0.9291215538978576,3
2926,HprojSA,0.7845775485038757,3
2927,HprojSA,0.7210025787353516,2
2928,HprojSA,0.6274968385696411,2
2929,HprojSA,0.8992851972579956,2
2930,HprojSA,0.8026028871536255,2
2931,HprojSA,0.8192756175994873,2
2932,HprojSA,0.878597617149353,2
2933,HprojSA,0.8213333487510681,2
2934,HprojSA,0.8041487336158752,2
2935,HprojSA,0.8436012268066406,2
2936,HprojSA,0.8125,1
2937,HprojSA,0.6870229244232178,1
2938,HprojSA,0.850649356842041,1
2939,HprojSA,0.6468842625617981,1
2940,HprojSA,0.4444444477558136,1
2941,HprojSA,0.9152542352676392,1
2942,HprojSA,0.8146789073944092,1
2943,HprojSA,0.4871794879436493,1
2944,HprojSA,0.8337469100952148,1
2945,HprojSA,0.8515949845314026,1
2946,HprojSA,0.8960499167442322,1
2947,HprojSA,0.8967213034629822,1
2948,HprojSA,0.9514335989952089,1
2949,HprojSA,0.9190263152122498,1
2950,HprojSA,0.961240291595459,1
2951,HprojSA,0.9358460307121276,1
2952,HprojSA,0.945344865322113,1
2953,HprojSA,0.9400818943977356,1
2954,HprojSA,0.8052360415458679,1
2955,HprojSA,0.8682000637054443,1
2956,HprojSA,0.8874505758285522,1
2957,HprojSA,0.850811243057251,2
2958,HprojSA,0.8706679344177246,3
2959,HprojSA,0.8167781233787537,4
2960,HprojSA,0.8116568326950073,4
2961,HprojSA,0.8313976526260376,4
2962,HprojSA,0.6479066014289856,6
2963,HprojSA,0.837091863155365,7
2964,HprojSA,0.8159787058830261,7
2965,HprojSA,0.8417238593101501,7
2966,HprojSA,0.8357093930244446,7
2967,HprojSA,0.8326941728591919,7
2968,HprojSA,0.8933776021003723,7
2969,HprojSA,0.8612281084060669,7
2970,HprojSA,0.7283602952957153,7
2971,HprojSA,0.7895856499671936,6
2972,HprojSA,0.9034759998321532,6
2973,HprojSA,0.8727731108665466,6
2974,HprojSA,0.6959259510040283,8
2975,HprojSA,0.7884830832481384,7
2976,HprojSA,0.8970098495483398,5
2977,HprojSA,0.8847982287406921,5
2978,HprojSA,0.7452055811882019,6
2979,HprojSA,0.6733348965644836,6
2980,HprojSA,0.8058983683586121,5
2981,HprojSA,0.8787549138069153,4
2982,HprojSA,0.8773270845413208,4
2983,HprojSA,0.6508673429489136,4
2984,HprojSA,0.7905279397964478,2
2985,HprojSA,0.7628865838050842,1
2986,HprojSA,0.9189189076423644,1
2987,HprojSA,0.942148745059967,1
2988,HprojSA,0.9174311757087708,1
2989,HprojSA,0.9747899174690248,1
2990,HprojSA,0.8037382960319519,1
2991,HprojSA,0.9074074029922484,1
2992,HprojSA,0.9514563083648682,1
2993,HprojSA,0.9320388436317444,1
2994,HprojSA,0.875,1
2995,HprojSA,0.9158878326416016,1
2996,HprojSA,0.9200000166893004,1
2997,HprojSA,0.8888888955116272,1
2998,HprojSA,0.8674699068069458,1
2999,HprojSA,0.8831169009208679,1
3000,HprojSA,0.8266666531562805,1
3001,HprojSA,0.8539325594902039,1
3002,HprojSA,0.8453608155250549,1
3003,HprojSA,0.6829268336296082,1
3004,HprojSA,0.6373626589775085,1
3005,HprojSA,0.8571428656578064,1
3006,HprojSA,0.5744680762290955,1
3007,HprojSA,0.3956044018268585,1
3008,HprojSA,0.0909090936183929,1
3009,HprojSA,0.0571428574621677,1
3010,HprojSA,0.1076923087239265,1
3011,HprojSA,1.2345678923608714e-09,1
3012,HprojSA,0.395348846912384,1
3013,HprojSA,0.6760563254356384,1
3014,HprojSA,0.5977011322975159,1
3015,HprojSA,0.6216216087341309,1
3016,HprojSA,0.6557376980781555,1
3017,HprojSA,0.7333333492279053,1
3018,HprojSA,0.9066666960716248,1
3019,HprojSA,0.8500000238418579,1
3020,HprojSA,0.7777777910232544,1
3021,HprojSA,0.7710843086242676,1
3022,HprojSA,0.837837815284729,1
3023,HprojSA,0.7792207598686218,1
3024,HprojSA,0.8354430198669434,1
3025,HprojSA,0.8095238208770752,1
3026,HprojSA,0.7837837934494019,1
3027,HprojSA,0.2745098173618316,1
3028,HprojSA,0.6938775777816772,1
3029,HprojSA,0.6285714507102966,1
3030,HprojSA,0.6835442781448364,1
3031,HprojSA,0.8712871074676514,1
3032,HprojSA,0.9230769276618958,1
3033,HprojSA,0.9535353779792786,1
3034,HprojSA,0.9343246817588806,1
3035,HprojSA,0.6517119407653809,1
3036,HprojSA,0.6359143257141113,1
3037,HprojSA,0.698481559753418,1
3038,HprojSA,0.6963788270950317,1
3039,HprojSA,0.4123711287975311,1
3040,HprojSA,0.4892703890800476,1
3041,HprojSA,0.6169491410255432,1
3042,HprojSA,0.7428467869758606,3
3043,HprojSA,0.8428811430931091,3
3044,HprojSA,0.8906548619270325,4
3045,HprojSA,0.8520936369895935,6
3046,HprojSA,0.7406563758850098,7
3047,HprojSA,0.8571876883506775,7
3048,HprojSA,0.8613080382347107,7
3049,HprojSA,0.773619532585144,7
3050,HprojSA,0.7869370579719543,7
3051,HprojSA,0.7977132797241211,7
3052,HprojSA,0.7488936185836792,7
3053,HprojSA,0.7567275166511536,7
3054,HprojSA,0.8283497095108032,8
3055,HprojSA,0.8964057564735413,7
3056,HprojSA,0.871521532535553,7
3057,HprojSA,0.8850056529045105,6
3058,HprojSA,0.9146266579627992,6
3059,HprojSA,0.8874621987342834,7
3060,HprojSA,0.9054690599441528,7
3061,HprojSA,0.9278581738471984,6
3062,HprojSA,0.815826416015625,7
3063,HprojSA,0.7614073157310486,7
3064,HprojSA,0.7596145272254944,7
3065,HprojSA,0.7067616581916809,6
3066,HprojSA,0.8059422373771667,4
3067,HprojSA,0.7225889563560486,4
3068,HprojSA,0.9636792540550232,3
3069,HprojSA,0.9651804566383362,3
3070,HprojSA,0.939648687839508,3
3071,HprojSA,0.9076929688453674,4
3072,HprojSA,0.9054951667785645,3
3073,HprojSA,0.8587824106216431,2
3074,HprojSA,0.8881857991218567,2
3075,HprojSA,0.8335974812507629,1
3076,HprojSA,0.9342105388641356,1
3077,HprojSA,0.9425939321517944,1
3078,HprojSA,0.951102614402771,1
3079,HprojSA,0.6421052813529968,1
3080,HprojSA,0.7272727489471436,1
3081,HprojSA,0.9230769276618958,1
3082,HprojSA,0.9550173282623292,1
3083,HprojSA,0.915730357170105,1
3084,HprojSA,0.9091593027114868,2
3085,HprojSA,0.8672887682914734,3
3086,HprojSA,0.8736211657524109,3
3087,HprojSA,0.918346345424652,3
3088,HprojSA,0.8921607136726379,3
3089,HprojSA,0.8747016787528992,3
3090,HprojSA,0.7891234755516052,3
3091,HprojSA,0.7387476563453674,4
3092,HprojSA,0.7657721042633057,5
3093,HprojSA,0.8496353030204773,5
3094,HprojSA,0.8691771626472473,5
3095,HprojSA,0.7690985798835754,5
3096,HprojSA,0.8351706862449646,6
3097,HprojSA,0.7505975365638733,7
3098,HprojSA,0.781761109828949,8
3099,HprojSA,0.8397770524024963,8
3100,HprojSA,0.906370997428894,8
3101,HprojSA,0.8127286434173584,9
3102,HprojSA,0.7725474834442139,9
3103,HprojSA,0.6475933790206909,7
3104,HprojSA,0.755668580532074,8
3105,HprojSA,0.8813160061836243,6
3106,HprojSA,0.8842675089836121,6
3107,HprojSA,0.9277008175849916,5
3108,HprojSA,0.9158201217651368,5
3109,HprojSA,0.8189590573310852,5
3110,HprojSA,0.8924837112426758,5
3111,HprojSA,0.9005605578422546,5
3112,HprojSA,0.8661894798278809,5
3113,HprojSA,0.8855425119400024,4
3114,HprojSA,0.7035410404205322,4
3115,HprojSA,0.7001965045928955,4
3116,HprojSA,0.6564590930938721,4
3117,HprojSA,0.6164059042930603,3
3118,HprojSA,0.6155439019203186,3
3119,HprojSA,0.941531538963318,2
3120,HprojSA,0.90453839302063,2
3121,HprojSA,0.8023163676261902,2
3122,HprojSA,0.761721134185791,2
3123,HprojSA,0.9846153855323792,1
3124,HprojSA,0.888283371925354,1
3125,HprojSA,0.9635468125343324,1
3126,HprojSA,0.9861496090888976,1
3127,HprojSA,0.9839640855789183,1
3128,HprojSA,0.9785661697387696,1
3129,HprojSA,0.8571428656578064,1
3130,HprojSA,0.8461538553237915,1
3131,HprojSA,0.9466649889945984,2
3132,HprojSA,0.9737837314605712,2
3133,HprojSA,0.9856234788894652,2
3134,HprojSA,0.8719021081924438,4
3135,HprojSA,0.9519157409667968,4
3136,HprojSA,0.7693220973014832,5
3137,HprojSA,0.8355950117111206,5
3138,HprojSA,0.8771101236343384,5
3139,HprojSA,0.863987147808075,6
3140,HprojSA,0.8908238410949707,7
3141,HprojSA,0.9208096265792848,7
3142,HprojSA,0.8802574276924133,8
3143,HprojSA,0.9242173433303832,8
3144,HprojSA,0.9564664363861084,8
3145,HprojSA,0.8778298497200012,9
3146,HprojSA,0.898147702217102,9
3147,HprojSA,0.8838622570037842,9
3148,HprojSA,0.8786838054656982,9
3149,HprojSA,0.9232341051101683,7
3150,HprojSA,0.902598202228546,7
3151,HprojSA,0.6798931956291199,6
3152,HprojSA,0.8940436840057373,4
3153,HprojSA,0.9777722358703612,3
3154,HprojSA,0.9675283432006836,3
3155,HprojSA,0.9710360169410706,3
3156,HprojSA,0.8805685043334961,4
3157,HprojSA,0.9427873492240906,4
3158,HprojSA,0.7246038317680359,4
3159,HprojSA,0.9241303205490112,2
3160,HprojSA,0.9650448560714722,2
3161,HprojSA,0.910136342048645,2
3162,HprojSA,0.8424242734909058,2
3163,HprojSA,0.901098906993866,1
3164,HprojSA,0.8636363744735718,1
3165,HprojSA,0.8275862336158752,1
3166,HprojSA,0.6538461446762085,1
3167,HprojSA,0.4255319237709045,1
3168,HprojSA,0.922013819217682,1
3169,HprojSA,0.9477422833442688,1
3170,HprojSA,0.9387491941452026,1
3171,HprojSA,0.9632017016410828,1
3172,HprojSA,0.9599594473838806,1
3173,HprojSA,0.95533686876297,1
3174,HprojSA,0.9404761791229248,1
3175,HprojSA,0.91672545671463,1
3176,HprojSA,0.8463128805160522,1
3177,HprojSA,3.6900368871606304e-10,1
3178,HprojSA,0.7368420958518982,1
3179,HprojSA,0.8857898116111755,2
3180,HprojSA,0.8809141516685486,3
3181,HprojSA,0.9125053882598876,3
3182,HprojSA,0.9347093105316162,3
3183,HprojSA,0.932985782623291,3
3184,HprojSA,0.8399457335472107,3
3185,HprojSA,0.8592798709869385,4
3186,HprojSA,0.818793773651123,5
3187,HprojSA,0.8430968523025513,5
3188,HprojSA,0.8966659307479858,5
3189,HprojSA,0.9268032312393188,5
3190,HprojSA,0.826235830783844,6
3191,HprojSA,0.7997202277183533,7
3192,HprojSA,0.8317668437957764,8
3193,HprojSA,0.8533337116241455,9
3194,HprojSA,0.8413424491882324,9
3195,HprojSA,0.9067448377609252,9
3196,HprojSA,0.8712613582611084,9
3197,HprojSA,0.8068047165870667,9
3198,HprojSA,0.7570931315422058,6
3199,HprojSA,0.8750290870666504,4
3200,HprojSA,0.7159419655799866,4
3201,HprojSA,0.928842544555664,3
3202,HprojSA,0.9357442259788512,3
3203,HprojSA,0.920628011226654,3
3204,HprojSA,0.9555392861366272,3
3205,HprojSA,0.7649338841438293,2
3206,HprojSA,0.8119919300079346,2
3207,HprojSA,0.4781818091869354,2
3208,HprojSA,0.9325825572013856,2
3209,HprojSA,0.8738256692886353,2
3210,HprojSA,0.9152956008911132,2
3211,HprojSA,0.9402235746383668,2
3212,HprojSA,0.8806584477424622,1
3213,HprojSA,0.8975609540939331,1
3214,HprojSA,0.927374303340912,1
3215,HprojSA,0.887417197227478,1
3216,HprojSA,0.5170068144798279,1
3217,HprojSA,0.5196078419685364,1
3218,HprojSA,0.8565264344215393,1
3219,HprojSA,0.8790560364723206,1
3220,HprojSA,0.9140225052833556,1
3221,HprojSA,0.9416435360908508,1
3222,HprojSA,0.960598886013031,1
3223,HprojSA,0.9709848761558532,1
3224,HprojSA,0.9028435945510864,1
3225,HprojSA,0.7987679839134216,1
3226,HprojSA,0.8096154928207397,2
3227,HprojSA,0.732041597366333,2
3228,HprojSA,0.6003605127334595,3
3229,HprojSA,0.7165080904960632,3
3230,HprojSA,0.6477388739585876,3
3231,HprojSA,0.9182796478271484,3
3232,HprojSA,0.929337739944458,4
3233,HprojSA,0.9197503924369812,5
3234,HprojSA,0.8648611903190613,6
3235,HprojSA,0.8611111640930176,6
3236,HprojSA,0.8554938435554504,6
3237,HprojSA,0.8774842619895935,6
3238,HprojSA,0.8670173287391663,7
3239,HprojSA,0.8783352971076965,7
3240,HprojSA,0.8555672764778137,7
3241,HprojSA,0.8827393651008606,7
3242,HprojSA,0.8231093883514404,8
3243,HprojSA,0.8652206063270569,7
3244,HprojSA,0.8292765021324158,8
3245,HprojSA,0.8051114678382874,8
3246,HprojSA,0.8397092819213867,7
3247,HprojSA,0.9072789549827576,6
3248,HprojSA,0.9004071354866028,6
3249,HprojSA,0.8372514247894287,6
3250,HprojSA,0.6657721400260925,5
3251,HprojSA,0.9530594944953918,3
3252,HprojSA,0.9537696242332458,3
3253,HprojSA,0.9558699131011964,3
3254,HprojSA,0.9623376727104188,3
3255,HprojSA,0.9614788889884948,3
3256,HprojSA,0.9555826783180236,3
3257,HprojSA,0.9114542603492736,3
3258,HprojSA,0.9263761043548584,2
3259,HprojSA,0.8343192338943481,2
3260,HprojSA,0.7724356651306152,2
3261,HprojSA,0.4301075339317322,2
3262,HprojSA,0.4220183491706848,1
3263,HprojSA,0.868852436542511,1
3264,HprojSA,0.868852436542511,1
3265,HprojSA,0.782608687877655,1
3266,HprojSA,0.8247422575950623,1
3267,HprojSA,0.6969696879386902,1
3268,HprojSA,0.800000011920929,1
3269,HprojSA,0.6274510025978088,1
3270,HprojSA,0.7017543911933899,1
3271,HprojSA,0.7317073345184326,1
3272,HprojSA,0.6666666865348816,1
3273,HprojSA,0.7368420958518982,1
3274,HprojSA,0.9624413251876832,1
3275,HprojSA,0.9411764740943908,1
3276,HprojSA,0.8453410267829895,1
3277,HprojSA,0.7231467366218567,1
3278,HprojSA,0.338709682226181,1
3279,HprojSA,0.7829889059066772,2
3280,HprojSA,0.7481040358543396,2
3281,HprojSA,0.7988579273223877,3
3282,HprojSA,0.87849360704422,3
3283,HprojSA,0.905485212802887,4
3284,HprojSA,0.9321212768554688,4
3285,HprojSA,0.9557325839996338,4
3286,HprojSA,0.9611147046089172,4
3287,HprojSA,0.9432669281959534,4
3288,HprojSA,0.8208184242248535,5
3289,HprojSA,0.8219671249389648,5
3290,HprojSA,0.8182412981987,5
3291,HprojSA,0.8183291554450989,5
3292,HprojSA,0.8273127675056458,5
3293,HprojSA,0.8316009044647217,6
3294,HprojSA,0.9056993126869202,6
3295,HprojSA,0.8707855343818665,6
3296,HprojSA,0.8849679827690125,7
3297,HprojSA,0.8754765391349792,7
3298,HprojSA,0.8487836122512817,8
3299,HprojSA,0.8087686896324158,9
3300,HprojSA,0.8783237934112549,9
3301,HprojSA,0.855595588684082,10
3302,HprojSA,0.783409833908081,10
3303,HprojSA,0.8642382621765137,8
3304,HprojSA,0.855584979057312,7
3305,HprojSA,0.8731976747512817,7
3306,HprojSA,0.7664971351623535,6
3307,HprojSA,0.923356294631958,4
3308,HprojSA,0.9636163711547852,3
3309,HprojSA,0.9738902449607848,3
3310,HprojSA,0.97437983751297,3
3311,HprojSA,0.9713072180747986,3
3312,HprojSA,0.8912103176116943,4
3313,HprojSA,0.94589102268219,4
3314,HprojSA,0.9188649654388428,4
3315,HprojSA,0.6508875489234924,1
3316,HprojSA,0.9215189814567566,1
3317,HprojSA,0.9028435945510864,1
3318,HprojSA,0.9365079402923584,1
3319,HprojSA,0.9550264477729796,1
3320,HprojSA,0.9542334079742432,1
3321,HprojSA,0.9364461898803712,1
3322,HprojSA,0.9738923907279968,1
3323,HprojSA,0.9539607167243958,1
3324,HprojSA,0.9530726075172424,1
3325,HprojSA,0.9687102437019348,1
3326,HprojSA,0.954201877117157,1
3327,HprojSA,0.9521045088768004,1
3328,HprojSA,0.9692662358283995,1
3329,HprojSA,0.9681572914123536,1
3330,HprojSA,0.9731601476669312,1
3331,HprojSA,0.9553617238998412,1
3332,HprojSA,0.9754971861839294,1
3333,HprojSA,0.9630606770515442,1
3334,HprojSA,0.923743486404419,1
3335,HprojSA,0.8846482634544373,1
3336,HprojSA,0.7778950929641724,1
3337,HprojSA,0.8393829464912415,1
3338,HprojSA,0.8616462349891663,1
3339,HprojSA,0.646080732345581,1
3340,HprojSA,0.8979591727256775,1
3341,HprojSA,0.9595959782600404,1
3342,HprojSA,0.9526066184043884,1
3343,HprojSA,0.961474061012268,1
3344,HprojSA,0.955974817276001,1
3345,HprojSA,0.9810945391654968,1
3346,HprojSA,0.7099671363830566,2
3347,HprojSA,0.7088648080825806,2
3348,HprojSA,0.7516794204711914,2
3349,HprojSA,0.8159054517745972,2
3350,HprojSA,0.8274543881416321,2
3351,HprojSA,0.7829294204711914,2
3352,HprojSA,0.6231966614723206,3
3353,HprojSA,0.6322668194770813,3
3354,HprojSA,0.7261994481086731,4
3355,HprojSA,0.8359145522117615,4
3356,HprojSA,0.688767671585083,6
3357,HprojSA,0.6841030120849609,6
3358,HprojSA,0.8562504649162292,6
3359,HprojSA,0.8059229850769043,7
3360,HprojSA,0.8491359353065491,7
3361,HprojSA,0.8510130643844604,7
3362,HprojSA,0.8647519946098328,7
3363,HprojSA,0.8822389245033264,7
3364,HprojSA,0.8730759024620056,7
3365,HprojSA,0.8782535791397095,7
3366,HprojSA,0.8371996283531189,7
3367,HprojSA,0.8027173280715942,7
3368,HprojSA,0.8257924914360046,7
3369,HprojSA,0.8170557022094727,7
3370,HprojSA,0.8285954594612122,7
3371,HprojSA,0.8111600875854492,7
3372,HprojSA,0.8276523351669312,7
3373,HprojSA,0.859080970287323,7
3374,HprojSA,0.8371433615684509,7
3375,HprojSA,0.850554883480072,7
3376,HprojSA,0.8771716356277466,7
3377,HprojSA,0.8232176899909973,7
3378,HprojSA,0.8754253387451172,7
3379,HprojSA,0.8279187083244324,7
3380,HprojSA,0.8507344126701355,7
3381,HprojSA,0.8688151240348816,7
3382,HprojSA,0.8572837114334106,8
3383,HprojSA,0.8710901737213135,8
3384,HprojSA,0.8352074027061462,8
3385,HprojSA,0.8520970344543457,7
3386,HprojSA,0.8891042470932007,7
3387,HprojSA,0.8255661725997925,8
3388,HprojSA,0.8639453053474426,9
3389,HprojSA,0.869032621383667,9
3390,HprojSA,0.9044105410575868,8
3391,HprojSA,0.8668208122253418,8
3392,HprojSA,0.8691513538360596,8
3393,HprojSA,0.8888049125671387,7
3394,HprojSA,0.8803265690803528,7
3395,HprojSA,0.8433407545089722,7
3396,HprojSA,0.8798144459724426,7
3397,HprojSA,0.8381280899047852,7
3398,HprojSA,0.916902244091034,6
3399,HprojSA,0.8971825242042542,6
3400,HprojSA,0.9099462628364564,6
3401,HprojSA,0.7610740065574646,6
3402,HprojSA,0.7061201930046082,6
3403,HprojSA,0.6540324091911316,6
3404,HprojSA,0.7997638583183289,6
3405,HprojSA,0.6315179467201233,5
3406,HprojSA,0.821280300617218,4
3407,HprojSA,0.9578842520713806,3
3408,HprojSA,0.9699413776397704,3
3409,HprojSA,0.972021758556366,3
3410,HprojSA,0.8983349800109863,4
3411,HprojSA,0.9215445518493652,4
3412,HprojSA,0.9149991273880004,4
3413,HprojSA,0.929826319217682,4
3414,HprojSA,0.9052911400794984,4
3415,HprojSA,0.9014652371406556,4
3416,HprojSA,0.8948660492897034,4
3417,HprojSA,0.9272043704986572,4
3418,HprojSA,0.9386858940124512,4
3419,HprojSA,0.9049780368804932,4
3420,HprojSA,0.9249163866043092,4
3421,HprojSA,0.8396148681640625,4
3422,HprojSA,0.9299747347831726,3
3423,HprojSA,0.8863980174064636,3
3424,HprojSA,0.7348799109458923,3
3425,HprojSA,0.9263466596603394,2
3426,HprojSA,0.8744194507598877,2
3427,HprojSA,0.8631578683853149,1
3428,HprojSA,0.7027027010917664,1
3429,HprojSA,0.7105262875556946,1
3430,HprojSA,0.8979591727256775,1
3431,HprojSA,0.9203540086746216,1
3432,HprojSA,0.9237770438194276,1
3433,HprojSA,0.9570478200912476,1
3434,HprojSA,0.980728030204773,1
3435,HprojSA,0.9909714460372924,1
3436,HprojSA,0.988219916820526,1
3437,HprojSA,0.990378439426422,1
3438,HprojSA,0.9924966096878052,1
3439,HprojSA,0.990417778491974,1
3440,HprojSA,0.9876893758773804,1
3441,HprojSA,0.8433962464332581,1
3442,HprojSA,0.7397260069847107,1
3443,HprojSA,0.6896551847457886,1
3444,HprojSA,0.9838709831237792,1
3445,HprojSA,0.9769144654273988,2
3446,HprojSA,0.9800467491149902,2
3447,HprojSA,0.9844939708709716,2
3448,HprojSA,0.9690701365470886,3
3449,HprojSA,0.9706850051879884,3
3450,HprojSA,0.9413540363311768,3
3451,HprojSA,0.9549137949943542,3
3452,HprojSA,0.882095992565155,5
3453,HprojSA,0.8797686696052551,5
3454,HprojSA,0.8445943593978882,5
3455,HprojSA,0.8984087705612183,5
3456,HprojSA,0.9224365949630736,5
3457,HprojSA,0.949556052684784,5
3458,HprojSA,0.8890994191169739,5
3459,HprojSA,0.8425225615501404,7
3460,HprojSA,0.9334293603897096,7
3461,HprojSA,0.9028030037879944,7
3462,HprojSA,0.9349846243858336,7
3463,HprojSA,0.8838098645210266,10
3464,HprojSA,0.9188121557235718,10
3465,HprojSA,0.9074835777282716,8
3466,HprojSA,0.8663548231124878,7
3467,HprojSA,0.8369104266166687,6
3468,HprojSA,0.94440895318985,4
3469,HprojSA,0.944526433944702,4
3470,HprojSA,0.9713134765625,3
3471,HprojSA,0.9704901576042176,3
3472,HprojSA,0.972282648086548,3
3473,HprojSA,0.9307547211647034,4
3474,HprojSA,0.9586546421051024,4
3475,HprojSA,0.9448022842407228,4
3476,HprojSA,0.9280147552490234,4
3477,HprojSA,0.9352586269378662,3
3478,HprojSA,0.913152515888214,3
3479,HprojSA,0.9540793895721436,2
3480,HprojSA,0.9733494520187378,2
3481,HprojSA,0.9680612087249756,2
3482,HprojSA,0.9710589647293092,2
3483,HprojSA,0.970058798789978,2
3484,HprojSA,0.9504878520965576,2
3485,HprojSA,0.9291338324546814,1
3486,HprojSA,0.9105691313743592,1
3487,HprojSA,0.904347836971283,1
3488,HprojSA,0.8510638475418091,1
3489,HprojSA,0.8461538553237915,1
3490,HprojSA,0.8732394576072693,1
3491,HprojSA,0.6666666865348816,1
3492,HprojSA,0.7755101919174194,1
3493,HprojSA,0.8235294222831726,1
3494,HprojSA,0.8732394576072693,1
3495,HprojSA,0.8817204236984253,1
3496,HprojSA,0.8865979313850403,1
3497,HprojSA,0.8444444537162781,1
3498,HprojSA,0.91566264629364,1
3499,HprojSA,0.89552241563797,1
3500,HprojSA,0.8387096524238586,1
3501,HprojSA,0.9473684430122375,1
3502,HprojSA,0.9066666960716248,1
3503,HprojSA,0.8723404407501221,1
3504,HprojSA,0.8870967626571655,1
3505,HprojSA,0.875,1
3506,HprojSA,0.7311828136444092,1
3507,HprojSA,0.7848101258277893,1
3508,HprojSA,0.7733333110809326,1
3509,HprojSA,0.9066666960716248,1
3510,HprojSA,0.8536585569381714,1
3511,HprojSA,0.8045976758003235,1
3512,HprojSA,0.8101266026496887,1
3513,HprojSA,0.7857142686843872,1
3514,HprojSA,0.5753424763679504,1
3515,HprojSA,0.5970149040222168,1
3516,HprojSA,0.7532467246055603,1
3517,HprojSA,0.8837209343910217,1
3518,HprojSA,0.9024389982223512,1
3519,HprojSA,0.8947368264198303,1
3520,HprojSA,0.7142857313156128,1
0,H1_seed43,0.8380462527275085,1
1,H1_seed43,0.859138548374176,1
2,H1_seed43,0.9738292098045348,1
3,H1_seed43,0.9665621519088744,1
4,H1_seed43,0.9802065491676332,1
5,H1_seed43,0.9842767119407654,1
6,H1_seed43,0.9879142045974731,1
7,H1_seed43,0.9867916703224182,1
8,H1_seed43,0.9361904859542848,1
9,H1_seed43,0.7828418016433716,1
10,H1_seed43,0.9727402925491332,1
11,H1_seed43,0.9507246613502502,1
12,H1_seed43,1.2500000146076218e-08,1
13,H1_seed43,0.9397590160369872,1
14,H1_seed43,0.9728260636329652,1
15,H1_seed43,0.8234127163887024,2
16,H1_seed43,0.8987680077552795,2
17,H1_seed43,0.8227249979972839,3
18,H1_seed43,0.8852510452270508,3
19,H1_seed43,0.8873987793922424,4
20,H1_seed43,0.925554096698761,4
21,H1_seed43,0.9495295286178588,4
22,H1_seed43,0.6998459100723267,5
23,H1_seed43,0.7897986769676208,6
24,H1_seed43,0.8491671681404114,6
25,H1_seed43,0.870567262172699,6
26,H1_seed43,0.8659356236457825,6
27,H1_seed43,0.7515580058097839,7
28,H1_seed43,0.7733267545700073,7
29,H1_seed43,0.833210825920105,7
30,H1_seed43,0.8443723917007446,7
31,H1_seed43,0.8207492232322693,7
32,H1_seed43,0.8800786733627319,8
33,H1_seed43,0.8281922340393066,8
34,H1_seed43,0.7801775336265564,6
35,H1_seed43,0.8120650053024292,7
36,H1_seed43,0.8361526131629944,7
37,H1_seed43,0.8804536461830139,7
38,H1_seed43,0.8319552540779114,7
39,H1_seed43,0.7731176018714905,6
40,H1_seed43,0.7685253024101257,6
41,H1_seed43,0.5847190618515015,5
42,H1_seed43,0.7332231402397156,4
43,H1_seed43,0.9745226502418518,3
44,H1_seed43,0.8230194449424744,4
45,H1_seed43,0.8546081185340881,4
46,H1_seed43,0.9470857977867126,4
47,H1_seed43,0.9170821905136108,4
48,H1_seed43,0.7668393850326538,1
49,H1_seed43,0.8219178318977356,1
50,H1_seed43,0.3816092014312744,1
51,H1_seed43,0.2395209521055221,1
52,H1_seed43,2.3584906250206927e-10,1
53,H1_seed43,3.7174721634336544e-10,1
54,H1_seed43,2.4449878233134825e-10,1
55,H1_seed43,2.1276596040564755e-09,1
56,H1_seed43,0.5274509787559509,2
57,H1_seed43,0.68522709608078,2
58,H1_seed43,0.7123663425445557,2
59,H1_seed43,0.6473075151443481,2
60,H1_seed43,0.5247597694396973,3
61,H1_seed43,0.5958923101425171,4
62,H1_seed43,0.7062323689460754,5
63,H1_seed43,0.778474748134613,5
64,H1_seed43,0.7168779373168945,5
65,H1_seed43,0.7143079042434692,5
66,H1_seed43,0.8237751722335815,5
67,H1_seed43,0.745919406414032,6
68,H1_seed43,0.6777356266975403,7
69,H1_seed43,0.6389210820198059,7
70,H1_seed43,0.6868793964385986,8
71,H1_seed43,0.7023361325263977,8
72,H1_seed43,0.6453087329864502,9
73,H1_seed43,0.8212622404098511,8
74,H1_seed43,0.7509883642196655,9
75,H1_seed43,0.6377453207969666,9
76,H1_seed43,0.7085474133491516,8
77,H1_seed43,0.6432684063911438,7
78,H1_seed43,0.6663374304771423,6
79,H1_seed43,0.6370893120765686,5
80,H1_seed43,0.929573893547058,4
81,H1_seed43,0.7977042198181152,4
82,H1_seed43,0.9400697350502014,3
83,H1_seed43,0.8893184661865234,3
84,H1_seed43,0.7093369960784912,4
85,H1_seed43,0.5752661228179932,4
86,H1_seed43,0.6023687720298767,3
87,H1_seed43,0.6482821106910706,2
88,H1_seed43,0.6308630704879761,2
89,H1_seed43,0.634401798248291,2
90,H1_seed43,0.2878573834896087,2
91,H1_seed43,0.5581395626068115,1
92,H1_seed43,0.7878788113594055,1
93,H1_seed43,0.3673469424247741,1
94,H1_seed43,0.800000011920929,1
95,H1_seed43,0.2666666805744171,1
96,H1_seed43,0.1666666716337204,1
97,H1_seed43,0.1333333402872085,1
98,H1_seed43,4.1666665673290035e-09,1
99,H1_seed43,0.1000000014901161,1
100,H1_seed43,0.2857142984867096,1
101,H1_seed43,0.1739130467176437,1
102,H1_seed43,0.5555555820465088,1
103,H1_seed43,0.529411792755127,1
104,H1_seed43,0.6666666865348816,1
105,H1_seed43,0.5806451439857483,1
106,H1_seed43,0.3529411852359772,1
107,H1_seed43,9.99999993922529e-09,1
108,H1_seed43,8.333333134658005e-09,1
109,H1_seed43,0.6857143044471741,1
110,H1_seed43,0.6666666865348816,1
111,H1_seed43,0.5600000023841858,1
112,H1_seed43,0.6000000238418579,1
113,H1_seed43,0.4444444477558136,1
114,H1_seed43,0.5142857432365417,1
115,H1_seed43,0.5806451439857483,1
116,H1_seed43,0.4516128897666931,1
117,H1_seed43,0.6486486196517944,1
118,H1_seed43,0.5641025900840759,1
119,H1_seed43,0.6000000238418579,1
120,H1_seed43,0.5714285969734192,1
121,H1_seed43,0.1739130467176437,1
122,H1_seed43,0.3333333432674408,1
123,H1_seed43,0.5,1
124,H1_seed43,0.32231405377388,1
125,H1_seed43,0.3733905553817749,1
126,H1_seed43,0.939481258392334,1
127,H1_seed43,0.9579242467880248,1
128,H1_seed43,0.975445032119751,1
129,H1_seed43,0.967624008655548,1
130,H1_seed43,0.976956307888031,1
131,H1_seed43,0.8746411204338074,1
132,H1_seed43,0.7234936952590942,1
133,H1_seed43,0.5799185037612915,1
134,H1_seed43,0.4377659559249878,1
135,H1_seed43,0.3193373382091522,1
136,H1_seed43,0.1159917637705802,1
137,H1_seed43,0.9142119884490968,2
138,H1_seed43,0.7629364132881165,3
139,H1_seed43,0.9339253306388856,3
140,H1_seed43,0.9258739948272704,3
141,H1_seed43,0.8957074284553528,3
142,H1_seed43,0.9054732322692872,3
143,H1_seed43,0.8994317650794983,3
144,H1_seed43,0.900838315486908,3
145,H1_seed43,0.8590899109840393,3
146,H1_seed43,0.8709835410118103,3
147,H1_seed43,0.90360689163208,3
148,H1_seed43,0.8974916338920593,3
149,H1_seed43,0.9167156219482422,3
150,H1_seed43,0.9272680282592772,3
151,H1_seed43,0.9177780151367188,3
152,H1_seed43,0.922180712223053,3
153,H1_seed43,0.8392901420593262,4
154,H1_seed43,0.8662640452384949,4
155,H1_seed43,0.8702885508537292,4
156,H1_seed43,0.8405518531799316,6
157,H1_seed43,0.931040585041046,6
158,H1_seed43,0.9044229984283448,6
159,H1_seed43,0.9378867745399476,6
160,H1_seed43,0.891119658946991,6
161,H1_seed43,0.8980329036712646,6
162,H1_seed43,0.9013378024101256,6
163,H1_seed43,0.8790968060493469,6
164,H1_seed43,0.9341172575950624,6
165,H1_seed43,0.9182054400444032,6
166,H1_seed43,0.9171833992004396,6
167,H1_seed43,0.9250640869140624,6
168,H1_seed43,0.8523280024528503,7
169,H1_seed43,0.8794834017753601,7
170,H1_seed43,0.8915877342224121,7
171,H1_seed43,0.8885256052017212,7
172,H1_seed43,0.93049293756485,7
173,H1_seed43,0.8974360227584839,7
174,H1_seed43,0.8045287728309631,7
175,H1_seed43,0.7143205404281616,8
176,H1_seed43,0.7562639713287354,8
177,H1_seed43,0.7795465588569641,8
178,H1_seed43,0.7012603282928467,9
179,H1_seed43,0.7112546563148499,9
180,H1_seed43,0.6705982685089111,9
181,H1_seed43,0.7257838845252991,8
182,H1_seed43,0.7327737808227539,8
183,H1_seed43,0.7759909629821777,6
184,H1_seed43,0.7952906489372253,5
185,H1_seed43,0.789049506187439,5
186,H1_seed43,0.7646981477737427,5
187,H1_seed43,0.8164758682250977,5
188,H1_seed43,0.7762244939804077,5
189,H1_seed43,0.8419432640075684,4
190,H1_seed43,0.8050627112388611,4
191,H1_seed43,0.8713234066963196,4
192,H1_seed43,0.8588861227035522,4
193,H1_seed43,0.8515945672988892,4
194,H1_seed43,0.8728654384613037,3
195,H1_seed43,0.7878186702728271,3
196,H1_seed43,0.9561068415641784,2
197,H1_seed43,0.9707857370376588,2
198,H1_seed43,0.9747055172920228,2
199,H1_seed43,0.9809898138046264,2
200,H1_seed43,0.9646235704421996,2
201,H1_seed43,0.9698901772499084,2
202,H1_seed43,0.9769147634506226,2
203,H1_seed43,0.9711081385612488,2
204,H1_seed43,0.9752902388572692,2
205,H1_seed43,0.9637371301651,2
206,H1_seed43,0.9643325805664062,2
207,H1_seed43,0.9438654780387878,3
208,H1_seed43,0.9244876503944396,3
209,H1_seed43,0.8455650806427002,3
210,H1_seed43,0.6414164900779724,3
211,H1_seed43,0.9459565877914428,2
212,H1_seed43,0.9696639776229858,2
213,H1_seed43,0.946601152420044,2
214,H1_seed43,0.9831972122192384,2
215,H1_seed43,0.9427789449691772,2
216,H1_seed43,0.9508136510849,2
217,H1_seed43,0.9792802929878236,2
218,H1_seed43,0.934020698070526,2
219,H1_seed43,0.965029239654541,2
220,H1_seed43,0.8690810799598694,2
221,H1_seed43,0.9109836220741272,2
222,H1_seed43,0.8520591259002686,2
223,H1_seed43,0.7089040279388428,2
224,H1_seed43,0.8120300769805908,1
225,H1_seed43,0.8661417365074158,1
226,H1_seed43,0.8785046935081482,1
227,H1_seed43,0.8172042965888977,1
228,H1_seed43,0.8269230723381042,1
229,H1_seed43,0.8653846383094788,1
230,H1_seed43,0.8367347121238708,1
231,H1_seed43,0.7333333492279053,1
232,H1_seed43,0.800000011920929,1
233,H1_seed43,0.8571428656578064,1
234,H1_seed43,0.8172042965888977,1
235,H1_seed43,0.7628865838050842,1
236,H1_seed43,0.8363636136054993,1
237,H1_seed43,0.8623853325843811,1
238,H1_seed43,0.9369369149208068,1
239,H1_seed43,0.8849557638168335,1
240,H1_seed43,0.8695651888847351,1
241,H1_seed43,0.1061946898698806,1
242,H1_seed43,0.4322766661643982,1
243,H1_seed43,0.5348837375640869,1
244,H1_seed43,0.5968992114067078,1
245,H1_seed43,0.6492146849632263,1
246,H1_seed43,0.7028753757476807,1
247,H1_seed43,0.6798029541969299,1
248,H1_seed43,0.7620396614074707,1
249,H1_seed43,0.7854356169700623,1
250,H1_seed43,0.8289638161659241,1
251,H1_seed43,0.8516284823417664,1
252,H1_seed43,0.925726592540741,1
253,H1_seed43,0.947576642036438,1
254,H1_seed43,0.966698408126831,1
255,H1_seed43,0.9405099153518676,1
256,H1_seed43,0.9770212769508362,1
257,H1_seed43,0.9674861431121826,1
258,H1_seed43,0.9790859818458556,1
259,H1_seed43,0.9583017230033876,1
260,H1_seed43,0.9701704382896424,1
261,H1_seed43,0.97380793094635,1
262,H1_seed43,0.9855072498321532,1
263,H1_seed43,0.975452184677124,1
264,H1_seed43,0.9703337550163268,1
265,H1_seed43,0.970095694065094,1
266,H1_seed43,0.9858155846595764,1
267,H1_seed43,0.9779070019721984,1
268,H1_seed43,0.9698996543884276,1
269,H1_seed43,0.978284478187561,1
270,H1_seed43,0.9871657490730286,1
271,H1_seed43,0.9766949415206908,1
272,H1_seed43,0.9673858284950256,1
273,H1_seed43,0.9841112494468688,1
274,H1_seed43,0.9901671409606934,1
275,H1_seed43,0.97961163520813,1
276,H1_seed43,0.9773929715156556,1
277,H1_seed43,0.9882903695106506,1
278,H1_seed43,0.9874826073646544,1
279,H1_seed43,0.974264681339264,1
280,H1_seed43,0.9724010825157166,1
281,H1_seed43,0.9828624129295348,1
282,H1_seed43,0.9874709844589232,1
283,H1_seed43,0.9835911989212036,1
284,H1_seed43,0.9461615085601808,1
285,H1_seed43,0.936964213848114,1
286,H1_seed43,0.9436262249946594,1
287,H1_seed43,0.9329268336296082,1
288,H1_seed43,0.8858057856559753,1
289,H1_seed43,0.8826135396957397,1
290,H1_seed43,0.9333333373069764,1
291,H1_seed43,0.9014598727226256,1
292,H1_seed43,0.8446163535118103,1
293,H1_seed43,0.7471186518669128,1
294,H1_seed43,0.6564019322395325,1
295,H1_seed43,0.6593776345252991,1
296,H1_seed43,0.6062639951705933,1
297,H1_seed43,4.2553191526017997e-10,1
298,H1_seed43,0.1538461595773697,1
299,H1_seed43,1.2658227799278166e-09,1
300,H1_seed43,1.818181827317744e-09,1
301,H1_seed43,1.6949153192058475e-09,1
302,H1_seed43,1.0752688739401606e-09,1
303,H1_seed43,1.4925373159613287e-09,1
304,H1_seed43,0.4250000119209289,2
305,H1_seed43,0.4444444477558136,2
306,H1_seed43,0.3865546286106109,2
307,H1_seed43,0.4081632792949676,2
308,H1_seed43,0.4362415969371795,2
309,H1_seed43,0.4751381278038025,2
310,H1_seed43,0.6047865748405457,2
311,H1_seed43,0.7041050791740417,3
312,H1_seed43,0.7548790574073792,3
313,H1_seed43,0.6159314513206482,3
314,H1_seed43,0.7574484944343567,3
315,H1_seed43,0.8287463784217834,3
316,H1_seed43,0.4812060296535492,3
317,H1_seed43,0.3156681954860687,3
318,H1_seed43,0.37368905544281,3
319,H1_seed43,0.4315541982650757,4
320,H1_seed43,0.5237001776695251,4
321,H1_seed43,0.5793818831443787,4
322,H1_seed43,0.6441754698753357,4
323,H1_seed43,0.7018150091171265,4
324,H1_seed43,0.6942658424377441,4
325,H1_seed43,0.6928486824035645,4
326,H1_seed43,0.7065064311027527,4
327,H1_seed43,0.8250238299369812,4
328,H1_seed43,0.7827454805374146,4
329,H1_seed43,0.7988735437393188,4
330,H1_seed43,0.8313560485839844,4
331,H1_seed43,0.8348146080970764,4
332,H1_seed43,0.8206275701522827,4
333,H1_seed43,0.8816894292831421,4
334,H1_seed43,0.8769634962081909,4
335,H1_seed43,0.8882426619529724,4
336,H1_seed43,0.7995674014091492,4
337,H1_seed43,0.8099315166473389,4
338,H1_seed43,0.7874755859375,4
339,H1_seed43,0.7974056601524353,4
340,H1_seed43,0.8536069989204407,4
341,H1_seed43,0.8598036766052246,4
342,H1_seed43,0.8750561475753784,4
343,H1_seed43,0.919744312763214,4
344,H1_seed43,0.8967546820640564,4
345,H1_seed43,0.8992416858673096,4
346,H1_seed43,0.8887086510658264,4
347,H1_seed43,0.7086518406867981,5
348,H1_seed43,0.8798197507858276,5
349,H1_seed43,0.893011748790741,5
350,H1_seed43,0.8618780970573425,5
351,H1_seed43,0.902440071105957,5
352,H1_seed43,0.907797634601593,5
353,H1_seed43,0.9031257629394532,5
354,H1_seed43,0.8665719032287598,5
355,H1_seed43,0.7374060153961182,6
356,H1_seed43,0.7592843174934387,6
357,H1_seed43,0.7584927082061768,6
358,H1_seed43,0.7576703429222107,6
359,H1_seed43,0.8093382716178894,6
360,H1_seed43,0.92584627866745,6
361,H1_seed43,0.924226701259613,6
362,H1_seed43,0.9078156352043152,6
363,H1_seed43,0.9207461476325988,6
364,H1_seed43,0.9341912269592284,6
365,H1_seed43,0.9212390780448914,6
366,H1_seed43,0.903145968914032,6
367,H1_seed43,0.9007484912872314,6
368,H1_seed43,0.8568331599235535,6
369,H1_seed43,0.8759506344795227,6
370,H1_seed43,0.8329848051071167,7
371,H1_seed43,0.8468453288078308,7
372,H1_seed43,0.8768860697746277,7
373,H1_seed43,0.8031073808670044,7
374,H1_seed43,0.7747071385383606,7
375,H1_seed43,0.8580179214477539,7
376,H1_seed43,0.743560791015625,7
377,H1_seed43,0.832115650177002,6
378,H1_seed43,0.7401764988899231,6
379,H1_seed43,0.5113157033920288,7
380,H1_seed43,0.5135833621025085,8
381,H1_seed43,0.467893123626709,8
382,H1_seed43,0.3824978470802307,8
383,H1_seed43,0.5113093852996826,6
384,H1_seed43,0.6113455891609192,6
385,H1_seed43,0.6149839758872986,6
386,H1_seed43,0.5726053714752197,6
387,H1_seed43,0.8588528633117676,4
388,H1_seed43,0.7508496642112732,4
389,H1_seed43,0.7058389782905579,4
390,H1_seed43,0.9232763648033142,3
391,H1_seed43,0.948767364025116,3
392,H1_seed43,0.9399588108062744,3
393,H1_seed43,0.9403908252716064,3
394,H1_seed43,0.9554653763771056,3
395,H1_seed43,0.9648149609565736,3
396,H1_seed43,0.9682390689849854,3
397,H1_seed43,0.954167902469635,3
398,H1_seed43,0.9500200748443604,3
399,H1_seed43,0.950277864933014,3
400,H1_seed43,0.9576452374458312,3
401,H1_seed43,0.953237235546112,3
402,H1_seed43,0.9460409283638,3
403,H1_seed43,0.9554488062858582,3
404,H1_seed43,0.964350700378418,3
405,H1_seed43,0.9536977410316468,3
406,H1_seed43,0.9528794288635254,3
407,H1_seed43,0.8031030893325806,4
408,H1_seed43,0.8324657678604126,4
409,H1_seed43,0.834388792514801,4
410,H1_seed43,0.8368871808052063,4
411,H1_seed43,0.9274104833602904,4
412,H1_seed43,0.9467527270317078,4
413,H1_seed43,0.9485995173454284,4
414,H1_seed43,0.9332773685455322,4
415,H1_seed43,0.936824917793274,4
416,H1_seed43,0.945778489112854,4
417,H1_seed43,0.9603970050811768,4
418,H1_seed43,0.9299050569534302,4
419,H1_seed43,0.9517004489898682,4
420,H1_seed43,0.9720367789268494,4
421,H1_seed43,0.9352430701255798,4
422,H1_seed43,0.9110023379325868,4
423,H1_seed43,0.9628050327301024,4
424,H1_seed43,0.9667576551437378,4
425,H1_seed43,0.9325305223464966,4
426,H1_seed43,0.9026739001274108,4
427,H1_seed43,0.890740692615509,4
428,H1_seed43,0.9207154512405396,4
429,H1_seed43,0.936833381652832,4
430,H1_seed43,0.8615449666976929,4
431,H1_seed43,0.7179810404777527,3
432,H1_seed43,0.7764952182769775,3
433,H1_seed43,0.8659944534301758,2
434,H1_seed43,0.9091934561729432,2
435,H1_seed43,0.933074712753296,2
436,H1_seed43,0.9447195529937744,2
437,H1_seed43,0.927824854850769,2
438,H1_seed43,0.8764313459396362,2
439,H1_seed43,0.8350050449371338,2
440,H1_seed43,0.8351424932479858,2
441,H1_seed43,0.808504581451416,2
442,H1_seed43,0.8071095943450928,2
443,H1_seed43,0.701298713684082,1
444,H1_seed43,0.6052631735801697,1
445,H1_seed43,0.5428571701049805,1
446,H1_seed43,0.4225352108478546,1
447,H1_seed43,0.52173912525177,1
448,H1_seed43,0.6222222447395325,1
449,H1_seed43,0.5777778029441833,1
450,H1_seed43,0.6181818246841431,1
451,H1_seed43,0.3157894611358642,1
452,H1_seed43,0.25,1
453,H1_seed43,0.5333333611488342,1
454,H1_seed43,0.3333333432674408,1
455,H1_seed43,0.4186046421527862,1
456,H1_seed43,0.2631579041481018,1
457,H1_seed43,0.2272727340459823,1
458,H1_seed43,0.6000000238418579,1
459,H1_seed43,3.448275887052432e-09,1
460,H1_seed43,0.2702702581882477,1
461,H1_seed43,0.3404255211353302,1
462,H1_seed43,0.2424242496490478,1
463,H1_seed43,0.1153846159577369,1
464,H1_seed43,1.515151559772221e-09,1
465,H1_seed43,1.999999943436137e-09,1
466,H1_seed43,0.560606062412262,1
467,H1_seed43,0.8795180916786194,1
468,H1_seed43,0.8842504620552063,1
469,H1_seed43,0.9283819794654846,1
470,H1_seed43,0.9422222375869752,1
471,H1_seed43,0.9523178935050964,1
472,H1_seed43,0.9560378193855286,1
473,H1_seed43,0.9541015625,1
474,H1_seed43,0.8999999761581421,1
475,H1_seed43,0.8367449045181274,1
476,H1_seed43,0.903311252593994,1
477,H1_seed43,0.8580619096755981,1
478,H1_seed43,0.9181860685348512,1
479,H1_seed43,0.8170796036720276,1
480,H1_seed43,0.6239737272262573,1
481,H1_seed43,0.1067961156368255,1
482,H1_seed43,8.7489064604096e-11,1
483,H1_seed43,6.697923465859289e-11,1
484,H1_seed43,0.0154440151527524,1
485,H1_seed43,0.0742574259638786,1
486,H1_seed43,6.134969199322882e-10,1
487,H1_seed43,0.3595505654811859,1
488,H1_seed43,0.6840148568153381,1
489,H1_seed43,0.7376237511634827,1
490,H1_seed43,0.8506787419319153,1
491,H1_seed43,0.7957957983016968,1
492,H1_seed43,0.3627685010433197,2
493,H1_seed43,0.4284582734107971,2
494,H1_seed43,0.723256528377533,3
495,H1_seed43,0.7314000725746155,3
496,H1_seed43,0.8451478481292725,3
497,H1_seed43,0.7731731534004211,3
498,H1_seed43,0.7720270752906799,3
499,H1_seed43,0.6839323043823242,3
500,H1_seed43,0.7326586842536926,3
501,H1_seed43,0.8741733431816101,3
502,H1_seed43,0.8796241879463196,3
503,H1_seed43,0.90621155500412,3
504,H1_seed43,0.8497710227966309,3
505,H1_seed43,0.9074978232383728,3
506,H1_seed43,0.8925011157989502,3
507,H1_seed43,0.9459874629974364,3
508,H1_seed43,0.6043902039527893,5
509,H1_seed43,0.7178680300712585,5
510,H1_seed43,0.592950701713562,6
511,H1_seed43,0.5650105476379395,6
512,H1_seed43,0.5702061653137207,6
513,H1_seed43,0.6244131922721863,6
514,H1_seed43,0.5856202244758606,7
515,H1_seed43,0.6848684549331665,7
516,H1_seed43,0.7196987271308899,7
517,H1_seed43,0.7249642610549927,7
518,H1_seed43,0.7753601670265198,7
519,H1_seed43,0.7861769795417786,7
520,H1_seed43,0.880162239074707,7
521,H1_seed43,0.7883766889572144,7
522,H1_seed43,0.8221064805984497,7
523,H1_seed43,0.952498733997345,7
524,H1_seed43,0.9188157320022584,8
525,H1_seed43,0.9414775371551514,9
526,H1_seed43,0.9203789234161376,9
527,H1_seed43,0.8652158975601196,9
528,H1_seed43,0.8942809700965881,9
529,H1_seed43,0.9084803462028505,9
530,H1_seed43,0.9276872277259828,9
531,H1_seed43,0.9276089072227478,9
532,H1_seed43,0.8901536464691162,9
533,H1_seed43,0.9184142351150512,9
534,H1_seed43,0.8748770952224731,9
535,H1_seed43,0.8710867166519165,10
536,H1_seed43,0.827303409576416,10
537,H1_seed43,0.906922459602356,9
538,H1_seed43,0.933867573738098,9
539,H1_seed43,0.8806750178337097,8
540,H1_seed43,0.9296675324440002,8
541,H1_seed43,0.9130219221115112,8
542,H1_seed43,0.891103208065033,8
543,H1_seed43,0.9072163701057434,7
544,H1_seed43,0.8368920087814331,5
545,H1_seed43,0.9158086776733398,4
546,H1_seed43,0.9062947630882264,4
547,H1_seed43,0.977410852909088,3
548,H1_seed43,0.9845673441886902,3
549,H1_seed43,0.9787259697914124,3
550,H1_seed43,0.980421245098114,3
551,H1_seed43,0.9807701706886292,3
552,H1_seed43,0.9732453227043152,3
553,H1_seed43,0.9759438037872314,3
554,H1_seed43,0.9683486819267272,3
555,H1_seed43,0.939199149608612,4
556,H1_seed43,0.972713828086853,4
557,H1_seed43,0.9409594535827636,4
558,H1_seed43,0.9686643481254578,4
559,H1_seed43,0.9518722295761108,4
560,H1_seed43,0.9693403244018556,4
561,H1_seed43,0.9550678730010986,4
562,H1_seed43,0.9461709260940552,4
563,H1_seed43,0.9744943976402284,4
564,H1_seed43,0.9555581212043762,4
565,H1_seed43,0.9665316343307496,4
566,H1_seed43,0.9517894387245178,4
567,H1_seed43,0.9221265912055968,4
568,H1_seed43,0.9263603687286376,4
569,H1_seed43,0.9050674438476562,4
570,H1_seed43,0.8346251845359802,3
571,H1_seed43,0.8954532146453857,3
572,H1_seed43,0.9144662618637084,2
573,H1_seed43,0.9463393092155457,2
574,H1_seed43,0.904471516609192,2
575,H1_seed43,0.9582967758178712,2
576,H1_seed43,0.9087013602256776,2
577,H1_seed43,0.8940639495849609,2
578,H1_seed43,0.8401526808738708,2
579,H1_seed43,0.9074074029922484,1
580,H1_seed43,0.9090909361839294,1
581,H1_seed43,0.9433962106704712,1
582,H1_seed43,0.9504950642585754,1
583,H1_seed43,0.9399999976158142,1
584,H1_seed43,0.9200000166893004,1
585,H1_seed43,0.9375,1
586,H1_seed43,0.8999999761581421,1
587,H1_seed43,0.9213483333587646,1
588,H1_seed43,0.8470588326454163,1
589,H1_seed43,0.8181818127632141,1
590,H1_seed43,0.8095238208770752,1
591,H1_seed43,0.8205128312110901,1
592,H1_seed43,0.7761194109916687,1
593,H1_seed43,0.9375,1
594,H1_seed43,0.875,1
595,H1_seed43,0.8363636136054993,1
596,H1_seed43,0.7307692170143127,1
597,H1_seed43,0.7843137383460999,1
598,H1_seed43,0.7599999904632568,1
599,H1_seed43,0.7692307829856873,1
600,H1_seed43,0.8301886916160583,1
601,H1_seed43,0.7692307829856873,1
602,H1_seed43,0.8333333134651184,1
603,H1_seed43,0.8627451062202454,1
604,H1_seed43,0.8070175647735596,1
605,H1_seed43,0.8358209133148193,1
606,H1_seed43,0.8115941882133484,1
607,H1_seed43,0.9722222089767456,1
608,H1_seed43,0.9014084339141846,1
609,H1_seed43,0.7865168452262878,1
610,H1_seed43,0.7916666865348816,1
611,H1_seed43,0.75,1
612,H1_seed43,0.7551020383834839,1
613,H1_seed43,0.8823529481887817,1
614,H1_seed43,0.8717948794364929,1
615,H1_seed43,0.9032257795333862,1
616,H1_seed43,0.8907563090324402,1
617,H1_seed43,0.8297872543334961,1
618,H1_seed43,0.7560975551605225,1
619,H1_seed43,0.5882353186607361,1
620,H1_seed43,0.3684210479259491,1
621,H1_seed43,0.3589743673801422,1
622,H1_seed43,0.25,1
623,H1_seed43,0.0769230797886848,1
624,H1_seed43,4.1666665673290035e-09,1
625,H1_seed43,3.125000036519054e-09,1
626,H1_seed43,2.7027027282855443e-09,1
627,H1_seed43,2.3255815051470563e-09,1
628,H1_seed43,0.1445783078670501,1
629,H1_seed43,0.3548386991024017,1
630,H1_seed43,0.625,1
631,H1_seed43,0.7894737124443054,1
632,H1_seed43,0.4444444477558136,1
633,H1_seed43,0.5614035129547119,1
634,H1_seed43,0.508474588394165,1
635,H1_seed43,0.7878788113594055,1
636,H1_seed43,0.8235294222831726,1
637,H1_seed43,0.692307710647583,1
638,H1_seed43,0.5757575631141663,1
639,H1_seed43,0.517241358757019,1
640,H1_seed43,0.5,1
641,H1_seed43,0.5862069129943848,1
642,H1_seed43,0.7352941036224365,1
643,H1_seed43,0.7714285850524902,1
644,H1_seed43,0.6760563254356384,1
645,H1_seed43,0.7428571581840515,1
646,H1_seed43,0.7878788113594055,1
647,H1_seed43,0.8205128312110901,1
648,H1_seed43,0.7837837934494019,1
649,H1_seed43,0.6933333277702332,1
650,H1_seed43,0.6753246784210205,1
651,H1_seed43,0.7368420958518982,1
652,H1_seed43,0.9069767594337464,1
653,H1_seed43,0.9387755393981934,1
654,H1_seed43,0.8807339668273926,1
655,H1_seed43,0.800000011920929,1
656,H1_seed43,0.8349514603614807,1
657,H1_seed43,0.893203854560852,1
658,H1_seed43,0.8833333253860474,1
659,H1_seed43,0.8732394576072693,1
660,H1_seed43,0.7719298005104065,1
661,H1_seed43,0.7049180269241333,1
662,H1_seed43,0.6666666865348816,1
663,H1_seed43,0.8264462947845459,1
664,H1_seed43,0.7899159789085388,1
665,H1_seed43,0.730434775352478,1
666,H1_seed43,0.6722689270973206,1
667,H1_seed43,0.626086950302124,1
668,H1_seed43,0.8125,1
669,H1_seed43,0.8571428656578064,1
670,H1_seed43,0.9024389982223512,1
671,H1_seed43,0.9090909361839294,1
672,H1_seed43,0.800000011920929,1
673,H1_seed43,0.6813187003135681,1
674,H1_seed43,0.5663716793060303,1
675,H1_seed43,0.6352941393852234,1
676,H1_seed43,0.6105918884277344,1
677,H1_seed43,0.946360170841217,1
678,H1_seed43,0.9665354490280152,1
679,H1_seed43,0.9764785170555116,1
680,H1_seed43,0.9855741262435912,1
681,H1_seed43,0.9878385663032532,1
682,H1_seed43,0.9875109195709229,1
683,H1_seed43,0.9791666865348816,1
684,H1_seed43,0.9822263717651368,1
685,H1_seed43,0.8865979313850403,1
686,H1_seed43,0.747826099395752,1
687,H1_seed43,0.959999978542328,1
688,H1_seed43,0.9757785201072692,1
689,H1_seed43,0.9795918464660645,1
690,H1_seed43,0.9814814925193788,1
691,H1_seed43,0.92356276512146,2
692,H1_seed43,0.8461616039276123,2
693,H1_seed43,0.9188376069068908,4
694,H1_seed43,0.9266003966331482,4
695,H1_seed43,0.9123834371566772,4
696,H1_seed43,0.8483069539070129,5
697,H1_seed43,0.8956664204597473,5
698,H1_seed43,0.8968237042427063,5
699,H1_seed43,0.8757944107055664,5
700,H1_seed43,0.8487586379051208,6
701,H1_seed43,0.9118359684944152,6
702,H1_seed43,0.9295818209648132,7
703,H1_seed43,0.8690064549446106,7
704,H1_seed43,0.8533157110214233,8
705,H1_seed43,0.885228157043457,10
706,H1_seed43,0.8042893409729004,10
707,H1_seed43,0.8631882071495056,9
708,H1_seed43,0.814281165599823,7
709,H1_seed43,0.8238970637321472,6
710,H1_seed43,0.8299894332885742,4
711,H1_seed43,0.9543235898017884,3
712,H1_seed43,0.9588597416877748,3
713,H1_seed43,0.9599868655204772,3
714,H1_seed43,0.95864075422287,3
715,H1_seed43,0.964220941066742,3
716,H1_seed43,0.9461524486541748,4
717,H1_seed43,0.9469339847564696,4
718,H1_seed43,0.9258063435554504,3
719,H1_seed43,0.9215698838233948,3
720,H1_seed43,0.7069762349128723,3
721,H1_seed43,0.8810403347015381,2
722,H1_seed43,0.855786144733429,2
723,H1_seed43,0.8913112282752991,2
724,H1_seed43,0.7772665023803711,2
725,H1_seed43,0.6666666865348816,1
726,H1_seed43,0.6607142686843872,1
727,H1_seed43,0.6811988949775696,1
728,H1_seed43,0.94072163105011,1
729,H1_seed43,0.7862513661384583,1
730,H1_seed43,0.9120678901672364,1
731,H1_seed43,0.9458749294281006,1
732,H1_seed43,0.8712871074676514,1
733,H1_seed43,0.9757575988769532,1
734,H1_seed43,0.9052106142044068,1
735,H1_seed43,0.966216206550598,1
736,H1_seed43,0.9608938694000244,1
737,H1_seed43,0.9222586154937744,1
738,H1_seed43,0.976212441921234,1
739,H1_seed43,0.9591320157051086,1
740,H1_seed43,0.9675236940383912,1
741,H1_seed43,0.9751982688903807,1
742,H1_seed43,0.9673202633857728,1
743,H1_seed43,0.9765012860298156,1
744,H1_seed43,0.985133171081543,1
745,H1_seed43,0.9744681119918824,1
746,H1_seed43,0.9794225096702576,1
747,H1_seed43,0.982686161994934,1
748,H1_seed43,0.9764849543571472,1
749,H1_seed43,0.9744590520858764,1
750,H1_seed43,0.9577674269676208,1
751,H1_seed43,0.9719378352165222,1
752,H1_seed43,0.973077654838562,1
753,H1_seed43,0.9414132237434388,1
754,H1_seed43,0.9410694241523744,1
755,H1_seed43,0.8811610341072083,1
756,H1_seed43,0.94021737575531,1
757,H1_seed43,0.9334234595298768,1
758,H1_seed43,0.9218106865882874,1
759,H1_seed43,0.921999990940094,1
760,H1_seed43,0.9079179167747498,1
761,H1_seed43,0.908939003944397,1
762,H1_seed43,0.7440381646156311,1
763,H1_seed43,1.086956524787297e-09,1
764,H1_seed43,1.7857143541633034e-09,1
765,H1_seed43,9.174311865756123e-10,1
766,H1_seed43,3.676470516911223e-10,1
767,H1_seed43,3.0864197309021785e-10,1
768,H1_seed43,0.3398058116436004,2
769,H1_seed43,0.623902440071106,2
770,H1_seed43,0.4419420659542084,2
771,H1_seed43,0.4420054256916046,3
772,H1_seed43,0.5133271813392639,3
773,H1_seed43,0.4824475049972534,3
774,H1_seed43,0.5571672320365906,3
775,H1_seed43,0.4784185588359833,3
776,H1_seed43,0.4667854309082031,3
777,H1_seed43,0.439391016960144,3
778,H1_seed43,0.4940226078033447,3
779,H1_seed43,0.4597313702106476,3
780,H1_seed43,0.4704842567443847,3
781,H1_seed43,0.4501700103282928,3
782,H1_seed43,0.4789880216121673,4
783,H1_seed43,0.5783317685127258,5
784,H1_seed43,0.4490967094898224,6
785,H1_seed43,0.5059893727302551,6
786,H1_seed43,0.544582188129425,6
787,H1_seed43,0.5821888446807861,6
788,H1_seed43,0.6650316715240479,6
789,H1_seed43,0.7087942957878113,6
790,H1_seed43,0.7150738835334778,6
791,H1_seed43,0.7195809483528137,6
792,H1_seed43,0.7506341338157654,6
793,H1_seed43,0.7147013545036316,6
794,H1_seed43,0.7264957427978516,6
795,H1_seed43,0.8137006759643555,6
796,H1_seed43,0.7762978672981262,6
797,H1_seed43,0.7467185854911804,6
798,H1_seed43,0.7705295085906982,6
799,H1_seed43,0.7331257462501526,6
800,H1_seed43,0.7841505408287048,6
801,H1_seed43,0.7666409611701965,6
802,H1_seed43,0.7514398694038391,6
803,H1_seed43,0.6600926518440247,6
804,H1_seed43,0.5228415727615356,7
805,H1_seed43,0.6214637756347656,7
806,H1_seed43,0.586054801940918,7
807,H1_seed43,0.6336705088615417,7
808,H1_seed43,0.6427416205406189,7
809,H1_seed43,0.636555016040802,7
810,H1_seed43,0.6827305555343628,7
811,H1_seed43,0.705192506313324,8
812,H1_seed43,0.7294065952301025,8
813,H1_seed43,0.7396894693374634,8
814,H1_seed43,0.7084090709686279,8
815,H1_seed43,0.7490490674972534,9
816,H1_seed43,0.7430407404899597,9
817,H1_seed43,0.734002947807312,10
818,H1_seed43,0.7491496801376343,10
819,H1_seed43,0.6841724514961243,10
820,H1_seed43,0.667413592338562,10
821,H1_seed43,0.6459742784500122,10
822,H1_seed43,0.6444966793060303,9
823,H1_seed43,0.7806313037872314,8
824,H1_seed43,0.8286474347114563,7
825,H1_seed43,0.834477424621582,7
826,H1_seed43,0.8960480093955994,6
827,H1_seed43,0.8506979942321777,5
828,H1_seed43,0.9031100273132324,5
829,H1_seed43,0.9329694509506226,4
830,H1_seed43,0.9631016850471495,3
831,H1_seed43,0.967185914516449,3
832,H1_seed43,0.965019702911377,3
833,H1_seed43,0.971721649169922,3
834,H1_seed43,0.9515178799629213,3
835,H1_seed43,0.9701488018035888,3
836,H1_seed43,0.9480888247489928,3
837,H1_seed43,0.8376139998435974,4
838,H1_seed43,0.8218352198600769,4
839,H1_seed43,0.9199037551879884,4
840,H1_seed43,0.9093108773231506,4
841,H1_seed43,0.8963778018951416,4
842,H1_seed43,0.9192509055137634,4
843,H1_seed43,0.926529347896576,4
844,H1_seed43,0.8820574283599854,4
845,H1_seed43,0.8820194602012634,4
846,H1_seed43,0.8847988247871399,3
847,H1_seed43,0.7972071766853333,3
848,H1_seed43,0.9072148203849792,2
849,H1_seed43,0.9018818140029908,2
850,H1_seed43,0.928723931312561,2
851,H1_seed43,0.8585799932479858,2
852,H1_seed43,0.9209657311439514,2
853,H1_seed43,0.9196616411209106,2
854,H1_seed43,0.9354498982429504,2
855,H1_seed43,0.9644029140472412,2
856,H1_seed43,0.9115265011787416,2
857,H1_seed43,0.9549689292907716,2
858,H1_seed43,0.9600555300712584,2
859,H1_seed43,0.9499295949935912,2
860,H1_seed43,0.9602280855178832,2
861,H1_seed43,0.9411885738372804,2
862,H1_seed43,0.9389212131500244,2
863,H1_seed43,0.9483169317245485,2
864,H1_seed43,0.8759419918060303,2
865,H1_seed43,0.9339570999145508,2
866,H1_seed43,0.8878405094146729,2
867,H1_seed43,0.868852436542511,1
868,H1_seed43,0.9152542352676392,1
869,H1_seed43,0.7572815418243408,1
870,H1_seed43,0.8510638475418091,1
871,H1_seed43,0.8791208863258362,1
872,H1_seed43,0.800000011920929,1
873,H1_seed43,0.7384615540504456,1
874,H1_seed43,0.7924528121948242,1
875,H1_seed43,0.7241379022598267,1
876,H1_seed43,0.60317462682724,1
877,H1_seed43,0.9457755088806152,1
878,H1_seed43,0.9774802327156068,1
879,H1_seed43,0.9834827780723572,1
880,H1_seed43,0.9880136847496032,1
881,H1_seed43,0.9900000095367432,1
882,H1_seed43,0.9866421222686768,1
883,H1_seed43,0.9686716794967652,1
884,H1_seed43,0.8817891478538513,1
885,H1_seed43,0.7727272510528564,1
886,H1_seed43,0.9518716335296632,1
887,H1_seed43,0.9740633964538574,1
888,H1_seed43,0.9334605932235718,2
889,H1_seed43,0.7036452293395996,3
890,H1_seed43,0.8424819111824036,3
891,H1_seed43,0.8793234825134277,3
892,H1_seed43,0.8964177966117859,3
893,H1_seed43,0.941185474395752,3
894,H1_seed43,0.8196709752082825,3
895,H1_seed43,0.6681532859802246,5
896,H1_seed43,0.9102279543876648,5
897,H1_seed43,0.9140638113021852,5
898,H1_seed43,0.9087600708007812,5
899,H1_seed43,0.8330631256103516,6
900,H1_seed43,0.8244439959526062,7
901,H1_seed43,0.8062968850135803,8
902,H1_seed43,0.6658786535263062,10
903,H1_seed43,0.8384348750114441,10
904,H1_seed43,0.8891622424125671,10
905,H1_seed43,0.8299640417098999,10
906,H1_seed43,0.8534752726554871,7
907,H1_seed43,0.7387261390686035,6
908,H1_seed43,0.6468405723571777,5
909,H1_seed43,0.8184532523155212,3
910,H1_seed43,0.946675717830658,3
911,H1_seed43,0.9432642459869384,4
912,H1_seed43,0.9479638934135436,4
913,H1_seed43,0.9588576555252076,4
914,H1_seed43,0.9708496928215028,4
915,H1_seed43,0.9712272882461548,4
916,H1_seed43,0.63909512758255,4
917,H1_seed43,0.9590682983398438,2
918,H1_seed43,0.954882800579071,2
919,H1_seed43,0.9346413016319276,2
920,H1_seed43,0.954076647758484,2
921,H1_seed43,0.9260812997817992,2
922,H1_seed43,0.8857142925262451,1
923,H1_seed43,0.892307698726654,1
924,H1_seed43,0.7659574747085571,1
925,H1_seed43,0.5128205418586731,1
926,H1_seed43,0.6470588445663452,1
927,H1_seed43,0.8440366983413696,1
928,H1_seed43,0.6884273290634155,1
929,H1_seed43,0.7809110879898071,1
930,H1_seed43,0.6318181753158569,1
931,H1_seed43,0.7010752558708191,1
932,H1_seed43,0.6869158744812012,1
933,H1_seed43,0.7186440825462341,1
934,H1_seed43,0.5681818127632141,1
935,H1_seed43,0.6436043977737427,2
936,H1_seed43,0.8867606520652771,3
937,H1_seed43,0.9432128071784972,3
938,H1_seed43,0.9036130905151368,3
939,H1_seed43,0.9043777585029602,3
940,H1_seed43,0.916452407836914,4
941,H1_seed43,0.915153443813324,4
942,H1_seed43,0.9266047477722168,4
943,H1_seed43,0.9311438202857972,4
944,H1_seed43,0.928443193435669,4
945,H1_seed43,0.9187003374099731,5
946,H1_seed43,0.9130567908287048,6
947,H1_seed43,0.8806706666946411,7
948,H1_seed43,0.8674841523170471,9
949,H1_seed43,0.918081283569336,9
950,H1_seed43,0.9461764097213744,9
951,H1_seed43,0.9425532221794128,9
952,H1_seed43,0.9148861765861512,10
953,H1_seed43,0.8403850793838501,10
954,H1_seed43,0.8511124849319458,8
955,H1_seed43,0.893783688545227,7
956,H1_seed43,0.8789785504341125,4
957,H1_seed43,0.9756049513816832,3
958,H1_seed43,0.9701667428016664,3
959,H1_seed43,0.9555776119232178,3
960,H1_seed43,0.959632933139801,3
961,H1_seed43,0.879202127456665,4
962,H1_seed43,0.9377397894859314,4
963,H1_seed43,0.912346363067627,3
964,H1_seed43,0.9516162872314452,2
965,H1_seed43,0.9509773254394532,2
966,H1_seed43,0.9192876219749452,2
967,H1_seed43,0.8363636136054993,1
968,H1_seed43,0.8571428656578064,1
969,H1_seed43,0.8292682766914368,1
970,H1_seed43,0.8780487775802612,1
971,H1_seed43,0.8235294222831726,1
972,H1_seed43,0.7804877758026123,1
973,H1_seed43,0.7906976938247681,1
974,H1_seed43,0.8205128312110901,1
975,H1_seed43,0.8717948794364929,1
976,H1_seed43,0.800000011920929,1
977,H1_seed43,0.7317073345184326,1
978,H1_seed43,0.7692307829856873,1
979,H1_seed43,0.6875,1
980,H1_seed43,0.75,1
981,H1_seed43,0.6666666865348816,1
982,H1_seed43,0.3773584961891174,1
983,H1_seed43,0.6296296119689941,1
984,H1_seed43,0.5652173757553101,1
985,H1_seed43,0.8260869383811951,1
986,H1_seed43,0.8444444537162781,1
987,H1_seed43,0.8260869383811951,1
988,H1_seed43,0.7272727489471436,1
989,H1_seed43,0.6000000238418579,1
990,H1_seed43,4.347826099149188e-09,1
991,H1_seed43,3.846154061903917e-09,1
992,H1_seed43,3.125000036519054e-09,1
993,H1_seed43,3.030303119544442e-09,1
994,H1_seed43,2.7027027282855443e-09,1
995,H1_seed43,3.030303119544442e-09,1
996,H1_seed43,2.9411764135289782e-09,1
997,H1_seed43,3.999999886872274e-09,1
998,H1_seed43,0.6499999761581421,1
999,H1_seed43,0.8636363744735718,1
1000,H1_seed43,0.901960790157318,1
1001,H1_seed43,0.7692307829856873,1
1002,H1_seed43,0.695035457611084,1
1003,H1_seed43,0.9857752323150636,1
1004,H1_seed43,0.9301397204399108,1
1005,H1_seed43,0.897777795791626,1
1006,H1_seed43,0.1506276130676269,1
1007,H1_seed43,0.449999988079071,1
1008,H1_seed43,0.4294478595256805,2
1009,H1_seed43,0.4368189871311188,3
1010,H1_seed43,0.5399154424667358,3
1011,H1_seed43,0.6218071579933167,3
1012,H1_seed43,0.6502379775047302,3
1013,H1_seed43,0.6347160339355469,3
1014,H1_seed43,0.7578811049461365,3
1015,H1_seed43,0.8060954213142395,3
1016,H1_seed43,0.751724123954773,4
1017,H1_seed43,0.8119190335273743,4
1018,H1_seed43,0.800223708152771,4
1019,H1_seed43,0.7988497018814087,5
1020,H1_seed43,0.8639837503433228,5
1021,H1_seed43,0.9115060567855836,5
1022,H1_seed43,0.8881449699401855,6
1023,H1_seed43,0.6949852108955383,7
1024,H1_seed43,0.7273434400558472,7
1025,H1_seed43,0.688832700252533,8
1026,H1_seed43,0.7882186770439148,8
1027,H1_seed43,0.7685632705688477,9
1028,H1_seed43,0.7957122325897217,8
1029,H1_seed43,0.7553039193153381,7
1030,H1_seed43,0.6898656487464905,7
1031,H1_seed43,0.6218476295471191,7
1032,H1_seed43,0.4743213653564453,7
1033,H1_seed43,0.5070092082023621,5
1034,H1_seed43,0.6121354699134827,3
1035,H1_seed43,0.7384770512580872,3
1036,H1_seed43,0.7559019923210144,3
1037,H1_seed43,0.7905594706535339,3
1038,H1_seed43,0.8306019306182861,4
1039,H1_seed43,0.7893946766853333,4
1040,H1_seed43,0.7141071557998657,4
1041,H1_seed43,0.9651132225990297,3
1042,H1_seed43,0.9431431889533995,3
1043,H1_seed43,0.9478352069854736,3
1044,H1_seed43,0.9234734177589417,3
1045,H1_seed43,0.9451761841773988,3
1046,H1_seed43,0.9591638445854188,2
1047,H1_seed43,0.9408366680145264,2
1048,H1_seed43,0.9689843654632568,2
1049,H1_seed43,0.8566806316375732,2
1050,H1_seed43,0.939393937587738,1
1051,H1_seed43,0.695652186870575,1
1052,H1_seed43,0.8333333134651184,1
1053,H1_seed43,0.800000011920929,1
1054,H1_seed43,0.4470588266849518,1
1055,H1_seed43,0.7755101919174194,1
1056,H1_seed43,0.5882353186607361,1
1057,H1_seed43,0.7701149582862854,1
1058,H1_seed43,0.963302731513977,1
1059,H1_seed43,0.9744712114334106,1
1060,H1_seed43,0.9840044379234314,1
1061,H1_seed43,0.993333339691162,1
1062,H1_seed43,0.9868881106376648,1
1063,H1_seed43,0.9888983964920044,1
1064,H1_seed43,0.9890303015708924,1
1065,H1_seed43,0.9877934455871582,1
1066,H1_seed43,0.985200822353363,1
1067,H1_seed43,0.987277328968048,1
1068,H1_seed43,0.9727427363395692,1
1069,H1_seed43,0.959612250328064,1
1070,H1_seed43,0.8333333134651184,1
1071,H1_seed43,0.9327731132507324,1
1072,H1_seed43,0.951870322227478,2
1073,H1_seed43,0.8628625869750977,3
1074,H1_seed43,0.7219997644424438,4
1075,H1_seed43,0.7904213666915894,4
1076,H1_seed43,0.9265956878662108,4
1077,H1_seed43,0.9557579159736632,5
1078,H1_seed43,0.9250308871269226,5
1079,H1_seed43,0.9523871541023254,5
1080,H1_seed43,0.913691222667694,6
1081,H1_seed43,0.9536828994750975,6
1082,H1_seed43,0.9328412413597108,6
1083,H1_seed43,0.9186932444572448,6
1084,H1_seed43,0.9333547949790956,6
1085,H1_seed43,0.9466142058372498,6
1086,H1_seed43,0.9355271458625792,6
1087,H1_seed43,0.8100394010543823,9
1088,H1_seed43,0.8884156346321106,9
1089,H1_seed43,0.8331177830696106,10
1090,H1_seed43,0.8832588195800781,9
1091,H1_seed43,0.8390563726425171,8
1092,H1_seed43,0.8318967819213867,8
1093,H1_seed43,0.7363425493240356,8
1094,H1_seed43,0.7295703291893005,4
1095,H1_seed43,0.9778038859367372,3
1096,H1_seed43,0.9744951128959656,3
1097,H1_seed43,0.9803845882415771,3
1098,H1_seed43,0.9818357825279236,3
1099,H1_seed43,0.9699867367744446,3
1100,H1_seed43,0.8311126828193665,4
1101,H1_seed43,0.9388828277587892,4
1102,H1_seed43,0.9228794574737548,4
1103,H1_seed43,0.920275628566742,4
1104,H1_seed43,0.9684380292892456,2
1105,H1_seed43,0.9627560377120972,2
1106,H1_seed43,0.8868403434753418,2
1107,H1_seed43,0.3966005742549896,1
1108,H1_seed43,0.9147658944129944,1
1109,H1_seed43,0.9160305261611938,1
1110,H1_seed43,0.9518151879310608,1
1111,H1_seed43,0.9519015550613404,1
1112,H1_seed43,0.9406805038452148,1
1113,H1_seed43,0.7778542041778564,1
1114,H1_seed43,0.7184466123580933,1
1115,H1_seed43,0.9440389275550842,1
1116,H1_seed43,0.95923912525177,1
1117,H1_seed43,0.962226629257202,1
1118,H1_seed43,0.964143455028534,1
1119,H1_seed43,0.9485458135604858,2
1120,H1_seed43,0.959848701953888,2
1121,H1_seed43,0.8738607168197632,4
1122,H1_seed43,0.8075324892997742,5
1123,H1_seed43,0.8666999340057373,6
1124,H1_seed43,0.9058271050453186,6
1125,H1_seed43,0.9081905484199524,6
1126,H1_seed43,0.8627064824104309,7
1127,H1_seed43,0.8548980355262756,7
1128,H1_seed43,0.8672440052032471,8
1129,H1_seed43,0.894757866859436,8
1130,H1_seed43,0.902502417564392,8
1131,H1_seed43,0.9272009134292604,8
1132,H1_seed43,0.9182471036911012,8
1133,H1_seed43,0.896472156047821,8
1134,H1_seed43,0.8902340531349182,8
1135,H1_seed43,0.8868848085403442,8
1136,H1_seed43,0.9231533408164978,7
1137,H1_seed43,0.8988690376281738,7
1138,H1_seed43,0.860898494720459,8
1139,H1_seed43,0.8472111821174622,6
1140,H1_seed43,0.8700135350227356,5
1141,H1_seed43,0.9733192920684814,3
1142,H1_seed43,0.9754549860954284,3
1143,H1_seed43,0.9754743576049804,3
1144,H1_seed43,0.9643418192863464,3
1145,H1_seed43,0.959748923778534,3
1146,H1_seed43,0.9517095685005188,3
1147,H1_seed43,0.7998730540275574,4
1148,H1_seed43,0.8805084228515625,3
1149,H1_seed43,0.8946448564529419,2
1150,H1_seed43,0.8505659103393555,2
1151,H1_seed43,0.9083417654037476,2
1152,H1_seed43,0.9295774698257446,1
1153,H1_seed43,0.9230769276618958,1
1154,H1_seed43,0.9514563083648682,1
1155,H1_seed43,0.9135802388191224,1
1156,H1_seed43,0.921135663986206,1
1157,H1_seed43,0.9541779160499572,1
1158,H1_seed43,0.9233692288398744,1
1159,H1_seed43,0.8486096858978271,1
1160,H1_seed43,0.742382287979126,1
1161,H1_seed43,0.2264150977134704,1
1162,H1_seed43,0.5817409753799438,1
1163,H1_seed43,0.6677018404006958,1
1164,H1_seed43,0.8170616626739502,2
1165,H1_seed43,0.6139699816703796,5
1166,H1_seed43,0.7186903953552246,6
1167,H1_seed43,0.8131991028785706,6
1168,H1_seed43,0.704197883605957,6
1169,H1_seed43,0.8628340363502502,6
1170,H1_seed43,0.8207127451896667,6
1171,H1_seed43,0.766462504863739,7
1172,H1_seed43,0.7414970397949219,7
1173,H1_seed43,0.7877479195594788,7
1174,H1_seed43,0.727989137172699,7
1175,H1_seed43,0.7374359369277954,7
1176,H1_seed43,0.7450641393661499,7
1177,H1_seed43,0.599518895149231,8
1178,H1_seed43,0.672804594039917,6
1179,H1_seed43,0.7879924774169922,6
1180,H1_seed43,0.733879804611206,8
1181,H1_seed43,0.8649718761444092,8
1182,H1_seed43,0.8056848645210266,8
1183,H1_seed43,0.7692211866378784,7
1184,H1_seed43,0.8651866316795349,6
1185,H1_seed43,0.9504567384719848,4
1186,H1_seed43,0.9104691743850708,4
1187,H1_seed43,0.9295194745063782,4
1188,H1_seed43,0.8929218053817749,4
1189,H1_seed43,0.8619424104690552,2
1190,H1_seed43,0.9087686538696288,2
1191,H1_seed43,0.8794326186180115,1
1192,H1_seed43,0.8545454740524292,1
1193,H1_seed43,0.8888888955116272,1
1194,H1_seed43,0.8155339956283569,1
1195,H1_seed43,0.9375,1
1196,H1_seed43,0.907216489315033,1
1197,H1_seed43,0.7046263217926025,1
1198,H1_seed43,0.925476610660553,1
1199,H1_seed43,0.8409961462020874,1
1200,H1_seed43,0.802207887172699,1
1201,H1_seed43,0.7719298005104065,1
1202,H1_seed43,0.2130750566720962,1
1203,H1_seed43,0.7158620357513428,2
1204,H1_seed43,0.6992923617362976,4
1205,H1_seed43,0.8059492111206055,4
1206,H1_seed43,0.853683352470398,4
1207,H1_seed43,0.6913043856620789,6
1208,H1_seed43,0.7555980682373047,7
1209,H1_seed43,0.7619280219078064,7
1210,H1_seed43,0.8336074948310852,7
1211,H1_seed43,0.7568892240524292,7
1212,H1_seed43,0.6941232681274414,7
1213,H1_seed43,0.7443589568138123,7
1214,H1_seed43,0.8274211883544922,7
1215,H1_seed43,0.8389585614204407,7
1216,H1_seed43,0.8544495701789856,7
1217,H1_seed43,0.7994936108589172,7
1218,H1_seed43,0.7739283442497253,8
1219,H1_seed43,0.8860746026039124,7
1220,H1_seed43,0.8852521181106567,7
1221,H1_seed43,0.8785796761512756,7
1222,H1_seed43,0.8201070427894592,7
1223,H1_seed43,0.7749260067939758,7
1224,H1_seed43,0.8435579538345337,5
1225,H1_seed43,0.8829829096794128,5
1226,H1_seed43,0.873481273651123,4
1227,H1_seed43,0.9429413676261902,3
1228,H1_seed43,0.9117524027824402,3
1229,H1_seed43,0.8878827095031738,4
1230,H1_seed43,0.9041696190834044,4
1231,H1_seed43,0.8959950804710388,2
1232,H1_seed43,0.6833181381225586,2
1233,H1_seed43,0.7819172143936157,2
1234,H1_seed43,0.7761194109916687,1
1235,H1_seed43,0.5436893105506897,1
1236,H1_seed43,0.7926421165466309,1
1237,H1_seed43,0.796657383441925,1
1238,H1_seed43,0.8676824569702148,1
1239,H1_seed43,0.8288888931274414,1
1240,H1_seed43,0.90609872341156,1
1241,H1_seed43,0.8734038472175598,1
1242,H1_seed43,0.945740818977356,1
1243,H1_seed43,0.9376969933509828,1
1244,H1_seed43,0.9601075649261476,1
1245,H1_seed43,0.9419943690299988,1
1246,H1_seed43,0.9542343616485596,1
1247,H1_seed43,0.9537659883499146,1
1248,H1_seed43,0.9598118662834167,1
1249,H1_seed43,0.9202693700790404,1
1250,H1_seed43,0.9032413959503174,1
1251,H1_seed43,0.9219037890434264,1
1252,H1_seed43,0.8791208863258362,1
1253,H1_seed43,0.900900900363922,1
1254,H1_seed43,0.904791533946991,1
1255,H1_seed43,0.6000000238418579,1
1256,H1_seed43,0.7850467562675476,1
1257,H1_seed43,0.8698412775993347,1
1258,H1_seed43,0.9501084685325624,1
1259,H1_seed43,0.9620253443717957,1
1260,H1_seed43,0.9788918495178224,1
1261,H1_seed43,0.9627193212509156,1
1262,H1_seed43,0.9763481616973876,1
1263,H1_seed43,0.520068347454071,2
1264,H1_seed43,0.9425894021987916,2
1265,H1_seed43,0.9502943754196168,2
1266,H1_seed43,0.9149281978607178,2
1267,H1_seed43,0.8836079835891724,2
1268,H1_seed43,0.8948190808296204,2
1269,H1_seed43,0.8856642246246338,2
1270,H1_seed43,0.8774897456169128,2
1271,H1_seed43,0.8983919620513916,2
1272,H1_seed43,0.9216924905776978,2
1273,H1_seed43,0.9667556881904602,2
1274,H1_seed43,0.7262104153633118,3
1275,H1_seed43,0.8852295875549316,3
1276,H1_seed43,0.9616539478302002,3
1277,H1_seed43,0.936402142047882,3
1278,H1_seed43,0.9695014357566832,3
1279,H1_seed43,0.9513352513313292,3
1280,H1_seed43,0.7204657793045044,4
1281,H1_seed43,0.7812970876693726,4
1282,H1_seed43,0.805966854095459,4
1283,H1_seed43,0.8264504671096802,4
1284,H1_seed43,0.8766080141067505,4
1285,H1_seed43,0.8357592821121216,4
1286,H1_seed43,0.8575754165649414,4
1287,H1_seed43,0.9051793813705444,4
1288,H1_seed43,0.8870855569839478,4
1289,H1_seed43,0.8272990584373474,4
1290,H1_seed43,0.7618962526321411,5
1291,H1_seed43,0.7492892146110535,5
1292,H1_seed43,0.8585820198059082,5
1293,H1_seed43,0.7570481300354004,6
1294,H1_seed43,0.7316946983337402,6
1295,H1_seed43,0.7797273993492126,6
1296,H1_seed43,0.874305009841919,6
1297,H1_seed43,0.888325035572052,6
1298,H1_seed43,0.8775984644889832,6
1299,H1_seed43,0.8997281193733215,6
1300,H1_seed43,0.8877281546592712,6
1301,H1_seed43,0.7711682915687561,7
1302,H1_seed43,0.6858385801315308,8
1303,H1_seed43,0.701784074306488,8
1304,H1_seed43,0.7725110054016113,9
1305,H1_seed43,0.7474905252456665,9
1306,H1_seed43,0.6348890066146851,10
1307,H1_seed43,0.691810667514801,9
1308,H1_seed43,0.639305055141449,9
1309,H1_seed43,0.6225324273109436,9
1310,H1_seed43,0.6507903933525085,9
1311,H1_seed43,0.7231382131576538,9
1312,H1_seed43,0.8089038729667664,8
1313,H1_seed43,0.7964838743209839,8
1314,H1_seed43,0.7755556106567383,8
1315,H1_seed43,0.7570377588272095,8
1316,H1_seed43,0.7619791030883789,8
1317,H1_seed43,0.7602713704109192,7
1318,H1_seed43,0.6318565011024475,7
1319,H1_seed43,0.6745383143424988,7
1320,H1_seed43,0.6131515502929688,7
1321,H1_seed43,0.7267219424247742,6
1322,H1_seed43,0.6311355829238892,6
1323,H1_seed43,0.6110016107559204,5
1324,H1_seed43,0.4195907115936279,5
1325,H1_seed43,0.5575026273727417,4
1326,H1_seed43,0.5362650752067566,4
1327,H1_seed43,0.4669598937034607,4
1328,H1_seed43,0.6804405450820923,4
1329,H1_seed43,0.675501823425293,4
1330,H1_seed43,0.6168950796127319,4
1331,H1_seed43,0.7707152962684631,3
1332,H1_seed43,0.7924928665161133,3
1333,H1_seed43,0.817866325378418,3
1334,H1_seed43,0.8483452796936035,3
1335,H1_seed43,0.7001307606697083,3
1336,H1_seed43,0.7296841740608215,3
1337,H1_seed43,0.5856755375862122,3
1338,H1_seed43,0.7794089913368225,3
1339,H1_seed43,0.8727914690971375,3
1340,H1_seed43,0.8467235565185547,3
1341,H1_seed43,0.8654971122741699,3
1342,H1_seed43,0.8592929840087891,3
1343,H1_seed43,0.8621988296508789,3
1344,H1_seed43,0.8363897800445557,3
1345,H1_seed43,0.862909734249115,3
1346,H1_seed43,0.8489751219749451,3
1347,H1_seed43,0.7855153679847717,3
1348,H1_seed43,0.8472880721092224,3
1349,H1_seed43,0.8210428357124329,3
1350,H1_seed43,0.7523579597473145,3
1351,H1_seed43,0.7345764636993408,3
1352,H1_seed43,0.5603274703025818,3
1353,H1_seed43,0.6471102833747864,3
1354,H1_seed43,0.6760365962982178,3
1355,H1_seed43,0.5441476106643677,3
1356,H1_seed43,0.3697949945926666,3
1357,H1_seed43,0.5822960734367371,2
1358,H1_seed43,0.5829265713691711,2
1359,H1_seed43,0.6146886348724365,2
1360,H1_seed43,0.6289792060852051,2
1361,H1_seed43,0.6499215364456177,2
1362,H1_seed43,0.6834956407546997,2
1363,H1_seed43,0.6817728281021118,2
1364,H1_seed43,0.6759604811668396,2
1365,H1_seed43,0.6903874278068542,2
1366,H1_seed43,0.7229305505752563,2
1367,H1_seed43,0.7353437542915344,2
1368,H1_seed43,0.7309372425079346,2
1369,H1_seed43,0.6394883394241333,2
1370,H1_seed43,0.3883495032787323,2
1371,H1_seed43,0.373913049697876,2
1372,H1_seed43,0.7755101919174194,1
1373,H1_seed43,0.7526881694793701,1
1374,H1_seed43,0.6511628031730652,1
1375,H1_seed43,0.8767123222351074,1
1376,H1_seed43,0.911581575870514,1
1377,H1_seed43,0.9320091605186462,1
1378,H1_seed43,0.922266125679016,1
1379,H1_seed43,0.6610407829284668,1
1380,H1_seed43,3.0120481109285885e-10,1
1381,H1_seed43,0.4767441749572754,1
1382,H1_seed43,0.6511628031730652,1
1383,H1_seed43,0.7339449524879456,1
1384,H1_seed43,1.587301623473536e-09,1
1385,H1_seed43,0.9602888226509094,1
1386,H1_seed43,0.9657794833183287,1
1387,H1_seed43,0.6404898166656494,3
1388,H1_seed43,0.7223895788192749,4
1389,H1_seed43,0.722770094871521,4
1390,H1_seed43,0.7681782245635986,5
1391,H1_seed43,0.8697436451911926,5
1392,H1_seed43,0.9076557159423828,6
1393,H1_seed43,0.895780086517334,6
1394,H1_seed43,0.8876844048500061,6
1395,H1_seed43,0.8501003980636597,7
1396,H1_seed43,0.9093890190124512,7
1397,H1_seed43,0.7726933360099792,7
1398,H1_seed43,0.8919609189033508,7
1399,H1_seed43,0.8176551461219788,7
1400,H1_seed43,0.8389967679977417,7
1401,H1_seed43,0.8052188754081726,7
1402,H1_seed43,0.8611462712287903,7
1403,H1_seed43,0.7674058675765991,8
1404,H1_seed43,0.789476752281189,8
1405,H1_seed43,0.7567761540412903,8
1406,H1_seed43,0.8562430143356323,7
1407,H1_seed43,0.7225055694580078,8
1408,H1_seed43,0.7505693435668945,7
1409,H1_seed43,0.72566819190979,6
1410,H1_seed43,0.7371760606765747,5
1411,H1_seed43,0.7639412879943848,5
1412,H1_seed43,0.8436818718910217,3
1413,H1_seed43,0.8292515873908997,3
1414,H1_seed43,0.8492254614830017,3
1415,H1_seed43,0.8946194648742676,3
1416,H1_seed43,0.8622801303863525,4
1417,H1_seed43,0.8048914670944214,4
1418,H1_seed43,0.883298933506012,4
1419,H1_seed43,0.9016263484954834,4
1420,H1_seed43,0.8473518490791321,3
1421,H1_seed43,0.6860517263412476,2
1422,H1_seed43,0.7823784351348877,2
1423,H1_seed43,0.7102590799331665,2
1424,H1_seed43,0.4705882370471954,1
1425,H1_seed43,0.800000011920929,1
1426,H1_seed43,0.5586206912994385,1
1427,H1_seed43,0.7604395747184753,1
1428,H1_seed43,0.8477157354354858,1
1429,H1_seed43,0.8786251544952393,1
1430,H1_seed43,0.8853503465652466,1
1431,H1_seed43,0.9367412328720092,1
1432,H1_seed43,0.9420765042304992,1
1433,H1_seed43,0.948744773864746,1
1434,H1_seed43,0.9257452487945556,1
1435,H1_seed43,0.7909091114997864,1
1436,H1_seed43,0.8769462704658508,1
1437,H1_seed43,0.8678881525993347,1
1438,H1_seed43,0.7901938557624817,1
1439,H1_seed43,0.3013698756694793,1
1440,H1_seed43,0.959999978542328,1
1441,H1_seed43,0.969465672969818,1
1442,H1_seed43,0.9230769276618958,1
1443,H1_seed43,0.9338964223861694,2
1444,H1_seed43,0.947156310081482,2
1445,H1_seed43,0.9525424242019652,2
1446,H1_seed43,0.9792153835296632,2
1447,H1_seed43,0.9647171497344972,2
1448,H1_seed43,0.9862553477287292,2
1449,H1_seed43,0.9632989168167114,2
1450,H1_seed43,0.9785100221633912,2
1451,H1_seed43,0.9740708470344543,2
1452,H1_seed43,0.9667059183120728,2
1453,H1_seed43,0.9814170598983764,2
1454,H1_seed43,0.9638563394546508,2
1455,H1_seed43,0.9048829674720764,3
1456,H1_seed43,0.8809840083122253,3
1457,H1_seed43,0.8567716479301453,3
1458,H1_seed43,0.9155707359313964,3
1459,H1_seed43,0.8698028922080994,3
1460,H1_seed43,0.9528788924217224,3
1461,H1_seed43,0.9412989020347596,3
1462,H1_seed43,0.9203954339027404,3
1463,H1_seed43,0.6912150979042053,4
1464,H1_seed43,0.6761025190353394,5
1465,H1_seed43,0.846081554889679,5
1466,H1_seed43,0.8904826045036316,5
1467,H1_seed43,0.8899785876274109,5
1468,H1_seed43,0.9381159543991088,5
1469,H1_seed43,0.8730575442314148,6
1470,H1_seed43,0.7451713681221008,7
1471,H1_seed43,0.7723067402839661,7
1472,H1_seed43,0.7430484890937805,7
1473,H1_seed43,0.8156248927116394,7
1474,H1_seed43,0.813136875629425,7
1475,H1_seed43,0.8169434666633606,7
1476,H1_seed43,0.8461216688156128,7
1477,H1_seed43,0.8550207018852234,7
1478,H1_seed43,0.899453341960907,7
1479,H1_seed43,0.9144043326377868,7
1480,H1_seed43,0.9006708860397339,8
1481,H1_seed43,0.9033787846565248,8
1482,H1_seed43,0.899692952632904,8
1483,H1_seed43,0.8383418917655945,10
1484,H1_seed43,0.8376423120498657,10
1485,H1_seed43,0.8022583723068237,10
1486,H1_seed43,0.8541485071182251,10
1487,H1_seed43,0.8421334028244019,10
1488,H1_seed43,0.8604691624641418,10
1489,H1_seed43,0.8586298823356628,10
1490,H1_seed43,0.737150251865387,10
1491,H1_seed43,0.857994794845581,9
1492,H1_seed43,0.8284541368484497,9
1493,H1_seed43,0.7934973835945129,9
1494,H1_seed43,0.6732434034347534,9
1495,H1_seed43,0.8073035478591919,7
1496,H1_seed43,0.8015707731246948,7
1497,H1_seed43,0.6813391447067261,7
1498,H1_seed43,0.8685895204544067,4
1499,H1_seed43,0.8704187273979187,4
1500,H1_seed43,0.9354050755500792,3
1501,H1_seed43,0.9539332389831544,3
1502,H1_seed43,0.949326515197754,3
1503,H1_seed43,0.9583494067192078,3
1504,H1_seed43,0.9614332318305968,3
1505,H1_seed43,0.9572246074676514,3
1506,H1_seed43,0.9668381810188292,3
1507,H1_seed43,0.9679715037345886,3
1508,H1_seed43,0.9614486694335938,3
1509,H1_seed43,0.9637839198112488,3
1510,H1_seed43,0.9590503573417664,3
1511,H1_seed43,0.9716940522193908,3
1512,H1_seed43,0.9624834656715392,3
1513,H1_seed43,0.9627135396003724,3
1514,H1_seed43,0.9624614715576172,3
1515,H1_seed43,0.8868952393531799,4
1516,H1_seed43,0.8957443833351135,4
1517,H1_seed43,0.8967627882957458,4
1518,H1_seed43,0.935872197151184,4
1519,H1_seed43,0.9129827618598938,4
1520,H1_seed43,0.9242556095123292,4
1521,H1_seed43,0.910163640975952,4
1522,H1_seed43,0.850611686706543,4
1523,H1_seed43,0.8523531556129456,3
1524,H1_seed43,0.7876255512237549,3
1525,H1_seed43,0.7382147908210754,3
1526,H1_seed43,0.6793360114097595,3
1527,H1_seed43,0.6446588635444641,3
1528,H1_seed43,0.9304641485214232,2
1529,H1_seed43,0.8714592456817627,2
1530,H1_seed43,0.863248348236084,2
1531,H1_seed43,0.831260085105896,2
1532,H1_seed43,0.8534715175628662,2
1533,H1_seed43,0.849926233291626,2
1534,H1_seed43,0.7892270088195801,2
1535,H1_seed43,0.6213755011558533,2
1536,H1_seed43,0.8156424760818481,1
1537,H1_seed43,0.6770833134651184,1
1538,H1_seed43,0.6969696879386902,1
1539,H1_seed43,0.7076923251152039,1
1540,H1_seed43,0.791208803653717,1
1541,H1_seed43,0.7415730357170105,1
1542,H1_seed43,0.6060606241226196,1
1543,H1_seed43,0.6666666865348816,1
1544,H1_seed43,0.644444465637207,1
1545,H1_seed43,0.795918345451355,1
1546,H1_seed43,0.7766990065574646,1
1547,H1_seed43,0.7735849022865295,1
1548,H1_seed43,0.8474576473236084,1
1549,H1_seed43,0.8292682766914368,1
1550,H1_seed43,0.7819548845291138,1
1551,H1_seed43,0.7839999794960022,1
1552,H1_seed43,0.8148148059844971,1
1553,H1_seed43,0.684684693813324,1
1554,H1_seed43,0.6086956262588501,1
1555,H1_seed43,0.6666666865348816,1
1556,H1_seed43,0.7407407164573669,1
1557,H1_seed43,0.701298713684082,1
1558,H1_seed43,0.7628865838050842,1
1559,H1_seed43,0.7692307829856873,1
1560,H1_seed43,0.8039867281913757,1
1561,H1_seed43,0.9478787779808044,1
1562,H1_seed43,0.9616087675094604,1
1563,H1_seed43,0.9574036598205566,1
1564,H1_seed43,0.953106701374054,1
1565,H1_seed43,0.9598330855369568,1
1566,H1_seed43,0.9394221901893616,1
1567,H1_seed43,0.9346061944961548,1
1568,H1_seed43,0.9196617603302002,1
1569,H1_seed43,0.9387060403823853,1
1570,H1_seed43,0.8685790300369263,1
1571,H1_seed43,0.9073529243469238,1
1572,H1_seed43,0.8561019897460938,1
1573,H1_seed43,0.9409368634223938,1
1574,H1_seed43,0.9471153616905212,1
1575,H1_seed43,0.9504950642585754,1
1576,H1_seed43,0.931034505367279,1
1577,H1_seed43,0.8242424130439758,1
1578,H1_seed43,0.6428571343421936,1
1579,H1_seed43,0.8949771523475647,1
1580,H1_seed43,0.9216867685317992,1
1581,H1_seed43,0.9839080572128296,1
1582,H1_seed43,0.9333333373069764,1
1583,H1_seed43,0.4940828382968902,2
1584,H1_seed43,0.58809494972229,2
1585,H1_seed43,0.8324350714683533,2
1586,H1_seed43,0.9707188606262208,2
1587,H1_seed43,0.957350254058838,2
1588,H1_seed43,0.9808114171028136,2
1589,H1_seed43,0.9623111486434937,2
1590,H1_seed43,0.9698109030723572,2
1591,H1_seed43,0.9761074781417848,2
1592,H1_seed43,0.9650160670280457,2
1593,H1_seed43,0.9822720885276794,2
1594,H1_seed43,0.8270206451416016,3
1595,H1_seed43,0.8616482615470886,3
1596,H1_seed43,0.8574345111846924,3
1597,H1_seed43,0.8456664085388184,3
1598,H1_seed43,0.8572595119476318,3
1599,H1_seed43,0.889996349811554,3
1600,H1_seed43,0.8810165524482727,3
1601,H1_seed43,0.8838493227958679,3
1602,H1_seed43,0.847295343875885,3
1603,H1_seed43,0.8421220183372498,3
1604,H1_seed43,0.7596107721328735,4
1605,H1_seed43,0.658223569393158,5
1606,H1_seed43,0.7005337476730347,5
1607,H1_seed43,0.7788835763931274,5
1608,H1_seed43,0.8432480096817017,5
1609,H1_seed43,0.7004587054252625,6
1610,H1_seed43,0.6575595140457153,6
1611,H1_seed43,0.7709687352180481,6
1612,H1_seed43,0.7940702438354492,6
1613,H1_seed43,0.8628463745117188,7
1614,H1_seed43,0.8969918489456177,8
1615,H1_seed43,0.8726242184638977,8
1616,H1_seed43,0.8546614646911621,8
1617,H1_seed43,0.848400354385376,8
1618,H1_seed43,0.8731409907341003,8
1619,H1_seed43,0.7960156202316284,8
1620,H1_seed43,0.744036078453064,9
1621,H1_seed43,0.8408800363540649,8
1622,H1_seed43,0.778856098651886,8
1623,H1_seed43,0.8164180517196655,8
1624,H1_seed43,0.7966225743293762,8
1625,H1_seed43,0.7369416952133179,8
1626,H1_seed43,0.755279541015625,8
1627,H1_seed43,0.8608917593955994,7
1628,H1_seed43,0.8288911581039429,7
1629,H1_seed43,0.8500979542732239,6
1630,H1_seed43,0.767854630947113,6
1631,H1_seed43,0.7759857773780823,6
1632,H1_seed43,0.7788278460502625,6
1633,H1_seed43,0.7535602450370789,5
1634,H1_seed43,0.7476885914802551,5
1635,H1_seed43,0.7222447991371155,4
1636,H1_seed43,0.7297128438949585,4
1637,H1_seed43,0.7171828746795654,4
1638,H1_seed43,0.9753769040107728,3
1639,H1_seed43,0.9654655456542968,3
1640,H1_seed43,0.9586286544799804,3
1641,H1_seed43,0.9670349955558776,3
1642,H1_seed43,0.9352362155914308,3
1643,H1_seed43,0.9577903151512146,3
1644,H1_seed43,0.9550564289093018,3
1645,H1_seed43,0.94667786359787,3
1646,H1_seed43,0.9538776278495787,3
1647,H1_seed43,0.8827118873596191,4
1648,H1_seed43,0.926379382610321,4
1649,H1_seed43,0.9234517216682434,4
1650,H1_seed43,0.9085718989372252,4
1651,H1_seed43,0.9076690077781676,4
1652,H1_seed43,0.8732483983039856,3
1653,H1_seed43,0.8515413403511047,3
1654,H1_seed43,0.8439264297485352,3
1655,H1_seed43,0.8860805630683899,3
1656,H1_seed43,0.9131045937538148,3
1657,H1_seed43,0.8979813456535339,3
1658,H1_seed43,0.9779869914054872,2
1659,H1_seed43,0.9602199196815492,2
1660,H1_seed43,0.9538652896881104,2
1661,H1_seed43,0.9743504524230956,2
1662,H1_seed43,0.9726478457450868,2
1663,H1_seed43,0.9543617367744446,2
1664,H1_seed43,0.950682520866394,2
1665,H1_seed43,0.9693376421928406,2
1666,H1_seed43,0.9624909162521362,2
1667,H1_seed43,0.9500033855438232,2
1668,H1_seed43,0.9482558965682985,2
1669,H1_seed43,0.9286316633224488,2
1670,H1_seed43,0.940041184425354,2
1671,H1_seed43,0.9293173551559448,2
1672,H1_seed43,0.9201230406761168,2
1673,H1_seed43,0.9506468772888184,2
1674,H1_seed43,0.9443366527557372,2
1675,H1_seed43,0.9184626340866088,2
1676,H1_seed43,0.9739952683448792,2
1677,H1_seed43,0.934167742729187,2
1678,H1_seed43,0.9341838359832764,2
1679,H1_seed43,0.8785684108734131,2
1680,H1_seed43,0.9573443531990052,2
1681,H1_seed43,0.9543224573135376,2
1682,H1_seed43,0.6413877010345459,2
1683,H1_seed43,0.8684210777282715,1
1684,H1_seed43,0.7714285850524902,1
1685,H1_seed43,0.928825616836548,1
1686,H1_seed43,0.9788092970848083,1
1687,H1_seed43,0.981101095676422,1
1688,H1_seed43,0.9905660152435304,1
1689,H1_seed43,0.9914089441299438,1
1690,H1_seed43,0.9765721559524536,1
1691,H1_seed43,0.7368420958518982,1
1692,H1_seed43,0.964028775691986,1
1693,H1_seed43,0.9806950092315674,1
1694,H1_seed43,0.9770992398262024,1
1695,H1_seed43,0.9583051204681396,2
1696,H1_seed43,0.9741763472557068,2
1697,H1_seed43,0.6458277702331543,3
1698,H1_seed43,0.8498973250389099,3
1699,H1_seed43,0.9542913436889648,3
1700,H1_seed43,0.7939943075180054,4
1701,H1_seed43,0.9077091813087464,4
1702,H1_seed43,0.8951668739318848,4
1703,H1_seed43,0.8277769088745117,5
1704,H1_seed43,0.8033574819564819,5
1705,H1_seed43,0.7990049719810486,7
1706,H1_seed43,0.8914325833320618,7
1707,H1_seed43,0.8991245031356812,7
1708,H1_seed43,0.9381822347640992,7
1709,H1_seed43,0.9281210899353028,7
1710,H1_seed43,0.9142019152641296,7
1711,H1_seed43,0.7687098979949951,9
1712,H1_seed43,0.8292071223258972,9
1713,H1_seed43,0.842682957649231,8
1714,H1_seed43,0.8823363780975342,9
1715,H1_seed43,0.8992193341255188,6
1716,H1_seed43,0.791266918182373,6
1717,H1_seed43,0.94927978515625,4
1718,H1_seed43,0.8553935289382935,4
1719,H1_seed43,0.9525008797645568,3
1720,H1_seed43,0.96148681640625,3
1721,H1_seed43,0.6834514141082764,3
1722,H1_seed43,0.8946361541748047,3
1723,H1_seed43,0.8751740455627441,3
1724,H1_seed43,0.9121146202087402,3
1725,H1_seed43,0.8745405077934265,3
1726,H1_seed43,0.906393826007843,3
1727,H1_seed43,0.9103448390960692,1
1728,H1_seed43,0.9473684430122375,1
1729,H1_seed43,0.8971193432807922,1
1730,H1_seed43,0.7510729432106018,1
1731,H1_seed43,0.5520628690719604,1
1732,H1_seed43,0.2582056820392608,1
1733,H1_seed43,2.8328611678674065e-10,1
1734,H1_seed43,0.7943331599235535,2
1735,H1_seed43,0.8674507737159729,2
1736,H1_seed43,0.7821990847587585,3
1737,H1_seed43,0.8049984574317932,3
1738,H1_seed43,0.9021809697151184,3
1739,H1_seed43,0.8814871311187744,3
1740,H1_seed43,0.7050098180770874,4
1741,H1_seed43,0.7006222009658813,4
1742,H1_seed43,0.7976279258728027,5
1743,H1_seed43,0.6452794671058655,6
1744,H1_seed43,0.665168821811676,6
1745,H1_seed43,0.7257896065711975,7
1746,H1_seed43,0.8291907906532288,7
1747,H1_seed43,0.8751495480537415,7
1748,H1_seed43,0.8457818031311035,8
1749,H1_seed43,0.8765450716018677,8
1750,H1_seed43,0.8263454437255859,9
1751,H1_seed43,0.7790800333023071,10
1752,H1_seed43,0.7415056824684143,10
1753,H1_seed43,0.7846382856369019,10
1754,H1_seed43,0.7596777677536011,9
1755,H1_seed43,0.779875636100769,8
1756,H1_seed43,0.7868003249168396,5
1757,H1_seed43,0.9600996971130372,3
1758,H1_seed43,0.939403772354126,3
1759,H1_seed43,0.9322843551635742,3
1760,H1_seed43,0.949690580368042,3
1761,H1_seed43,0.856107234954834,4
1762,H1_seed43,0.7110477089881897,4
1763,H1_seed43,0.9209117889404296,3
1764,H1_seed43,0.9073883891105652,2
1765,H1_seed43,0.9281242489814758,2
1766,H1_seed43,0.8779159784317017,2
1767,H1_seed43,0.8816027641296387,2
1768,H1_seed43,0.8938106894493103,2
1769,H1_seed43,0.800000011920929,1
1770,H1_seed43,0.8666666746139526,1
1771,H1_seed43,0.6875,1
1772,H1_seed43,0.5714285969734192,1
1773,H1_seed43,0.7407407164573669,1
1774,H1_seed43,0.7692307829856873,1
1775,H1_seed43,0.695652186870575,1
1776,H1_seed43,0.625,1
1777,H1_seed43,0.5555555820465088,1
1778,H1_seed43,0.6666666865348816,1
1779,H1_seed43,0.800000011920929,1
1780,H1_seed43,0.5,1
1781,H1_seed43,0.7727272510528564,1
1782,H1_seed43,0.4285714328289032,1
1783,H1_seed43,0.6363636255264282,1
1784,H1_seed43,0.7692307829856873,1
1785,H1_seed43,0.6190476417541504,1
1786,H1_seed43,0.6399999856948853,1
1787,H1_seed43,0.7777777910232544,1
1788,H1_seed43,0.3529411852359772,1
1789,H1_seed43,0.3199999928474426,1
1790,H1_seed43,0.4571428596973419,1
1791,H1_seed43,0.5,1
1792,H1_seed43,0.0888888910412788,1
1793,H1_seed43,0.7222222089767456,1
1794,H1_seed43,0.9152542352676392,1
1795,H1_seed43,0.75,1
1796,H1_seed43,0.8301886916160583,1
1797,H1_seed43,0.2566844820976257,1
1798,H1_seed43,0.948275864124298,1
1799,H1_seed43,0.9594405889511108,1
1800,H1_seed43,0.841234028339386,1
1801,H1_seed43,0.9354144334793092,1
1802,H1_seed43,0.9840039014816284,1
1803,H1_seed43,0.99005526304245,1
1804,H1_seed43,0.9301825761795044,1
1805,H1_seed43,0.6695652008056641,1
1806,H1_seed43,0.9465649127960204,1
1807,H1_seed43,0.9781420826911926,1
1808,H1_seed43,0.940108060836792,2
1809,H1_seed43,0.9805630445480348,2
1810,H1_seed43,0.9431246519088744,2
1811,H1_seed43,0.9685781002044678,2
1812,H1_seed43,0.7766242623329163,3
1813,H1_seed43,0.7143582701683044,3
1814,H1_seed43,0.7410974502563477,4
1815,H1_seed43,0.5876530408859253,6
1816,H1_seed43,0.6040841937065125,6
1817,H1_seed43,0.6851789355278015,7
1818,H1_seed43,0.6887578964233398,7
1819,H1_seed43,0.7466729879379272,8
1820,H1_seed43,0.7887027859687805,8
1821,H1_seed43,0.747998058795929,8
1822,H1_seed43,0.869510293006897,8
1823,H1_seed43,0.8008421659469604,8
1824,H1_seed43,0.7848620414733887,8
1825,H1_seed43,0.8059550523757935,8
1826,H1_seed43,0.8365205526351929,8
1827,H1_seed43,0.8449273109436035,8
1828,H1_seed43,0.8043270111083984,7
1829,H1_seed43,0.7743616104125977,6
1830,H1_seed43,0.90639466047287,5
1831,H1_seed43,0.8667316436767578,5
1832,H1_seed43,0.941372573375702,4
1833,H1_seed43,0.8060495853424072,4
1834,H1_seed43,0.7968209981918335,4
1835,H1_seed43,0.9105558395385742,4
1836,H1_seed43,0.7513791918754578,4
1837,H1_seed43,0.9125516414642334,2
1838,H1_seed43,0.8465040922164917,2
1839,H1_seed43,0.9484536051750184,1
1840,H1_seed43,0.9650349617004396,1
1841,H1_seed43,0.9354838728904724,1
1842,H1_seed43,0.84112149477005,1
1843,H1_seed43,0.8297872543334961,1
1844,H1_seed43,0.918367326259613,1
1845,H1_seed43,0.8651162981987,1
1846,H1_seed43,0.8902077078819275,1
1847,H1_seed43,0.9550296068191528,1
1848,H1_seed43,0.9771729707717896,1
1849,H1_seed43,0.9657205939292908,1
1850,H1_seed43,0.9765729308128356,1
1851,H1_seed43,0.9749388694763184,1
1852,H1_seed43,0.9751571416854858,1
1853,H1_seed43,0.9687116742134094,1
1854,H1_seed43,0.977763831615448,1
1855,H1_seed43,0.9764510989189148,1
1856,H1_seed43,0.9696048498153688,1
1857,H1_seed43,0.9292929172515868,1
1858,H1_seed43,0.9601989984512328,1
1859,H1_seed43,0.8074766397476196,1
1860,H1_seed43,0.9032257795333862,1
1861,H1_seed43,0.9590643048286438,1
1862,H1_seed43,0.969072163105011,1
1863,H1_seed43,0.9824561476707458,1
1864,H1_seed43,0.9801587462425232,1
1865,H1_seed43,0.9704347848892212,1
1866,H1_seed43,0.7258620262145996,2
1867,H1_seed43,0.8477078080177307,3
1868,H1_seed43,0.9364649653434752,3
1869,H1_seed43,0.9166417717933656,3
1870,H1_seed43,0.902221977710724,3
1871,H1_seed43,0.883547842502594,4
1872,H1_seed43,0.9168488383293152,5
1873,H1_seed43,0.9163422584533693,5
1874,H1_seed43,0.9109660387039183,5
1875,H1_seed43,0.9352734684944152,5
1876,H1_seed43,0.9180081486701964,5
1877,H1_seed43,0.8919580578804016,5
1878,H1_seed43,0.9499289393424988,5
1879,H1_seed43,0.9318282008171082,7
1880,H1_seed43,0.9340347051620485,7
1881,H1_seed43,0.838938295841217,9
1882,H1_seed43,0.7843811511993408,10
1883,H1_seed43,0.8409598469734192,9
1884,H1_seed43,0.8752607703208923,9
1885,H1_seed43,0.8505588173866272,9
1886,H1_seed43,0.8974200487136841,9
1887,H1_seed43,0.8810974359512329,9
1888,H1_seed43,0.8749206066131592,8
1889,H1_seed43,0.8491036295890808,6
1890,H1_seed43,0.9250358939170836,4
1891,H1_seed43,0.9570923447608948,3
1892,H1_seed43,0.9672870635986328,3
1893,H1_seed43,0.9691081047058104,3
1894,H1_seed43,0.9690563678741456,3
1895,H1_seed43,0.912037193775177,4
1896,H1_seed43,0.9200679063796996,4
1897,H1_seed43,0.9054929614067078,4
1898,H1_seed43,0.9024872779846193,3
1899,H1_seed43,0.9350126385688782,3
1900,H1_seed43,0.9367424249649048,2
1901,H1_seed43,0.8607594966888428,1
1902,H1_seed43,0.8695651888847351,1
1903,H1_seed43,0.7659574747085571,1
1904,H1_seed43,0.8333333134651184,1
1905,H1_seed43,0.8888888955116272,1
1906,H1_seed43,0.8717948794364929,1
1907,H1_seed43,0.8333333134651184,1
1908,H1_seed43,0.5490196347236633,1
1909,H1_seed43,0.7450980544090271,1
1910,H1_seed43,0.5882353186607361,1
1911,H1_seed43,0.3846153914928436,1
1912,H1_seed43,0.6666666865348816,1
1913,H1_seed43,0.7384615540504456,1
1914,H1_seed43,0.6984127163887024,1
1915,H1_seed43,0.71875,1
1916,H1_seed43,0.800000011920929,1
1917,H1_seed43,0.8571428656578064,1
1918,H1_seed43,0.8571428656578064,1
1919,H1_seed43,0.7450980544090271,1
1920,H1_seed43,0.8214285969734192,1
1921,H1_seed43,0.7878788113594055,1
1922,H1_seed43,0.7246376872062683,1
1923,H1_seed43,0.8484848737716675,1
1924,H1_seed43,0.75,1
1925,H1_seed43,0.5454545617103577,1
1926,H1_seed43,0.6666666865348816,1
1927,H1_seed43,0.4000000059604645,1
1928,H1_seed43,0.6153846383094788,1
1929,H1_seed43,0.625,1
1930,H1_seed43,0.8095238208770752,1
1931,H1_seed43,0.6800000071525574,1
1932,H1_seed43,0.8148148059844971,1
1933,H1_seed43,0.6909090876579285,1
1934,H1_seed43,0.800000011920929,1
1935,H1_seed43,0.6538461446762085,1
1936,H1_seed43,0.9064039587974548,1
1937,H1_seed43,0.7718309760093689,1
1938,H1_seed43,0.8917197585105896,1
1939,H1_seed43,0.9002217054367065,1
1940,H1_seed43,0.934959352016449,1
1941,H1_seed43,0.7333333492279053,1
1942,H1_seed43,0.9285714030265808,1
1943,H1_seed43,0.9369369149208068,1
1944,H1_seed43,0.9507389068603516,1
1945,H1_seed43,0.9772051572799684,1
1946,H1_seed43,0.4842615127563476,2
1947,H1_seed43,0.7569031715393066,2
1948,H1_seed43,0.8501265048980713,2
1949,H1_seed43,0.7132784724235535,3
1950,H1_seed43,0.8025487065315247,4
1951,H1_seed43,0.6433520913124084,5
1952,H1_seed43,0.6732313632965088,6
1953,H1_seed43,0.6618271470069885,6
1954,H1_seed43,0.6730255484580994,6
1955,H1_seed43,0.698936402797699,7
1956,H1_seed43,0.8276206254959106,7
1957,H1_seed43,0.8235146403312683,7
1958,H1_seed43,0.7843278050422668,7
1959,H1_seed43,0.8046543002128601,7
1960,H1_seed43,0.7225730419158936,8
1961,H1_seed43,0.8248002529144287,8
1962,H1_seed43,0.8507908582687378,8
1963,H1_seed43,0.913757026195526,6
1964,H1_seed43,0.9367141723632812,6
1965,H1_seed43,0.9580405354499816,5
1966,H1_seed43,0.949168860912323,5
1967,H1_seed43,0.8883359432220459,6
1968,H1_seed43,0.9271242618560792,6
1969,H1_seed43,0.8857178092002869,6
1970,H1_seed43,0.8786484599113464,6
1971,H1_seed43,0.917379915714264,6
1972,H1_seed43,0.9284218549728394,5
1973,H1_seed43,0.7676349878311157,5
1974,H1_seed43,0.8364322781562805,5
1975,H1_seed43,0.8219721913337708,5
1976,H1_seed43,0.7792923450469971,4
1977,H1_seed43,0.5441429018974304,3
1978,H1_seed43,0.921495795249939,2
1979,H1_seed43,0.8301953077316284,2
1980,H1_seed43,0.7736791372299194,2
1981,H1_seed43,0.7047460079193115,2
1982,H1_seed43,0.5950515270233154,2
1983,H1_seed43,0.760611355304718,2
1984,H1_seed43,0.8157593011856079,2
1985,H1_seed43,0.523809552192688,2
1986,H1_seed43,0.8433734774589539,1
1987,H1_seed43,0.71875,1
1988,H1_seed43,0.7045454382896423,1
1989,H1_seed43,0.6516854166984558,1
1990,H1_seed43,0.6000000238418579,1
1991,H1_seed43,0.7640449404716492,1
1992,H1_seed43,0.581818163394928,1
1993,H1_seed43,0.5416666865348816,1
1994,H1_seed43,0.8698061108589172,1
1995,H1_seed43,0.8015978932380676,1
1996,H1_seed43,0.8510984778404236,1
1997,H1_seed43,0.8707155585289001,1
1998,H1_seed43,0.7530413866043091,1
1999,H1_seed43,0.1521568596363067,1
2000,H1_seed43,0.1863517016172409,1
2001,H1_seed43,0.1818181872367859,1
2002,H1_seed43,0.1875969022512436,1
2003,H1_seed43,0.0214822776615619,1
2004,H1_seed43,3.846154061903917e-09,1
2005,H1_seed43,3.448275887052432e-09,1
2006,H1_seed43,0.7118644118309021,1
2007,H1_seed43,0.6501128673553467,1
2008,H1_seed43,0.579659104347229,2
2009,H1_seed43,0.6912283897399902,3
2010,H1_seed43,0.75425785779953,3
2011,H1_seed43,0.7799967527389526,4
2012,H1_seed43,0.836675226688385,4
2013,H1_seed43,0.8053483963012695,4
2014,H1_seed43,0.7719290852546692,5
2015,H1_seed43,0.652156412601471,6
2016,H1_seed43,0.663508415222168,6
2017,H1_seed43,0.6777095794677734,6
2018,H1_seed43,0.612771213054657,6
2019,H1_seed43,0.6327601075172424,6
2020,H1_seed43,0.6609323620796204,6
2021,H1_seed43,0.6336591243743896,6
2022,H1_seed43,0.6034628748893738,6
2023,H1_seed43,0.6357502937316895,5
2024,H1_seed43,0.7460547089576721,6
2025,H1_seed43,0.8376324772834778,5
2026,H1_seed43,0.8690873980522156,5
2027,H1_seed43,0.9038252830505372,5
2028,H1_seed43,0.7652629017829895,7
2029,H1_seed43,0.6952067613601685,7
2030,H1_seed43,0.7836393713951111,6
2031,H1_seed43,0.8187496066093445,5
2032,H1_seed43,0.7005959749221802,4
2033,H1_seed43,0.9278981685638428,3
2034,H1_seed43,0.8416834473609924,3
2035,H1_seed43,0.8459593653678894,3
2036,H1_seed43,0.8669571876525879,3
2037,H1_seed43,0.8046721816062927,4
2038,H1_seed43,0.7909309267997742,3
2039,H1_seed43,0.725549578666687,2
2040,H1_seed43,0.8785229921340942,2
2041,H1_seed43,0.7540983557701111,1
2042,H1_seed43,0.9090909361839294,1
2043,H1_seed43,0.8846153616905212,1
2044,H1_seed43,0.8758170008659363,1
2045,H1_seed43,0.9671977758407592,1
2046,H1_seed43,0.9429223537445068,1
2047,H1_seed43,0.9710017442703248,1
2048,H1_seed43,0.9776875972747804,1
2049,H1_seed43,0.9721559286117554,1
2050,H1_seed43,0.9668599963188172,1
2051,H1_seed43,0.9605389833450316,1
2052,H1_seed43,0.9574803113937378,1
2053,H1_seed43,0.8911704421043396,1
2054,H1_seed43,0.9112426042556764,1
2055,H1_seed43,0.963180422782898,2
2056,H1_seed43,0.957446813583374,2
2057,H1_seed43,0.9716005325317384,2
2058,H1_seed43,0.9784313440322876,2
2059,H1_seed43,0.969252109527588,2
2060,H1_seed43,0.9636393189430236,2
2061,H1_seed43,0.9239009022712708,3
2062,H1_seed43,0.8375508189201355,3
2063,H1_seed43,0.8483555316925049,3
2064,H1_seed43,0.8559460639953613,4
2065,H1_seed43,0.8737702369689941,5
2066,H1_seed43,0.927180290222168,5
2067,H1_seed43,0.9027689099311828,5
2068,H1_seed43,0.9239516258239746,5
2069,H1_seed43,0.9340670704841614,5
2070,H1_seed43,0.9133389592170716,5
2071,H1_seed43,0.9336903691291808,5
2072,H1_seed43,0.8720234036445618,7
2073,H1_seed43,0.8816919326782227,7
2074,H1_seed43,0.8862618803977966,8
2075,H1_seed43,0.8373875617980957,7
2076,H1_seed43,0.6831744313240051,8
2077,H1_seed43,0.709382176399231,7
2078,H1_seed43,0.8061984181404114,7
2079,H1_seed43,0.7515806555747986,7
2080,H1_seed43,0.6788051128387451,6
2081,H1_seed43,0.8846367597579956,4
2082,H1_seed43,0.9445414543151855,3
2083,H1_seed43,0.9587504267692566,3
2084,H1_seed43,0.9623778462409972,3
2085,H1_seed43,0.8715263605117798,4
2086,H1_seed43,0.9039539098739624,4
2087,H1_seed43,0.9350202083587646,3
2088,H1_seed43,0.932570457458496,3
2089,H1_seed43,0.8543655276298523,3
2090,H1_seed43,0.8492569327354431,3
2091,H1_seed43,0.9009239673614502,2
2092,H1_seed43,0.8106346130371094,2
2093,H1_seed43,0.6039581298828125,2
2094,H1_seed43,0.8695651888847351,1
2095,H1_seed43,0.8051947951316833,1
2096,H1_seed43,0.6764705777168274,1
2097,H1_seed43,0.8571428656578064,1
2098,H1_seed43,0.9411764740943908,1
2099,H1_seed43,0.8666666746139526,1
2100,H1_seed43,0.7857142686843872,1
2101,H1_seed43,0.8275862336158752,1
2102,H1_seed43,0.8070175647735596,1
2103,H1_seed43,0.800000011920929,1
2104,H1_seed43,0.739130437374115,1
2105,H1_seed43,0.6938775777816772,1
2106,H1_seed43,0.6808510422706604,1
2107,H1_seed43,0.699999988079071,1
2108,H1_seed43,0.7868852615356445,1
2109,H1_seed43,0.8125,1
2110,H1_seed43,0.7096773982048035,1
2111,H1_seed43,0.7647058963775635,1
2112,H1_seed43,0.8059701323509216,1
2113,H1_seed43,0.7384615540504456,1
2114,H1_seed43,0.6086956262588501,1
2115,H1_seed43,0.8235294222831726,1
2116,H1_seed43,0.6785714030265808,1
2117,H1_seed43,0.875,1
2118,H1_seed43,0.7076923251152039,1
2119,H1_seed43,0.7547169923782349,1
2120,H1_seed43,0.8679245114326477,1
2121,H1_seed43,0.7916666865348816,1
2122,H1_seed43,0.8372092843055725,1
2123,H1_seed43,0.8444444537162781,1
2124,H1_seed43,0.800000011920929,1
2125,H1_seed43,0.9545454382896424,1
2126,H1_seed43,0.7317073345184326,1
2127,H1_seed43,0.8727272748947144,1
2128,H1_seed43,0.6842105388641357,1
2129,H1_seed43,0.807692289352417,1
2130,H1_seed43,0.6666666865348816,1
2131,H1_seed43,0.7755101919174194,1
2132,H1_seed43,0.7719298005104065,1
2133,H1_seed43,0.8461538553237915,1
2134,H1_seed43,0.9433962106704712,1
2135,H1_seed43,0.7843137383460999,1
2136,H1_seed43,0.8627451062202454,1
2137,H1_seed43,0.8333333134651184,1
2138,H1_seed43,0.875,1
2139,H1_seed43,0.9473684430122375,1
2140,H1_seed43,0.9542168378829956,1
2141,H1_seed43,0.9734325408935548,1
2142,H1_seed43,0.9666011929512024,1
2143,H1_seed43,0.972752034664154,1
2144,H1_seed43,0.9867774844169616,1
2145,H1_seed43,0.9888626337051392,1
2146,H1_seed43,0.9898605942726136,1
2147,H1_seed43,0.9901867508888244,1
2148,H1_seed43,0.9907529950141908,1
2149,H1_seed43,0.9905933141708374,1
2150,H1_seed43,0.9881001114845276,1
2151,H1_seed43,0.9861838817596436,1
2152,H1_seed43,0.9889727234840392,1
2153,H1_seed43,0.9865269660949708,1
2154,H1_seed43,0.9839914441108704,1
2155,H1_seed43,0.9672130942344666,1
2156,H1_seed43,0.9610389471054076,1
2157,H1_seed43,0.633817195892334,3
2158,H1_seed43,0.9147817492485046,3
2159,H1_seed43,0.8594306111335754,3
2160,H1_seed43,0.8163610696792603,4
2161,H1_seed43,0.7353636026382446,5
2162,H1_seed43,0.8164781332015991,5
2163,H1_seed43,0.8153396844863892,5
2164,H1_seed43,0.8413724899291992,5
2165,H1_seed43,0.8081099390983582,6
2166,H1_seed43,0.9287956357002258,6
2167,H1_seed43,0.8942890167236328,7
2168,H1_seed43,0.8939676880836487,7
2169,H1_seed43,0.95880788564682,7
2170,H1_seed43,0.9638279676437378,7
2171,H1_seed43,0.9710046648979188,7
2172,H1_seed43,0.9689861536026,7
2173,H1_seed43,0.9288443326950072,8
2174,H1_seed43,0.9254938960075378,8
2175,H1_seed43,0.8689590692520142,10
2176,H1_seed43,0.9144777059555054,10
2177,H1_seed43,0.9267654418945312,10
2178,H1_seed43,0.9122574925422668,10
2179,H1_seed43,0.9017597436904908,8
2180,H1_seed43,0.9009633660316468,7
2181,H1_seed43,0.8478047251701355,7
2182,H1_seed43,0.9034423828125,5
2183,H1_seed43,0.9208499193191528,5
2184,H1_seed43,0.9778663516044616,3
2185,H1_seed43,0.9737092852592468,3
2186,H1_seed43,0.9731269478797911,3
2187,H1_seed43,0.9577409625053406,3
2188,H1_seed43,0.9668734669685364,4
2189,H1_seed43,0.9493463039398192,4
2190,H1_seed43,0.951017200946808,3
2191,H1_seed43,0.9558027386665344,3
2192,H1_seed43,0.8994109034538269,3
2193,H1_seed43,0.9457553625106812,2
2194,H1_seed43,0.9476925134658812,2
2195,H1_seed43,0.9520457983016968,2
2196,H1_seed43,0.95488703250885,2
2197,H1_seed43,0.9551140069961548,2
2198,H1_seed43,0.9423156976699828,2
2199,H1_seed43,0.9345355033874512,2
2200,H1_seed43,0.8301886916160583,1
2201,H1_seed43,0.8205128312110901,1
2202,H1_seed43,0.5957446694374084,1
2203,H1_seed43,0.8108108043670654,1
2204,H1_seed43,0.9473684430122375,1
2205,H1_seed43,0.8837209343910217,1
2206,H1_seed43,0.6197183132171631,1
2207,H1_seed43,0.84375,1
2208,H1_seed43,0.8450704216957092,1
2209,H1_seed43,0.8125,1
2210,H1_seed43,0.8510638475418091,1
2211,H1_seed43,0.800000011920929,1
2212,H1_seed43,0.8936170339584351,1
2213,H1_seed43,0.75,1
2214,H1_seed43,0.6785714030265808,1
2215,H1_seed43,0.7352941036224365,1
2216,H1_seed43,0.8307692408561707,1
2217,H1_seed43,0.8235294222831726,1
2218,H1_seed43,0.7636363506317139,1
2219,H1_seed43,0.774193525314331,1
2220,H1_seed43,0.8148148059844971,1
2221,H1_seed43,0.6538461446762085,1
2222,H1_seed43,0.7301587462425232,1
2223,H1_seed43,0.7647058963775635,1
2224,H1_seed43,0.6896551847457886,1
2225,H1_seed43,0.774193525314331,1
2226,H1_seed43,0.875,1
2227,H1_seed43,0.8656716346740723,1
2228,H1_seed43,0.8985507488250732,1
2229,H1_seed43,0.75,1
2230,H1_seed43,0.8611111044883728,1
2231,H1_seed43,0.7532467246055603,1
2232,H1_seed43,0.8571428656578064,1
2233,H1_seed43,0.8169013857841492,1
2234,H1_seed43,0.1151385903358459,1
2235,H1_seed43,0.1166180744767189,1
2236,H1_seed43,0.9141531586647034,1
2237,H1_seed43,0.9339250326156616,1
2238,H1_seed43,0.947045922279358,1
2239,H1_seed43,0.9285714030265808,1
2240,H1_seed43,0.943527340888977,1
2241,H1_seed43,0.844936728477478,1
2242,H1_seed43,1.7857143541633034e-09,1
2243,H1_seed43,0.7771428823471069,1
2244,H1_seed43,0.8686131238937378,1
2245,H1_seed43,0.890282154083252,1
2246,H1_seed43,0.6283524632453918,1
2247,H1_seed43,0.2444444447755813,2
2248,H1_seed43,0.1296296268701553,2
2249,H1_seed43,0.1390374302864074,2
2250,H1_seed43,0.5901726484298706,2
2251,H1_seed43,0.7369133830070496,3
2252,H1_seed43,0.8562860488891602,3
2253,H1_seed43,0.7626076340675354,3
2254,H1_seed43,0.751586377620697,3
2255,H1_seed43,0.7769092917442322,3
2256,H1_seed43,0.7634091377258301,3
2257,H1_seed43,0.8918967247009277,4
2258,H1_seed43,0.8967792391777039,5
2259,H1_seed43,0.9098292589187622,5
2260,H1_seed43,0.911021053791046,5
2261,H1_seed43,0.8498126864433289,5
2262,H1_seed43,0.8962090611457825,6
2263,H1_seed43,0.8572282791137695,6
2264,H1_seed43,0.7651450037956238,6
2265,H1_seed43,0.8621708750724792,6
2266,H1_seed43,0.8954290747642517,7
2267,H1_seed43,0.8794392943382263,7
2268,H1_seed43,0.8946660161018372,7
2269,H1_seed43,0.8949136734008789,7
2270,H1_seed43,0.9102124571800232,8
2271,H1_seed43,0.8832129836082458,8
2272,H1_seed43,0.8310420513153076,9
2273,H1_seed43,0.7916175723075867,7
2274,H1_seed43,0.6463645696640015,7
2275,H1_seed43,0.8974834680557251,5
2276,H1_seed43,0.8601779937744141,5
2277,H1_seed43,0.8897205591201782,5
2278,H1_seed43,0.9042718410491944,4
2279,H1_seed43,0.8475214242935181,4
2280,H1_seed43,0.8689846992492676,4
2281,H1_seed43,0.9532753825187684,3
2282,H1_seed43,0.9501789212226868,3
2283,H1_seed43,0.9652864336967468,3
2284,H1_seed43,0.8742991089820862,4
2285,H1_seed43,0.9322476983070374,4
2286,H1_seed43,0.9330559968948364,4
2287,H1_seed43,0.9480433464050292,4
2288,H1_seed43,0.9387890100479126,4
2289,H1_seed43,0.9125908017158508,4
2290,H1_seed43,0.8440048098564148,2
2291,H1_seed43,0.7799600958824158,2
2292,H1_seed43,0.8674699068069458,1
2293,H1_seed43,0.8235294222831726,1
2294,H1_seed43,0.8493150472640991,1
2295,H1_seed43,0.7532467246055603,1
2296,H1_seed43,0.6000000238418579,1
2297,H1_seed43,0.5454545617103577,1
2298,H1_seed43,0.4905660450458526,1
2299,H1_seed43,0.7540983557701111,1
2300,H1_seed43,0.6382978558540344,1
2301,H1_seed43,0.8195804357528687,1
2302,H1_seed43,0.95735901594162,1
2303,H1_seed43,0.9291398525238036,1
2304,H1_seed43,0.9500284194946288,1
2305,H1_seed43,0.9721873998641968,1
2306,H1_seed43,0.9739049673080444,1
2307,H1_seed43,0.9728860259056092,1
2308,H1_seed43,0.9792746305465698,1
2309,H1_seed43,0.9536869525909424,1
2310,H1_seed43,0.964619517326355,1
2311,H1_seed43,0.9648711681365968,1
2312,H1_seed43,0.7588179111480713,1
2313,H1_seed43,0.4970414340496063,1
2314,H1_seed43,0.8568872809410095,1
2315,H1_seed43,0.6183518767356873,3
2316,H1_seed43,0.9032976031303406,3
2317,H1_seed43,0.9339436292648317,4
2318,H1_seed43,0.7918316721916199,5
2319,H1_seed43,0.829404354095459,5
2320,H1_seed43,0.9364123344421388,5
2321,H1_seed43,0.9103374481201172,6
2322,H1_seed43,0.7923645377159119,7
2323,H1_seed43,0.8715140223503113,7
2324,H1_seed43,0.8775819540023804,7
2325,H1_seed43,0.8920252919197083,7
2326,H1_seed43,0.7944889068603516,8
2327,H1_seed43,0.8531920909881592,8
2328,H1_seed43,0.8650416731834412,8
2329,H1_seed43,0.9296357035636902,8
2330,H1_seed43,0.913481056690216,8
2331,H1_seed43,0.914665699005127,8
2332,H1_seed43,0.8128935098648071,10
2333,H1_seed43,0.8280321955680847,10
2334,H1_seed43,0.8487961888313293,9
2335,H1_seed43,0.8087195158004761,8
2336,H1_seed43,0.9187793731689452,6
2337,H1_seed43,0.8405506014823914,6
2338,H1_seed43,0.5835515856742859,5
2339,H1_seed43,0.97040992975235,3
2340,H1_seed43,0.9718976020812988,3
2341,H1_seed43,0.961068630218506,3
2342,H1_seed43,0.957890808582306,3
2343,H1_seed43,0.883050799369812,4
2344,H1_seed43,0.8106012940406799,3
2345,H1_seed43,0.947988986968994,2
2346,H1_seed43,0.8801414966583252,2
2347,H1_seed43,0.824379026889801,2
2348,H1_seed43,0.4782634973526001,2
2349,H1_seed43,0.8345323801040649,1
2350,H1_seed43,0.8396946787834167,1
2351,H1_seed43,0.9122806787490844,1
2352,H1_seed43,0.8631578683853149,1
2353,H1_seed43,0.945945918560028,1
2354,H1_seed43,0.9350649118423462,1
2355,H1_seed43,0.8607594966888428,1
2356,H1_seed43,0.78125,1
2357,H1_seed43,0.6969696879386902,1
2358,H1_seed43,0.800000011920929,1
2359,H1_seed43,0.7142857313156128,1
2360,H1_seed43,0.6808510422706604,1
2361,H1_seed43,0.6808510422706604,1
2362,H1_seed43,0.6666666865348816,1
2363,H1_seed43,0.75,1
2364,H1_seed43,0.8301886916160583,1
2365,H1_seed43,0.7457627058029175,1
2366,H1_seed43,0.6933333277702332,1
2367,H1_seed43,0.7472527623176575,1
2368,H1_seed43,0.8541666865348816,1
2369,H1_seed43,0.791208803653717,1
2370,H1_seed43,0.8888888955116272,1
2371,H1_seed43,0.9014084339141846,1
2372,H1_seed43,0.75,1
2373,H1_seed43,0.8115941882133484,1
2374,H1_seed43,0.8679245114326477,1
2375,H1_seed43,0.695652186870575,1
2376,H1_seed43,0.800000011920929,1
2377,H1_seed43,0.7692307829856873,1
2378,H1_seed43,0.8524590134620667,1
2379,H1_seed43,0.9333333373069764,1
2380,H1_seed43,0.949999988079071,1
2381,H1_seed43,0.9135802388191224,1
2382,H1_seed43,0.8493150472640991,1
2383,H1_seed43,0.7272727489471436,1
2384,H1_seed43,0.71875,1
2385,H1_seed43,0.6764705777168274,1
2386,H1_seed43,0.7076923251152039,1
2387,H1_seed43,0.824999988079071,1
2388,H1_seed43,0.7560975551605225,1
2389,H1_seed43,0.6666666865348816,1
2390,H1_seed43,0.800000011920929,1
2391,H1_seed43,0.8985507488250732,1
2392,H1_seed43,0.8695651888847351,1
2393,H1_seed43,0.9285714030265808,1
2394,H1_seed43,0.8530259132385254,1
2395,H1_seed43,0.9324089884757996,1
2396,H1_seed43,0.9458897113800048,1
2397,H1_seed43,0.9794031381607056,1
2398,H1_seed43,0.9824287295341492,1
2399,H1_seed43,0.980685830116272,1
2400,H1_seed43,0.9863760471343994,1
2401,H1_seed43,0.901484489440918,1
2402,H1_seed43,6.802721164156367e-10,1
2403,H1_seed43,0.5248227119445801,1
2404,H1_seed43,0.977011501789093,1
2405,H1_seed43,0.9757322072982788,1
2406,H1_seed43,0.495277464389801,2
2407,H1_seed43,0.7194393277168274,3
2408,H1_seed43,0.9451520442962646,4
2409,H1_seed43,0.9278315901756288,4
2410,H1_seed43,0.9404769539833068,4
2411,H1_seed43,0.8060929179191589,6
2412,H1_seed43,0.9455409049987792,6
2413,H1_seed43,0.9421682357788086,6
2414,H1_seed43,0.9510971903800964,7
2415,H1_seed43,0.9132076501846312,7
2416,H1_seed43,0.8941030502319336,7
2417,H1_seed43,0.9243060350418092,7
2418,H1_seed43,0.938197672367096,7
2419,H1_seed43,0.9225054383277892,7
2420,H1_seed43,0.8612242937088013,7
2421,H1_seed43,0.8319448828697205,7
2422,H1_seed43,0.7549901604652405,7
2423,H1_seed43,0.7895543575286865,6
2424,H1_seed43,0.9106466174125672,5
2425,H1_seed43,0.8862390518188477,5
2426,H1_seed43,0.8988044857978821,7
2427,H1_seed43,0.9125500321388244,7
2428,H1_seed43,0.8778456449508667,8
2429,H1_seed43,0.9157852530479432,8
2430,H1_seed43,0.8673995733261108,7
2431,H1_seed43,0.891227662563324,7
2432,H1_seed43,0.9014253616333008,7
2433,H1_seed43,0.8590492010116577,7
2434,H1_seed43,0.8734207153320312,6
2435,H1_seed43,0.8783954381942749,5
2436,H1_seed43,0.8886281847953796,5
2437,H1_seed43,0.7981937527656555,4
2438,H1_seed43,0.8580116629600525,4
2439,H1_seed43,0.8279926776885986,4
2440,H1_seed43,0.7430760860443115,4
2441,H1_seed43,0.7838994264602661,4
2442,H1_seed43,0.8981404900550842,4
2443,H1_seed43,0.804693341255188,4
2444,H1_seed43,0.9101004600524902,2
2445,H1_seed43,0.94756817817688,2
2446,H1_seed43,0.931640625,2
2447,H1_seed43,0.9128437638282776,2
2448,H1_seed43,0.8682170510292053,1
2449,H1_seed43,0.953125,1
2450,H1_seed43,0.8285714387893677,1
2451,H1_seed43,0.7704917788505554,1
2452,H1_seed43,0.7761194109916687,1
2453,H1_seed43,2.3255815051470563e-09,1
2454,H1_seed43,2.7027027282855443e-09,1
2455,H1_seed43,0.0975609719753265,1
2456,H1_seed43,2.083333283664501e-09,1
2457,H1_seed43,2.040816404758061e-09,1
2458,H1_seed43,2.380952324188001e-09,1
2459,H1_seed43,1.562500018259527e-09,1
2460,H1_seed43,1.249999992403161e-09,1
2461,H1_seed43,1.0416666418322507e-09,1
2462,H1_seed43,0.084033615887165,1
2463,H1_seed43,9.43396250008277e-10,1
2464,H1_seed43,0.3823529481887817,1
2465,H1_seed43,0.4255319237709045,1
2466,H1_seed43,0.2641509473323822,1
2467,H1_seed43,0.4285714328289032,1
2468,H1_seed43,0.7714285850524902,1
2469,H1_seed43,0.6666666865348816,1
2470,H1_seed43,0.8192771077156067,1
2471,H1_seed43,0.8125,1
2472,H1_seed43,0.738095223903656,1
2473,H1_seed43,0.7809523940086365,1
2474,H1_seed43,0.761904776096344,1
2475,H1_seed43,0.6915887594223022,1
2476,H1_seed43,0.8222222328186035,1
2477,H1_seed43,0.800000011920929,1
2478,H1_seed43,0.6229507923126221,1
2479,H1_seed43,0.9126213788986206,1
2480,H1_seed43,0.8360655903816223,1
2481,H1_seed43,0.7936508059501648,1
2482,H1_seed43,0.7913669347763062,1
2483,H1_seed43,0.8717948794364929,1
2484,H1_seed43,0.8714285492897034,1
2485,H1_seed43,0.8527131676673889,1
2486,H1_seed43,0.919689118862152,1
2487,H1_seed43,0.9532710313796996,1
2488,H1_seed43,0.9616252779960632,1
2489,H1_seed43,0.9810426831245422,1
2490,H1_seed43,0.9762438535690308,1
2491,H1_seed43,0.9810798168182372,1
2492,H1_seed43,0.9783157110214232,1
2493,H1_seed43,0.9511774778366088,1
2494,H1_seed43,0.9322448968887328,1
2495,H1_seed43,0.9220339059829712,1
2496,H1_seed43,0.1034482792019844,1
2497,H1_seed43,7.874015883757578e-10,1
2498,H1_seed43,0.6625000238418579,1
2499,H1_seed43,0.0855263173580169,2
2500,H1_seed43,0.1944257467985153,2
2501,H1_seed43,0.4187636077404022,3
2502,H1_seed43,0.4377080500125885,3
2503,H1_seed43,0.3899596929550171,3
2504,H1_seed43,0.3731226623058319,3
2505,H1_seed43,0.568311333656311,4
2506,H1_seed43,0.7426065802574158,4
2507,H1_seed43,0.6721336841583252,4
2508,H1_seed43,0.5391868352890015,5
2509,H1_seed43,0.6039698123931885,5
2510,H1_seed43,0.6528722643852234,5
2511,H1_seed43,0.6377409100532532,5
2512,H1_seed43,0.7015209197998047,5
2513,H1_seed43,0.7755245566368103,6
2514,H1_seed43,0.8093505501747131,6
2515,H1_seed43,0.8960117697715759,6
2516,H1_seed43,0.7777901887893677,7
2517,H1_seed43,0.7009063363075256,7
2518,H1_seed43,0.771427571773529,7
2519,H1_seed43,0.7006344199180603,7
2520,H1_seed43,0.6610535979270935,7
2521,H1_seed43,0.6207749247550964,7
2522,H1_seed43,0.7501155138015747,7
2523,H1_seed43,0.764984667301178,7
2524,H1_seed43,0.7749863862991333,7
2525,H1_seed43,0.8480733036994934,7
2526,H1_seed43,0.7861666083335876,6
2527,H1_seed43,0.9295340180397034,4
2528,H1_seed43,0.9676191210746764,3
2529,H1_seed43,0.8675076961517334,4
2530,H1_seed43,0.8979766368865967,4
2531,H1_seed43,0.8564770817756653,4
2532,H1_seed43,0.8983175158500671,4
2533,H1_seed43,0.864601731300354,4
2534,H1_seed43,0.8489342927932739,4
2535,H1_seed43,0.5854938626289368,3
2536,H1_seed43,0.8806940913200378,2
2537,H1_seed43,0.9474629163742064,2
2538,H1_seed43,0.9453059434890748,2
2539,H1_seed43,0.9096194505691528,2
2540,H1_seed43,0.8362222909927368,2
2541,H1_seed43,0.6990509033203125,2
2542,H1_seed43,0.5199999809265137,1
2543,H1_seed43,0.375,1
2544,H1_seed43,0.5714285969734192,1
2545,H1_seed43,0.4571428596973419,1
2546,H1_seed43,0.5333333611488342,1
2547,H1_seed43,0.9147727489471436,1
2548,H1_seed43,0.9456824660301208,1
2549,H1_seed43,0.9543823599815368,1
2550,H1_seed43,0.8965102434158325,1
2551,H1_seed43,0.7579529881477356,1
2552,H1_seed43,0.4516128897666931,1
2553,H1_seed43,0.8433734774589539,1
2554,H1_seed43,0.890080451965332,1
2555,H1_seed43,0.72826087474823,2
2556,H1_seed43,0.887454628944397,2
2557,H1_seed43,0.5887426733970642,3
2558,H1_seed43,0.7749062180519104,5
2559,H1_seed43,0.8567565679550171,5
2560,H1_seed43,0.7992140650749207,5
2561,H1_seed43,0.8007715940475464,7
2562,H1_seed43,0.9086291193962096,7
2563,H1_seed43,0.8491600751876831,7
2564,H1_seed43,0.8309045433998108,7
2565,H1_seed43,0.8201724290847778,7
2566,H1_seed43,0.7798569202423096,8
2567,H1_seed43,0.8261339068412781,8
2568,H1_seed43,0.8515165448188782,8
2569,H1_seed43,0.8576246500015259,8
2570,H1_seed43,0.8487450480461121,8
2571,H1_seed43,0.8218317031860352,8
2572,H1_seed43,0.9460809826850892,6
2573,H1_seed43,0.925377070903778,6
2574,H1_seed43,0.9444315433502196,6
2575,H1_seed43,0.9108725786209106,8
2576,H1_seed43,0.871388852596283,7
2577,H1_seed43,0.8520551323890686,6
2578,H1_seed43,0.8665782809257507,5
2579,H1_seed43,0.7474934458732605,5
2580,H1_seed43,0.9650230407714844,3
2581,H1_seed43,0.9646170735359192,3
2582,H1_seed43,0.9495189785957336,3
2583,H1_seed43,0.7043651938438416,3
2584,H1_seed43,0.7576080560684204,2
2585,H1_seed43,0.8627239465713501,2
2586,H1_seed43,0.9065394401550292,2
2587,H1_seed43,0.922289490699768,2
2588,H1_seed43,0.7933514714241028,2
2589,H1_seed43,0.5243811011314392,2
2590,H1_seed43,0.9583333134651184,1
2591,H1_seed43,0.852173924446106,1
2592,H1_seed43,0.95652174949646,1
2593,H1_seed43,0.5454545617103577,1
2594,H1_seed43,0.8500000238418579,1
2595,H1_seed43,0.9207718372344972,2
2596,H1_seed43,0.6641983389854431,3
2597,H1_seed43,0.8576948046684265,3
2598,H1_seed43,0.8169830441474915,3
2599,H1_seed43,0.6858350038528442,4
2600,H1_seed43,0.7106611728668213,5
2601,H1_seed43,0.7506387829780579,6
2602,H1_seed43,0.6734540462493896,6
2603,H1_seed43,0.7625998854637146,6
2604,H1_seed43,0.7957392334938049,6
2605,H1_seed43,0.8095693588256836,6
2606,H1_seed43,0.8768491744995117,6
2607,H1_seed43,0.6944446563720703,8
2608,H1_seed43,0.7163354754447937,8
2609,H1_seed43,0.7402589321136475,8
2610,H1_seed43,0.7194460034370422,8
2611,H1_seed43,0.8145021200180054,8
2612,H1_seed43,0.7455804944038391,9
2613,H1_seed43,0.8161962032318115,8
2614,H1_seed43,0.8384788036346436,8
2615,H1_seed43,0.7622811794281006,6
2616,H1_seed43,0.8016043901443481,5
2617,H1_seed43,0.6703415513038635,5
2618,H1_seed43,0.8531473278999329,3
2619,H1_seed43,0.8479530811309814,3
2620,H1_seed43,0.8369600772857666,3
2621,H1_seed43,0.6650527119636536,3
2622,H1_seed43,0.4868202805519104,2
2623,H1_seed43,0.4866936802864074,2
2624,H1_seed43,0.4867711067199707,2
2625,H1_seed43,0.4873048663139343,2
2626,H1_seed43,0.9295892715454102,2
2627,H1_seed43,0.9474643468856812,2
2628,H1_seed43,0.9183698892593384,2
2629,H1_seed43,0.9139072895050048,1
2630,H1_seed43,0.8676470518112183,1
2631,H1_seed43,0.8661417365074158,1
2632,H1_seed43,0.8717948794364929,1
2633,H1_seed43,0.8965517282485962,1
2634,H1_seed43,0.8199999928474426,1
2635,H1_seed43,0.8602150678634644,1
2636,H1_seed43,0.6582278609275818,1
2637,H1_seed43,0.6666666865348816,1
2638,H1_seed43,0.7435897588729858,1
2639,H1_seed43,0.6753246784210205,1
2640,H1_seed43,0.6760563254356384,1
2641,H1_seed43,0.7058823704719543,1
2642,H1_seed43,0.6666666865348816,1
2643,H1_seed43,0.7796609997749329,1
2644,H1_seed43,0.6399999856948853,1
2645,H1_seed43,0.7764706015586853,1
2646,H1_seed43,0.7291666865348816,1
2647,H1_seed43,0.707317054271698,1
2648,H1_seed43,0.692307710647583,1
2649,H1_seed43,0.7954545617103577,1
2650,H1_seed43,0.7961165308952332,1
2651,H1_seed43,0.7222222089767456,1
2652,H1_seed43,0.7543859481811523,1
2653,H1_seed43,0.8103448152542114,1
2654,H1_seed43,0.8695651888847351,1
2655,H1_seed43,0.8264462947845459,1
2656,H1_seed43,0.7559055089950562,1
2657,H1_seed43,0.821052610874176,1
2658,H1_seed43,0.875,1
2659,H1_seed43,0.7407407164573669,1
2660,H1_seed43,0.1428571492433548,1
2661,H1_seed43,0.8627451062202454,1
2662,H1_seed43,0.8543689250946045,1
2663,H1_seed43,0.7368420958518982,1
2664,H1_seed43,0.7105262875556946,1
2665,H1_seed43,0.8764045238494873,1
2666,H1_seed43,0.8533333539962769,1
2667,H1_seed43,0.8045976758003235,1
2668,H1_seed43,0.8791208863258362,1
2669,H1_seed43,0.9647058844566344,1
2670,H1_seed43,0.8222222328186035,1
2671,H1_seed43,0.9090909361839294,1
2672,H1_seed43,0.75,1
2673,H1_seed43,0.7636363506317139,1
2674,H1_seed43,0.6140350699424744,1
2675,H1_seed43,0.7407407164573669,1
2676,H1_seed43,0.942903220653534,2
2677,H1_seed43,0.8597086071968079,3
2678,H1_seed43,0.8716070055961609,3
2679,H1_seed43,0.9072205424308776,3
2680,H1_seed43,0.798163652420044,4
2681,H1_seed43,0.8713319897651672,5
2682,H1_seed43,0.7680090069770813,5
2683,H1_seed43,0.7075585722923279,6
2684,H1_seed43,0.8272407054901123,6
2685,H1_seed43,0.8321788311004639,6
2686,H1_seed43,0.8781082630157471,6
2687,H1_seed43,0.8361424803733826,7
2688,H1_seed43,0.8946321606636047,7
2689,H1_seed43,0.7911921739578247,8
2690,H1_seed43,0.754239022731781,8
2691,H1_seed43,0.8024492263793945,8
2692,H1_seed43,0.7661972045898438,9
2693,H1_seed43,0.788325309753418,9
2694,H1_seed43,0.8518247604370117,8
2695,H1_seed43,0.8297556638717651,8
2696,H1_seed43,0.8102800250053406,6
2697,H1_seed43,0.8804012537002563,4
2698,H1_seed43,0.755942165851593,4
2699,H1_seed43,0.6144492030143738,4
2700,H1_seed43,0.8884432911872864,3
2701,H1_seed43,0.8126387596130371,3
2702,H1_seed43,0.6439855098724365,3
2703,H1_seed43,0.4588235914707184,3
2704,H1_seed43,0.491118460893631,2
2705,H1_seed43,0.6393172144889832,3
2706,H1_seed43,0.9567747116088868,2
2707,H1_seed43,0.9495195150375366,2
2708,H1_seed43,0.9324000477790833,2
2709,H1_seed43,0.9286430478096008,2
2710,H1_seed43,0.796875,1
2711,H1_seed43,0.8666666746139526,1
2712,H1_seed43,0.8907563090324402,1
2713,H1_seed43,0.8971962332725525,1
2714,H1_seed43,0.8888888955116272,1
2715,H1_seed43,0.8837209343910217,1
2716,H1_seed43,0.8181818127632141,1
2717,H1_seed43,0.8333333134651184,1
2718,H1_seed43,0.7575757503509521,1
2719,H1_seed43,0.71875,1
2720,H1_seed43,0.7457627058029175,1
2721,H1_seed43,0.8363636136054993,1
2722,H1_seed43,0.7450980544090271,1
2723,H1_seed43,0.7666666507720947,1
2724,H1_seed43,0.7714285850524902,1
2725,H1_seed43,0.8181818127632141,1
2726,H1_seed43,0.5352112650871277,1
2727,H1_seed43,0.6538461446762085,1
2728,H1_seed43,0.6168224215507507,1
2729,H1_seed43,0.7962962985038757,1
2730,H1_seed43,0.6736842393875122,1
2731,H1_seed43,0.7200000286102295,1
2732,H1_seed43,0.800000011920929,1
2733,H1_seed43,0.643478274345398,1
2734,H1_seed43,0.7479674816131592,1
2735,H1_seed43,0.7096773982048035,1
2736,H1_seed43,0.6538461446762085,1
2737,H1_seed43,0.692307710647583,1
2738,H1_seed43,0.7945205569267273,1
2739,H1_seed43,0.7654321193695068,1
2740,H1_seed43,0.8545454740524292,1
2741,H1_seed43,0.875,1
2742,H1_seed43,0.8999999761581421,1
2743,H1_seed43,0.6436781883239746,1
2744,H1_seed43,0.6363636255264282,1
2745,H1_seed43,0.767123281955719,1
2746,H1_seed43,0.7835051417350769,1
2747,H1_seed43,0.8399999737739563,1
2748,H1_seed43,0.9026548862457277,1
2749,H1_seed43,0.924369752407074,1
2750,H1_seed43,0.9213483333587646,1
2751,H1_seed43,0.7105262875556946,1
2752,H1_seed43,0.8301886916160583,1
2753,H1_seed43,0.8031495809555054,1
2754,H1_seed43,0.9504950642585754,1
2755,H1_seed43,0.9632571935653688,1
2756,H1_seed43,0.977011501789093,1
2757,H1_seed43,0.9746376872062684,1
2758,H1_seed43,0.9814037084579468,1
2759,H1_seed43,0.966176450252533,1
2760,H1_seed43,0.7257384061813354,1
2761,H1_seed43,0.4651162922382355,1
2762,H1_seed43,0.9629629850387572,1
2763,H1_seed43,0.9724473357200624,1
2764,H1_seed43,0.9820972084999084,1
2765,H1_seed43,0.9918200373649596,1
2766,H1_seed43,0.9730215668678284,1
2767,H1_seed43,0.8151214122772217,2
2768,H1_seed43,0.8625583648681641,3
2769,H1_seed43,0.5960020422935486,5
2770,H1_seed43,0.7816258668899536,5
2771,H1_seed43,0.7499736547470093,5
2772,H1_seed43,0.8352386355400085,5
2773,H1_seed43,0.6467682719230652,6
2774,H1_seed43,0.8719688057899475,6
2775,H1_seed43,0.779887855052948,6
2776,H1_seed43,0.7271847724914551,6
2777,H1_seed43,0.8937948346138,6
2778,H1_seed43,0.9279311299324036,6
2779,H1_seed43,0.9095110297203064,6
2780,H1_seed43,0.919529676437378,6
2781,H1_seed43,0.8980842232704163,7
2782,H1_seed43,0.916617512702942,7
2783,H1_seed43,0.8625715970993042,7
2784,H1_seed43,0.7683355212211609,8
2785,H1_seed43,0.9169631004333496,6
2786,H1_seed43,0.8806198835372925,7
2787,H1_seed43,0.906497836112976,7
2788,H1_seed43,0.8930139541625977,7
2789,H1_seed43,0.8435882329940796,7
2790,H1_seed43,0.8446825742721558,7
2791,H1_seed43,0.9002742171287537,6
2792,H1_seed43,0.9119299054145812,6
2793,H1_seed43,0.8778507113456726,6
2794,H1_seed43,0.9687299728393556,3
2795,H1_seed43,0.9580090641975404,3
2796,H1_seed43,0.925920069217682,3
2797,H1_seed43,0.9308492541313172,3
2798,H1_seed43,0.9135597348213196,3
2799,H1_seed43,0.879152774810791,3
2800,H1_seed43,0.8034156560897827,4
2801,H1_seed43,0.8921735882759094,4
2802,H1_seed43,0.9262164235115052,3
2803,H1_seed43,0.9740958213806152,3
2804,H1_seed43,0.9686911702156068,2
2805,H1_seed43,0.9370275735855104,2
2806,H1_seed43,0.9367451667785645,2
2807,H1_seed43,0.8637341260910034,2
2808,H1_seed43,0.9200484752655028,2
2809,H1_seed43,0.9090261459350586,2
2810,H1_seed43,0.8415685892105103,2
2811,H1_seed43,0.8518518805503845,1
2812,H1_seed43,0.8679245114326477,1
2813,H1_seed43,0.800000011920929,1
2814,H1_seed43,0.7323943376541138,1
2815,H1_seed43,0.6984127163887024,1
2816,H1_seed43,0.8604651093482971,1
2817,H1_seed43,0.9558823704719543,1
2818,H1_seed43,0.7936508059501648,1
2819,H1_seed43,0.761904776096344,1
2820,H1_seed43,0.8666666746139526,1
2821,H1_seed43,0.9053892493247986,1
2822,H1_seed43,0.8941176533699036,1
2823,H1_seed43,0.9499467611312866,1
2824,H1_seed43,0.60317462682724,1
2825,H1_seed43,0.9514563083648682,1
2826,H1_seed43,0.9767441749572754,1
2827,H1_seed43,0.9851484894752502,1
2828,H1_seed43,0.9496123790740968,1
2829,H1_seed43,0.968576729297638,1
2830,H1_seed43,0.8817378878593445,3
2831,H1_seed43,0.9628965854644777,3
2832,H1_seed43,0.9407079219818116,3
2833,H1_seed43,0.852634608745575,3
2834,H1_seed43,0.6308265328407288,3
2835,H1_seed43,0.6776320934295654,4
2836,H1_seed43,0.8098790049552917,4
2837,H1_seed43,0.8786171078681946,4
2838,H1_seed43,0.9143692255020142,4
2839,H1_seed43,0.7891483306884766,4
2840,H1_seed43,0.8221790194511414,5
2841,H1_seed43,0.79193115234375,5
2842,H1_seed43,0.8978056907653809,7
2843,H1_seed43,0.9098637700080872,7
2844,H1_seed43,0.8681088089942932,7
2845,H1_seed43,0.8898455500602722,7
2846,H1_seed43,0.8724743723869324,7
2847,H1_seed43,0.6601284742355347,8
2848,H1_seed43,0.7475143074989319,7
2849,H1_seed43,0.7072598338127136,5
2850,H1_seed43,0.850029468536377,5
2851,H1_seed43,0.7963736057281494,6
2852,H1_seed43,0.7604621052742004,5
2853,H1_seed43,0.9428333640098572,4
2854,H1_seed43,0.8423616290092468,5
2855,H1_seed43,0.9302705526351928,4
2856,H1_seed43,0.9544423818588256,4
2857,H1_seed43,0.9092513918876648,3
2858,H1_seed43,0.8066827654838562,3
2859,H1_seed43,0.9346596598625184,2
2860,H1_seed43,0.9585292339324952,2
2861,H1_seed43,0.9248017072677612,2
2862,H1_seed43,0.9505618810653688,2
2863,H1_seed43,0.9098992347717284,2
2864,H1_seed43,0.9483488202095032,2
2865,H1_seed43,0.9316598773002625,2
2866,H1_seed43,0.8833245038986206,2
2867,H1_seed43,0.7938264608383179,2
2868,H1_seed43,0.7141724824905396,2
2869,H1_seed43,0.6594392657279968,2
2870,H1_seed43,0.8260869383811951,1
2871,H1_seed43,0.8163265585899353,1
2872,H1_seed43,0.5957446694374084,1
2873,H1_seed43,0.8333333134651184,1
2874,H1_seed43,0.930232584476471,1
2875,H1_seed43,0.6829268336296082,1
2876,H1_seed43,0.6521739363670349,1
2877,H1_seed43,0.890080451965332,1
2878,H1_seed43,0.8975155353546143,1
2879,H1_seed43,0.8759278655052185,1
2880,H1_seed43,0.920556902885437,1
2881,H1_seed43,0.9060773253440856,1
2882,H1_seed43,0.948855996131897,1
2883,H1_seed43,0.950591504573822,1
2884,H1_seed43,0.9192245602607728,1
2885,H1_seed43,0.911255419254303,1
2886,H1_seed43,0.4882226884365082,1
2887,H1_seed43,0.9305019378662108,1
2888,H1_seed43,0.8275862336158752,1
2889,H1_seed43,0.9473684430122375,1
2890,H1_seed43,0.9696969985961914,1
2891,H1_seed43,0.9620853066444396,1
2892,H1_seed43,0.4733840227127075,2
2893,H1_seed43,0.8986414670944214,2
2894,H1_seed43,0.9452791213989258,2
2895,H1_seed43,0.8616981506347656,3
2896,H1_seed43,0.7088033556938171,3
2897,H1_seed43,0.8298556208610535,3
2898,H1_seed43,0.863865852355957,3
2899,H1_seed43,0.8709211945533752,3
2900,H1_seed43,0.5657930374145508,4
2901,H1_seed43,0.781666100025177,4
2902,H1_seed43,0.7403222322463989,5
2903,H1_seed43,0.8089324235916138,5
2904,H1_seed43,0.8224108815193176,5
2905,H1_seed43,0.7611834406852722,5
2906,H1_seed43,0.7183981537818909,6
2907,H1_seed43,0.7414442896842957,7
2908,H1_seed43,0.7925673723220825,7
2909,H1_seed43,0.8602393269538879,6
2910,H1_seed43,0.8708412647247314,6
2911,H1_seed43,0.7976759672164917,7
2912,H1_seed43,0.8489675521850586,7
2913,H1_seed43,0.7892854809761047,6
2914,H1_seed43,0.8200556635856628,6
2915,H1_seed43,0.7112361788749695,5
2916,H1_seed43,0.6625128984451294,5
2917,H1_seed43,0.6627988815307617,5
2918,H1_seed43,0.7011674046516418,4
2919,H1_seed43,0.7135844826698303,4
2920,H1_seed43,0.8458081483840942,5
2921,H1_seed43,0.8634406328201294,5
2922,H1_seed43,0.7769848108291626,4
2923,H1_seed43,0.9109315276145936,3
2924,H1_seed43,0.9244034886360168,3
2925,H1_seed43,0.9125223755836488,3
2926,H1_seed43,0.787938117980957,3
2927,H1_seed43,0.8844869136810303,2
2928,H1_seed43,0.7058457136154175,2
2929,H1_seed43,0.9091063737869264,2
2930,H1_seed43,0.9503974318504332,2
2931,H1_seed43,0.80290687084198,2
2932,H1_seed43,0.9051767587661744,2
2933,H1_seed43,0.8504159450531006,2
2934,H1_seed43,0.7556846141815186,2
2935,H1_seed43,0.7902412414550781,2
2936,H1_seed43,0.5853658318519592,1
2937,H1_seed43,0.6474820375442505,1
2938,H1_seed43,0.903677761554718,1
2939,H1_seed43,0.8143100738525391,1
2940,H1_seed43,0.7124682068824768,1
2941,H1_seed43,0.9263888597488404,1
2942,H1_seed43,0.7302631735801697,1
2943,H1_seed43,0.5390070676803589,1
2944,H1_seed43,0.7858942151069641,1
2945,H1_seed43,0.8815976977348328,1
2946,H1_seed43,0.8804903030395508,1
2947,H1_seed43,0.902024269104004,1
2948,H1_seed43,0.8988057971000671,1
2949,H1_seed43,0.934434175491333,1
2950,H1_seed43,0.9540425539016724,1
2951,H1_seed43,0.9332810044288636,1
2952,H1_seed43,0.9600886702537536,1
2953,H1_seed43,0.932888388633728,1
2954,H1_seed43,0.9421071410179138,1
2955,H1_seed43,0.9410582780838012,1
2956,H1_seed43,0.9075747132301332,1
2957,H1_seed43,0.816321611404419,2
2958,H1_seed43,0.8197068572044373,3
2959,H1_seed43,0.8715865015983582,4
2960,H1_seed43,0.8298264741897583,4
2961,H1_seed43,0.8632643818855286,4
2962,H1_seed43,0.681795060634613,6
2963,H1_seed43,0.8318730592727661,7
2964,H1_seed43,0.8423008322715759,7
2965,H1_seed43,0.84906005859375,7
2966,H1_seed43,0.8479965925216675,7
2967,H1_seed43,0.8407835364341736,7
2968,H1_seed43,0.8619738817214966,7
2969,H1_seed43,0.8121767044067383,7
2970,H1_seed43,0.737075924873352,7
2971,H1_seed43,0.7944996953010559,6
2972,H1_seed43,0.9225857853889464,6
2973,H1_seed43,0.9006593823432922,6
2974,H1_seed43,0.7814246416091919,8
2975,H1_seed43,0.7195166349411011,7
2976,H1_seed43,0.8696759939193726,5
2977,H1_seed43,0.9004581570625305,5
2978,H1_seed43,0.7389455437660217,6
2979,H1_seed43,0.7532060742378235,6
2980,H1_seed43,0.8774707913398743,5
2981,H1_seed43,0.9500928521156312,4
2982,H1_seed43,0.9090783596038818,4
2983,H1_seed43,0.7070838809013367,4
2984,H1_seed43,0.8975340127944946,2
2985,H1_seed43,0.782608687877655,1
2986,H1_seed43,0.8793103694915771,1
2987,H1_seed43,0.9354838728904724,1
2988,H1_seed43,0.8108108043670654,1
2989,H1_seed43,0.8301886916160583,1
2990,H1_seed43,0.8727272748947144,1
2991,H1_seed43,0.9444444179534912,1
2992,H1_seed43,0.9215686321258544,1
2993,H1_seed43,0.942307710647583,1
2994,H1_seed43,0.904347836971283,1
2995,H1_seed43,0.8399999737739563,1
2996,H1_seed43,0.800000011920929,1
2997,H1_seed43,0.760869562625885,1
2998,H1_seed43,0.824999988079071,1
2999,H1_seed43,0.7076923251152039,1
3000,H1_seed43,0.71875,1
3001,H1_seed43,0.8051947951316833,1
3002,H1_seed43,0.7160493731498718,1
3003,H1_seed43,0.6268656849861145,1
3004,H1_seed43,0.6666666865348816,1
3005,H1_seed43,0.8712871074676514,1
3006,H1_seed43,0.7441860437393188,1
3007,H1_seed43,0.5070422291755676,1
3008,H1_seed43,0.3636363744735718,1
3009,H1_seed43,0.4705882370471954,1
3010,H1_seed43,0.4482758641242981,1
3011,H1_seed43,0.122448980808258,1
3012,H1_seed43,0.6666666865348816,1
3013,H1_seed43,0.8196721076965332,1
3014,H1_seed43,0.7954545617103577,1
3015,H1_seed43,0.8695651888847351,1
3016,H1_seed43,0.8421052694320679,1
3017,H1_seed43,0.7586206793785095,1
3018,H1_seed43,0.8285714387893677,1
3019,H1_seed43,0.8285714387893677,1
3020,H1_seed43,0.75,1
3021,H1_seed43,0.8571428656578064,1
3022,H1_seed43,0.800000011920929,1
3023,H1_seed43,0.695652186870575,1
3024,H1_seed43,0.767123281955719,1
3025,H1_seed43,0.7594936490058899,1
3026,H1_seed43,0.8831169009208679,1
3027,H1_seed43,0.75,1
3028,H1_seed43,0.7058823704719543,1
3029,H1_seed43,0.3611111044883728,1
3030,H1_seed43,0.3728813529014587,1
3031,H1_seed43,0.7951807379722595,1
3032,H1_seed43,0.9100528955459596,1
3033,H1_seed43,0.9423868060112,1
3034,H1_seed43,0.9684466123580932,1
3035,H1_seed43,0.8571428656578064,1
3036,H1_seed43,0.7704026103019714,1
3037,H1_seed43,0.7495741248130798,1
3038,H1_seed43,0.6108786463737488,1
3039,H1_seed43,0.2666666805744171,1
3040,H1_seed43,0.7284768223762512,1
3041,H1_seed43,0.699999988079071,1
3042,H1_seed43,0.8108976483345032,3
3043,H1_seed43,0.8304250836372375,3
3044,H1_seed43,0.8520830869674683,4
3045,H1_seed43,0.8515761494636536,6
3046,H1_seed43,0.8468928933143616,7
3047,H1_seed43,0.8447820544242859,7
3048,H1_seed43,0.883886456489563,7
3049,H1_seed43,0.8555327653884888,7
3050,H1_seed43,0.8498955368995667,7
3051,H1_seed43,0.8341245651245117,7
3052,H1_seed43,0.8169900178909302,7
3053,H1_seed43,0.7521837949752808,7
3054,H1_seed43,0.7765576243400574,8
3055,H1_seed43,0.838140070438385,7
3056,H1_seed43,0.8312686085700989,7
3057,H1_seed43,0.8803084492683411,6
3058,H1_seed43,0.9122069478034972,6
3059,H1_seed43,0.9109296798706056,7
3060,H1_seed43,0.9244619607925416,7
3061,H1_seed43,0.9336097836494446,6
3062,H1_seed43,0.8880200982093811,7
3063,H1_seed43,0.7609949707984924,7
3064,H1_seed43,0.7583661675453186,7
3065,H1_seed43,0.627612829208374,6
3066,H1_seed43,0.8499657511711121,4
3067,H1_seed43,0.7784323692321777,4
3068,H1_seed43,0.9639922976493835,3
3069,H1_seed43,0.9649402499198914,3
3070,H1_seed43,0.9305207133293152,3
3071,H1_seed43,0.8971092700958252,4
3072,H1_seed43,0.9191407561302184,3
3073,H1_seed43,0.9276524782180786,2
3074,H1_seed43,0.8816965818405151,2
3075,H1_seed43,0.8836424946784973,1
3076,H1_seed43,0.9434276223182678,1
3077,H1_seed43,0.9517144560813904,1
3078,H1_seed43,0.9427229762077332,1
3079,H1_seed43,0.5622119903564453,1
3080,H1_seed43,0.7111111283302307,1
3081,H1_seed43,0.9285714030265808,1
3082,H1_seed43,0.9488054513931274,1
3083,H1_seed43,0.9141274094581604,1
3084,H1_seed43,0.9314162731170654,2
3085,H1_seed43,0.8725943565368652,3
3086,H1_seed43,0.9103879928588868,3
3087,H1_seed43,0.9071223735809326,3
3088,H1_seed43,0.8895601630210876,3
3089,H1_seed43,0.8695489764213562,3
3090,H1_seed43,0.7806401252746582,3
3091,H1_seed43,0.7153357267379761,4
3092,H1_seed43,0.7157167196273804,5
3093,H1_seed43,0.8878347277641296,5
3094,H1_seed43,0.8943790197372437,5
3095,H1_seed43,0.8686674237251282,5
3096,H1_seed43,0.8221309781074524,6
3097,H1_seed43,0.7782730460166931,7
3098,H1_seed43,0.8224088549613953,8
3099,H1_seed43,0.8911129236221313,8
3100,H1_seed43,0.8565471172332764,8
3101,H1_seed43,0.7798342108726501,9
3102,H1_seed43,0.7432633638381958,9
3103,H1_seed43,0.7295088768005371,7
3104,H1_seed43,0.7803001403808594,8
3105,H1_seed43,0.8705447316169739,6
3106,H1_seed43,0.920011341571808,6
3107,H1_seed43,0.9355319738388062,5
3108,H1_seed43,0.9212854504585266,5
3109,H1_seed43,0.8457873463630676,5
3110,H1_seed43,0.917495608329773,5
3111,H1_seed43,0.8848905563354492,5
3112,H1_seed43,0.8475891351699829,5
3113,H1_seed43,0.7313441038131714,4
3114,H1_seed43,0.6960458755493164,4
3115,H1_seed43,0.7022412419319153,4
3116,H1_seed43,0.6799418330192566,4
3117,H1_seed43,0.6034669280052185,3
3118,H1_seed43,0.6134295463562012,3
3119,H1_seed43,0.9276868104934692,2
3120,H1_seed43,0.803288996219635,2
3121,H1_seed43,0.7537475824356079,2
3122,H1_seed43,0.7832037806510925,2
3123,H1_seed43,0.978468894958496,1
3124,H1_seed43,0.9046455025672911,1
3125,H1_seed43,0.9748549461364746,1
3126,H1_seed43,0.9896193742752076,1
3127,H1_seed43,0.9865125417709352,1
3128,H1_seed43,0.9770540595054626,1
3129,H1_seed43,0.6823529601097107,1
3130,H1_seed43,0.98305082321167,1
3131,H1_seed43,0.8925746083259583,2
3132,H1_seed43,0.977092742919922,2
3133,H1_seed43,0.9876861572265624,2
3134,H1_seed43,0.8893221020698547,4
3135,H1_seed43,0.955209255218506,4
3136,H1_seed43,0.7518356442451477,5
3137,H1_seed43,0.9149153828620912,5
3138,H1_seed43,0.9053865671157836,5
3139,H1_seed43,0.889138400554657,6
3140,H1_seed43,0.8992593884468079,7
3141,H1_seed43,0.906727135181427,7
3142,H1_seed43,0.8845290541648865,8
3143,H1_seed43,0.9236644506454468,8
3144,H1_seed43,0.9493563175201416,8
3145,H1_seed43,0.8786570429801941,9
3146,H1_seed43,0.9098557233810424,9
3147,H1_seed43,0.9223349094390868,9
3148,H1_seed43,0.8925448656082153,9
3149,H1_seed43,0.923776149749756,7
3150,H1_seed43,0.9250922799110411,7
3151,H1_seed43,0.7895767688751221,6
3152,H1_seed43,0.8253254890441895,4
3153,H1_seed43,0.9762322902679444,3
3154,H1_seed43,0.968156635761261,3
3155,H1_seed43,0.9577569365501404,3
3156,H1_seed43,0.861409068107605,4
3157,H1_seed43,0.9377340078353882,4
3158,H1_seed43,0.7342787981033325,4
3159,H1_seed43,0.9465547800064088,2
3160,H1_seed43,0.9382694363594056,2
3161,H1_seed43,0.9265624284744264,2
3162,H1_seed43,0.89509117603302,2
3163,H1_seed43,0.7804877758026123,1
3164,H1_seed43,0.8372092843055725,1
3165,H1_seed43,0.8627451062202454,1
3166,H1_seed43,0.6829268336296082,1
3167,H1_seed43,0.6206896305084229,1
3168,H1_seed43,0.9416195750236512,1
3169,H1_seed43,0.9614807367324828,1
3170,H1_seed43,0.938327431678772,1
3171,H1_seed43,0.9698600769042968,1
3172,H1_seed43,0.9444301128387452,1
3173,H1_seed43,0.9584068655967712,1
3174,H1_seed43,0.953076720237732,1
3175,H1_seed43,0.9470404982566832,1
3176,H1_seed43,0.878446102142334,1
3177,H1_seed43,0.542443037033081,1
3178,H1_seed43,0.6666666865348816,1
3179,H1_seed43,0.8905647993087769,2
3180,H1_seed43,0.8989197611808777,3
3181,H1_seed43,0.9450554847717284,3
3182,H1_seed43,0.8904790282249451,3
3183,H1_seed43,0.902447521686554,3
3184,H1_seed43,0.850595235824585,3
3185,H1_seed43,0.8439659476280212,4
3186,H1_seed43,0.83734530210495,5
3187,H1_seed43,0.8494938611984253,5
3188,H1_seed43,0.8720744848251343,5
3189,H1_seed43,0.8964279294013977,5
3190,H1_seed43,0.8458258509635925,6
3191,H1_seed43,0.7582353949546814,7
3192,H1_seed43,0.8017538189888,8
3193,H1_seed43,0.8350933194160461,9
3194,H1_seed43,0.7862667441368103,9
3195,H1_seed43,0.8792399168014526,9
3196,H1_seed43,0.8544155955314636,9
3197,H1_seed43,0.8055227398872375,9
3198,H1_seed43,0.8516122698783875,6
3199,H1_seed43,0.8918044567108154,4
3200,H1_seed43,0.7659600973129272,4
3201,H1_seed43,0.91583913564682,3
3202,H1_seed43,0.9313337206840516,3
3203,H1_seed43,0.9223288893699646,3
3204,H1_seed43,0.9465560913085938,3
3205,H1_seed43,0.6650657653808594,2
3206,H1_seed43,0.6793496012687683,2
3207,H1_seed43,0.4831738173961639,2
3208,H1_seed43,0.792773962020874,2
3209,H1_seed43,0.6534175872802734,2
3210,H1_seed43,0.6634763479232788,2
3211,H1_seed43,0.9390819072723388,2
3212,H1_seed43,0.8951612710952759,1
3213,H1_seed43,0.8985507488250732,1
3214,H1_seed43,0.8850574493408203,1
3215,H1_seed43,0.8194444179534912,1
3216,H1_seed43,0.4148148000240326,1
3217,H1_seed43,0.4793814420700073,1
3218,H1_seed43,0.8102189898490906,1
3219,H1_seed43,0.9072948098182678,1
3220,H1_seed43,0.9521276354789734,1
3221,H1_seed43,0.9555466771125792,1
3222,H1_seed43,0.970588207244873,1
3223,H1_seed43,0.9781082272529602,1
3224,H1_seed43,0.9454109072685242,1
3225,H1_seed43,0.7921406626701355,1
3226,H1_seed43,0.6478757858276367,2
3227,H1_seed43,0.7928234934806824,2
3228,H1_seed43,0.8161775469779968,3
3229,H1_seed43,0.7389605045318604,3
3230,H1_seed43,0.7773279547691345,3
3231,H1_seed43,0.9211371541023254,3
3232,H1_seed43,0.8732072114944458,4
3233,H1_seed43,0.8276969194412231,5
3234,H1_seed43,0.8073727488517761,6
3235,H1_seed43,0.8599913716316223,6
3236,H1_seed43,0.8651954531669617,6
3237,H1_seed43,0.8545773029327393,6
3238,H1_seed43,0.858470618724823,7
3239,H1_seed43,0.8712639212608337,7
3240,H1_seed43,0.8097483515739441,7
3241,H1_seed43,0.8415684103965759,7
3242,H1_seed43,0.8147881031036377,8
3243,H1_seed43,0.8381069302558899,7
3244,H1_seed43,0.8002334237098694,8
3245,H1_seed43,0.8003689050674438,8
3246,H1_seed43,0.8511494994163513,7
3247,H1_seed43,0.9026551246643066,6
3248,H1_seed43,0.9060681462287904,6
3249,H1_seed43,0.806220531463623,6
3250,H1_seed43,0.6777548789978027,5
3251,H1_seed43,0.9537413716316224,3
3252,H1_seed43,0.954579770565033,3
3253,H1_seed43,0.9506340026855468,3
3254,H1_seed43,0.959578275680542,3
3255,H1_seed43,0.9533662796020508,3
3256,H1_seed43,0.9517361521720886,3
3257,H1_seed43,0.922600269317627,3
3258,H1_seed43,0.90469092130661,2
3259,H1_seed43,0.871284008026123,2
3260,H1_seed43,0.8668882846832275,2
3261,H1_seed43,0.7552576661109924,2
3262,H1_seed43,0.6564885377883911,1
3263,H1_seed43,0.800000011920929,1
3264,H1_seed43,0.8909090757369995,1
3265,H1_seed43,0.7956989407539368,1
3266,H1_seed43,0.8627451062202454,1
3267,H1_seed43,0.8064516186714172,1
3268,H1_seed43,0.7200000286102295,1
3269,H1_seed43,0.75,1
3270,H1_seed43,0.6086956262588501,1
3271,H1_seed43,0.7058823704719543,1
3272,H1_seed43,0.6666666865348816,1
3273,H1_seed43,0.7532467246055603,1
3274,H1_seed43,0.9611650705337524,1
3275,H1_seed43,0.9311552047729492,1
3276,H1_seed43,0.8680351972579956,1
3277,H1_seed43,0.8925372958183289,1
3278,H1_seed43,0.3571428656578064,1
3279,H1_seed43,0.7527099847793579,2
3280,H1_seed43,0.8687227964401245,2
3281,H1_seed43,0.8538436889648438,3
3282,H1_seed43,0.9143710136413574,3
3283,H1_seed43,0.8954628705978394,4
3284,H1_seed43,0.944095492362976,4
3285,H1_seed43,0.9577584266662598,4
3286,H1_seed43,0.9657819271087646,4
3287,H1_seed43,0.9571282863616944,4
3288,H1_seed43,0.8709956407546997,5
3289,H1_seed43,0.923244833946228,5
3290,H1_seed43,0.933738887310028,5
3291,H1_seed43,0.9245674014091492,5
3292,H1_seed43,0.9399530291557312,5
3293,H1_seed43,0.913072407245636,6
3294,H1_seed43,0.9083747863769532,6
3295,H1_seed43,0.840937614440918,6
3296,H1_seed43,0.8589935898780823,7
3297,H1_seed43,0.8705772757530212,7
3298,H1_seed43,0.8594405055046082,8
3299,H1_seed43,0.8485686779022217,9
3300,H1_seed43,0.8755389451980591,9
3301,H1_seed43,0.8530832529067993,10
3302,H1_seed43,0.807093620300293,10
3303,H1_seed43,0.888832151889801,8
3304,H1_seed43,0.8989858627319336,7
3305,H1_seed43,0.8827769160270691,7
3306,H1_seed43,0.7884528040885925,6
3307,H1_seed43,0.9152090549468994,4
3308,H1_seed43,0.9670870900154114,3
3309,H1_seed43,0.9741680026054382,3
3310,H1_seed43,0.9765532612800598,3
3311,H1_seed43,0.9731404185295104,3
3312,H1_seed43,0.8699796795845032,4
3313,H1_seed43,0.9340346455574036,4
3314,H1_seed43,0.943911910057068,4
3315,H1_seed43,0.8217821717262268,1
3316,H1_seed43,0.8700000047683716,1
3317,H1_seed43,0.9205127954483032,1
3318,H1_seed43,0.9447415471076964,1
3319,H1_seed43,0.9422819018363952,1
3320,H1_seed43,0.9529816508293152,1
3321,H1_seed43,0.9198423027992249,1
3322,H1_seed43,0.9672262072563172,1
3323,H1_seed43,0.9618163108825684,1
3324,H1_seed43,0.9517396092414856,1
3325,H1_seed43,0.9723479151725768,1
3326,H1_seed43,0.9638288617134094,1
3327,H1_seed43,0.9739519953727722,1
3328,H1_seed43,0.9675572514533995,1
3329,H1_seed43,0.9663039445877076,1
3330,H1_seed43,0.9733102321624756,1
3331,H1_seed43,0.9621418714523317,1
3332,H1_seed43,0.9759971499443054,1
3333,H1_seed43,0.9535787105560304,1
3334,H1_seed43,0.9360701441764832,1
3335,H1_seed43,0.8900523781776428,1
3336,H1_seed43,0.8857223987579346,1
3337,H1_seed43,0.8882129192352295,1
3338,H1_seed43,0.8649262189865112,1
3339,H1_seed43,0.6721893548965454,1
3340,H1_seed43,0.7891566157341003,1
3341,H1_seed43,0.9595959782600404,1
3342,H1_seed43,0.948113203048706,1
3343,H1_seed43,0.9597315192222596,1
3344,H1_seed43,0.9568527936935424,1
3345,H1_seed43,0.9797979593276978,1
3346,H1_seed43,0.7434050440788269,2
3347,H1_seed43,0.7646821141242981,2
3348,H1_seed43,0.7946712970733643,2
3349,H1_seed43,0.8418684005737305,2
3350,H1_seed43,0.8137357234954834,2
3351,H1_seed43,0.7368839979171753,2
3352,H1_seed43,0.6860602498054504,3
3353,H1_seed43,0.7058127522468567,3
3354,H1_seed43,0.5782103538513184,4
3355,H1_seed43,0.7817761301994324,4
3356,H1_seed43,0.6358118057250977,6
3357,H1_seed43,0.7499285340309143,6
3358,H1_seed43,0.785101592540741,6
3359,H1_seed43,0.7738741636276245,7
3360,H1_seed43,0.8595914840698242,7
3361,H1_seed43,0.8348760604858398,7
3362,H1_seed43,0.8557267785072327,7
3363,H1_seed43,0.8613259196281433,7
3364,H1_seed43,0.846113383769989,7
3365,H1_seed43,0.8716963529586792,7
3366,H1_seed43,0.827887237071991,7
3367,H1_seed43,0.8273830413818359,7
3368,H1_seed43,0.8486379981040955,7
3369,H1_seed43,0.8616185188293457,7
3370,H1_seed43,0.8808225393295288,7
3371,H1_seed43,0.8544090986251831,7
3372,H1_seed43,0.8532784581184387,7
3373,H1_seed43,0.8787234425544739,7
3374,H1_seed43,0.86319500207901,7
3375,H1_seed43,0.8900368809700012,7
3376,H1_seed43,0.8712745904922485,7
3377,H1_seed43,0.7969599962234497,7
3378,H1_seed43,0.8488866686820984,7
3379,H1_seed43,0.8402730226516724,7
3380,H1_seed43,0.8354926705360413,7
3381,H1_seed43,0.8443352580070496,7
3382,H1_seed43,0.8711166381835938,8
3383,H1_seed43,0.864579439163208,8
3384,H1_seed43,0.8356056809425354,8
3385,H1_seed43,0.9032934904098512,7
3386,H1_seed43,0.8987444639205933,7
3387,H1_seed43,0.8506084680557251,8
3388,H1_seed43,0.8784195780754089,9
3389,H1_seed43,0.8608219623565674,9
3390,H1_seed43,0.8949181437492371,8
3391,H1_seed43,0.8485777378082275,8
3392,H1_seed43,0.8455944061279297,8
3393,H1_seed43,0.8866795897483826,7
3394,H1_seed43,0.8537405729293823,7
3395,H1_seed43,0.850580096244812,7
3396,H1_seed43,0.8206549882888794,7
3397,H1_seed43,0.8359656929969788,7
3398,H1_seed43,0.9200465083122252,6
3399,H1_seed43,0.8943161964416504,6
3400,H1_seed43,0.9058305621147156,6
3401,H1_seed43,0.8837361335754395,6
3402,H1_seed43,0.672356128692627,6
3403,H1_seed43,0.6615874171257019,6
3404,H1_seed43,0.7843784689903259,6
3405,H1_seed43,0.6679564714431763,5
3406,H1_seed43,0.830589234828949,4
3407,H1_seed43,0.9665737152099608,3
3408,H1_seed43,0.974815845489502,3
3409,H1_seed43,0.9746778607368468,3
3410,H1_seed43,0.8614467978477478,4
3411,H1_seed43,0.910242795944214,4
3412,H1_seed43,0.9216513633728028,4
3413,H1_seed43,0.9356763958930968,4
3414,H1_seed43,0.9255573749542236,4
3415,H1_seed43,0.9515820145606996,4
3416,H1_seed43,0.9156316518783568,4
3417,H1_seed43,0.8730554580688477,4
3418,H1_seed43,0.8721545338630676,4
3419,H1_seed43,0.8887977600097656,4
3420,H1_seed43,0.9429135918617249,4
3421,H1_seed43,0.8285412788391113,4
3422,H1_seed43,0.9265796542167664,3
3423,H1_seed43,0.8912137150764465,3
3424,H1_seed43,0.8570222854614258,3
3425,H1_seed43,0.8993018865585327,2
3426,H1_seed43,0.8381978869438171,2
3427,H1_seed43,0.8199999928474426,1
3428,H1_seed43,0.6363636255264282,1
3429,H1_seed43,0.7326732873916626,1
3430,H1_seed43,0.8269230723381042,1
3431,H1_seed43,0.8623853325843811,1
3432,H1_seed43,0.9358829855918884,1
3433,H1_seed43,0.9558378458023072,1
3434,H1_seed43,0.9861591458320618,1
3435,H1_seed43,0.9917057156562804,1
3436,H1_seed43,0.9918059706687928,1
3437,H1_seed43,0.9916505813598632,1
3438,H1_seed43,0.991126298904419,1
3439,H1_seed43,0.9915579557418824,1
3440,H1_seed43,0.9886363744735718,1
3441,H1_seed43,0.9417808055877686,1
3442,H1_seed43,0.9213483333587646,1
3443,H1_seed43,0.6666666865348816,1
3444,H1_seed43,0.9841269850730896,1
3445,H1_seed43,0.9741239547729492,2
3446,H1_seed43,0.976193070411682,2
3447,H1_seed43,0.9813337326049804,2
3448,H1_seed43,0.9619035720825196,3
3449,H1_seed43,0.9639198780059814,3
3450,H1_seed43,0.966517984867096,3
3451,H1_seed43,0.950074017047882,3
3452,H1_seed43,0.8755756616592407,5
3453,H1_seed43,0.9248688817024232,5
3454,H1_seed43,0.7822028994560242,5
3455,H1_seed43,0.9210155606269836,5
3456,H1_seed43,0.9130616188049316,5
3457,H1_seed43,0.9097824096679688,5
3458,H1_seed43,0.8797107934951782,5
3459,H1_seed43,0.8701995015144348,7
3460,H1_seed43,0.9095736742019652,7
3461,H1_seed43,0.92127925157547,7
3462,H1_seed43,0.9167839884757996,7
3463,H1_seed43,0.8905274271965027,10
3464,H1_seed43,0.920276939868927,10
3465,H1_seed43,0.9175667762756348,8
3466,H1_seed43,0.9261850714683532,7
3467,H1_seed43,0.8565015196800232,6
3468,H1_seed43,0.9429050087928772,4
3469,H1_seed43,0.9457546472549438,4
3470,H1_seed43,0.9810431599617004,3
3471,H1_seed43,0.9734784960746764,3
3472,H1_seed43,0.969801902770996,3
3473,H1_seed43,0.9125081300735474,4
3474,H1_seed43,0.9703113436698914,4
3475,H1_seed43,0.955741047859192,4
3476,H1_seed43,0.950231432914734,4
3477,H1_seed43,0.915351927280426,3
3478,H1_seed43,0.9174962639808656,3
3479,H1_seed43,0.9647873640060424,2
3480,H1_seed43,0.9856612682342528,2
3481,H1_seed43,0.9705007076263428,2
3482,H1_seed43,0.9754523038864136,2
3483,H1_seed43,0.9647456407546996,2
3484,H1_seed43,0.9477099776268004,2
3485,H1_seed43,0.9279999732971193,1
3486,H1_seed43,0.8130081295967102,1
3487,H1_seed43,0.8888888955116272,1
3488,H1_seed43,0.7555555701255798,1
3489,H1_seed43,0.800000011920929,1
3490,H1_seed43,0.5666666626930237,1
3491,H1_seed43,0.604651153087616,1
3492,H1_seed43,0.5652173757553101,1
3493,H1_seed43,0.6181818246841431,1
3494,H1_seed43,0.7323943376541138,1
3495,H1_seed43,0.8723404407501221,1
3496,H1_seed43,0.9090909361839294,1
3497,H1_seed43,0.8888888955116272,1
3498,H1_seed43,0.6666666865348816,1
3499,H1_seed43,0.78125,1
3500,H1_seed43,0.9122806787490844,1
3501,H1_seed43,0.8474576473236084,1
3502,H1_seed43,0.8823529481887817,1
3503,H1_seed43,0.7954545617103577,1
3504,H1_seed43,0.9256198406219482,1
3505,H1_seed43,0.8807339668273926,1
3506,H1_seed43,0.8118811845779419,1
3507,H1_seed43,0.8433734774589539,1
3508,H1_seed43,0.8108108043670654,1
3509,H1_seed43,0.8831169009208679,1
3510,H1_seed43,0.7906976938247681,1
3511,H1_seed43,0.8780487775802612,1
3512,H1_seed43,0.8205128312110901,1
3513,H1_seed43,0.824999988079071,1
3514,H1_seed43,0.7397260069847107,1
3515,H1_seed43,0.7714285850524902,1
3516,H1_seed43,0.7469879388809204,1
3517,H1_seed43,0.8817204236984253,1
3518,H1_seed43,0.9069767594337464,1
3519,H1_seed43,0.8500000238418579,1
3520,H1_seed43,0.7200000286102295,1
0,H2_seed43,0.9367681741714478,1
1,H2_seed43,0.9427965879440308,1
2,H2_seed43,0.9736477136611938,1
3,H2_seed43,0.948045015335083,1
4,H2_seed43,0.9812636375427246,1
5,H2_seed43,0.9807767868041992,1
6,H2_seed43,0.9890453815460204,1
7,H2_seed43,0.9871465563774108,1
8,H2_seed43,0.941289722919464,1
9,H2_seed43,0.7509578466415405,1
10,H2_seed43,0.9681159257888794,1
11,H2_seed43,0.9473684430122375,1
12,H2_seed43,1.2500000146076218e-08,1
13,H2_seed43,0.9316770434379578,1
14,H2_seed43,0.9670329689979552,1
15,H2_seed43,0.959649920463562,2
16,H2_seed43,0.9223698377609252,2
17,H2_seed43,0.7881300449371338,3
18,H2_seed43,0.8147090077400208,3
19,H2_seed43,0.852763295173645,4
20,H2_seed43,0.8704520463943481,4
21,H2_seed43,0.9118478298187256,4
22,H2_seed43,0.7566800713539124,5
23,H2_seed43,0.7327189445495605,6
24,H2_seed43,0.7184094786643982,6
25,H2_seed43,0.684289276599884,6
26,H2_seed43,0.8295215964317322,6
27,H2_seed43,0.7375984787940979,7
28,H2_seed43,0.795487105846405,7
29,H2_seed43,0.8684847950935364,7
30,H2_seed43,0.8465972542762756,7
31,H2_seed43,0.8511347770690918,7
32,H2_seed43,0.7783634662628174,8
33,H2_seed43,0.7450401782989502,8
34,H2_seed43,0.578269898891449,6
35,H2_seed43,0.7647998929023743,7
36,H2_seed43,0.8598844408988953,7
37,H2_seed43,0.8866850733757019,7
38,H2_seed43,0.8259717226028442,7
39,H2_seed43,0.7316686511039734,6
40,H2_seed43,0.6189108490943909,6
41,H2_seed43,0.5771207213401794,5
42,H2_seed43,0.729576826095581,4
43,H2_seed43,0.9717738032341005,3
44,H2_seed43,0.8204112648963928,4
45,H2_seed43,0.7870372533798218,4
46,H2_seed43,0.8661009669303894,4
47,H2_seed43,0.9084300994873048,4
48,H2_seed43,0.4743589758872986,1
49,H2_seed43,0.8240887522697449,1
50,H2_seed43,0.2125340551137924,1
51,H2_seed43,0.0200668890029191,1
52,H2_seed43,3.2786884318625203e-10,1
53,H2_seed43,2.1321962251352744e-10,1
54,H2_seed43,1.890359258016616e-10,1
55,H2_seed43,2.9154520464480527e-10,1
56,H2_seed43,0.2316239476203918,2
57,H2_seed43,0.4615384638309479,2
58,H2_seed43,0.685776948928833,2
59,H2_seed43,0.6902329921722412,2
60,H2_seed43,0.6324265599250793,3
61,H2_seed43,0.4048217833042145,4
62,H2_seed43,0.6243355870246887,5
63,H2_seed43,0.6958521604537964,5
64,H2_seed43,0.7448190450668335,5
65,H2_seed43,0.7646406292915344,5
66,H2_seed43,0.7730156779289246,5
67,H2_seed43,0.7447109222412109,6
68,H2_seed43,0.5777493715286255,7
69,H2_seed43,0.4940669238567352,7
70,H2_seed43,0.5949883460998535,8
71,H2_seed43,0.6518347859382629,8
72,H2_seed43,0.5795814394950867,9
73,H2_seed43,0.7733145952224731,8
74,H2_seed43,0.7204082012176514,9
75,H2_seed43,0.6667477488517761,9
76,H2_seed43,0.7280644178390503,8
77,H2_seed43,0.6795651316642761,7
78,H2_seed43,0.6324338316917419,6
79,H2_seed43,0.7108954191207886,5
80,H2_seed43,0.850172758102417,4
81,H2_seed43,0.6780081987380981,4
82,H2_seed43,0.926429569721222,3
83,H2_seed43,0.9347205758094788,3
84,H2_seed43,0.6921115517616272,4
85,H2_seed43,0.6640931963920593,4
86,H2_seed43,0.4928734600543976,3
87,H2_seed43,0.5158071517944336,2
88,H2_seed43,0.5447528958320618,2
89,H2_seed43,0.7654310464859009,2
90,H2_seed43,0.2340425550937652,2
91,H2_seed43,0.6938775777816772,1
92,H2_seed43,0.7894737124443054,1
93,H2_seed43,0.2545454502105713,1
94,H2_seed43,0.4390243887901306,1
95,H2_seed43,0.4615384638309479,1
96,H2_seed43,0.5,1
97,H2_seed43,0.4324324429035187,1
98,H2_seed43,7.692308123807834e-09,1
99,H2_seed43,0.4210526347160339,1
100,H2_seed43,0.75,1
101,H2_seed43,0.2399999946355819,1
102,H2_seed43,0.6521739363670349,1
103,H2_seed43,0.5581395626068115,1
104,H2_seed43,0.6842105388641357,1
105,H2_seed43,0.6153846383094788,1
106,H2_seed43,0.3636363744735718,1
107,H2_seed43,0.625,1
108,H2_seed43,0.1428571492433548,1
109,H2_seed43,0.6896551847457886,1
110,H2_seed43,0.6285714507102966,1
111,H2_seed43,0.529411792755127,1
112,H2_seed43,0.5925925970077515,1
113,H2_seed43,0.6399999856948853,1
114,H2_seed43,0.6666666865348816,1
115,H2_seed43,0.7692307829856873,1
116,H2_seed43,0.7200000286102295,1
117,H2_seed43,0.7428571581840515,1
118,H2_seed43,0.6486486196517944,1
119,H2_seed43,0.6486486196517944,1
120,H2_seed43,0.6111111044883728,1
121,H2_seed43,0.1111111119389534,1
122,H2_seed43,8.333333134658005e-09,1
123,H2_seed43,8.333333134658005e-09,1
124,H2_seed43,0.673202633857727,1
125,H2_seed43,0.3340659439563751,1
126,H2_seed43,0.57369464635849,1
127,H2_seed43,0.833004355430603,1
128,H2_seed43,0.9063122868537904,1
129,H2_seed43,0.965775430202484,1
130,H2_seed43,0.9765437841415404,1
131,H2_seed43,0.8791525959968567,1
132,H2_seed43,0.4801657795906067,1
133,H2_seed43,0.2580261528491974,1
134,H2_seed43,0.1896503567695617,1
135,H2_seed43,0.0992018207907676,1
136,H2_seed43,0.0519984476268291,1
137,H2_seed43,0.9109299182891846,2
138,H2_seed43,0.7825506329536438,3
139,H2_seed43,0.9002225399017334,3
140,H2_seed43,0.8734745979309082,3
141,H2_seed43,0.8865239024162292,3
142,H2_seed43,0.9136312007904052,3
143,H2_seed43,0.9396999478340148,3
144,H2_seed43,0.9548516869544984,3
145,H2_seed43,0.9269432425498962,3
146,H2_seed43,0.9141786098480223,3
147,H2_seed43,0.9646320343017578,3
148,H2_seed43,0.9425379633903505,3
149,H2_seed43,0.9549204707145692,3
150,H2_seed43,0.9189574718475342,3
151,H2_seed43,0.932710349559784,3
152,H2_seed43,0.9393385052680968,3
153,H2_seed43,0.7100213766098022,4
154,H2_seed43,0.7123497128486633,4
155,H2_seed43,0.6628295183181763,4
156,H2_seed43,0.8254868388175964,6
157,H2_seed43,0.854006826877594,6
158,H2_seed43,0.7693443298339844,6
159,H2_seed43,0.8372241854667664,6
160,H2_seed43,0.7435100674629211,6
161,H2_seed43,0.7264578938484192,6
162,H2_seed43,0.8812766671180725,6
163,H2_seed43,0.8389193415641785,6
164,H2_seed43,0.8813955187797546,6
165,H2_seed43,0.8862788081169128,6
166,H2_seed43,0.9055287837982178,6
167,H2_seed43,0.9092989563941956,6
168,H2_seed43,0.8373283743858337,7
169,H2_seed43,0.8766784071922302,7
170,H2_seed43,0.8320501446723938,7
171,H2_seed43,0.831163227558136,7
172,H2_seed43,0.8904770016670227,7
173,H2_seed43,0.8812390565872192,7
174,H2_seed43,0.8764148354530334,7
175,H2_seed43,0.7476953864097595,8
176,H2_seed43,0.8015594482421875,8
177,H2_seed43,0.7716882228851318,8
178,H2_seed43,0.770622968673706,9
179,H2_seed43,0.7461063861846924,9
180,H2_seed43,0.6375817060470581,9
181,H2_seed43,0.7602361440658569,8
182,H2_seed43,0.7560462951660156,8
183,H2_seed43,0.8228422999382019,6
184,H2_seed43,0.7909716367721558,5
185,H2_seed43,0.7978701591491699,5
186,H2_seed43,0.790437638759613,5
187,H2_seed43,0.8273933529853821,5
188,H2_seed43,0.7825844287872314,5
189,H2_seed43,0.7788318395614624,4
190,H2_seed43,0.7967692613601685,4
191,H2_seed43,0.8482372164726257,4
192,H2_seed43,0.8128594756126404,4
193,H2_seed43,0.8306738138198853,4
194,H2_seed43,0.8085024356842041,3
195,H2_seed43,0.7106103301048279,3
196,H2_seed43,0.9532690048217772,2
197,H2_seed43,0.9667588472366332,2
198,H2_seed43,0.971825122833252,2
199,H2_seed43,0.9841262102127076,2
200,H2_seed43,0.9665458798408508,2
201,H2_seed43,0.973880410194397,2
202,H2_seed43,0.9762548208236694,2
203,H2_seed43,0.969614565372467,2
204,H2_seed43,0.973753035068512,2
205,H2_seed43,0.965851664543152,2
206,H2_seed43,0.963754653930664,2
207,H2_seed43,0.924673080444336,3
208,H2_seed43,0.914648711681366,3
209,H2_seed43,0.8631405830383301,3
210,H2_seed43,0.8392429351806641,3
211,H2_seed43,0.9304757118225098,2
212,H2_seed43,0.92514169216156,2
213,H2_seed43,0.94966858625412,2
214,H2_seed43,0.9777120351791382,2
215,H2_seed43,0.9322739839553832,2
216,H2_seed43,0.9548912048339844,2
217,H2_seed43,0.9693143963813782,2
218,H2_seed43,0.924670934677124,2
219,H2_seed43,0.9376266002655028,2
220,H2_seed43,0.865338146686554,2
221,H2_seed43,0.9247769117355348,2
222,H2_seed43,0.8167163133621216,2
223,H2_seed43,0.7205556631088257,2
224,H2_seed43,0.7605633735656738,1
225,H2_seed43,0.8153846263885498,1
226,H2_seed43,0.852173924446106,1
227,H2_seed43,0.7222222089767456,1
228,H2_seed43,0.7627118825912476,1
229,H2_seed43,0.849056601524353,1
230,H2_seed43,0.7777777910232544,1
231,H2_seed43,0.75,1
232,H2_seed43,0.774193525314331,1
233,H2_seed43,0.8817204236984253,1
234,H2_seed43,0.8199999928474426,1
235,H2_seed43,0.7735849022865295,1
236,H2_seed43,0.8695651888847351,1
237,H2_seed43,0.8403361439704895,1
238,H2_seed43,0.8983050584793091,1
239,H2_seed43,0.9189189076423644,1
240,H2_seed43,0.859649121761322,1
241,H2_seed43,0.2121212184429168,1
242,H2_seed43,0.4269005954265594,1
243,H2_seed43,0.5245901346206665,1
244,H2_seed43,0.5884692072868347,1
245,H2_seed43,0.6407079696655273,1
246,H2_seed43,0.7126436829566956,1
247,H2_seed43,0.6969696879386902,1
248,H2_seed43,0.7721335291862488,1
249,H2_seed43,0.7989347577095032,1
250,H2_seed43,0.8530927896499634,1
251,H2_seed43,0.8816936612129211,1
252,H2_seed43,0.934924066066742,1
253,H2_seed43,0.9515331387519836,1
254,H2_seed43,0.973128616809845,1
255,H2_seed43,0.9451795816421508,1
256,H2_seed43,0.9737510681152344,1
257,H2_seed43,0.969023048877716,1
258,H2_seed43,0.9831029176712036,1
259,H2_seed43,0.956916093826294,1
260,H2_seed43,0.9665955901145936,1
261,H2_seed43,0.9717361927032472,1
262,H2_seed43,0.9881423115730286,1
263,H2_seed43,0.9746917486190796,1
264,H2_seed43,0.968866765499115,1
265,H2_seed43,0.9724550843238832,1
266,H2_seed43,0.98525071144104,1
267,H2_seed43,0.9795680046081544,1
268,H2_seed43,0.9687150716781616,1
269,H2_seed43,0.981521725654602,1
270,H2_seed43,0.988727867603302,1
271,H2_seed43,0.973030149936676,1
272,H2_seed43,0.970426082611084,1
273,H2_seed43,0.9840954542160034,1
274,H2_seed43,0.991150438785553,1
275,H2_seed43,0.9781447052955629,1
276,H2_seed43,0.9812048077583312,1
277,H2_seed43,0.9882903695106506,1
278,H2_seed43,0.9878957271575928,1
279,H2_seed43,0.977798342704773,1
280,H2_seed43,0.9699769020080566,1
281,H2_seed43,0.9828306436538696,1
282,H2_seed43,0.986940324306488,1
283,H2_seed43,0.9840525388717652,1
284,H2_seed43,0.9437531232833862,1
285,H2_seed43,0.936772882938385,1
286,H2_seed43,0.94051855802536,1
287,H2_seed43,0.9363449811935424,1
288,H2_seed43,0.891993522644043,1
289,H2_seed43,0.9143185615539552,1
290,H2_seed43,0.8944027423858643,1
291,H2_seed43,0.8306636214256287,1
292,H2_seed43,0.8396946787834167,1
293,H2_seed43,0.7673956155776978,1
294,H2_seed43,0.6797797083854675,1
295,H2_seed43,0.6977578401565552,1
296,H2_seed43,0.7862481474876404,1
297,H2_seed43,0.6094674468040466,1
298,H2_seed43,0.4413407742977142,1
299,H2_seed43,0.246666669845581,1
300,H2_seed43,3.333333387089965e-09,1
301,H2_seed43,5.882352827057957e-09,1
302,H2_seed43,4.347826099149188e-09,1
303,H2_seed43,2.083333283664501e-09,1
304,H2_seed43,3.269230663960343e-09,2
305,H2_seed43,0.1395348906517028,2
306,H2_seed43,0.4583333432674408,2
307,H2_seed43,0.4170854389667511,2
308,H2_seed43,0.4021352231502533,2
309,H2_seed43,0.455384612083435,2
310,H2_seed43,0.4617224931716919,2
311,H2_seed43,0.5515546202659607,3
312,H2_seed43,0.714602530002594,3
313,H2_seed43,0.7525930404663086,3
314,H2_seed43,0.4723699390888214,3
315,H2_seed43,0.5290392637252808,3
316,H2_seed43,0.5385943055152893,3
317,H2_seed43,0.5137917399406433,3
318,H2_seed43,0.5036933422088623,3
319,H2_seed43,0.5256778001785278,4
320,H2_seed43,0.540398359298706,4
321,H2_seed43,0.630321741104126,4
322,H2_seed43,0.7882606983184814,4
323,H2_seed43,0.8020923137664795,4
324,H2_seed43,0.7778008580207825,4
325,H2_seed43,0.7882001996040344,4
326,H2_seed43,0.7460522651672363,4
327,H2_seed43,0.7012782096862793,4
328,H2_seed43,0.6942129731178284,4
329,H2_seed43,0.633536159992218,4
330,H2_seed43,0.7397737503051758,4
331,H2_seed43,0.8019235134124756,4
332,H2_seed43,0.8229598999023438,4
333,H2_seed43,0.8168908357620239,4
334,H2_seed43,0.7587157487869263,4
335,H2_seed43,0.7075109481811523,4
336,H2_seed43,0.7936071753501892,4
337,H2_seed43,0.8288478851318359,4
338,H2_seed43,0.8002551198005676,4
339,H2_seed43,0.754412055015564,4
340,H2_seed43,0.7882229089736938,4
341,H2_seed43,0.7620474100112915,4
342,H2_seed43,0.858000636100769,4
343,H2_seed43,0.9143707752227784,4
344,H2_seed43,0.8641372323036194,4
345,H2_seed43,0.8631518483161926,4
346,H2_seed43,0.8556241989135742,4
347,H2_seed43,0.741396963596344,5
348,H2_seed43,0.8569914102554321,5
349,H2_seed43,0.903452694416046,5
350,H2_seed43,0.8573392629623413,5
351,H2_seed43,0.8986297845840454,5
352,H2_seed43,0.8958557844161987,5
353,H2_seed43,0.8956530690193176,5
354,H2_seed43,0.8810862302780151,5
355,H2_seed43,0.7376424670219421,6
356,H2_seed43,0.8883455395698547,6
357,H2_seed43,0.9070184826850892,6
358,H2_seed43,0.7327859401702881,6
359,H2_seed43,0.818922758102417,6
360,H2_seed43,0.922386646270752,6
361,H2_seed43,0.8458482623100281,6
362,H2_seed43,0.8131161332130432,6
363,H2_seed43,0.784400463104248,6
364,H2_seed43,0.874880850315094,6
365,H2_seed43,0.8798875212669373,6
366,H2_seed43,0.9000679850578308,6
367,H2_seed43,0.9164767265319824,6
368,H2_seed43,0.8796526789665222,6
369,H2_seed43,0.8769251704216003,6
370,H2_seed43,0.8453183770179749,7
371,H2_seed43,0.8554795384407043,7
372,H2_seed43,0.8957429528236389,7
373,H2_seed43,0.8366438746452332,7
374,H2_seed43,0.7805156707763672,7
375,H2_seed43,0.833964467048645,7
376,H2_seed43,0.7699991464614868,7
377,H2_seed43,0.871863842010498,6
378,H2_seed43,0.7857609391212463,6
379,H2_seed43,0.5977497100830078,7
380,H2_seed43,0.5475069284439087,8
381,H2_seed43,0.4583266973495483,8
382,H2_seed43,0.4376049041748047,8
383,H2_seed43,0.5599828958511353,6
384,H2_seed43,0.5970020294189453,6
385,H2_seed43,0.7037301659584045,6
386,H2_seed43,0.6209671497344971,6
387,H2_seed43,0.9083592295646667,4
388,H2_seed43,0.8534943461418152,4
389,H2_seed43,0.7143455743789673,4
390,H2_seed43,0.9287667870521544,3
391,H2_seed43,0.955616295337677,3
392,H2_seed43,0.94073748588562,3
393,H2_seed43,0.951097011566162,3
394,H2_seed43,0.9514954090118408,3
395,H2_seed43,0.9366527199745178,3
396,H2_seed43,0.9433441162109376,3
397,H2_seed43,0.9434638023376464,3
398,H2_seed43,0.95304936170578,3
399,H2_seed43,0.9492557644844056,3
400,H2_seed43,0.958519458770752,3
401,H2_seed43,0.9499428272247314,3
402,H2_seed43,0.9424176216125488,3
403,H2_seed43,0.94614440202713,3
404,H2_seed43,0.9537795186042786,3
405,H2_seed43,0.9517137408256532,3
406,H2_seed43,0.9506502151489258,3
407,H2_seed43,0.8459818959236145,4
408,H2_seed43,0.8463960289955139,4
409,H2_seed43,0.834502100944519,4
410,H2_seed43,0.8356165885925293,4
411,H2_seed43,0.9353829622268676,4
412,H2_seed43,0.9506609439849854,4
413,H2_seed43,0.9446810483932496,4
414,H2_seed43,0.9424049854278564,4
415,H2_seed43,0.95083349943161,4
416,H2_seed43,0.9754074811935424,4
417,H2_seed43,0.9519590139389038,4
418,H2_seed43,0.9250027537345886,4
419,H2_seed43,0.9603618383407592,4
420,H2_seed43,0.975458025932312,4
421,H2_seed43,0.9475337266921996,4
422,H2_seed43,0.9135352373123168,4
423,H2_seed43,0.9619611501693726,4
424,H2_seed43,0.9728280305862428,4
425,H2_seed43,0.9389098286628724,4
426,H2_seed43,0.910101592540741,4
427,H2_seed43,0.916397988796234,4
428,H2_seed43,0.9448308944702148,4
429,H2_seed43,0.9287415742874146,4
430,H2_seed43,0.8340532183647156,4
431,H2_seed43,0.8099349141120911,3
432,H2_seed43,0.6384710669517517,3
433,H2_seed43,0.9345600605010986,2
434,H2_seed43,0.901297926902771,2
435,H2_seed43,0.9411165714263916,2
436,H2_seed43,0.9731664657592772,2
437,H2_seed43,0.9171855449676514,2
438,H2_seed43,0.8544408082962036,2
439,H2_seed43,0.8660049438476562,2
440,H2_seed43,0.8939810991287231,2
441,H2_seed43,0.8895107507705688,2
442,H2_seed43,0.82969069480896,2
443,H2_seed43,0.8048780560493469,1
444,H2_seed43,0.7317073345184326,1
445,H2_seed43,0.6153846383094788,1
446,H2_seed43,0.4383561611175537,1
447,H2_seed43,0.6037735939025879,1
448,H2_seed43,0.6101694703102112,1
449,H2_seed43,0.581818163394928,1
450,H2_seed43,0.6101694703102112,1
451,H2_seed43,0.5416666865348816,1
452,H2_seed43,0.0689655169844627,1
453,H2_seed43,0.5,1
454,H2_seed43,0.3448275923728943,1
455,H2_seed43,0.1875,1
456,H2_seed43,0.2666666805744171,1
457,H2_seed43,0.3684210479259491,1
458,H2_seed43,0.4864864945411682,1
459,H2_seed43,0.1578947305679321,1
460,H2_seed43,0.3243243098258972,1
461,H2_seed43,0.3111111223697662,1
462,H2_seed43,0.3921568691730499,1
463,H2_seed43,0.1886792480945587,1
464,H2_seed43,0.1538461595773697,1
465,H2_seed43,3.448275887052432e-09,1
466,H2_seed43,0.6902654767036438,1
467,H2_seed43,0.8789808750152588,1
468,H2_seed43,0.88345867395401,1
469,H2_seed43,0.936170220375061,1
470,H2_seed43,0.9426523447036744,1
471,H2_seed43,0.9651474356651306,1
472,H2_seed43,0.9635854363441468,1
473,H2_seed43,0.9507217407226562,1
474,H2_seed43,0.9121294021606444,1
475,H2_seed43,0.8781700730323792,1
476,H2_seed43,0.8627095818519592,1
477,H2_seed43,0.8714285492897034,1
478,H2_seed43,0.7801022529602051,1
479,H2_seed43,0.7395577430725098,1
480,H2_seed43,0.7624397873878479,1
481,H2_seed43,0.6783088445663452,1
482,H2_seed43,0.3957597315311432,1
483,H2_seed43,0.0533151067793369,1
484,H2_seed43,0.1128860488533973,1
485,H2_seed43,0.1156505346298217,1
486,H2_seed43,4.2553191526017997e-10,1
487,H2_seed43,0.4534412920475006,1
488,H2_seed43,0.4885993599891662,1
489,H2_seed43,0.6407322883605957,1
490,H2_seed43,0.6464208364486694,1
491,H2_seed43,0.7370030283927917,1
492,H2_seed43,0.3596377670764923,2
493,H2_seed43,0.5459364056587219,2
494,H2_seed43,0.8295310139656067,3
495,H2_seed43,0.8598651885986328,3
496,H2_seed43,0.840808093547821,3
497,H2_seed43,0.7777643203735352,3
498,H2_seed43,0.8280943036079407,3
499,H2_seed43,0.8084191679954529,3
500,H2_seed43,0.8464334011077881,3
501,H2_seed43,0.8864231705665588,3
502,H2_seed43,0.882573664188385,3
503,H2_seed43,0.9338290095329284,3
504,H2_seed43,0.8635984063148499,3
505,H2_seed43,0.9360334277153016,3
506,H2_seed43,0.8970119953155518,3
507,H2_seed43,0.9197974801063538,3
508,H2_seed43,0.5767797231674194,5
509,H2_seed43,0.6055455803871155,5
510,H2_seed43,0.5181347727775574,6
511,H2_seed43,0.5417605638504028,6
512,H2_seed43,0.5276275277137756,6
513,H2_seed43,0.549853503704071,6
514,H2_seed43,0.5300403237342834,7
515,H2_seed43,0.5505833029747009,7
516,H2_seed43,0.576934814453125,7
517,H2_seed43,0.596070408821106,7
518,H2_seed43,0.6428370475769043,7
519,H2_seed43,0.7393779754638672,7
520,H2_seed43,0.7966432571411133,7
521,H2_seed43,0.7883860468864441,7
522,H2_seed43,0.9078163504600524,7
523,H2_seed43,0.9067240953445436,7
524,H2_seed43,0.8915308713912964,8
525,H2_seed43,0.9297935962677002,9
526,H2_seed43,0.878766655921936,9
527,H2_seed43,0.8667131662368774,9
528,H2_seed43,0.8839322328567505,9
529,H2_seed43,0.8790002465248108,9
530,H2_seed43,0.918463170528412,9
531,H2_seed43,0.9018380045890808,9
532,H2_seed43,0.8503754138946533,9
533,H2_seed43,0.8744933009147644,9
534,H2_seed43,0.8650910258293152,9
535,H2_seed43,0.8824478387832642,10
536,H2_seed43,0.8384286165237427,10
537,H2_seed43,0.9023786187171936,9
538,H2_seed43,0.919796109199524,9
539,H2_seed43,0.8806548118591309,8
540,H2_seed43,0.9459952116012572,8
541,H2_seed43,0.9032244682312012,8
542,H2_seed43,0.8721596598625183,8
543,H2_seed43,0.903095245361328,7
544,H2_seed43,0.8455926775932312,5
545,H2_seed43,0.9536612033843994,4
546,H2_seed43,0.92948317527771,4
547,H2_seed43,0.9777867794036864,3
548,H2_seed43,0.9840615391731262,3
549,H2_seed43,0.9767723083496094,3
550,H2_seed43,0.9805892109870912,3
551,H2_seed43,0.9792986512184144,3
552,H2_seed43,0.9737375378608704,3
553,H2_seed43,0.9797088503837584,3
554,H2_seed43,0.9703686237335204,3
555,H2_seed43,0.9597018957138062,4
556,H2_seed43,0.96637362241745,4
557,H2_seed43,0.9521966576576232,4
558,H2_seed43,0.9661381244659424,4
559,H2_seed43,0.94683837890625,4
560,H2_seed43,0.975592076778412,4
561,H2_seed43,0.9376195669174194,4
562,H2_seed43,0.93534916639328,4
563,H2_seed43,0.9429879784584044,4
564,H2_seed43,0.9378162026405334,4
565,H2_seed43,0.9570967555046082,4
566,H2_seed43,0.9362378120422364,4
567,H2_seed43,0.8989621996879578,4
568,H2_seed43,0.9036513566970824,4
569,H2_seed43,0.880730390548706,4
570,H2_seed43,0.8647786974906921,3
571,H2_seed43,0.8896357417106628,3
572,H2_seed43,0.9249120950698853,2
573,H2_seed43,0.955926775932312,2
574,H2_seed43,0.9041732549667358,2
575,H2_seed43,0.958675980567932,2
576,H2_seed43,0.9010242819786072,2
577,H2_seed43,0.8759844303131104,2
578,H2_seed43,0.8211660385131836,2
579,H2_seed43,0.8387096524238586,1
580,H2_seed43,0.8524590134620667,1
581,H2_seed43,0.8888888955116272,1
582,H2_seed43,0.8888888955116272,1
583,H2_seed43,0.8703703880310059,1
584,H2_seed43,0.849056601524353,1
585,H2_seed43,0.9444444179534912,1
586,H2_seed43,0.8545454740524292,1
587,H2_seed43,0.8282828330993652,1
588,H2_seed43,0.8282828330993652,1
589,H2_seed43,0.8631578683853149,1
590,H2_seed43,0.8372092843055725,1
591,H2_seed43,0.8536585569381714,1
592,H2_seed43,0.89552241563797,1
593,H2_seed43,0.8823529481887817,1
594,H2_seed43,0.7945205569267273,1
595,H2_seed43,0.7164179086685181,1
596,H2_seed43,0.7931034564971924,1
597,H2_seed43,0.8363636136054993,1
598,H2_seed43,0.6909090876579285,1
599,H2_seed43,0.6538461446762085,1
600,H2_seed43,0.6909090876579285,1
601,H2_seed43,0.7796609997749329,1
602,H2_seed43,0.7540983557701111,1
603,H2_seed43,0.71875,1
604,H2_seed43,0.7076923251152039,1
605,H2_seed43,0.7272727489471436,1
606,H2_seed43,0.6746987700462341,1
607,H2_seed43,0.8139534592628479,1
608,H2_seed43,0.8470588326454163,1
609,H2_seed43,0.7640449404716492,1
610,H2_seed43,0.8659793734550476,1
611,H2_seed43,0.8125,1
612,H2_seed43,0.7128713130950928,1
613,H2_seed43,0.8679245114326477,1
614,H2_seed43,0.796875,1
615,H2_seed43,0.8421052694320679,1
616,H2_seed43,0.8661417365074158,1
617,H2_seed43,0.8118811845779419,1
618,H2_seed43,0.8085106611251831,1
619,H2_seed43,0.8604651093482971,1
620,H2_seed43,0.8656716346740723,1
621,H2_seed43,0.5436893105506897,1
622,H2_seed43,0.75,1
623,H2_seed43,0.7301587462425232,1
624,H2_seed43,0.6779661178588867,1
625,H2_seed43,0.5423728823661804,1
626,H2_seed43,0.5970149040222168,1
627,H2_seed43,0.4788732528686523,1
628,H2_seed43,0.4680851101875305,1
629,H2_seed43,0.6666666865348816,1
630,H2_seed43,0.84375,1
631,H2_seed43,0.8433734774589539,1
632,H2_seed43,0.8860759735107422,1
633,H2_seed43,0.8648648858070374,1
634,H2_seed43,0.8101266026496887,1
635,H2_seed43,0.949999988079071,1
636,H2_seed43,0.8717948794364929,1
637,H2_seed43,0.8666666746139526,1
638,H2_seed43,0.800000011920929,1
639,H2_seed43,0.7733333110809326,1
640,H2_seed43,0.7297297120094299,1
641,H2_seed43,0.8405796885490417,1
642,H2_seed43,0.9382715821266174,1
643,H2_seed43,0.8354430198669434,1
644,H2_seed43,0.7532467246055603,1
645,H2_seed43,0.8266666531562805,1
646,H2_seed43,0.8108108043670654,1
647,H2_seed43,0.8433734774589539,1
648,H2_seed43,0.8571428656578064,1
649,H2_seed43,0.8148148059844971,1
650,H2_seed43,0.8354430198669434,1
651,H2_seed43,0.8607594966888428,1
652,H2_seed43,0.9523809552192688,1
653,H2_seed43,0.9215686321258544,1
654,H2_seed43,0.8037382960319519,1
655,H2_seed43,0.7547169923782349,1
656,H2_seed43,0.8181818127632141,1
657,H2_seed43,0.8440366983413696,1
658,H2_seed43,0.8943089246749878,1
659,H2_seed43,0.8936170339584351,1
660,H2_seed43,0.8870967626571655,1
661,H2_seed43,0.7878788113594055,1
662,H2_seed43,0.8428571224212646,1
663,H2_seed43,0.8702290058135986,1
664,H2_seed43,0.939393937587738,1
665,H2_seed43,0.8727272748947144,1
666,H2_seed43,0.8318583965301514,1
667,H2_seed43,0.7933884263038635,1
668,H2_seed43,0.9090909361839294,1
669,H2_seed43,0.907216489315033,1
670,H2_seed43,0.9333333373069764,1
671,H2_seed43,0.8470588326454163,1
672,H2_seed43,0.9014084339141846,1
673,H2_seed43,0.7764706015586853,1
674,H2_seed43,0.6881720423698425,1
675,H2_seed43,0.6097561120986938,1
676,H2_seed43,0.5950919985771179,1
677,H2_seed43,0.9139785170555116,1
678,H2_seed43,0.9569892287254332,1
679,H2_seed43,0.976949155330658,1
680,H2_seed43,0.986682116985321,1
681,H2_seed43,0.9883333444595336,1
682,H2_seed43,0.9909489154815674,1
683,H2_seed43,0.9814879298210144,1
684,H2_seed43,0.9779239296913148,1
685,H2_seed43,0.8927972912788391,1
686,H2_seed43,0.5472061634063721,1
687,H2_seed43,0.9591836929321288,1
688,H2_seed43,0.9726027250289916,1
689,H2_seed43,0.9757084846496582,1
690,H2_seed43,0.9815950989723206,1
691,H2_seed43,0.889803409576416,2
692,H2_seed43,0.900479793548584,2
693,H2_seed43,0.8872412443161011,4
694,H2_seed43,0.9316520690917968,4
695,H2_seed43,0.9347267150878906,4
696,H2_seed43,0.8406359553337097,5
697,H2_seed43,0.8560465574264526,5
698,H2_seed43,0.876001238822937,5
699,H2_seed43,0.8723738789558411,5
700,H2_seed43,0.8657047748565674,6
701,H2_seed43,0.9266286492347716,6
702,H2_seed43,0.9206002950668336,7
703,H2_seed43,0.903904139995575,7
704,H2_seed43,0.7816757559776306,8
705,H2_seed43,0.8943082690238953,10
706,H2_seed43,0.8214303851127625,10
707,H2_seed43,0.8601621985435486,9
708,H2_seed43,0.8211220502853394,7
709,H2_seed43,0.8524315357208252,6
710,H2_seed43,0.8614407777786255,4
711,H2_seed43,0.9443225860595704,3
712,H2_seed43,0.9647303223609924,3
713,H2_seed43,0.9416823387145996,3
714,H2_seed43,0.951632797718048,3
715,H2_seed43,0.9284019470214844,3
716,H2_seed43,0.9116672277450562,4
717,H2_seed43,0.919453263282776,4
718,H2_seed43,0.8914725184440613,3
719,H2_seed43,0.9060511589050292,3
720,H2_seed43,0.5967578291893005,3
721,H2_seed43,0.8622981309890747,2
722,H2_seed43,0.6724558472633362,2
723,H2_seed43,0.8113529682159424,2
724,H2_seed43,0.7587313055992126,2
725,H2_seed43,0.5629629492759705,1
726,H2_seed43,0.6607142686843872,1
727,H2_seed43,0.7042253613471985,1
728,H2_seed43,0.9289340376853944,1
729,H2_seed43,0.7190569639205933,1
730,H2_seed43,0.8613418340682983,1
731,H2_seed43,0.9473129510879515,1
732,H2_seed43,0.8413733243942261,1
733,H2_seed43,0.9601677060127258,1
734,H2_seed43,0.9044585824012756,1
735,H2_seed43,0.9678723812103271,1
736,H2_seed43,0.9611901640892028,1
737,H2_seed43,0.928909957408905,1
738,H2_seed43,0.97272390127182,1
739,H2_seed43,0.9544718265533448,1
740,H2_seed43,0.9633383750915528,1
741,H2_seed43,0.9667502045631408,1
742,H2_seed43,0.9642916321754456,1
743,H2_seed43,0.9679187536239624,1
744,H2_seed43,0.9746506214141846,1
745,H2_seed43,0.9670507907867432,1
746,H2_seed43,0.9789888262748718,1
747,H2_seed43,0.9810387492179872,1
748,H2_seed43,0.9639870524406432,1
749,H2_seed43,0.9741424918174744,1
750,H2_seed43,0.9444035291671752,1
751,H2_seed43,0.9576937556266784,1
752,H2_seed43,0.9413333535194396,1
753,H2_seed43,0.9393128156661988,1
754,H2_seed43,0.9670791625976562,1
755,H2_seed43,0.9013139605522156,1
756,H2_seed43,0.9625468254089355,1
757,H2_seed43,0.9141274094581604,1
758,H2_seed43,0.9435813426971436,1
759,H2_seed43,0.919266939163208,1
760,H2_seed43,0.9309090971946716,1
761,H2_seed43,0.909547746181488,1
762,H2_seed43,0.7845467925071716,1
763,H2_seed43,6.535947894015236e-10,1
764,H2_seed43,1.086956524787297e-09,1
765,H2_seed43,6.535947894015236e-10,1
766,H2_seed43,0.0477611944079399,1
767,H2_seed43,0.6798029541969299,1
768,H2_seed43,0.7107402682304382,2
769,H2_seed43,0.6434484720230103,2
770,H2_seed43,0.4177215099334717,2
771,H2_seed43,0.4275994598865509,3
772,H2_seed43,0.4605703353881836,3
773,H2_seed43,0.5559197068214417,3
774,H2_seed43,0.5752409100532532,3
775,H2_seed43,0.5215865969657898,3
776,H2_seed43,0.4981466233730316,3
777,H2_seed43,0.5083255171775818,3
778,H2_seed43,0.5338714122772217,3
779,H2_seed43,0.5801892876625061,3
780,H2_seed43,0.5158265233039856,3
781,H2_seed43,0.4518047273159027,3
782,H2_seed43,0.6808755397796631,4
783,H2_seed43,0.6923604607582092,5
784,H2_seed43,0.6015774607658386,6
785,H2_seed43,0.5772867798805237,6
786,H2_seed43,0.4986127912998199,6
787,H2_seed43,0.6011471152305603,6
788,H2_seed43,0.6655263900756836,6
789,H2_seed43,0.7181059718132019,6
790,H2_seed43,0.7457394003868103,6
791,H2_seed43,0.7340051531791687,6
792,H2_seed43,0.7778139114379883,6
793,H2_seed43,0.7719776034355164,6
794,H2_seed43,0.7520521283149719,6
795,H2_seed43,0.8323678970336914,6
796,H2_seed43,0.7914838790893555,6
797,H2_seed43,0.7879660129547119,6
798,H2_seed43,0.7965688705444336,6
799,H2_seed43,0.7528720498085022,6
800,H2_seed43,0.771308183670044,6
801,H2_seed43,0.7774782180786133,6
802,H2_seed43,0.7554187774658203,6
803,H2_seed43,0.716026782989502,6
804,H2_seed43,0.6264170408248901,7
805,H2_seed43,0.6218975782394409,7
806,H2_seed43,0.5927097201347351,7
807,H2_seed43,0.6438108086585999,7
808,H2_seed43,0.61654132604599,7
809,H2_seed43,0.63691246509552,7
810,H2_seed43,0.6895337700843811,7
811,H2_seed43,0.7063090205192566,8
812,H2_seed43,0.7421653270721436,8
813,H2_seed43,0.7307982444763184,8
814,H2_seed43,0.7075909376144409,8
815,H2_seed43,0.7634865641593933,9
816,H2_seed43,0.7774357199668884,9
817,H2_seed43,0.772860586643219,10
818,H2_seed43,0.7755557894706726,10
819,H2_seed43,0.729326605796814,10
820,H2_seed43,0.7020621299743652,10
821,H2_seed43,0.687848687171936,10
822,H2_seed43,0.6602320671081543,9
823,H2_seed43,0.7785732746124268,8
824,H2_seed43,0.8439287543296814,7
825,H2_seed43,0.8396822810173035,7
826,H2_seed43,0.8796876072883606,6
827,H2_seed43,0.8589726686477661,5
828,H2_seed43,0.9103639721870422,5
829,H2_seed43,0.9515177011489868,4
830,H2_seed43,0.9642963409423828,3
831,H2_seed43,0.9564609527587892,3
832,H2_seed43,0.9598803520202636,3
833,H2_seed43,0.9605246186256408,3
834,H2_seed43,0.957228422164917,3
835,H2_seed43,0.9668307304382324,3
836,H2_seed43,0.9383940696716307,3
837,H2_seed43,0.898708701133728,4
838,H2_seed43,0.8500884771347046,4
839,H2_seed43,0.913988709449768,4
840,H2_seed43,0.9303643703460692,4
841,H2_seed43,0.9260358810424804,4
842,H2_seed43,0.9020907282829284,4
843,H2_seed43,0.9184169769287108,4
844,H2_seed43,0.8625606894493103,4
845,H2_seed43,0.8724144697189331,4
846,H2_seed43,0.8961167931556702,3
847,H2_seed43,0.8206703662872314,3
848,H2_seed43,0.9276570081710817,2
849,H2_seed43,0.9251307249069214,2
850,H2_seed43,0.950902223587036,2
851,H2_seed43,0.9032711982727052,2
852,H2_seed43,0.9278555512428284,2
853,H2_seed43,0.9459683895111084,2
854,H2_seed43,0.9142020344734192,2
855,H2_seed43,0.9672884941101074,2
856,H2_seed43,0.9130083322525024,2
857,H2_seed43,0.9402852654457092,2
858,H2_seed43,0.9610310196876526,2
859,H2_seed43,0.9343529939651488,2
860,H2_seed43,0.9456851482391356,2
861,H2_seed43,0.96337628364563,2
862,H2_seed43,0.9203251004219056,2
863,H2_seed43,0.953546404838562,2
864,H2_seed43,0.891726016998291,2
865,H2_seed43,0.9376142024993896,2
866,H2_seed43,0.8992208242416382,2
867,H2_seed43,0.834645688533783,1
868,H2_seed43,0.949999988079071,1
869,H2_seed43,0.7878788113594055,1
870,H2_seed43,0.8602150678634644,1
871,H2_seed43,0.8764045238494873,1
872,H2_seed43,0.75,1
873,H2_seed43,0.8799999952316284,1
874,H2_seed43,0.7777777910232544,1
875,H2_seed43,0.901960790157318,1
876,H2_seed43,0.8163265585899353,1
877,H2_seed43,0.948369562625885,1
878,H2_seed43,0.9858635663986206,1
879,H2_seed43,0.9891355633735656,1
880,H2_seed43,0.9845890402793884,1
881,H2_seed43,0.9916247725486756,1
882,H2_seed43,0.986136794090271,1
883,H2_seed43,0.9651678204536438,1
884,H2_seed43,0.8472222089767456,1
885,H2_seed43,0.8979591727256775,1
886,H2_seed43,0.9569892287254332,1
887,H2_seed43,0.9640718698501588,1
888,H2_seed43,0.9636440277099608,2
889,H2_seed43,0.8057215809822083,3
890,H2_seed43,0.9009342193603516,3
891,H2_seed43,0.920185089111328,3
892,H2_seed43,0.958227813243866,3
893,H2_seed43,0.9592320919036864,3
894,H2_seed43,0.8438864350318909,3
895,H2_seed43,0.6951096653938293,5
896,H2_seed43,0.8263891339302063,5
897,H2_seed43,0.9090495109558104,5
898,H2_seed43,0.8924258947372437,5
899,H2_seed43,0.8169568181037903,6
900,H2_seed43,0.81273353099823,7
901,H2_seed43,0.8015567064285278,8
902,H2_seed43,0.6771293878555298,10
903,H2_seed43,0.7033675909042358,10
904,H2_seed43,0.8332778215408325,10
905,H2_seed43,0.756445586681366,10
906,H2_seed43,0.8322210311889648,7
907,H2_seed43,0.7182462811470032,6
908,H2_seed43,0.5284298062324524,5
909,H2_seed43,0.7634239792823792,3
910,H2_seed43,0.8673567771911621,3
911,H2_seed43,0.8665955066680908,4
912,H2_seed43,0.9090864658355712,4
913,H2_seed43,0.9479719400405884,4
914,H2_seed43,0.9648593664169312,4
915,H2_seed43,0.9518694877624512,4
916,H2_seed43,0.4772141575813293,4
917,H2_seed43,0.9504210948944092,2
918,H2_seed43,0.9669959545135498,2
919,H2_seed43,0.9336530566215516,2
920,H2_seed43,0.9529430866241456,2
921,H2_seed43,0.912115752696991,2
922,H2_seed43,0.9230769276618958,1
923,H2_seed43,0.7407407164573669,1
924,H2_seed43,0.7555555701255798,1
925,H2_seed43,0.5882353186607361,1
926,H2_seed43,0.4571428596973419,1
927,H2_seed43,0.8082596063613892,1
928,H2_seed43,0.6282051205635071,1
929,H2_seed43,0.7780429720878601,1
930,H2_seed43,0.5756824016571045,1
931,H2_seed43,0.8036529421806335,1
932,H2_seed43,0.7037037014961243,1
933,H2_seed43,0.3942857086658478,1
934,H2_seed43,0.4347825944423675,1
935,H2_seed43,0.569758415222168,2
936,H2_seed43,0.8533570170402527,3
937,H2_seed43,0.9345900416374208,3
938,H2_seed43,0.94016295671463,3
939,H2_seed43,0.9489434361457824,3
940,H2_seed43,0.8914003968238831,4
941,H2_seed43,0.8847105503082275,4
942,H2_seed43,0.9126233458518982,4
943,H2_seed43,0.9300904273986816,4
944,H2_seed43,0.9330058693885804,4
945,H2_seed43,0.8462069630622864,5
946,H2_seed43,0.9056885838508606,6
947,H2_seed43,0.9164191484451294,7
948,H2_seed43,0.8953699469566345,9
949,H2_seed43,0.913058578968048,9
950,H2_seed43,0.9322509765625,9
951,H2_seed43,0.9236037135124208,9
952,H2_seed43,0.9164449572563172,10
953,H2_seed43,0.8543598055839539,10
954,H2_seed43,0.8612537980079651,8
955,H2_seed43,0.8534254431724548,7
956,H2_seed43,0.8614886403083801,4
957,H2_seed43,0.978687345981598,3
958,H2_seed43,0.9644624590873718,3
959,H2_seed43,0.9674088954925536,3
960,H2_seed43,0.9484104514122008,3
961,H2_seed43,0.9102324843406676,4
962,H2_seed43,0.9344848990440368,4
963,H2_seed43,0.9228172898292542,3
964,H2_seed43,0.9511508941650392,2
965,H2_seed43,0.9175209999084472,2
966,H2_seed43,0.8774136304855347,2
967,H2_seed43,0.8275862336158752,1
968,H2_seed43,0.7555555701255798,1
969,H2_seed43,0.7727272510528564,1
970,H2_seed43,0.8780487775802612,1
971,H2_seed43,0.8421052694320679,1
972,H2_seed43,0.8936170339584351,1
973,H2_seed43,0.761904776096344,1
974,H2_seed43,0.8500000238418579,1
975,H2_seed43,0.8181818127632141,1
976,H2_seed43,0.8181818127632141,1
977,H2_seed43,0.7906976938247681,1
978,H2_seed43,0.695652186870575,1
979,H2_seed43,0.6875,1
980,H2_seed43,0.6486486196517944,1
981,H2_seed43,0.4864864945411682,1
982,H2_seed43,0.5396825671195984,1
983,H2_seed43,0.7118644118309021,1
984,H2_seed43,0.8301886916160583,1
985,H2_seed43,0.774193525314331,1
986,H2_seed43,0.7599999904632568,1
987,H2_seed43,0.8510638475418091,1
988,H2_seed43,0.6382978558540344,1
989,H2_seed43,0.5454545617103577,1
990,H2_seed43,4.347826099149188e-09,1
991,H2_seed43,3.846154061903917e-09,1
992,H2_seed43,3.125000036519054e-09,1
993,H2_seed43,0.3076923191547394,1
994,H2_seed43,0.190476194024086,1
995,H2_seed43,0.3181818127632141,1
996,H2_seed43,0.2105263173580169,1
997,H2_seed43,3.999999886872274e-09,1
998,H2_seed43,3.7037037881049165e-09,1
999,H2_seed43,0.9090909361839294,1
1000,H2_seed43,0.5263158082962036,1
1001,H2_seed43,0.8399999737739563,1
1002,H2_seed43,0.7101200819015503,1
1003,H2_seed43,0.9778096079826356,1
1004,H2_seed43,0.9272976517677308,1
1005,H2_seed43,0.908582091331482,1
1006,H2_seed43,0.1636363565921783,1
1007,H2_seed43,0.3846153914928436,1
1008,H2_seed43,0.4909402728080749,2
1009,H2_seed43,0.499675989151001,3
1010,H2_seed43,0.6528322100639343,3
1011,H2_seed43,0.785028874874115,3
1012,H2_seed43,0.7785038948059082,3
1013,H2_seed43,0.7953235507011414,3
1014,H2_seed43,0.8279736042022705,3
1015,H2_seed43,0.885683000087738,3
1016,H2_seed43,0.6109541058540344,4
1017,H2_seed43,0.7697169780731201,4
1018,H2_seed43,0.765120804309845,4
1019,H2_seed43,0.7900034189224243,5
1020,H2_seed43,0.8267571330070496,5
1021,H2_seed43,0.7990009188652039,5
1022,H2_seed43,0.8460461497306824,6
1023,H2_seed43,0.7373486161231995,7
1024,H2_seed43,0.8285707831382751,7
1025,H2_seed43,0.6439293026924133,8
1026,H2_seed43,0.8140589594841003,8
1027,H2_seed43,0.7725059986114502,9
1028,H2_seed43,0.7704829573631287,8
1029,H2_seed43,0.6156615018844604,7
1030,H2_seed43,0.6099990010261536,7
1031,H2_seed43,0.6789360046386719,7
1032,H2_seed43,0.6773319244384766,7
1033,H2_seed43,0.5476658344268799,5
1034,H2_seed43,0.5936161875724792,3
1035,H2_seed43,0.6313515305519104,3
1036,H2_seed43,0.887235164642334,3
1037,H2_seed43,0.8718283176422119,3
1038,H2_seed43,0.872422456741333,4
1039,H2_seed43,0.8623270988464355,4
1040,H2_seed43,0.7531381249427795,4
1041,H2_seed43,0.9625334143638612,3
1042,H2_seed43,0.9511618614196776,3
1043,H2_seed43,0.9571452140808104,3
1044,H2_seed43,0.9460999369621276,3
1045,H2_seed43,0.9107411503791808,3
1046,H2_seed43,0.9598449468612672,2
1047,H2_seed43,0.9314440488815308,2
1048,H2_seed43,0.9611835479736328,2
1049,H2_seed43,0.8319506049156189,2
1050,H2_seed43,0.939393937587738,1
1051,H2_seed43,0.78125,1
1052,H2_seed43,0.8148148059844971,1
1053,H2_seed43,0.7843137383460999,1
1054,H2_seed43,0.7586206793785095,1
1055,H2_seed43,0.7169811129570007,1
1056,H2_seed43,8.333333134658005e-09,1
1057,H2_seed43,0.7765957713127136,1
1058,H2_seed43,0.971098244190216,1
1059,H2_seed43,0.967272698879242,1
1060,H2_seed43,0.9845474362373352,1
1061,H2_seed43,0.991428554058075,1
1062,H2_seed43,0.986876666545868,1
1063,H2_seed43,0.9875802993774414,1
1064,H2_seed43,0.9876977205276488,1
1065,H2_seed43,0.9877589344978333,1
1066,H2_seed43,0.9840933084487916,1
1067,H2_seed43,0.983418345451355,1
1068,H2_seed43,0.9680759310722352,1
1069,H2_seed43,0.918367326259613,1
1070,H2_seed43,0.8196721076965332,1
1071,H2_seed43,0.9655172228813172,1
1072,H2_seed43,0.9002968072891235,2
1073,H2_seed43,0.9248874187469482,3
1074,H2_seed43,0.7214781045913696,4
1075,H2_seed43,0.8528075218200684,4
1076,H2_seed43,0.9397457242012024,4
1077,H2_seed43,0.957597553730011,5
1078,H2_seed43,0.9474321603775024,5
1079,H2_seed43,0.9464231729507446,5
1080,H2_seed43,0.8498319983482361,6
1081,H2_seed43,0.91456800699234,6
1082,H2_seed43,0.9073994755744934,6
1083,H2_seed43,0.8828330039978027,6
1084,H2_seed43,0.8861692547798157,6
1085,H2_seed43,0.907636821269989,6
1086,H2_seed43,0.8799843788146973,6
1087,H2_seed43,0.8040564060211182,9
1088,H2_seed43,0.8741998672485352,9
1089,H2_seed43,0.8229557871818542,10
1090,H2_seed43,0.8493044376373291,9
1091,H2_seed43,0.8327029943466187,8
1092,H2_seed43,0.8649932146072388,8
1093,H2_seed43,0.8036710023880005,8
1094,H2_seed43,0.7314860224723816,4
1095,H2_seed43,0.978161096572876,3
1096,H2_seed43,0.9713780879974364,3
1097,H2_seed43,0.9784969687461852,3
1098,H2_seed43,0.9776210784912108,3
1099,H2_seed43,0.9747724533081056,3
1100,H2_seed43,0.8843629956245422,4
1101,H2_seed43,0.934346616268158,4
1102,H2_seed43,0.9391285181045532,4
1103,H2_seed43,0.8760904669761658,4
1104,H2_seed43,0.9655557870864868,2
1105,H2_seed43,0.97634756565094,2
1106,H2_seed43,0.91100013256073,2
1107,H2_seed43,0.5203251838684082,1
1108,H2_seed43,0.9047072529792786,1
1109,H2_seed43,0.8969935774803162,1
1110,H2_seed43,0.9533644318580629,1
1111,H2_seed43,0.9148536324501038,1
1112,H2_seed43,0.918775737285614,1
1113,H2_seed43,0.7414448857307434,1
1114,H2_seed43,0.770370364189148,1
1115,H2_seed43,0.942307710647583,1
1116,H2_seed43,0.9657894968986512,1
1117,H2_seed43,0.9503408074378968,1
1118,H2_seed43,0.9724626541137696,1
1119,H2_seed43,0.9676393270492554,2
1120,H2_seed43,0.9654503464698792,2
1121,H2_seed43,0.8801775574684143,4
1122,H2_seed43,0.8650358319282532,5
1123,H2_seed43,0.851309597492218,6
1124,H2_seed43,0.8999632000923157,6
1125,H2_seed43,0.8928214907646179,6
1126,H2_seed43,0.8422856330871582,7
1127,H2_seed43,0.8465765118598938,7
1128,H2_seed43,0.8816570043563843,8
1129,H2_seed43,0.865066647529602,8
1130,H2_seed43,0.8860280513763428,8
1131,H2_seed43,0.8911992311477661,8
1132,H2_seed43,0.901254951953888,8
1133,H2_seed43,0.8843393325805664,8
1134,H2_seed43,0.8959353566169739,8
1135,H2_seed43,0.8780908584594727,8
1136,H2_seed43,0.9146610498428344,7
1137,H2_seed43,0.8828770518302917,7
1138,H2_seed43,0.7122477889060974,8
1139,H2_seed43,0.8480944633483887,6
1140,H2_seed43,0.8662346005439758,5
1141,H2_seed43,0.9767124652862548,3
1142,H2_seed43,0.9805204272270204,3
1143,H2_seed43,0.975907027721405,3
1144,H2_seed43,0.9707112908363342,3
1145,H2_seed43,0.9611360430717468,3
1146,H2_seed43,0.9502552151679992,3
1147,H2_seed43,0.6040521860122681,4
1148,H2_seed43,0.7238938212394714,3
1149,H2_seed43,0.9004852771759033,2
1150,H2_seed43,0.8859189748764038,2
1151,H2_seed43,0.8850524425506592,2
1152,H2_seed43,0.9650349617004396,1
1153,H2_seed43,0.919708013534546,1
1154,H2_seed43,0.9215686321258544,1
1155,H2_seed43,0.9425287246704102,1
1156,H2_seed43,0.8909657597541809,1
1157,H2_seed43,0.9487870335578918,1
1158,H2_seed43,0.915040910243988,1
1159,H2_seed43,0.803519070148468,1
1160,H2_seed43,0.7428571581840515,1
1161,H2_seed43,0.2181818187236786,1
1162,H2_seed43,0.5231388211250305,1
1163,H2_seed43,0.6968325972557068,1
1164,H2_seed43,0.7737981081008911,2
1165,H2_seed43,0.5978767275810242,5
1166,H2_seed43,0.7388229966163635,6
1167,H2_seed43,0.7589952349662781,6
1168,H2_seed43,0.7691505551338196,6
1169,H2_seed43,0.8021534085273743,6
1170,H2_seed43,0.820482075214386,6
1171,H2_seed43,0.7408980131149292,7
1172,H2_seed43,0.7341963648796082,7
1173,H2_seed43,0.7457699775695801,7
1174,H2_seed43,0.7313206791877747,7
1175,H2_seed43,0.8052652478218079,7
1176,H2_seed43,0.7518969178199768,7
1177,H2_seed43,0.5848159790039062,8
1178,H2_seed43,0.6699971556663513,6
1179,H2_seed43,0.8043458461761475,6
1180,H2_seed43,0.7083068490028381,8
1181,H2_seed43,0.8251539468765259,8
1182,H2_seed43,0.8480848073959351,8
1183,H2_seed43,0.7929677963256836,7
1184,H2_seed43,0.8831157088279724,6
1185,H2_seed43,0.9413764476776124,4
1186,H2_seed43,0.9113767743110656,4
1187,H2_seed43,0.8575431108474731,4
1188,H2_seed43,0.8776499629020691,4
1189,H2_seed43,0.8917538523674011,2
1190,H2_seed43,0.9060894250869752,2
1191,H2_seed43,0.8636363744735718,1
1192,H2_seed43,0.9278350472450256,1
1193,H2_seed43,0.9158878326416016,1
1194,H2_seed43,0.8190476298332214,1
1195,H2_seed43,0.9166666865348816,1
1196,H2_seed43,0.8999999761581421,1
1197,H2_seed43,0.6858974099159241,1
1198,H2_seed43,0.8712241649627686,1
1199,H2_seed43,0.827531635761261,1
1200,H2_seed43,0.7491748929023743,1
1201,H2_seed43,0.8546448349952698,1
1202,H2_seed43,0.7002288103103638,1
1203,H2_seed43,0.6365821361541748,2
1204,H2_seed43,0.6069764494895935,4
1205,H2_seed43,0.6853449940681458,4
1206,H2_seed43,0.7833648324012756,4
1207,H2_seed43,0.6383303999900818,6
1208,H2_seed43,0.6611551642417908,7
1209,H2_seed43,0.7490450739860535,7
1210,H2_seed43,0.7212872505187988,7
1211,H2_seed43,0.6690341830253601,7
1212,H2_seed43,0.6387914419174194,7
1213,H2_seed43,0.6831459403038025,7
1214,H2_seed43,0.8099236488342285,7
1215,H2_seed43,0.7100548148155212,7
1216,H2_seed43,0.8176326751708984,7
1217,H2_seed43,0.6964006423950195,7
1218,H2_seed43,0.6099395155906677,8
1219,H2_seed43,0.7269033789634705,7
1220,H2_seed43,0.8169711232185364,7
1221,H2_seed43,0.8273702263832092,7
1222,H2_seed43,0.849852442741394,7
1223,H2_seed43,0.7579917311668396,7
1224,H2_seed43,0.8579545021057129,5
1225,H2_seed43,0.7606102228164673,5
1226,H2_seed43,0.7214594483375549,4
1227,H2_seed43,0.9436476826667786,3
1228,H2_seed43,0.9275910258293152,3
1229,H2_seed43,0.906947374343872,4
1230,H2_seed43,0.8200985193252563,4
1231,H2_seed43,0.8532984256744385,2
1232,H2_seed43,0.7975720763206482,2
1233,H2_seed43,0.8324499726295471,2
1234,H2_seed43,0.7384615540504456,1
1235,H2_seed43,0.8136882185935974,1
1236,H2_seed43,0.8176352977752686,1
1237,H2_seed43,0.7326732873916626,1
1238,H2_seed43,0.8172042965888977,1
1239,H2_seed43,0.8457330465316772,1
1240,H2_seed43,0.9158530831336976,1
1241,H2_seed43,0.8908655643463135,1
1242,H2_seed43,0.9244747161865234,1
1243,H2_seed43,0.9059829115867616,1
1244,H2_seed43,0.960090696811676,1
1245,H2_seed43,0.9508051872253418,1
1246,H2_seed43,0.9560678601264954,1
1247,H2_seed43,0.9574053883552552,1
1248,H2_seed43,0.9728673696517944,1
1249,H2_seed43,0.9684684872627258,1
1250,H2_seed43,0.9626384973526,1
1251,H2_seed43,0.9533369541168212,1
1252,H2_seed43,0.8557246923446655,1
1253,H2_seed43,0.7401520609855652,1
1254,H2_seed43,0.6067607998847961,1
1255,H2_seed43,0.1180705577135086,1
1256,H2_seed43,0.7735849022865295,1
1257,H2_seed43,0.8553054928779602,1
1258,H2_seed43,0.9471365809440612,1
1259,H2_seed43,0.9651898741722108,1
1260,H2_seed43,0.9749009013175964,1
1261,H2_seed43,0.9649890661239624,1
1262,H2_seed43,0.9763033390045166,1
1263,H2_seed43,0.7179621458053589,2
1264,H2_seed43,0.7700424194335938,2
1265,H2_seed43,0.7931106686592102,2
1266,H2_seed43,0.8120201826095581,2
1267,H2_seed43,0.8192206025123596,2
1268,H2_seed43,0.8720455765724182,2
1269,H2_seed43,0.8832725882530212,2
1270,H2_seed43,0.8735623359680176,2
1271,H2_seed43,0.9096277356147766,2
1272,H2_seed43,0.9115610122680664,2
1273,H2_seed43,0.9590189456939696,2
1274,H2_seed43,0.6767852306365967,3
1275,H2_seed43,0.8912436962127686,3
1276,H2_seed43,0.9572081565856934,3
1277,H2_seed43,0.9369421601295472,3
1278,H2_seed43,0.9731125831604004,3
1279,H2_seed43,0.946081817150116,3
1280,H2_seed43,0.7342451810836792,4
1281,H2_seed43,0.7277022004127502,4
1282,H2_seed43,0.7330687046051025,4
1283,H2_seed43,0.8195046186447144,4
1284,H2_seed43,0.8039675951004028,4
1285,H2_seed43,0.808525800704956,4
1286,H2_seed43,0.8121710419654846,4
1287,H2_seed43,0.8123728036880493,4
1288,H2_seed43,0.8311611413955688,4
1289,H2_seed43,0.7746497392654419,4
1290,H2_seed43,0.6969230771064758,5
1291,H2_seed43,0.6775420308113098,5
1292,H2_seed43,0.7355599999427795,5
1293,H2_seed43,0.6671763062477112,6
1294,H2_seed43,0.6304284930229187,6
1295,H2_seed43,0.7489085793495178,6
1296,H2_seed43,0.832894504070282,6
1297,H2_seed43,0.8867597579956055,6
1298,H2_seed43,0.8113620281219482,6
1299,H2_seed43,0.7906761765480042,6
1300,H2_seed43,0.797261655330658,6
1301,H2_seed43,0.7303606271743774,7
1302,H2_seed43,0.7001335024833679,8
1303,H2_seed43,0.7732677459716797,8
1304,H2_seed43,0.6926987171173096,9
1305,H2_seed43,0.6678743362426758,9
1306,H2_seed43,0.6317480206489563,10
1307,H2_seed43,0.5567173361778259,9
1308,H2_seed43,0.6025620698928833,9
1309,H2_seed43,0.6202743053436279,9
1310,H2_seed43,0.6154637336730957,9
1311,H2_seed43,0.6415368318557739,9
1312,H2_seed43,0.7161158323287964,8
1313,H2_seed43,0.7403743267059326,8
1314,H2_seed43,0.6943859457969666,8
1315,H2_seed43,0.7128824591636658,8
1316,H2_seed43,0.7361015677452087,8
1317,H2_seed43,0.6880486607551575,7
1318,H2_seed43,0.5741434693336487,7
1319,H2_seed43,0.6107434034347534,7
1320,H2_seed43,0.5493773221969604,7
1321,H2_seed43,0.5957927107810974,6
1322,H2_seed43,0.5989111661911011,6
1323,H2_seed43,0.398628681898117,5
1324,H2_seed43,0.3767949342727661,5
1325,H2_seed43,0.4581634104251861,4
1326,H2_seed43,0.4646221995353699,4
1327,H2_seed43,0.4534405469894409,4
1328,H2_seed43,0.5512257218360901,4
1329,H2_seed43,0.5209043025970459,4
1330,H2_seed43,0.5312427878379822,4
1331,H2_seed43,0.7113717198371887,3
1332,H2_seed43,0.7308983206748962,3
1333,H2_seed43,0.7490361332893372,3
1334,H2_seed43,0.7502828240394592,3
1335,H2_seed43,0.6187871098518372,3
1336,H2_seed43,0.6753308773040771,3
1337,H2_seed43,0.5859391093254089,3
1338,H2_seed43,0.7302436828613281,3
1339,H2_seed43,0.7254878878593445,3
1340,H2_seed43,0.7825078964233398,3
1341,H2_seed43,0.8528921604156494,3
1342,H2_seed43,0.8197352886199951,3
1343,H2_seed43,0.8766282200813293,3
1344,H2_seed43,0.8804383873939514,3
1345,H2_seed43,0.8485280871391296,3
1346,H2_seed43,0.8414552211761475,3
1347,H2_seed43,0.7502155900001526,3
1348,H2_seed43,0.7960017323493958,3
1349,H2_seed43,0.8195011615753174,3
1350,H2_seed43,0.7169156074523926,3
1351,H2_seed43,0.7622523903846741,3
1352,H2_seed43,0.6321554183959961,3
1353,H2_seed43,0.7070634961128235,3
1354,H2_seed43,0.7129505276679993,3
1355,H2_seed43,0.62225741147995,3
1356,H2_seed43,0.3670170307159424,3
1357,H2_seed43,0.606914758682251,2
1358,H2_seed43,0.6333497762680054,2
1359,H2_seed43,0.6642683744430542,2
1360,H2_seed43,0.6904247999191284,2
1361,H2_seed43,0.6962457895278931,2
1362,H2_seed43,0.668907105922699,2
1363,H2_seed43,0.7120519876480103,2
1364,H2_seed43,0.6878504753112793,2
1365,H2_seed43,0.7242875695228577,2
1366,H2_seed43,0.7124450206756592,2
1367,H2_seed43,0.7470715045928955,2
1368,H2_seed43,0.7047756314277649,2
1369,H2_seed43,0.581852912902832,2
1370,H2_seed43,0.3442623019218445,2
1371,H2_seed43,0.3333333432674408,2
1372,H2_seed43,0.6608695387840271,1
1373,H2_seed43,0.7307692170143127,1
1374,H2_seed43,0.6666666865348816,1
1375,H2_seed43,0.897849440574646,1
1376,H2_seed43,0.9265944361686708,1
1377,H2_seed43,0.9290123581886292,1
1378,H2_seed43,0.8973487615585327,1
1379,H2_seed43,0.7008086442947388,1
1380,H2_seed43,0.4806866943836212,1
1381,H2_seed43,0.6634146571159363,1
1382,H2_seed43,0.5526315569877625,1
1383,H2_seed43,0.791304349899292,1
1384,H2_seed43,1.587301623473536e-09,1
1385,H2_seed43,0.9428571462631226,1
1386,H2_seed43,0.964083194732666,1
1387,H2_seed43,0.7280470728874207,3
1388,H2_seed43,0.8797162771224976,4
1389,H2_seed43,0.9092466235160828,4
1390,H2_seed43,0.8958534002304077,5
1391,H2_seed43,0.906866192817688,5
1392,H2_seed43,0.8969244956970215,6
1393,H2_seed43,0.8850808143615723,6
1394,H2_seed43,0.8696792721748352,6
1395,H2_seed43,0.785847544670105,7
1396,H2_seed43,0.8714881539344788,7
1397,H2_seed43,0.8410491943359375,7
1398,H2_seed43,0.8663541674613953,7
1399,H2_seed43,0.7424858212471008,7
1400,H2_seed43,0.8451892733573914,7
1401,H2_seed43,0.8046160936355591,7
1402,H2_seed43,0.8804001212120056,7
1403,H2_seed43,0.7865219116210938,8
1404,H2_seed43,0.8409913778305054,8
1405,H2_seed43,0.7560293674468994,8
1406,H2_seed43,0.8430684208869934,7
1407,H2_seed43,0.7391864061355591,8
1408,H2_seed43,0.8153047561645508,7
1409,H2_seed43,0.6916772723197937,6
1410,H2_seed43,0.6801047325134277,5
1411,H2_seed43,0.6430245041847229,5
1412,H2_seed43,0.8700581192970276,3
1413,H2_seed43,0.8861870169639587,3
1414,H2_seed43,0.9474799036979676,3
1415,H2_seed43,0.955777943134308,3
1416,H2_seed43,0.9169450402259828,4
1417,H2_seed43,0.9301363825798036,4
1418,H2_seed43,0.9079498648643494,4
1419,H2_seed43,0.8926078081130981,4
1420,H2_seed43,0.8506537079811096,3
1421,H2_seed43,0.8073234558105469,2
1422,H2_seed43,0.7849798202514648,2
1423,H2_seed43,0.6869233846664429,2
1424,H2_seed43,0.4000000059604645,1
1425,H2_seed43,0.8844221234321594,1
1426,H2_seed43,0.1545454561710357,1
1427,H2_seed43,0.4149855971336365,1
1428,H2_seed43,0.4858299493789673,1
1429,H2_seed43,0.8712871074676514,1
1430,H2_seed43,0.8745067119598389,1
1431,H2_seed43,0.9010848999023438,1
1432,H2_seed43,0.924731194972992,1
1433,H2_seed43,0.9354144334793092,1
1434,H2_seed43,0.9242262244224548,1
1435,H2_seed43,0.7517162561416626,1
1436,H2_seed43,0.8520408272743225,1
1437,H2_seed43,0.8853598237037659,1
1438,H2_seed43,0.7379480600357056,1
1439,H2_seed43,0.7096773982048035,1
1440,H2_seed43,0.945945918560028,1
1441,H2_seed43,0.9808428883552552,1
1442,H2_seed43,0.9354005455970764,1
1443,H2_seed43,0.9681061506271362,2
1444,H2_seed43,0.947785258293152,2
1445,H2_seed43,0.953835666179657,2
1446,H2_seed43,0.9813812375068665,2
1447,H2_seed43,0.9672318696975708,2
1448,H2_seed43,0.983843207359314,2
1449,H2_seed43,0.9641982316970824,2
1450,H2_seed43,0.9711713790893556,2
1451,H2_seed43,0.9752861261367798,2
1452,H2_seed43,0.9657214879989624,2
1453,H2_seed43,0.9844553470611572,2
1454,H2_seed43,0.9625029563903807,2
1455,H2_seed43,0.8078656792640686,3
1456,H2_seed43,0.8140376210212708,3
1457,H2_seed43,0.7790271639823914,3
1458,H2_seed43,0.8986411094665527,3
1459,H2_seed43,0.8606227040290833,3
1460,H2_seed43,0.931858479976654,3
1461,H2_seed43,0.9435635209083556,3
1462,H2_seed43,0.928534984588623,3
1463,H2_seed43,0.7203822731971741,4
1464,H2_seed43,0.7883465886116028,5
1465,H2_seed43,0.8304052352905273,5
1466,H2_seed43,0.8756205439567566,5
1467,H2_seed43,0.7743443250656128,5
1468,H2_seed43,0.815955638885498,5
1469,H2_seed43,0.7037302851676941,6
1470,H2_seed43,0.7494761347770691,7
1471,H2_seed43,0.7819827198982239,7
1472,H2_seed43,0.6172386407852173,7
1473,H2_seed43,0.6516380310058594,7
1474,H2_seed43,0.7849949598312378,7
1475,H2_seed43,0.8015588521957397,7
1476,H2_seed43,0.7373676300048828,7
1477,H2_seed43,0.838071346282959,7
1478,H2_seed43,0.8755595088005066,7
1479,H2_seed43,0.8426057696342468,7
1480,H2_seed43,0.814029335975647,8
1481,H2_seed43,0.8197007775306702,8
1482,H2_seed43,0.7698137760162354,8
1483,H2_seed43,0.776776134967804,10
1484,H2_seed43,0.7656447291374207,10
1485,H2_seed43,0.7638399004936218,10
1486,H2_seed43,0.8156830072402954,10
1487,H2_seed43,0.8003204464912415,10
1488,H2_seed43,0.8288605809211731,10
1489,H2_seed43,0.836196780204773,10
1490,H2_seed43,0.7057873010635376,10
1491,H2_seed43,0.8018203973770142,9
1492,H2_seed43,0.7917823195457458,9
1493,H2_seed43,0.7500523328781128,9
1494,H2_seed43,0.635827362537384,9
1495,H2_seed43,0.7465121150016785,7
1496,H2_seed43,0.7759237289428711,7
1497,H2_seed43,0.6261545419692993,7
1498,H2_seed43,0.9278773069381714,4
1499,H2_seed43,0.9121605157852172,4
1500,H2_seed43,0.9469172358512878,3
1501,H2_seed43,0.964153289794922,3
1502,H2_seed43,0.9518227577209472,3
1503,H2_seed43,0.9711009860038756,3
1504,H2_seed43,0.9646028876304626,3
1505,H2_seed43,0.9649621844291688,3
1506,H2_seed43,0.9715251326560974,3
1507,H2_seed43,0.9609857201576232,3
1508,H2_seed43,0.965260684490204,3
1509,H2_seed43,0.967360019683838,3
1510,H2_seed43,0.9598074555397034,3
1511,H2_seed43,0.9702103734016418,3
1512,H2_seed43,0.963201940059662,3
1513,H2_seed43,0.9725620746612548,3
1514,H2_seed43,0.9646113514900208,3
1515,H2_seed43,0.9073341488838196,4
1516,H2_seed43,0.9115107655525208,4
1517,H2_seed43,0.8901610374450684,4
1518,H2_seed43,0.9462677836418152,4
1519,H2_seed43,0.9165614247322084,4
1520,H2_seed43,0.9260073304176332,4
1521,H2_seed43,0.91928368806839,4
1522,H2_seed43,0.8580132722854614,4
1523,H2_seed43,0.8638813495635986,3
1524,H2_seed43,0.7957882285118103,3
1525,H2_seed43,0.7324650287628174,3
1526,H2_seed43,0.6551247239112854,3
1527,H2_seed43,0.6276485323905945,3
1528,H2_seed43,0.9128264784812928,2
1529,H2_seed43,0.8909338116645813,2
1530,H2_seed43,0.9148217439651488,2
1531,H2_seed43,0.9094603061676024,2
1532,H2_seed43,0.9212075471878052,2
1533,H2_seed43,0.9141459465026855,2
1534,H2_seed43,0.8557208776473999,2
1535,H2_seed43,0.6372350454330444,2
1536,H2_seed43,0.7382550239562988,1
1537,H2_seed43,0.6967741847038269,1
1538,H2_seed43,0.8595041036605835,1
1539,H2_seed43,0.7692307829856873,1
1540,H2_seed43,0.8292682766914368,1
1541,H2_seed43,0.644444465637207,1
1542,H2_seed43,0.5773195624351501,1
1543,H2_seed43,0.7297297120094299,1
1544,H2_seed43,0.7250000238418579,1
1545,H2_seed43,0.7529411911964417,1
1546,H2_seed43,0.650602400302887,1
1547,H2_seed43,0.5714285969734192,1
1548,H2_seed43,0.75789475440979,1
1549,H2_seed43,0.8807339668273926,1
1550,H2_seed43,0.5565217137336731,1
1551,H2_seed43,0.4742268025875091,1
1552,H2_seed43,0.342342346906662,1
1553,H2_seed43,0.581818163394928,1
1554,H2_seed43,0.7222222089767456,1
1555,H2_seed43,0.7142857313156128,1
1556,H2_seed43,0.7272727489471436,1
1557,H2_seed43,0.7428571581840515,1
1558,H2_seed43,0.6511628031730652,1
1559,H2_seed43,0.7021276354789734,1
1560,H2_seed43,0.8428093791007996,1
1561,H2_seed43,0.942307710647583,1
1562,H2_seed43,0.9636363387107848,1
1563,H2_seed43,0.958755910396576,1
1564,H2_seed43,0.9666861295700072,1
1565,H2_seed43,0.953926682472229,1
1566,H2_seed43,0.937528908252716,1
1567,H2_seed43,0.9373571276664734,1
1568,H2_seed43,0.926536738872528,1
1569,H2_seed43,0.9598214030265808,1
1570,H2_seed43,0.9392812848091124,1
1571,H2_seed43,0.9300069212913512,1
1572,H2_seed43,0.885077178478241,1
1573,H2_seed43,0.8888888955116272,1
1574,H2_seed43,0.9425837397575378,1
1575,H2_seed43,0.9413408041000366,1
1576,H2_seed43,0.9365853667259216,1
1577,H2_seed43,0.9411764740943908,1
1578,H2_seed43,0.184873953461647,1
1579,H2_seed43,0.8847926259040833,1
1580,H2_seed43,0.9134328365325928,1
1581,H2_seed43,0.9814814925193788,1
1582,H2_seed43,0.9437819123268129,1
1583,H2_seed43,0.6800153255462646,2
1584,H2_seed43,0.9352911710739136,2
1585,H2_seed43,0.9384018182754515,2
1586,H2_seed43,0.9779614210128784,2
1587,H2_seed43,0.9686058759689332,2
1588,H2_seed43,0.9792779684066772,2
1589,H2_seed43,0.9667520523071288,2
1590,H2_seed43,0.9706652760505676,2
1591,H2_seed43,0.9746638536453248,2
1592,H2_seed43,0.9643075466156006,2
1593,H2_seed43,0.9796682596206664,2
1594,H2_seed43,0.8249589800834656,3
1595,H2_seed43,0.877424955368042,3
1596,H2_seed43,0.8813157081604004,3
1597,H2_seed43,0.89261394739151,3
1598,H2_seed43,0.8732447624206543,3
1599,H2_seed43,0.8812163472175598,3
1600,H2_seed43,0.9144232273101808,3
1601,H2_seed43,0.9212966561317444,3
1602,H2_seed43,0.8873627185821533,3
1603,H2_seed43,0.9080920219421388,3
1604,H2_seed43,0.8446518182754517,4
1605,H2_seed43,0.7989962100982666,5
1606,H2_seed43,0.7923136353492737,5
1607,H2_seed43,0.7525427937507629,5
1608,H2_seed43,0.8781989812850952,5
1609,H2_seed43,0.7626657485961914,6
1610,H2_seed43,0.7071502208709717,6
1611,H2_seed43,0.7746692299842834,6
1612,H2_seed43,0.8064091205596924,6
1613,H2_seed43,0.8278562426567078,7
1614,H2_seed43,0.832791805267334,8
1615,H2_seed43,0.8343315124511719,8
1616,H2_seed43,0.8378912210464478,8
1617,H2_seed43,0.8125503063201904,8
1618,H2_seed43,0.8626444935798645,8
1619,H2_seed43,0.7714718580245972,8
1620,H2_seed43,0.6942474842071533,9
1621,H2_seed43,0.7883208394050598,8
1622,H2_seed43,0.7985786199569702,8
1623,H2_seed43,0.7784296274185181,8
1624,H2_seed43,0.767146110534668,8
1625,H2_seed43,0.7176040410995483,8
1626,H2_seed43,0.7377937436103821,8
1627,H2_seed43,0.8069857358932495,7
1628,H2_seed43,0.8557969331741333,7
1629,H2_seed43,0.8271684050559998,6
1630,H2_seed43,0.8377966284751892,6
1631,H2_seed43,0.8478384017944336,6
1632,H2_seed43,0.74686598777771,6
1633,H2_seed43,0.8179424405097961,5
1634,H2_seed43,0.7874742746353149,5
1635,H2_seed43,0.7202860713005066,4
1636,H2_seed43,0.7282484769821167,4
1637,H2_seed43,0.7632958889007568,4
1638,H2_seed43,0.9741832613945008,3
1639,H2_seed43,0.9658862948417664,3
1640,H2_seed43,0.9579501748085022,3
1641,H2_seed43,0.9622318744659424,3
1642,H2_seed43,0.9097860455513,3
1643,H2_seed43,0.9564673900604248,3
1644,H2_seed43,0.9475399851799012,3
1645,H2_seed43,0.9092400074005128,3
1646,H2_seed43,0.9356889128684998,3
1647,H2_seed43,0.8844224810600281,4
1648,H2_seed43,0.9271399974822998,4
1649,H2_seed43,0.9282283782958984,4
1650,H2_seed43,0.9253292083740234,4
1651,H2_seed43,0.8673971891403198,4
1652,H2_seed43,0.9188613295555116,3
1653,H2_seed43,0.9049849510192872,3
1654,H2_seed43,0.90159273147583,3
1655,H2_seed43,0.9042181968688964,3
1656,H2_seed43,0.8582399487495422,3
1657,H2_seed43,0.8143624663352966,3
1658,H2_seed43,0.9683871269226074,2
1659,H2_seed43,0.946570873260498,2
1660,H2_seed43,0.9641722440719604,2
1661,H2_seed43,0.9724040627479552,2
1662,H2_seed43,0.9584266543388368,2
1663,H2_seed43,0.9608631730079652,2
1664,H2_seed43,0.9585404992103576,2
1665,H2_seed43,0.951785683631897,2
1666,H2_seed43,0.9707010388374328,2
1667,H2_seed43,0.9514229893684388,2
1668,H2_seed43,0.9407520294189452,2
1669,H2_seed43,0.9190259575843812,2
1670,H2_seed43,0.936009168624878,2
1671,H2_seed43,0.92999267578125,2
1672,H2_seed43,0.9385069608688354,2
1673,H2_seed43,0.9678024053573608,2
1674,H2_seed43,0.9542263746261596,2
1675,H2_seed43,0.9349464178085328,2
1676,H2_seed43,0.9537051916122437,2
1677,H2_seed43,0.9255343675613404,2
1678,H2_seed43,0.9594670534133912,2
1679,H2_seed43,0.8726741075515747,2
1680,H2_seed43,0.9225924611091614,2
1681,H2_seed43,0.9297547340393066,2
1682,H2_seed43,0.6873449087142944,2
1683,H2_seed43,0.9113923907279968,1
1684,H2_seed43,0.8055555820465088,1
1685,H2_seed43,0.9292196035385132,1
1686,H2_seed43,0.9838056564331056,1
1687,H2_seed43,0.9766277074813844,1
1688,H2_seed43,0.9834254384040833,1
1689,H2_seed43,0.9861830472946168,1
1690,H2_seed43,0.96221661567688,1
1691,H2_seed43,0.8615384697914124,1
1692,H2_seed43,0.9635036587715148,1
1693,H2_seed43,0.973180055618286,1
1694,H2_seed43,0.9770992398262024,1
1695,H2_seed43,0.96097332239151,2
1696,H2_seed43,0.9784609079360962,2
1697,H2_seed43,0.9407382011413574,3
1698,H2_seed43,0.961589515209198,3
1699,H2_seed43,0.967994749546051,3
1700,H2_seed43,0.693427562713623,4
1701,H2_seed43,0.8190946578979492,4
1702,H2_seed43,0.9373956918716432,4
1703,H2_seed43,0.8417345881462097,5
1704,H2_seed43,0.8744147419929504,5
1705,H2_seed43,0.8140163421630859,7
1706,H2_seed43,0.8682040572166443,7
1707,H2_seed43,0.9158808588981628,7
1708,H2_seed43,0.9065013527870178,7
1709,H2_seed43,0.860430121421814,7
1710,H2_seed43,0.9040690064430236,7
1711,H2_seed43,0.8233669996261597,9
1712,H2_seed43,0.8146044611930847,9
1713,H2_seed43,0.8854226469993591,8
1714,H2_seed43,0.8628699779510498,9
1715,H2_seed43,0.8961539268493652,6
1716,H2_seed43,0.9137724041938782,6
1717,H2_seed43,0.9508970975875854,4
1718,H2_seed43,0.8487855792045593,4
1719,H2_seed43,0.9694865345954896,3
1720,H2_seed43,0.9602307677268982,3
1721,H2_seed43,0.6366751194000244,3
1722,H2_seed43,0.8767943978309631,3
1723,H2_seed43,0.9423052668571472,3
1724,H2_seed43,0.9155097007751464,3
1725,H2_seed43,0.8774878978729248,3
1726,H2_seed43,0.953835666179657,3
1727,H2_seed43,0.9120520949363708,1
1728,H2_seed43,0.9350649118423462,1
1729,H2_seed43,0.920592188835144,1
1730,H2_seed43,0.747787594795227,1
1731,H2_seed43,0.5479452013969421,1
1732,H2_seed43,0.2479166686534881,1
1733,H2_seed43,0.0851063802838325,1
1734,H2_seed43,0.3101343214511871,2
1735,H2_seed43,0.521179735660553,2
1736,H2_seed43,0.758891761302948,3
1737,H2_seed43,0.8373184204101562,3
1738,H2_seed43,0.8425934910774231,3
1739,H2_seed43,0.8563854098320007,3
1740,H2_seed43,0.8530672788619995,4
1741,H2_seed43,0.8955675363540649,4
1742,H2_seed43,0.831085205078125,5
1743,H2_seed43,0.6840285658836365,6
1744,H2_seed43,0.634705126285553,6
1745,H2_seed43,0.7587829232215881,7
1746,H2_seed43,0.8129854798316956,7
1747,H2_seed43,0.8289870023727417,7
1748,H2_seed43,0.8400230407714844,8
1749,H2_seed43,0.8452349305152893,8
1750,H2_seed43,0.809962272644043,9
1751,H2_seed43,0.7174274921417236,10
1752,H2_seed43,0.7311136722564697,10
1753,H2_seed43,0.7511877417564392,10
1754,H2_seed43,0.6920208930969238,9
1755,H2_seed43,0.6435467004776001,8
1756,H2_seed43,0.8305684328079224,5
1757,H2_seed43,0.955700695514679,3
1758,H2_seed43,0.9071655869483948,3
1759,H2_seed43,0.9360289573669434,3
1760,H2_seed43,0.93013733625412,3
1761,H2_seed43,0.8535462617874146,4
1762,H2_seed43,0.6967755556106567,4
1763,H2_seed43,0.8582284450531006,3
1764,H2_seed43,0.9149926900863647,2
1765,H2_seed43,0.9198226928710938,2
1766,H2_seed43,0.937074899673462,2
1767,H2_seed43,0.9015271663665771,2
1768,H2_seed43,0.8640350699424744,2
1769,H2_seed43,0.8085106611251831,1
1770,H2_seed43,0.8333333134651184,1
1771,H2_seed43,0.5,1
1772,H2_seed43,0.4242424368858337,1
1773,H2_seed43,0.6666666865348816,1
1774,H2_seed43,0.7200000286102295,1
1775,H2_seed43,0.782608687877655,1
1776,H2_seed43,0.625,1
1777,H2_seed43,0.2666666805744171,1
1778,H2_seed43,6.250000073038109e-09,1
1779,H2_seed43,0.5882353186607361,1
1780,H2_seed43,0.2857142984867096,1
1781,H2_seed43,0.7555555701255798,1
1782,H2_seed43,0.800000011920929,1
1783,H2_seed43,0.5789473652839661,1
1784,H2_seed43,0.761904776096344,1
1785,H2_seed43,0.5652173757553101,1
1786,H2_seed43,0.5762711763381958,1
1787,H2_seed43,0.5161290168762207,1
1788,H2_seed43,0.5,1
1789,H2_seed43,0.2307692319154739,1
1790,H2_seed43,0.260869562625885,1
1791,H2_seed43,0.2857142984867096,1
1792,H2_seed43,0.2352941185235977,1
1793,H2_seed43,0.837837815284729,1
1794,H2_seed43,0.8196721076965332,1
1795,H2_seed43,0.8214285969734192,1
1796,H2_seed43,0.5714285969734192,1
1797,H2_seed43,0.695652186870575,1
1798,H2_seed43,0.9287925958633424,1
1799,H2_seed43,0.951321303844452,1
1800,H2_seed43,0.8466818928718567,1
1801,H2_seed43,0.9187706112861632,1
1802,H2_seed43,0.9873663783073424,1
1803,H2_seed43,0.9900662302970886,1
1804,H2_seed43,0.951194167137146,1
1805,H2_seed43,0.7102803587913513,1
1806,H2_seed43,0.8870967626571655,1
1807,H2_seed43,0.9726775884628296,1
1808,H2_seed43,0.9581476449966432,2
1809,H2_seed43,0.9894177913665771,2
1810,H2_seed43,0.9658157825469972,2
1811,H2_seed43,0.962058424949646,2
1812,H2_seed43,0.7894676327705383,3
1813,H2_seed43,0.676245391368866,3
1814,H2_seed43,0.7318877577781677,4
1815,H2_seed43,0.5794489979743958,6
1816,H2_seed43,0.6330419182777405,6
1817,H2_seed43,0.7121158242225647,7
1818,H2_seed43,0.6821155548095703,7
1819,H2_seed43,0.6560810804367065,8
1820,H2_seed43,0.7019355893135071,8
1821,H2_seed43,0.6650336980819702,8
1822,H2_seed43,0.8976957201957703,8
1823,H2_seed43,0.8685882091522217,8
1824,H2_seed43,0.8699442148208618,8
1825,H2_seed43,0.7811775207519531,8
1826,H2_seed43,0.8110729455947876,8
1827,H2_seed43,0.8547328114509583,8
1828,H2_seed43,0.8278935551643372,7
1829,H2_seed43,0.801154613494873,6
1830,H2_seed43,0.9374047517776488,5
1831,H2_seed43,0.9240676164627076,5
1832,H2_seed43,0.9298667907714844,4
1833,H2_seed43,0.8259533643722534,4
1834,H2_seed43,0.830564022064209,4
1835,H2_seed43,0.9332205653190612,4
1836,H2_seed43,0.7022287249565125,4
1837,H2_seed43,0.9215303659439088,2
1838,H2_seed43,0.7149277329444885,2
1839,H2_seed43,0.9468085169792176,1
1840,H2_seed43,0.9795918464660645,1
1841,H2_seed43,0.930232584476471,1
1842,H2_seed43,0.931034505367279,1
1843,H2_seed43,0.9122806787490844,1
1844,H2_seed43,0.8952381014823914,1
1845,H2_seed43,0.7722772359848022,1
1846,H2_seed43,0.8656716346740723,1
1847,H2_seed43,0.950661838054657,1
1848,H2_seed43,0.9670525193214417,1
1849,H2_seed43,0.9649776220321656,1
1850,H2_seed43,0.977792739868164,1
1851,H2_seed43,0.9715335369110109,1
1852,H2_seed43,0.9751571416854858,1
1853,H2_seed43,0.965305507183075,1
1854,H2_seed43,0.9773585200309752,1
1855,H2_seed43,0.9763254523277284,1
1856,H2_seed43,0.9728904366493224,1
1857,H2_seed43,0.9470559358596802,1
1858,H2_seed43,0.953031599521637,1
1859,H2_seed43,0.8291746377944946,1
1860,H2_seed43,0.8852459192276001,1
1861,H2_seed43,0.9651162624359132,1
1862,H2_seed43,0.9727891087532043,1
1863,H2_seed43,0.9674185514450072,1
1864,H2_seed43,0.9743589758872986,1
1865,H2_seed43,0.9824561476707458,1
1866,H2_seed43,0.7189655303955078,2
1867,H2_seed43,0.8492729067802429,3
1868,H2_seed43,0.9303531646728516,3
1869,H2_seed43,0.9122994542121888,3
1870,H2_seed43,0.903137981891632,3
1871,H2_seed43,0.7776938080787659,4
1872,H2_seed43,0.8591381907463074,5
1873,H2_seed43,0.9280945062637328,5
1874,H2_seed43,0.9357754588127136,5
1875,H2_seed43,0.92713725566864,5
1876,H2_seed43,0.9205074310302734,5
1877,H2_seed43,0.91743803024292,5
1878,H2_seed43,0.929452121257782,5
1879,H2_seed43,0.9167534708976746,7
1880,H2_seed43,0.9154375791549684,7
1881,H2_seed43,0.8493137359619141,9
1882,H2_seed43,0.8510211706161499,10
1883,H2_seed43,0.8086513876914978,9
1884,H2_seed43,0.8681760430335999,9
1885,H2_seed43,0.8524661660194397,9
1886,H2_seed43,0.8956674933433533,9
1887,H2_seed43,0.8797373175621033,9
1888,H2_seed43,0.8541553020477295,8
1889,H2_seed43,0.8621658682823181,6
1890,H2_seed43,0.928152084350586,4
1891,H2_seed43,0.9590883255004884,3
1892,H2_seed43,0.9700435996055604,3
1893,H2_seed43,0.9709777235984802,3
1894,H2_seed43,0.9678246974945068,3
1895,H2_seed43,0.909387230873108,4
1896,H2_seed43,0.9200754165649414,4
1897,H2_seed43,0.8905377984046936,4
1898,H2_seed43,0.945868968963623,3
1899,H2_seed43,0.9278488755226136,3
1900,H2_seed43,0.942052960395813,2
1901,H2_seed43,0.891566276550293,1
1902,H2_seed43,0.8571428656578064,1
1903,H2_seed43,0.7037037014961243,1
1904,H2_seed43,0.739130437374115,1
1905,H2_seed43,0.8333333134651184,1
1906,H2_seed43,0.8571428656578064,1
1907,H2_seed43,0.7777777910232544,1
1908,H2_seed43,0.5833333134651184,1
1909,H2_seed43,0.7450980544090271,1
1910,H2_seed43,0.7142857313156128,1
1911,H2_seed43,0.5365853905677795,1
1912,H2_seed43,0.6428571343421936,1
1913,H2_seed43,0.6575342416763306,1
1914,H2_seed43,0.529411792755127,1
1915,H2_seed43,0.7297297120094299,1
1916,H2_seed43,0.7777777910232544,1
1917,H2_seed43,0.7924528121948242,1
1918,H2_seed43,0.7555555701255798,1
1919,H2_seed43,0.7307692170143127,1
1920,H2_seed43,0.8363636136054993,1
1921,H2_seed43,0.8235294222831726,1
1922,H2_seed43,0.7352941036224365,1
1923,H2_seed43,0.8823529481887817,1
1924,H2_seed43,0.8307692408561707,1
1925,H2_seed43,0.8679245114326477,1
1926,H2_seed43,0.7894737124443054,1
1927,H2_seed43,0.9268292784690856,1
1928,H2_seed43,0.8399999737739563,1
1929,H2_seed43,0.7857142686843872,1
1930,H2_seed43,0.8333333134651184,1
1931,H2_seed43,0.6792452931404114,1
1932,H2_seed43,0.8571428656578064,1
1933,H2_seed43,0.7857142686843872,1
1934,H2_seed43,0.92592591047287,1
1935,H2_seed43,0.7659574747085571,1
1936,H2_seed43,0.8457711338996887,1
1937,H2_seed43,0.8826406002044678,1
1938,H2_seed43,0.8343125581741333,1
1939,H2_seed43,0.896781325340271,1
1940,H2_seed43,0.8948717713356018,1
1941,H2_seed43,0.6861598491668701,1
1942,H2_seed43,0.6245059370994568,1
1943,H2_seed43,0.8476357460021973,1
1944,H2_seed43,0.9388753175735474,1
1945,H2_seed43,0.9534883499145508,1
1946,H2_seed43,0.4401019513607025,2
1947,H2_seed43,0.3798076808452606,2
1948,H2_seed43,0.6649755239486694,2
1949,H2_seed43,0.6083648800849915,3
1950,H2_seed43,0.6304290294647217,4
1951,H2_seed43,0.4827063977718353,5
1952,H2_seed43,0.6092255711555481,6
1953,H2_seed43,0.6598544120788574,6
1954,H2_seed43,0.7477803826332092,6
1955,H2_seed43,0.7279232144355774,7
1956,H2_seed43,0.7355666756629944,7
1957,H2_seed43,0.7668718099594116,7
1958,H2_seed43,0.7262570261955261,7
1959,H2_seed43,0.6790671944618225,7
1960,H2_seed43,0.6996821165084839,8
1961,H2_seed43,0.7153186798095703,8
1962,H2_seed43,0.8485283851623535,8
1963,H2_seed43,0.9076780676841736,6
1964,H2_seed43,0.9259617924690248,6
1965,H2_seed43,0.9496345520019532,5
1966,H2_seed43,0.951416790485382,5
1967,H2_seed43,0.9133157134056092,6
1968,H2_seed43,0.942458152770996,6
1969,H2_seed43,0.942559003829956,6
1970,H2_seed43,0.9236941933631896,6
1971,H2_seed43,0.9400689601898192,6
1972,H2_seed43,0.930978775024414,5
1973,H2_seed43,0.8585104942321777,5
1974,H2_seed43,0.8975664973258972,5
1975,H2_seed43,0.8830059170722961,5
1976,H2_seed43,0.8374896049499512,4
1977,H2_seed43,0.751667320728302,3
1978,H2_seed43,0.8840923309326172,2
1979,H2_seed43,0.854964554309845,2
1980,H2_seed43,0.8158309459686279,2
1981,H2_seed43,0.739366352558136,2
1982,H2_seed43,0.5470899939537048,2
1983,H2_seed43,0.9060901403427124,2
1984,H2_seed43,0.8659753799438477,2
1985,H2_seed43,0.7689324617385864,2
1986,H2_seed43,0.8918918967247009,1
1987,H2_seed43,0.8108108043670654,1
1988,H2_seed43,0.7640449404716492,1
1989,H2_seed43,0.6595744490623474,1
1990,H2_seed43,0.6666666865348816,1
1991,H2_seed43,0.7835051417350769,1
1992,H2_seed43,0.6551724076271057,1
1993,H2_seed43,0.5777778029441833,1
1994,H2_seed43,0.9142857193946838,1
1995,H2_seed43,0.9544950127601624,1
1996,H2_seed43,0.9352112412452698,1
1997,H2_seed43,0.9496248364448548,1
1998,H2_seed43,0.7536545991897583,1
1999,H2_seed43,0.1474164128303527,1
2000,H2_seed43,0.1785016357898712,1
2001,H2_seed43,0.1762065142393112,1
2002,H2_seed43,0.1521472334861755,1
2003,H2_seed43,0.0883233547210693,1
2004,H2_seed43,1.3157894218629449e-10,1
2005,H2_seed43,0.3829787373542785,1
2006,H2_seed43,0.6612244844436646,1
2007,H2_seed43,0.5811623334884644,1
2008,H2_seed43,0.5371713638305664,2
2009,H2_seed43,0.679216206073761,3
2010,H2_seed43,0.7945592999458313,3
2011,H2_seed43,0.7623220682144165,4
2012,H2_seed43,0.7991949319839478,4
2013,H2_seed43,0.7771806120872498,4
2014,H2_seed43,0.5647495985031128,5
2015,H2_seed43,0.4684485197067261,6
2016,H2_seed43,0.5644207000732422,6
2017,H2_seed43,0.6451098322868347,6
2018,H2_seed43,0.6168822646141052,6
2019,H2_seed43,0.7027792930603027,6
2020,H2_seed43,0.7637224793434143,6
2021,H2_seed43,0.6250259280204773,6
2022,H2_seed43,0.7471470832824707,6
2023,H2_seed43,0.7224175930023193,5
2024,H2_seed43,0.6612507700920105,6
2025,H2_seed43,0.8367067575454712,5
2026,H2_seed43,0.8456823229789734,5
2027,H2_seed43,0.8962663412094116,5
2028,H2_seed43,0.681018054485321,7
2029,H2_seed43,0.6359333992004395,7
2030,H2_seed43,0.7281084656715393,6
2031,H2_seed43,0.8080293536186218,5
2032,H2_seed43,0.6553059816360474,4
2033,H2_seed43,0.8886780738830566,3
2034,H2_seed43,0.8527215123176575,3
2035,H2_seed43,0.8087854981422424,3
2036,H2_seed43,0.8555794358253479,3
2037,H2_seed43,0.724229633808136,4
2038,H2_seed43,0.7704289555549622,3
2039,H2_seed43,0.7160484790802002,2
2040,H2_seed43,0.8877089023590088,2
2041,H2_seed43,0.8823529481887817,1
2042,H2_seed43,0.920634925365448,1
2043,H2_seed43,0.7352941036224365,1
2044,H2_seed43,0.8571428656578064,1
2045,H2_seed43,0.9752851724624634,1
2046,H2_seed43,0.9487622380256652,1
2047,H2_seed43,0.9660044312477112,1
2048,H2_seed43,0.9743589758872986,1
2049,H2_seed43,0.9651581645011902,1
2050,H2_seed43,0.9659751057624816,1
2051,H2_seed43,0.9551374912261964,1
2052,H2_seed43,0.9503546357154846,1
2053,H2_seed43,0.9139072895050048,1
2054,H2_seed43,0.9112426042556764,1
2055,H2_seed43,0.9613780975341796,2
2056,H2_seed43,0.9513120651245116,2
2057,H2_seed43,0.9752746820449828,2
2058,H2_seed43,0.9794600009918212,2
2059,H2_seed43,0.9735062122344972,2
2060,H2_seed43,0.9676399230957032,2
2061,H2_seed43,0.9075819849967957,3
2062,H2_seed43,0.8862180709838867,3
2063,H2_seed43,0.89432692527771,3
2064,H2_seed43,0.9084686636924744,4
2065,H2_seed43,0.8715818524360657,5
2066,H2_seed43,0.931538224220276,5
2067,H2_seed43,0.8941787481307983,5
2068,H2_seed43,0.92703378200531,5
2069,H2_seed43,0.9197757840156556,5
2070,H2_seed43,0.9100863337516784,5
2071,H2_seed43,0.9421931505203248,5
2072,H2_seed43,0.9063431024551392,7
2073,H2_seed43,0.8968440294265747,7
2074,H2_seed43,0.8942925930023193,8
2075,H2_seed43,0.8249293565750122,7
2076,H2_seed43,0.7811787128448486,8
2077,H2_seed43,0.8395342826843262,7
2078,H2_seed43,0.8812111616134644,7
2079,H2_seed43,0.813232421875,7
2080,H2_seed43,0.6795627474784851,6
2081,H2_seed43,0.9136090278625488,4
2082,H2_seed43,0.9485359191894532,3
2083,H2_seed43,0.9622532725334167,3
2084,H2_seed43,0.9643990993499756,3
2085,H2_seed43,0.8605492115020752,4
2086,H2_seed43,0.897443950176239,4
2087,H2_seed43,0.9382967948913574,3
2088,H2_seed43,0.9221806526184082,3
2089,H2_seed43,0.8706071972846985,3
2090,H2_seed43,0.8475231528282166,3
2091,H2_seed43,0.8474531173706055,2
2092,H2_seed43,0.8884531259536743,2
2093,H2_seed43,0.6760765314102173,2
2094,H2_seed43,0.8732394576072693,1
2095,H2_seed43,0.8051947951316833,1
2096,H2_seed43,0.7076923251152039,1
2097,H2_seed43,0.8823529481887817,1
2098,H2_seed43,0.9411764740943908,1
2099,H2_seed43,0.8253968358039856,1
2100,H2_seed43,0.800000011920929,1
2101,H2_seed43,0.8571428656578064,1
2102,H2_seed43,0.7213114500045776,1
2103,H2_seed43,0.7241379022598267,1
2104,H2_seed43,0.7200000286102295,1
2105,H2_seed43,0.7346938848495483,1
2106,H2_seed43,0.6666666865348816,1
2107,H2_seed43,0.6376811861991882,1
2108,H2_seed43,0.7384615540504456,1
2109,H2_seed43,0.7536231875419617,1
2110,H2_seed43,0.6764705777168274,1
2111,H2_seed43,0.746268630027771,1
2112,H2_seed43,0.6753246784210205,1
2113,H2_seed43,0.6578947305679321,1
2114,H2_seed43,0.4561403393745422,1
2115,H2_seed43,0.6774193644523621,1
2116,H2_seed43,0.6333333253860474,1
2117,H2_seed43,0.746268630027771,1
2118,H2_seed43,0.6071428656578064,1
2119,H2_seed43,0.6800000071525574,1
2120,H2_seed43,0.8214285969734192,1
2121,H2_seed43,0.4250000119209289,1
2122,H2_seed43,0.4545454680919647,1
2123,H2_seed43,0.7843137383460999,1
2124,H2_seed43,0.875,1
2125,H2_seed43,0.7916666865348816,1
2126,H2_seed43,0.7441860437393188,1
2127,H2_seed43,0.8070175647735596,1
2128,H2_seed43,0.6666666865348816,1
2129,H2_seed43,0.800000011920929,1
2130,H2_seed43,0.6666666865348816,1
2131,H2_seed43,0.7843137383460999,1
2132,H2_seed43,0.7457627058029175,1
2133,H2_seed43,0.8888888955116272,1
2134,H2_seed43,0.9285714030265808,1
2135,H2_seed43,0.7599999904632568,1
2136,H2_seed43,0.7777777910232544,1
2137,H2_seed43,0.746268630027771,1
2138,H2_seed43,0.9375,1
2139,H2_seed43,0.9454545378684998,1
2140,H2_seed43,0.9836829900741576,1
2141,H2_seed43,0.9718004465103148,1
2142,H2_seed43,0.9659773111343384,1
2143,H2_seed43,0.9785447716712952,1
2144,H2_seed43,0.989698588848114,1
2145,H2_seed43,0.991847813129425,1
2146,H2_seed43,0.9891995191574096,1
2147,H2_seed43,0.9885641932487488,1
2148,H2_seed43,0.9923866391181946,1
2149,H2_seed43,0.9869090914726256,1
2150,H2_seed43,0.9872585535049438,1
2151,H2_seed43,0.9890424013137816,1
2152,H2_seed43,0.989534854888916,1
2153,H2_seed43,0.9863842725753784,1
2154,H2_seed43,0.9049504995346068,1
2155,H2_seed43,0.92008638381958,1
2156,H2_seed43,0.9732142686843872,1
2157,H2_seed43,0.7525103688240051,3
2158,H2_seed43,0.8473088145256042,3
2159,H2_seed43,0.8667871356010437,3
2160,H2_seed43,0.8723419904708862,4
2161,H2_seed43,0.7514927983283997,5
2162,H2_seed43,0.7821231484413147,5
2163,H2_seed43,0.8721650242805481,5
2164,H2_seed43,0.8882506489753723,5
2165,H2_seed43,0.8117761611938477,6
2166,H2_seed43,0.9447961449623108,6
2167,H2_seed43,0.92018461227417,7
2168,H2_seed43,0.8873266577720642,7
2169,H2_seed43,0.9536412358283995,7
2170,H2_seed43,0.960168182849884,7
2171,H2_seed43,0.9701411128044128,7
2172,H2_seed43,0.9631966948509216,7
2173,H2_seed43,0.928866982460022,8
2174,H2_seed43,0.9432200193405152,8
2175,H2_seed43,0.90849369764328,10
2176,H2_seed43,0.913425624370575,10
2177,H2_seed43,0.90887850522995,10
2178,H2_seed43,0.9012317657470704,10
2179,H2_seed43,0.8662447929382324,8
2180,H2_seed43,0.8966595530509949,7
2181,H2_seed43,0.8302680850028992,7
2182,H2_seed43,0.878069281578064,5
2183,H2_seed43,0.9099798202514648,5
2184,H2_seed43,0.975580632686615,3
2185,H2_seed43,0.9732869267463684,3
2186,H2_seed43,0.9671702980995178,3
2187,H2_seed43,0.9521520137786864,3
2188,H2_seed43,0.960747003555298,4
2189,H2_seed43,0.9507626295089722,4
2190,H2_seed43,0.9691035151481628,3
2191,H2_seed43,0.9516251683235168,3
2192,H2_seed43,0.8841373324394226,3
2193,H2_seed43,0.9442898035049438,2
2194,H2_seed43,0.9722909927368164,2
2195,H2_seed43,0.9554985165596008,2
2196,H2_seed43,0.9479386806488036,2
2197,H2_seed43,0.9148421883583068,2
2198,H2_seed43,0.9006669521331787,2
2199,H2_seed43,0.8550283908843994,2
2200,H2_seed43,0.807692289352417,1
2201,H2_seed43,0.7727272510528564,1
2202,H2_seed43,0.800000011920929,1
2203,H2_seed43,0.9090909361839294,1
2204,H2_seed43,0.800000011920929,1
2205,H2_seed43,0.7659574747085571,1
2206,H2_seed43,0.8301886916160583,1
2207,H2_seed43,0.8181818127632141,1
2208,H2_seed43,0.7848101258277893,1
2209,H2_seed43,0.7222222089767456,1
2210,H2_seed43,0.6428571343421936,1
2211,H2_seed43,0.7142857313156128,1
2212,H2_seed43,0.7037037014961243,1
2213,H2_seed43,0.4705882370471954,1
2214,H2_seed43,0.6268656849861145,1
2215,H2_seed43,0.7647058963775635,1
2216,H2_seed43,0.8571428656578064,1
2217,H2_seed43,0.9253731369972228,1
2218,H2_seed43,0.75,1
2219,H2_seed43,0.8196721076965332,1
2220,H2_seed43,0.8461538553237915,1
2221,H2_seed43,0.8135592937469482,1
2222,H2_seed43,0.8656716346740723,1
2223,H2_seed43,0.9014084339141846,1
2224,H2_seed43,0.89552241563797,1
2225,H2_seed43,0.8615384697914124,1
2226,H2_seed43,0.6551724076271057,1
2227,H2_seed43,0.9428571462631226,1
2228,H2_seed43,0.9166666865348816,1
2229,H2_seed43,0.8615384697914124,1
2230,H2_seed43,0.7777777910232544,1
2231,H2_seed43,0.8148148059844971,1
2232,H2_seed43,0.9367088675498962,1
2233,H2_seed43,0.8333333134651184,1
2234,H2_seed43,0.1635220199823379,1
2235,H2_seed43,0.2292817682027816,1
2236,H2_seed43,0.9173989295959472,1
2237,H2_seed43,0.9463120698928832,1
2238,H2_seed43,0.9482455849647522,1
2239,H2_seed43,0.9273504018783568,1
2240,H2_seed43,0.7795698642730713,1
2241,H2_seed43,0.644859790802002,1
2242,H2_seed43,0.2777777910232544,1
2243,H2_seed43,0.8558139801025391,1
2244,H2_seed43,0.9090909361839294,1
2245,H2_seed43,0.911764681339264,1
2246,H2_seed43,0.9470899701118468,1
2247,H2_seed43,0.693473219871521,2
2248,H2_seed43,0.4492734670639038,2
2249,H2_seed43,0.4533222615718841,2
2250,H2_seed43,0.6720386743545532,2
2251,H2_seed43,0.5924410820007324,3
2252,H2_seed43,0.6008539199829102,3
2253,H2_seed43,0.6473106741905212,3
2254,H2_seed43,0.6137543320655823,3
2255,H2_seed43,0.643230140209198,3
2256,H2_seed43,0.7372140884399414,3
2257,H2_seed43,0.8667556047439575,4
2258,H2_seed43,0.916838526725769,5
2259,H2_seed43,0.9150192141532898,5
2260,H2_seed43,0.8692984580993652,5
2261,H2_seed43,0.8410519361495972,5
2262,H2_seed43,0.8665799498558044,6
2263,H2_seed43,0.7070345878601074,6
2264,H2_seed43,0.756528377532959,6
2265,H2_seed43,0.9038963317871094,6
2266,H2_seed43,0.8010429739952087,7
2267,H2_seed43,0.6962681412696838,7
2268,H2_seed43,0.825241208076477,7
2269,H2_seed43,0.8908219337463379,7
2270,H2_seed43,0.8760725259780884,8
2271,H2_seed43,0.821084201335907,8
2272,H2_seed43,0.7908082604408264,9
2273,H2_seed43,0.7300205230712891,7
2274,H2_seed43,0.6091852188110352,7
2275,H2_seed43,0.9123679995536804,5
2276,H2_seed43,0.8904095888137817,5
2277,H2_seed43,0.8843010067939758,5
2278,H2_seed43,0.9066193103790284,4
2279,H2_seed43,0.8616383075714111,4
2280,H2_seed43,0.861504077911377,4
2281,H2_seed43,0.970513641834259,3
2282,H2_seed43,0.9450779557228088,3
2283,H2_seed43,0.941778838634491,3
2284,H2_seed43,0.8900269269943237,4
2285,H2_seed43,0.9440816640853882,4
2286,H2_seed43,0.9491248726844788,4
2287,H2_seed43,0.9373085498809814,4
2288,H2_seed43,0.934000551700592,4
2289,H2_seed43,0.9139746427536012,4
2290,H2_seed43,0.8420912027359009,2
2291,H2_seed43,0.8293377161026001,2
2292,H2_seed43,0.800000011920929,1
2293,H2_seed43,0.800000011920929,1
2294,H2_seed43,0.9268292784690856,1
2295,H2_seed43,0.7848101258277893,1
2296,H2_seed43,0.8275862336158752,1
2297,H2_seed43,0.75,1
2298,H2_seed43,0.75,1
2299,H2_seed43,0.7272727489471436,1
2300,H2_seed43,0.6962025165557861,1
2301,H2_seed43,0.7951807379722595,1
2302,H2_seed43,0.94957435131073,1
2303,H2_seed43,0.9345579743385316,1
2304,H2_seed43,0.9642032384872437,1
2305,H2_seed43,0.9797979593276978,1
2306,H2_seed43,0.9796395897865297,1
2307,H2_seed43,0.9785070419311525,1
2308,H2_seed43,0.9724041223526,1
2309,H2_seed43,0.9348155856132508,1
2310,H2_seed43,0.9634187817573548,1
2311,H2_seed43,0.968470573425293,1
2312,H2_seed43,0.7608069181442261,1
2313,H2_seed43,0.5826771855354309,1
2314,H2_seed43,0.923523724079132,1
2315,H2_seed43,0.6303989887237549,3
2316,H2_seed43,0.8056210875511169,3
2317,H2_seed43,0.893274188041687,4
2318,H2_seed43,0.7429124116897583,5
2319,H2_seed43,0.8753023147583008,5
2320,H2_seed43,0.9245203733444214,5
2321,H2_seed43,0.8980075716972351,6
2322,H2_seed43,0.7843414545059204,7
2323,H2_seed43,0.8475631475448608,7
2324,H2_seed43,0.8772746920585632,7
2325,H2_seed43,0.8671042323112488,7
2326,H2_seed43,0.769726037979126,8
2327,H2_seed43,0.8462812900543213,8
2328,H2_seed43,0.8836076855659485,8
2329,H2_seed43,0.9067436456680298,8
2330,H2_seed43,0.8866653442382812,8
2331,H2_seed43,0.9058939814567566,8
2332,H2_seed43,0.8455291986465454,10
2333,H2_seed43,0.8410453796386719,10
2334,H2_seed43,0.8342058658599854,9
2335,H2_seed43,0.7970026135444641,8
2336,H2_seed43,0.8952209949493408,6
2337,H2_seed43,0.8431269526481628,6
2338,H2_seed43,0.613580048084259,5
2339,H2_seed43,0.9709401726722716,3
2340,H2_seed43,0.949746549129486,3
2341,H2_seed43,0.9559479355812072,3
2342,H2_seed43,0.903708279132843,3
2343,H2_seed43,0.8871675729751587,4
2344,H2_seed43,0.8175375461578369,3
2345,H2_seed43,0.9478855729103088,2
2346,H2_seed43,0.9018218517303468,2
2347,H2_seed43,0.8636451959609985,2
2348,H2_seed43,0.506801962852478,2
2349,H2_seed43,0.8613138794898987,1
2350,H2_seed43,0.8387096524238586,1
2351,H2_seed43,0.9541284441947936,1
2352,H2_seed43,0.8817204236984253,1
2353,H2_seed43,0.921052634716034,1
2354,H2_seed43,0.9610389471054076,1
2355,H2_seed43,0.8860759735107422,1
2356,H2_seed43,0.8055555820465088,1
2357,H2_seed43,0.8253968358039856,1
2358,H2_seed43,0.800000011920929,1
2359,H2_seed43,0.800000011920929,1
2360,H2_seed43,0.7727272510528564,1
2361,H2_seed43,0.7111111283302307,1
2362,H2_seed43,0.5909090638160706,1
2363,H2_seed43,0.6938775777816772,1
2364,H2_seed43,0.7719298005104065,1
2365,H2_seed43,0.6461538672447205,1
2366,H2_seed43,0.6486486196517944,1
2367,H2_seed43,0.7045454382896423,1
2368,H2_seed43,0.8571428656578064,1
2369,H2_seed43,0.849056601524353,1
2370,H2_seed43,0.8809523582458496,1
2371,H2_seed43,0.8421052694320679,1
2372,H2_seed43,0.8484848737716675,1
2373,H2_seed43,0.8169013857841492,1
2374,H2_seed43,0.7719298005104065,1
2375,H2_seed43,0.8813559412956238,1
2376,H2_seed43,0.800000011920929,1
2377,H2_seed43,0.8727272748947144,1
2378,H2_seed43,0.9180327653884888,1
2379,H2_seed43,0.9473684430122375,1
2380,H2_seed43,0.9382715821266174,1
2381,H2_seed43,0.891566276550293,1
2382,H2_seed43,0.9024389982223512,1
2383,H2_seed43,0.8831169009208679,1
2384,H2_seed43,0.8607594966888428,1
2385,H2_seed43,0.8461538553237915,1
2386,H2_seed43,0.7887324094772339,1
2387,H2_seed43,0.8604651093482971,1
2388,H2_seed43,0.8139534592628479,1
2389,H2_seed43,0.6511628031730652,1
2390,H2_seed43,0.6486486196517944,1
2391,H2_seed43,0.8666666746139526,1
2392,H2_seed43,0.7936508059501648,1
2393,H2_seed43,0.8888888955116272,1
2394,H2_seed43,0.7325581312179565,1
2395,H2_seed43,0.9552238583564758,1
2396,H2_seed43,0.9604578614234924,1
2397,H2_seed43,0.979351043701172,1
2398,H2_seed43,0.9836065769195556,1
2399,H2_seed43,0.9798974990844728,1
2400,H2_seed43,0.9863760471343994,1
2401,H2_seed43,0.8944923877716064,1
2402,H2_seed43,0.6345732808113098,1
2403,H2_seed43,0.5384615659713745,1
2404,H2_seed43,0.9815602898597716,1
2405,H2_seed43,0.9816360473632812,1
2406,H2_seed43,0.6562458276748657,2
2407,H2_seed43,0.8526143431663513,3
2408,H2_seed43,0.928015410900116,4
2409,H2_seed43,0.8971118927001953,4
2410,H2_seed43,0.9169270992279052,4
2411,H2_seed43,0.7612495422363281,6
2412,H2_seed43,0.9180505871772766,6
2413,H2_seed43,0.939495086669922,6
2414,H2_seed43,0.9372064471244812,7
2415,H2_seed43,0.9093632698059082,7
2416,H2_seed43,0.929529309272766,7
2417,H2_seed43,0.928315043449402,7
2418,H2_seed43,0.9427346587181092,7
2419,H2_seed43,0.9095209240913392,7
2420,H2_seed43,0.7905575633049011,7
2421,H2_seed43,0.7837133407592773,7
2422,H2_seed43,0.7308374047279358,7
2423,H2_seed43,0.7947402000427246,6
2424,H2_seed43,0.9447627067565918,5
2425,H2_seed43,0.9273945093154908,5
2426,H2_seed43,0.8993226289749146,7
2427,H2_seed43,0.938054084777832,7
2428,H2_seed43,0.9495280981063844,8
2429,H2_seed43,0.9331863522529602,8
2430,H2_seed43,0.9182630777359008,7
2431,H2_seed43,0.859226644039154,7
2432,H2_seed43,0.8971582055091858,7
2433,H2_seed43,0.8143042325973511,7
2434,H2_seed43,0.8546445965766907,6
2435,H2_seed43,0.8495426177978516,5
2436,H2_seed43,0.8691350221633911,5
2437,H2_seed43,0.8073859214782715,4
2438,H2_seed43,0.9161154627799988,4
2439,H2_seed43,0.9038498401641846,4
2440,H2_seed43,0.9220501780509948,4
2441,H2_seed43,0.9303767681121826,4
2442,H2_seed43,0.9590678811073304,4
2443,H2_seed43,0.948315978050232,4
2444,H2_seed43,0.940169095993042,2
2445,H2_seed43,0.952529788017273,2
2446,H2_seed43,0.893837571144104,2
2447,H2_seed43,0.8941165208816528,2
2448,H2_seed43,0.8489208817481995,1
2449,H2_seed43,0.8732394576072693,1
2450,H2_seed43,0.7643312215805054,1
2451,H2_seed43,0.7518796920776367,1
2452,H2_seed43,0.7200000286102295,1
2453,H2_seed43,0.6933333277702332,1
2454,H2_seed43,0.6557376980781555,1
2455,H2_seed43,0.6666666865348816,1
2456,H2_seed43,0.7792207598686218,1
2457,H2_seed43,0.790123462677002,1
2458,H2_seed43,0.5977011322975159,1
2459,H2_seed43,0.60550457239151,1
2460,H2_seed43,0.4878048896789551,1
2461,H2_seed43,0.4177215099334717,1
2462,H2_seed43,0.4183006584644317,1
2463,H2_seed43,0.6627218723297119,1
2464,H2_seed43,0.6329113841056824,1
2465,H2_seed43,0.739130437374115,1
2466,H2_seed43,0.7948718070983887,1
2467,H2_seed43,0.8536585569381714,1
2468,H2_seed43,0.8148148059844971,1
2469,H2_seed43,0.800000011920929,1
2470,H2_seed43,0.8775510191917419,1
2471,H2_seed43,0.900900900363922,1
2472,H2_seed43,0.7368420958518982,1
2473,H2_seed43,0.8037382960319519,1
2474,H2_seed43,0.7884615659713745,1
2475,H2_seed43,0.7090908885002136,1
2476,H2_seed43,0.8514851331710815,1
2477,H2_seed43,0.7722772359848022,1
2478,H2_seed43,0.7338129281997681,1
2479,H2_seed43,0.8888888955116272,1
2480,H2_seed43,0.8387096524238586,1
2481,H2_seed43,0.7284768223762512,1
2482,H2_seed43,0.7346938848495483,1
2483,H2_seed43,0.934426248073578,1
2484,H2_seed43,0.9253731369972228,1
2485,H2_seed43,0.75,1
2486,H2_seed43,0.9182879328727722,1
2487,H2_seed43,0.9285714030265808,1
2488,H2_seed43,0.9642654657363892,1
2489,H2_seed43,0.9804482460021972,1
2490,H2_seed43,0.98142272233963,1
2491,H2_seed43,0.9826697707176208,1
2492,H2_seed43,0.9781615138053894,1
2493,H2_seed43,0.9528735876083374,1
2494,H2_seed43,0.9059288501739502,1
2495,H2_seed43,0.8896321058273315,1
2496,H2_seed43,1.7543859698321283e-09,1
2497,H2_seed43,0.4424778819084167,1
2498,H2_seed43,0.6495726704597473,1
2499,H2_seed43,2.079889815931324e-09,2
2500,H2_seed43,0.0263970606029033,2
2501,H2_seed43,0.3318085968494415,3
2502,H2_seed43,0.3403266966342926,3
2503,H2_seed43,0.3296556174755096,3
2504,H2_seed43,0.3962256014347076,3
2505,H2_seed43,0.5148829221725464,4
2506,H2_seed43,0.5757288932800293,4
2507,H2_seed43,0.6244372725486755,4
2508,H2_seed43,0.514755368232727,5
2509,H2_seed43,0.5079888105392456,5
2510,H2_seed43,0.5524882078170776,5
2511,H2_seed43,0.6525903940200806,5
2512,H2_seed43,0.6157684922218323,5
2513,H2_seed43,0.5285818576812744,6
2514,H2_seed43,0.5139161944389343,6
2515,H2_seed43,0.7000468373298645,6
2516,H2_seed43,0.6645360589027405,7
2517,H2_seed43,0.5457859635353088,7
2518,H2_seed43,0.5868738293647766,7
2519,H2_seed43,0.6510621905326843,7
2520,H2_seed43,0.4797635078430176,7
2521,H2_seed43,0.5689629912376404,7
2522,H2_seed43,0.6690781712532043,7
2523,H2_seed43,0.745202898979187,7
2524,H2_seed43,0.6997889280319214,7
2525,H2_seed43,0.7995376586914062,7
2526,H2_seed43,0.7425782084465027,6
2527,H2_seed43,0.9153153896331788,4
2528,H2_seed43,0.9636572003364564,3
2529,H2_seed43,0.8986581563949585,4
2530,H2_seed43,0.9221186637878418,4
2531,H2_seed43,0.9053070545196532,4
2532,H2_seed43,0.9076877236366272,4
2533,H2_seed43,0.7006864547729492,4
2534,H2_seed43,0.6906211972236633,4
2535,H2_seed43,0.6198961138725281,3
2536,H2_seed43,0.930306911468506,2
2537,H2_seed43,0.8761531114578247,2
2538,H2_seed43,0.9625383019447328,2
2539,H2_seed43,0.9060643911361694,2
2540,H2_seed43,0.8372578620910645,2
2541,H2_seed43,0.706182062625885,2
2542,H2_seed43,0.6341463327407837,1
2543,H2_seed43,0.6976743936538696,1
2544,H2_seed43,0.8484848737716675,1
2545,H2_seed43,0.3333333432674408,1
2546,H2_seed43,0.6399999856948853,1
2547,H2_seed43,0.9173789024353028,1
2548,H2_seed43,0.9758453965187072,1
2549,H2_seed43,0.9703476428985596,1
2550,H2_seed43,0.9474899172782898,1
2551,H2_seed43,0.801536500453949,1
2552,H2_seed43,0.340080976486206,1
2553,H2_seed43,0.8780487775802612,1
2554,H2_seed43,0.9505494236946106,1
2555,H2_seed43,0.4726631343364715,2
2556,H2_seed43,0.3534566760063171,2
2557,H2_seed43,0.321697473526001,3
2558,H2_seed43,0.5488460659980774,5
2559,H2_seed43,0.6404705047607422,5
2560,H2_seed43,0.7408599257469177,5
2561,H2_seed43,0.8156757950782776,7
2562,H2_seed43,0.8699389696121216,7
2563,H2_seed43,0.8300379514694214,7
2564,H2_seed43,0.8624280691146851,7
2565,H2_seed43,0.8512393832206726,7
2566,H2_seed43,0.8558297157287598,8
2567,H2_seed43,0.8522287607192993,8
2568,H2_seed43,0.8811268210411072,8
2569,H2_seed43,0.8263278007507324,8
2570,H2_seed43,0.8202295303344727,8
2571,H2_seed43,0.7713253498077393,8
2572,H2_seed43,0.8950322270393372,6
2573,H2_seed43,0.9271590113639832,6
2574,H2_seed43,0.9364993572235109,6
2575,H2_seed43,0.8831099271774292,8
2576,H2_seed43,0.8451012372970581,7
2577,H2_seed43,0.8758015036582947,6
2578,H2_seed43,0.8416849970817566,5
2579,H2_seed43,0.8389984965324402,5
2580,H2_seed43,0.9403605461120604,3
2581,H2_seed43,0.9508118629455566,3
2582,H2_seed43,0.8833810687065125,3
2583,H2_seed43,0.8578093647956848,3
2584,H2_seed43,0.5683039426803589,2
2585,H2_seed43,0.8562395572662354,2
2586,H2_seed43,0.919902205467224,2
2587,H2_seed43,0.9060883522033693,2
2588,H2_seed43,0.7553763389587402,2
2589,H2_seed43,0.5432615876197815,2
2590,H2_seed43,0.9292929172515868,1
2591,H2_seed43,0.9189189076423644,1
2592,H2_seed43,0.9438202381134032,1
2593,H2_seed43,0.5853658318519592,1
2594,H2_seed43,0.8768116235733032,1
2595,H2_seed43,0.9286659359931946,2
2596,H2_seed43,0.7247357368469238,3
2597,H2_seed43,0.8300697803497314,3
2598,H2_seed43,0.7951014637947083,3
2599,H2_seed43,0.6792226433753967,4
2600,H2_seed43,0.71017986536026,5
2601,H2_seed43,0.7668976783752441,6
2602,H2_seed43,0.7013925909996033,6
2603,H2_seed43,0.7577734589576721,6
2604,H2_seed43,0.755480945110321,6
2605,H2_seed43,0.7657138705253601,6
2606,H2_seed43,0.8640634417533875,6
2607,H2_seed43,0.7493143081665039,8
2608,H2_seed43,0.7238770127296448,8
2609,H2_seed43,0.7592926621437073,8
2610,H2_seed43,0.721977949142456,8
2611,H2_seed43,0.8124321103096008,8
2612,H2_seed43,0.7897599339485168,9
2613,H2_seed43,0.8071153163909912,8
2614,H2_seed43,0.8293517827987671,8
2615,H2_seed43,0.8620980381965637,6
2616,H2_seed43,0.7863451242446899,5
2617,H2_seed43,0.5572594404220581,5
2618,H2_seed43,0.9249405264854432,3
2619,H2_seed43,0.8771544098854065,3
2620,H2_seed43,0.8775722980499268,3
2621,H2_seed43,0.5934757590293884,3
2622,H2_seed43,0.4852564036846161,2
2623,H2_seed43,0.4852716624736786,2
2624,H2_seed43,0.484235405921936,2
2625,H2_seed43,0.4649186134338379,2
2626,H2_seed43,0.9441232681274414,2
2627,H2_seed43,0.9289748072624208,2
2628,H2_seed43,0.9280884265899658,2
2629,H2_seed43,0.907894730567932,1
2630,H2_seed43,0.8776978254318237,1
2631,H2_seed43,0.9051094651222228,1
2632,H2_seed43,0.913385808467865,1
2633,H2_seed43,0.9105691313743592,1
2634,H2_seed43,0.8155339956283569,1
2635,H2_seed43,0.8510638475418091,1
2636,H2_seed43,0.7816091775894165,1
2637,H2_seed43,0.7777777910232544,1
2638,H2_seed43,0.7560975551605225,1
2639,H2_seed43,0.7160493731498718,1
2640,H2_seed43,0.6944444179534912,1
2641,H2_seed43,0.6865671873092651,1
2642,H2_seed43,0.6666666865348816,1
2643,H2_seed43,0.8275862336158752,1
2644,H2_seed43,0.7594936490058899,1
2645,H2_seed43,0.8791208863258362,1
2646,H2_seed43,0.8245614171028137,1
2647,H2_seed43,0.7878788113594055,1
2648,H2_seed43,0.8192771077156067,1
2649,H2_seed43,0.7659574747085571,1
2650,H2_seed43,0.7777777910232544,1
2651,H2_seed43,0.7850467562675476,1
2652,H2_seed43,0.834782600402832,1
2653,H2_seed43,0.9047619104385376,1
2654,H2_seed43,0.8717948794364929,1
2655,H2_seed43,0.8548387289047241,1
2656,H2_seed43,0.8208954930305481,1
2657,H2_seed43,0.8571428656578064,1
2658,H2_seed43,0.8791208863258362,1
2659,H2_seed43,0.8045976758003235,1
2660,H2_seed43,0.6352941393852234,1
2661,H2_seed43,0.761904776096344,1
2662,H2_seed43,0.807692289352417,1
2663,H2_seed43,0.8695651888847351,1
2664,H2_seed43,0.901098906993866,1
2665,H2_seed43,0.936170220375061,1
2666,H2_seed43,0.7631579041481018,1
2667,H2_seed43,0.8533333539962769,1
2668,H2_seed43,0.901098906993866,1
2669,H2_seed43,0.9397590160369872,1
2670,H2_seed43,0.8409090638160706,1
2671,H2_seed43,0.8857142925262451,1
2672,H2_seed43,0.7761194109916687,1
2673,H2_seed43,0.6666666865348816,1
2674,H2_seed43,0.4772727191448211,1
2675,H2_seed43,0.7777777910232544,1
2676,H2_seed43,0.9449728727340698,2
2677,H2_seed43,0.7401294708251953,3
2678,H2_seed43,0.8436176180839539,3
2679,H2_seed43,0.8850985169410706,3
2680,H2_seed43,0.8814252614974976,4
2681,H2_seed43,0.8429258465766907,5
2682,H2_seed43,0.8136788606643677,5
2683,H2_seed43,0.7310441136360168,6
2684,H2_seed43,0.828471839427948,6
2685,H2_seed43,0.8126449584960938,6
2686,H2_seed43,0.858677864074707,6
2687,H2_seed43,0.8442240357398987,7
2688,H2_seed43,0.8970367312431335,7
2689,H2_seed43,0.7906306385993958,8
2690,H2_seed43,0.8096998333930969,8
2691,H2_seed43,0.7735843658447266,8
2692,H2_seed43,0.8306862115859985,9
2693,H2_seed43,0.7705904841423035,9
2694,H2_seed43,0.8182101845741272,8
2695,H2_seed43,0.7365579605102539,8
2696,H2_seed43,0.8526598811149597,6
2697,H2_seed43,0.8924641013145447,4
2698,H2_seed43,0.7221579551696777,4
2699,H2_seed43,0.620343029499054,4
2700,H2_seed43,0.9184393882751464,3
2701,H2_seed43,0.8441233038902283,3
2702,H2_seed43,0.6866123080253601,3
2703,H2_seed43,0.6432012319564819,3
2704,H2_seed43,0.4898859858512878,2
2705,H2_seed43,0.6311861872673035,3
2706,H2_seed43,0.939016580581665,2
2707,H2_seed43,0.962702751159668,2
2708,H2_seed43,0.9276024103164672,2
2709,H2_seed43,0.9493649005889891,2
2710,H2_seed43,0.937062919139862,1
2711,H2_seed43,0.949999988079071,1
2712,H2_seed43,0.9090909361839294,1
2713,H2_seed43,0.893203854560852,1
2714,H2_seed43,0.9263157844543456,1
2715,H2_seed43,0.8791208863258362,1
2716,H2_seed43,0.8888888955116272,1
2717,H2_seed43,0.8253968358039856,1
2718,H2_seed43,0.8611111044883728,1
2719,H2_seed43,0.7384615540504456,1
2720,H2_seed43,0.8064516186714172,1
2721,H2_seed43,0.8571428656578064,1
2722,H2_seed43,0.7924528121948242,1
2723,H2_seed43,0.8253968358039856,1
2724,H2_seed43,0.8533333539962769,1
2725,H2_seed43,0.95652174949646,1
2726,H2_seed43,0.7341772317886353,1
2727,H2_seed43,0.849056601524353,1
2728,H2_seed43,0.7400000095367432,1
2729,H2_seed43,0.8484848737716675,1
2730,H2_seed43,0.7368420958518982,1
2731,H2_seed43,0.7272727489471436,1
2732,H2_seed43,0.6990291476249695,1
2733,H2_seed43,0.7678571343421936,1
2734,H2_seed43,0.8188976645469666,1
2735,H2_seed43,0.71875,1
2736,H2_seed43,0.6168224215507507,1
2737,H2_seed43,0.6428571343421936,1
2738,H2_seed43,0.746666669845581,1
2739,H2_seed43,0.6265060305595398,1
2740,H2_seed43,0.6930692791938782,1
2741,H2_seed43,0.7358490824699402,1
2742,H2_seed43,0.7777777910232544,1
2743,H2_seed43,0.8367347121238708,1
2744,H2_seed43,0.6732673048973083,1
2745,H2_seed43,0.6756756901741028,1
2746,H2_seed43,0.7311828136444092,1
2747,H2_seed43,0.7920792102813721,1
2748,H2_seed43,0.9380530714988708,1
2749,H2_seed43,0.8363636136054993,1
2750,H2_seed43,0.8292682766914368,1
2751,H2_seed43,0.7142857313156128,1
2752,H2_seed43,0.747474730014801,1
2753,H2_seed43,0.774193525314331,1
2754,H2_seed43,0.9171270728111268,1
2755,H2_seed43,0.9494549036026,1
2756,H2_seed43,0.9625899195671082,1
2757,H2_seed43,0.973203420639038,1
2758,H2_seed43,0.9737156629562378,1
2759,H2_seed43,0.9696969985961914,1
2760,H2_seed43,0.7256637215614319,1
2761,H2_seed43,0.3116883039474487,1
2762,H2_seed43,0.9707317352294922,1
2763,H2_seed43,0.9709677696228028,1
2764,H2_seed43,0.9896640777587892,1
2765,H2_seed43,0.9897330403327942,1
2766,H2_seed43,0.9687778949737548,1
2767,H2_seed43,0.4790123403072357,2
2768,H2_seed43,0.7801036238670349,3
2769,H2_seed43,0.7050842046737671,5
2770,H2_seed43,0.6470770239830017,5
2771,H2_seed43,0.7407514452934265,5
2772,H2_seed43,0.8478221893310547,5
2773,H2_seed43,0.675804615020752,6
2774,H2_seed43,0.8293163180351257,6
2775,H2_seed43,0.8558990955352783,6
2776,H2_seed43,0.8422335982322693,6
2777,H2_seed43,0.8828697204589844,6
2778,H2_seed43,0.906188189983368,6
2779,H2_seed43,0.9155054092407228,6
2780,H2_seed43,0.9022262692451476,6
2781,H2_seed43,0.8770250678062439,7
2782,H2_seed43,0.908431887626648,7
2783,H2_seed43,0.7882058024406433,7
2784,H2_seed43,0.7607284784317017,8
2785,H2_seed43,0.8726195693016052,6
2786,H2_seed43,0.8554589152336121,7
2787,H2_seed43,0.8822675347328186,7
2788,H2_seed43,0.8742733001708984,7
2789,H2_seed43,0.6520741581916809,7
2790,H2_seed43,0.8972423672676086,7
2791,H2_seed43,0.9278368949890136,6
2792,H2_seed43,0.9320569038391112,6
2793,H2_seed43,0.8925253748893738,6
2794,H2_seed43,0.9676323533058168,3
2795,H2_seed43,0.9674451351165771,3
2796,H2_seed43,0.9593796730041504,3
2797,H2_seed43,0.9508399367332458,3
2798,H2_seed43,0.9447479248046876,3
2799,H2_seed43,0.9091500639915466,3
2800,H2_seed43,0.8755806684494019,4
2801,H2_seed43,0.9184184670448304,4
2802,H2_seed43,0.930616855621338,3
2803,H2_seed43,0.9528677463531494,3
2804,H2_seed43,0.9269191026687622,2
2805,H2_seed43,0.9373364448547364,2
2806,H2_seed43,0.9000710248947144,2
2807,H2_seed43,0.9302780628204346,2
2808,H2_seed43,0.9123651385307312,2
2809,H2_seed43,0.8845628499984741,2
2810,H2_seed43,0.4199999868869781,2
2811,H2_seed43,0.8846153616905212,1
2812,H2_seed43,0.8620689511299133,1
2813,H2_seed43,0.699999988079071,1
2814,H2_seed43,0.8059701323509216,1
2815,H2_seed43,0.8620689511299133,1
2816,H2_seed43,0.8831169009208679,1
2817,H2_seed43,0.9473684430122375,1
2818,H2_seed43,0.9191918969154358,1
2819,H2_seed43,0.7692307829856873,1
2820,H2_seed43,0.7991543412208557,1
2821,H2_seed43,0.8392857313156128,1
2822,H2_seed43,0.7776456475257874,1
2823,H2_seed43,0.8910675644874573,1
2824,H2_seed43,0.5744125247001648,1
2825,H2_seed43,0.9541284441947936,1
2826,H2_seed43,0.9863013625144958,1
2827,H2_seed43,0.9850746393203736,1
2828,H2_seed43,0.9477756023406982,1
2829,H2_seed43,0.9613259434700012,1
2830,H2_seed43,0.8861641883850098,3
2831,H2_seed43,0.9540048241615297,3
2832,H2_seed43,0.9497916102409364,3
2833,H2_seed43,0.9593245387077332,3
2834,H2_seed43,0.9183695912361144,3
2835,H2_seed43,0.8325503468513489,4
2836,H2_seed43,0.8151966333389282,4
2837,H2_seed43,0.8669081926345825,4
2838,H2_seed43,0.900559663772583,4
2839,H2_seed43,0.7395691871643066,4
2840,H2_seed43,0.82929527759552,5
2841,H2_seed43,0.8640887141227722,5
2842,H2_seed43,0.8318669199943542,7
2843,H2_seed43,0.8975472450256348,7
2844,H2_seed43,0.8853984475135803,7
2845,H2_seed43,0.7836092710494995,7
2846,H2_seed43,0.89547199010849,7
2847,H2_seed43,0.6936180591583252,8
2848,H2_seed43,0.757777214050293,7
2849,H2_seed43,0.737988293170929,5
2850,H2_seed43,0.8241168856620789,5
2851,H2_seed43,0.8215898871421814,6
2852,H2_seed43,0.738763689994812,5
2853,H2_seed43,0.941482663154602,4
2854,H2_seed43,0.894587516784668,5
2855,H2_seed43,0.9096110463142396,4
2856,H2_seed43,0.9086960554122924,4
2857,H2_seed43,0.9326121807098388,3
2858,H2_seed43,0.6290237903594971,3
2859,H2_seed43,0.8987855911254883,2
2860,H2_seed43,0.9320366382598876,2
2861,H2_seed43,0.9132356643676758,2
2862,H2_seed43,0.9365375638008118,2
2863,H2_seed43,0.939978837966919,2
2864,H2_seed43,0.8666086196899414,2
2865,H2_seed43,0.893738865852356,2
2866,H2_seed43,0.9330175518989564,2
2867,H2_seed43,0.6381072998046875,2
2868,H2_seed43,0.8133184909820557,2
2869,H2_seed43,0.7098498344421387,2
2870,H2_seed43,0.7906976938247681,1
2871,H2_seed43,0.8181818127632141,1
2872,H2_seed43,0.7142857313156128,1
2873,H2_seed43,0.8500000238418579,1
2874,H2_seed43,0.8260869383811951,1
2875,H2_seed43,0.5384615659713745,1
2876,H2_seed43,0.5079365372657776,1
2877,H2_seed43,0.9576059579849244,1
2878,H2_seed43,0.8976607918739319,1
2879,H2_seed43,0.8553971648216248,1
2880,H2_seed43,0.8665643930435181,1
2881,H2_seed43,0.9015256762504578,1
2882,H2_seed43,0.9381720423698424,1
2883,H2_seed43,0.9515235424041748,1
2884,H2_seed43,0.9349845051765442,1
2885,H2_seed43,0.8781470060348511,1
2886,H2_seed43,0.8611825108528137,1
2887,H2_seed43,0.8541300296783447,1
2888,H2_seed43,0.774193525314331,1
2889,H2_seed43,0.9655172228813172,1
2890,H2_seed43,0.9666666388511658,1
2891,H2_seed43,0.95961993932724,1
2892,H2_seed43,0.4786821603775024,2
2893,H2_seed43,0.9087802171707152,2
2894,H2_seed43,0.9464937448501588,2
2895,H2_seed43,0.7981385588645935,3
2896,H2_seed43,0.7981571555137634,3
2897,H2_seed43,0.8302814364433289,3
2898,H2_seed43,0.8451408743858337,3
2899,H2_seed43,0.8120695948600769,3
2900,H2_seed43,0.6188086867332458,4
2901,H2_seed43,0.7201499938964844,4
2902,H2_seed43,0.7394224405288696,5
2903,H2_seed43,0.7207126021385193,5
2904,H2_seed43,0.7440359592437744,5
2905,H2_seed43,0.7093677520751953,5
2906,H2_seed43,0.6223005056381226,6
2907,H2_seed43,0.737514853477478,7
2908,H2_seed43,0.7809719443321228,7
2909,H2_seed43,0.8540492653846741,6
2910,H2_seed43,0.8729104995727539,6
2911,H2_seed43,0.7842202186584473,7
2912,H2_seed43,0.8102107048034668,7
2913,H2_seed43,0.7899271845817566,6
2914,H2_seed43,0.7857254147529602,6
2915,H2_seed43,0.7130916714668274,5
2916,H2_seed43,0.6111242175102234,5
2917,H2_seed43,0.6091684103012085,5
2918,H2_seed43,0.6924051642417908,4
2919,H2_seed43,0.8698484897613525,4
2920,H2_seed43,0.7159321904182434,5
2921,H2_seed43,0.7865132689476013,5
2922,H2_seed43,0.6778901219367981,4
2923,H2_seed43,0.9204586148262024,3
2924,H2_seed43,0.9033394455909728,3
2925,H2_seed43,0.8984758853912354,3
2926,H2_seed43,0.8403565883636475,3
2927,H2_seed43,0.851291298866272,2
2928,H2_seed43,0.6806517839431763,2
2929,H2_seed43,0.9039969444274902,2
2930,H2_seed43,0.9292975664138794,2
2931,H2_seed43,0.8507347106933594,2
2932,H2_seed43,0.8150084614753723,2
2933,H2_seed43,0.7635141611099243,2
2934,H2_seed43,0.7165371179580688,2
2935,H2_seed43,0.7415179014205933,2
2936,H2_seed43,0.5600000023841858,1
2937,H2_seed43,0.6382978558540344,1
2938,H2_seed43,0.8866666555404663,1
2939,H2_seed43,0.6608186960220337,1
2940,H2_seed43,0.71775221824646,1
2941,H2_seed43,0.9176470637321472,1
2942,H2_seed43,0.7314662337303162,1
2943,H2_seed43,0.395348846912384,1
2944,H2_seed43,0.8241758346557617,1
2945,H2_seed43,0.8741160035133362,1
2946,H2_seed43,0.8815653920173645,1
2947,H2_seed43,0.9180601835250854,1
2948,H2_seed43,0.85391765832901,1
2949,H2_seed43,0.9135432243347168,1
2950,H2_seed43,0.9603174328804016,1
2951,H2_seed43,0.949959635734558,1
2952,H2_seed43,0.8546868562698364,1
2953,H2_seed43,0.7921498417854309,1
2954,H2_seed43,0.5807422399520874,1
2955,H2_seed43,0.6842567920684814,1
2956,H2_seed43,0.5568015575408936,1
2957,H2_seed43,0.723047137260437,2
2958,H2_seed43,0.8279218077659607,3
2959,H2_seed43,0.8204783797264099,4
2960,H2_seed43,0.6985102891921997,4
2961,H2_seed43,0.8071982860565186,4
2962,H2_seed43,0.6253951191902161,6
2963,H2_seed43,0.8163580298423767,7
2964,H2_seed43,0.8285456299781799,7
2965,H2_seed43,0.7905533909797668,7
2966,H2_seed43,0.8260990381240845,7
2967,H2_seed43,0.80532306432724,7
2968,H2_seed43,0.824493408203125,7
2969,H2_seed43,0.8454790115356445,7
2970,H2_seed43,0.7117583155632019,7
2971,H2_seed43,0.7864444851875305,6
2972,H2_seed43,0.9356504082679749,6
2973,H2_seed43,0.8627848625183105,6
2974,H2_seed43,0.739003598690033,8
2975,H2_seed43,0.7977581024169922,7
2976,H2_seed43,0.8030316233634949,5
2977,H2_seed43,0.8708135485649109,5
2978,H2_seed43,0.7285807132720947,6
2979,H2_seed43,0.7167003750801086,6
2980,H2_seed43,0.8243424296379089,5
2981,H2_seed43,0.9305004477500916,4
2982,H2_seed43,0.9173129796981812,4
2983,H2_seed43,0.6271305084228516,4
2984,H2_seed43,0.7365701198577881,2
2985,H2_seed43,0.8510638475418091,1
2986,H2_seed43,0.8644067645072937,1
2987,H2_seed43,0.9655172228813172,1
2988,H2_seed43,0.8403361439704895,1
2989,H2_seed43,0.8999999761581421,1
2990,H2_seed43,0.8190476298332214,1
2991,H2_seed43,0.9411764740943908,1
2992,H2_seed43,0.9203540086746216,1
2993,H2_seed43,0.9272727370262146,1
2994,H2_seed43,0.9322034120559692,1
2995,H2_seed43,0.92592591047287,1
2996,H2_seed43,0.8387096524238586,1
2997,H2_seed43,0.7555555701255798,1
2998,H2_seed43,0.8148148059844971,1
2999,H2_seed43,0.8055555820465088,1
3000,H2_seed43,0.8450704216957092,1
3001,H2_seed43,0.8780487775802612,1
3002,H2_seed43,0.8222222328186035,1
3003,H2_seed43,0.9135802388191224,1
3004,H2_seed43,0.7865168452262878,1
3005,H2_seed43,0.778761088848114,1
3006,H2_seed43,0.7872340679168701,1
3007,H2_seed43,0.7631579041481018,1
3008,H2_seed43,0.6153846383094788,1
3009,H2_seed43,0.6865671873092651,1
3010,H2_seed43,0.7567567825317383,1
3011,H2_seed43,0.4749999940395355,1
3012,H2_seed43,0.6865671873092651,1
3013,H2_seed43,0.695652186870575,1
3014,H2_seed43,0.9052631855010986,1
3015,H2_seed43,0.7123287916183472,1
3016,H2_seed43,0.7272727489471436,1
3017,H2_seed43,0.8615384697914124,1
3018,H2_seed43,0.8831169009208679,1
3019,H2_seed43,0.8157894611358643,1
3020,H2_seed43,0.8172042965888977,1
3021,H2_seed43,0.8333333134651184,1
3022,H2_seed43,0.7749999761581421,1
3023,H2_seed43,0.8333333134651184,1
3024,H2_seed43,0.6760563254356384,1
3025,H2_seed43,0.800000011920929,1
3026,H2_seed43,0.7749999761581421,1
3027,H2_seed43,0.8292682766914368,1
3028,H2_seed43,0.5777778029441833,1
3029,H2_seed43,0.0588235296308994,1
3030,H2_seed43,0.1960784345865249,1
3031,H2_seed43,0.7749999761581421,1
3032,H2_seed43,0.959999978542328,1
3033,H2_seed43,0.9469387531280518,1
3034,H2_seed43,0.9635036587715148,1
3035,H2_seed43,0.8139013648033142,1
3036,H2_seed43,0.760869562625885,1
3037,H2_seed43,0.5761589407920837,1
3038,H2_seed43,0.4924242496490478,1
3039,H2_seed43,0.3007518649101257,1
3040,H2_seed43,0.5588235259056091,1
3041,H2_seed43,0.529411792755127,1
3042,H2_seed43,0.4038757383823395,3
3043,H2_seed43,0.8927903771400452,3
3044,H2_seed43,0.9188858270645142,4
3045,H2_seed43,0.8504700660705566,6
3046,H2_seed43,0.8609927296638489,7
3047,H2_seed43,0.8965219855308533,7
3048,H2_seed43,0.9075788855552672,7
3049,H2_seed43,0.8933266401290894,7
3050,H2_seed43,0.8675452470779419,7
3051,H2_seed43,0.8345282673835754,7
3052,H2_seed43,0.7773081064224243,7
3053,H2_seed43,0.7330702543258667,7
3054,H2_seed43,0.7595901489257812,8
3055,H2_seed43,0.753275454044342,7
3056,H2_seed43,0.7507296800613403,7
3057,H2_seed43,0.8967453837394714,6
3058,H2_seed43,0.9334500432014464,6
3059,H2_seed43,0.8917587995529175,7
3060,H2_seed43,0.9107056856155396,7
3061,H2_seed43,0.9315926432609558,6
3062,H2_seed43,0.8949804902076721,7
3063,H2_seed43,0.7942560911178589,7
3064,H2_seed43,0.7103279829025269,7
3065,H2_seed43,0.6643244028091431,6
3066,H2_seed43,0.7903063297271729,4
3067,H2_seed43,0.7222344279289246,4
3068,H2_seed43,0.9548149704933168,3
3069,H2_seed43,0.9409953951835632,3
3070,H2_seed43,0.9170963168144226,3
3071,H2_seed43,0.8960352540016174,4
3072,H2_seed43,0.8711243271827698,3
3073,H2_seed43,0.918108344078064,2
3074,H2_seed43,0.8978853225708008,2
3075,H2_seed43,0.8296530246734619,1
3076,H2_seed43,0.940099835395813,1
3077,H2_seed43,0.9487179517745972,1
3078,H2_seed43,0.9538461565971376,1
3079,H2_seed43,0.561904788017273,1
3080,H2_seed43,0.761904776096344,1
3081,H2_seed43,0.9285714030265808,1
3082,H2_seed43,0.9586206674575806,1
3083,H2_seed43,0.9035812616348268,1
3084,H2_seed43,0.9115625619888306,2
3085,H2_seed43,0.8853726983070374,3
3086,H2_seed43,0.8971645832061768,3
3087,H2_seed43,0.9207807183265686,3
3088,H2_seed43,0.8953161239624023,3
3089,H2_seed43,0.9008114337921144,3
3090,H2_seed43,0.8311553001403809,3
3091,H2_seed43,0.7913108468055725,4
3092,H2_seed43,0.8009741902351379,5
3093,H2_seed43,0.8832931518554688,5
3094,H2_seed43,0.8541589975357056,5
3095,H2_seed43,0.7341920733451843,5
3096,H2_seed43,0.8421438336372375,6
3097,H2_seed43,0.7540112733840942,7
3098,H2_seed43,0.8082606792449951,8
3099,H2_seed43,0.8824318647384644,8
3100,H2_seed43,0.8223647475242615,8
3101,H2_seed43,0.7299852967262268,9
3102,H2_seed43,0.6744339466094971,9
3103,H2_seed43,0.6747808456420898,7
3104,H2_seed43,0.7609508037567139,8
3105,H2_seed43,0.8409454226493835,6
3106,H2_seed43,0.867668628692627,6
3107,H2_seed43,0.8872696161270142,5
3108,H2_seed43,0.8872531652450562,5
3109,H2_seed43,0.7481411695480347,5
3110,H2_seed43,0.7418433427810669,5
3111,H2_seed43,0.8377864956855774,5
3112,H2_seed43,0.7849413156509399,5
3113,H2_seed43,0.9156640768051147,4
3114,H2_seed43,0.7830939292907715,4
3115,H2_seed43,0.6701082587242126,4
3116,H2_seed43,0.6650441288948059,4
3117,H2_seed43,0.6080285906791687,3
3118,H2_seed43,0.6170799732208252,3
3119,H2_seed43,0.9021934270858764,2
3120,H2_seed43,0.7857811450958252,2
3121,H2_seed43,0.7426456212997437,2
3122,H2_seed43,0.6914563179016113,2
3123,H2_seed43,0.9834123253822328,1
3124,H2_seed43,0.8960000276565552,1
3125,H2_seed43,0.9531405568122864,1
3126,H2_seed43,0.9909533858299256,1
3127,H2_seed43,0.983922839164734,1
3128,H2_seed43,0.9792899489402772,1
3129,H2_seed43,0.717277467250824,1
3130,H2_seed43,0.8461538553237915,1
3131,H2_seed43,0.9259647130966188,2
3132,H2_seed43,0.9741688370704652,2
3133,H2_seed43,0.9884941577911376,2
3134,H2_seed43,0.8963716626167297,4
3135,H2_seed43,0.9470471143722534,4
3136,H2_seed43,0.771664559841156,5
3137,H2_seed43,0.9055947065353394,5
3138,H2_seed43,0.9217635989189148,5
3139,H2_seed43,0.8982598185539246,6
3140,H2_seed43,0.909331440925598,7
3141,H2_seed43,0.8968170881271362,7
3142,H2_seed43,0.8649699091911316,8
3143,H2_seed43,0.9313969612121582,8
3144,H2_seed43,0.9493716359138488,8
3145,H2_seed43,0.8952398300170898,9
3146,H2_seed43,0.9172617793083192,9
3147,H2_seed43,0.9171744585037231,9
3148,H2_seed43,0.8836022615432739,9
3149,H2_seed43,0.8955610990524292,7
3150,H2_seed43,0.9018898010253906,7
3151,H2_seed43,0.6714584231376648,6
3152,H2_seed43,0.8563215732574463,4
3153,H2_seed43,0.9760698676109314,3
3154,H2_seed43,0.9781133532524108,3
3155,H2_seed43,0.9605109691619872,3
3156,H2_seed43,0.8820368051528931,4
3157,H2_seed43,0.9581271409988404,4
3158,H2_seed43,0.7208530306816101,4
3159,H2_seed43,0.9341168403625488,2
3160,H2_seed43,0.9576147794723512,2
3161,H2_seed43,0.9185431599617004,2
3162,H2_seed43,0.8395061492919922,2
3163,H2_seed43,0.8764045238494873,1
3164,H2_seed43,0.7659574747085571,1
3165,H2_seed43,0.774193525314331,1
3166,H2_seed43,0.6538461446762085,1
3167,H2_seed43,0.5555555820465088,1
3168,H2_seed43,0.9065326452255248,1
3169,H2_seed43,0.9555106163024902,1
3170,H2_seed43,0.9605615139007568,1
3171,H2_seed43,0.9664502143859864,1
3172,H2_seed43,0.9453977942466736,1
3173,H2_seed43,0.961789846420288,1
3174,H2_seed43,0.9560593366622924,1
3175,H2_seed43,0.9454421997070312,1
3176,H2_seed43,0.8806333541870117,1
3177,H2_seed43,0.5249537825584412,1
3178,H2_seed43,0.6153846383094788,1
3179,H2_seed43,0.8929875493049622,2
3180,H2_seed43,0.8947413563728333,3
3181,H2_seed43,0.937462329864502,3
3182,H2_seed43,0.935719668865204,3
3183,H2_seed43,0.946100652217865,3
3184,H2_seed43,0.8772345185279846,3
3185,H2_seed43,0.8540125489234924,4
3186,H2_seed43,0.8347946405410767,5
3187,H2_seed43,0.8411963582038879,5
3188,H2_seed43,0.8870896100997925,5
3189,H2_seed43,0.9229925274848938,5
3190,H2_seed43,0.8401743769645691,6
3191,H2_seed43,0.8013506531715393,7
3192,H2_seed43,0.8558748960494995,8
3193,H2_seed43,0.8433934450149536,9
3194,H2_seed43,0.8441752195358276,9
3195,H2_seed43,0.8905957341194153,9
3196,H2_seed43,0.8327605128288269,9
3197,H2_seed43,0.7412915229797363,9
3198,H2_seed43,0.7593564391136169,6
3199,H2_seed43,0.934960663318634,4
3200,H2_seed43,0.889345645904541,4
3201,H2_seed43,0.9367782473564148,3
3202,H2_seed43,0.9413485527038574,3
3203,H2_seed43,0.935673713684082,3
3204,H2_seed43,0.9474809765815736,3
3205,H2_seed43,0.6796903014183044,2
3206,H2_seed43,0.6800919771194458,2
3207,H2_seed43,0.511698305606842,2
3208,H2_seed43,0.944671630859375,2
3209,H2_seed43,0.8907655477523804,2
3210,H2_seed43,0.9132190942764282,2
3211,H2_seed43,0.908730149269104,2
3212,H2_seed43,0.8547717928886414,1
3213,H2_seed43,0.8975609540939331,1
3214,H2_seed43,0.9152542352676392,1
3215,H2_seed43,0.8666666746139526,1
3216,H2_seed43,0.3555555641651153,1
3217,H2_seed43,0.6637744307518005,1
3218,H2_seed43,0.8893527984619141,1
3219,H2_seed43,0.8808823823928833,1
3220,H2_seed43,0.923550546169281,1
3221,H2_seed43,0.9453401565551758,1
3222,H2_seed43,0.9623464345932008,1
3223,H2_seed43,0.9736191034317015,1
3224,H2_seed43,0.9139297604560852,1
3225,H2_seed43,0.7859296202659607,1
3226,H2_seed43,0.7496967315673828,2
3227,H2_seed43,0.9045204520225524,2
3228,H2_seed43,0.7920625805854797,3
3229,H2_seed43,0.892643928527832,3
3230,H2_seed43,0.920586884021759,3
3231,H2_seed43,0.8997828364372253,3
3232,H2_seed43,0.9079275131225586,4
3233,H2_seed43,0.9064823985099792,5
3234,H2_seed43,0.8721322417259216,6
3235,H2_seed43,0.8845381736755371,6
3236,H2_seed43,0.8605210781097412,6
3237,H2_seed43,0.8570740818977356,6
3238,H2_seed43,0.8495572805404663,7
3239,H2_seed43,0.8728490471839905,7
3240,H2_seed43,0.8433957695960999,7
3241,H2_seed43,0.8549745678901672,7
3242,H2_seed43,0.8485713601112366,8
3243,H2_seed43,0.8773722052574158,7
3244,H2_seed43,0.8212020397186279,8
3245,H2_seed43,0.8135240077972412,8
3246,H2_seed43,0.8591755628585815,7
3247,H2_seed43,0.9167836308479308,6
3248,H2_seed43,0.918717920780182,6
3249,H2_seed43,0.816204309463501,6
3250,H2_seed43,0.834509015083313,5
3251,H2_seed43,0.9536680579185486,3
3252,H2_seed43,0.9491702914237976,3
3253,H2_seed43,0.9497655034065248,3
3254,H2_seed43,0.9627423882484436,3
3255,H2_seed43,0.9615597724914552,3
3256,H2_seed43,0.9471814036369324,3
3257,H2_seed43,0.9015457034111024,3
3258,H2_seed43,0.9199284315109252,2
3259,H2_seed43,0.8483368158340454,2
3260,H2_seed43,0.8502437472343445,2
3261,H2_seed43,0.6937931180000305,2
3262,H2_seed43,0.6666666865348816,1
3263,H2_seed43,0.852173924446106,1
3264,H2_seed43,0.9166666865348816,1
3265,H2_seed43,0.804347813129425,1
3266,H2_seed43,0.8737863898277283,1
3267,H2_seed43,0.7941176295280457,1
3268,H2_seed43,0.7142857313156128,1
3269,H2_seed43,0.800000011920929,1
3270,H2_seed43,0.7916666865348816,1
3271,H2_seed43,0.7428571581840515,1
3272,H2_seed43,0.6315789222717285,1
3273,H2_seed43,0.7631579041481018,1
3274,H2_seed43,0.955916464328766,1
3275,H2_seed43,0.9424460530281068,1
3276,H2_seed43,0.8821752071380615,1
3277,H2_seed43,0.8859060406684875,1
3278,H2_seed43,0.6451612710952759,1
3279,H2_seed43,0.5649729371070862,2
3280,H2_seed43,0.6672113537788391,2
3281,H2_seed43,0.7624548077583313,3
3282,H2_seed43,0.8603680729866028,3
3283,H2_seed43,0.8907448053359985,4
3284,H2_seed43,0.9297133684158324,4
3285,H2_seed43,0.9462826251983644,4
3286,H2_seed43,0.9423599243164062,4
3287,H2_seed43,0.9437450170516968,4
3288,H2_seed43,0.9079673886299132,5
3289,H2_seed43,0.8570054173469543,5
3290,H2_seed43,0.941984474658966,5
3291,H2_seed43,0.9430670738220216,5
3292,H2_seed43,0.9269163012504578,5
3293,H2_seed43,0.8483911156654358,6
3294,H2_seed43,0.8494746088981628,6
3295,H2_seed43,0.8770238757133484,6
3296,H2_seed43,0.8463794589042664,7
3297,H2_seed43,0.8230894207954407,7
3298,H2_seed43,0.7976870536804199,8
3299,H2_seed43,0.8062924146652222,9
3300,H2_seed43,0.8580623269081116,9
3301,H2_seed43,0.8749595880508423,10
3302,H2_seed43,0.8421505093574524,10
3303,H2_seed43,0.869412899017334,8
3304,H2_seed43,0.8840613961219788,7
3305,H2_seed43,0.87360018491745,7
3306,H2_seed43,0.778203547000885,6
3307,H2_seed43,0.9165979623794556,4
3308,H2_seed43,0.969167411327362,3
3309,H2_seed43,0.9717574119567872,3
3310,H2_seed43,0.9672666192054749,3
3311,H2_seed43,0.966803252696991,3
3312,H2_seed43,0.8567329049110413,4
3313,H2_seed43,0.9543442726135254,4
3314,H2_seed43,0.7205947041511536,4
3315,H2_seed43,0.7329843044281006,1
3316,H2_seed43,0.8393285274505615,1
3317,H2_seed43,0.9108911156654358,1
3318,H2_seed43,0.9244604110717772,1
3319,H2_seed43,0.925698697566986,1
3320,H2_seed43,0.959530770778656,1
3321,H2_seed43,0.9226060509681702,1
3322,H2_seed43,0.9656549692153932,1
3323,H2_seed43,0.9453924894332886,1
3324,H2_seed43,0.9584026336669922,1
3325,H2_seed43,0.9658337831497192,1
3326,H2_seed43,0.9565798044204712,1
3327,H2_seed43,0.9547256231307985,1
3328,H2_seed43,0.9695577025413512,1
3329,H2_seed43,0.9691846966743468,1
3330,H2_seed43,0.976364254951477,1
3331,H2_seed43,0.9646655321121216,1
3332,H2_seed43,0.975000023841858,1
3333,H2_seed43,0.9575734734535216,1
3334,H2_seed43,0.9335328340530396,1
3335,H2_seed43,0.8868486285209656,1
3336,H2_seed43,0.903032124042511,1
3337,H2_seed43,0.9233319759368896,1
3338,H2_seed43,0.8963210582733154,1
3339,H2_seed43,0.5340909361839294,1
3340,H2_seed43,0.5046728849411011,1
3341,H2_seed43,0.9399999976158142,1
3342,H2_seed43,0.9550827145576476,1
3343,H2_seed43,0.959866225719452,1
3344,H2_seed43,0.9569620490074158,1
3345,H2_seed43,0.9747729301452636,1
3346,H2_seed43,0.6750001311302185,2
3347,H2_seed43,0.7389066219329834,2
3348,H2_seed43,0.7718315124511719,2
3349,H2_seed43,0.8159116506576538,2
3350,H2_seed43,0.8094626665115356,2
3351,H2_seed43,0.8175582885742188,2
3352,H2_seed43,0.6930854916572571,3
3353,H2_seed43,0.7261632084846497,3
3354,H2_seed43,0.6738805174827576,4
3355,H2_seed43,0.8257508873939514,4
3356,H2_seed43,0.6892393231391907,6
3357,H2_seed43,0.7039312720298767,6
3358,H2_seed43,0.8043326735496521,6
3359,H2_seed43,0.8255254030227661,7
3360,H2_seed43,0.9052752256393432,7
3361,H2_seed43,0.8658267259597778,7
3362,H2_seed43,0.8880923390388489,7
3363,H2_seed43,0.8791383504867554,7
3364,H2_seed43,0.8400493264198303,7
3365,H2_seed43,0.8634657263755798,7
3366,H2_seed43,0.8471818566322327,7
3367,H2_seed43,0.8316949009895325,7
3368,H2_seed43,0.8560401797294617,7
3369,H2_seed43,0.8494023084640503,7
3370,H2_seed43,0.8582992553710938,7
3371,H2_seed43,0.8172628283500671,7
3372,H2_seed43,0.8389424085617065,7
3373,H2_seed43,0.8427085876464844,7
3374,H2_seed43,0.8409516215324402,7
3375,H2_seed43,0.846722424030304,7
3376,H2_seed43,0.8277422785758972,7
3377,H2_seed43,0.7859132885932922,7
3378,H2_seed43,0.8074102401733398,7
3379,H2_seed43,0.7867457270622253,7
3380,H2_seed43,0.8570083975791931,7
3381,H2_seed43,0.8235394358634949,7
3382,H2_seed43,0.8217424154281616,8
3383,H2_seed43,0.8643032312393188,8
3384,H2_seed43,0.820890486240387,8
3385,H2_seed43,0.8290675282478333,7
3386,H2_seed43,0.8485817909240723,7
3387,H2_seed43,0.8500622510910034,8
3388,H2_seed43,0.8714709877967834,9
3389,H2_seed43,0.8762874007225037,9
3390,H2_seed43,0.9138730764389038,8
3391,H2_seed43,0.8674914836883545,8
3392,H2_seed43,0.8781992197036743,8
3393,H2_seed43,0.8652670979499817,7
3394,H2_seed43,0.8499284386634827,7
3395,H2_seed43,0.7954180836677551,7
3396,H2_seed43,0.8147846460342407,7
3397,H2_seed43,0.8238286375999451,7
3398,H2_seed43,0.910588800907135,6
3399,H2_seed43,0.9045038223266602,6
3400,H2_seed43,0.9153888821601868,6
3401,H2_seed43,0.8861813545227051,6
3402,H2_seed43,0.8421010971069336,6
3403,H2_seed43,0.8232477307319641,6
3404,H2_seed43,0.80442214012146,6
3405,H2_seed43,0.8138530850410461,5
3406,H2_seed43,0.8183788061141968,4
3407,H2_seed43,0.9562377333641052,3
3408,H2_seed43,0.9669101238250732,3
3409,H2_seed43,0.966607630252838,3
3410,H2_seed43,0.9122133255004884,4
3411,H2_seed43,0.92009437084198,4
3412,H2_seed43,0.9337166547775269,4
3413,H2_seed43,0.9298440217971802,4
3414,H2_seed43,0.9213318824768066,4
3415,H2_seed43,0.948001503944397,4
3416,H2_seed43,0.939666748046875,4
3417,H2_seed43,0.914033830165863,4
3418,H2_seed43,0.9285873174667358,4
3419,H2_seed43,0.9186556935310364,4
3420,H2_seed43,0.8858969211578369,4
3421,H2_seed43,0.8109700083732605,4
3422,H2_seed43,0.8575448989868164,3
3423,H2_seed43,0.8410348892211914,3
3424,H2_seed43,0.7028782963752747,3
3425,H2_seed43,0.8644699454307556,2
3426,H2_seed43,0.8267805576324463,2
3427,H2_seed43,0.8505747318267822,1
3428,H2_seed43,0.6478873491287231,1
3429,H2_seed43,0.6933333277702332,1
3430,H2_seed43,0.800000011920929,1
3431,H2_seed43,0.8256880640983582,1
3432,H2_seed43,0.9425556659698486,1
3433,H2_seed43,0.9610389471054076,1
3434,H2_seed43,0.9848681092262268,1
3435,H2_seed43,0.9909518361091614,1
3436,H2_seed43,0.9868420958518982,1
3437,H2_seed43,0.990028977394104,1
3438,H2_seed43,0.9900990128517152,1
3439,H2_seed43,0.9884615540504456,1
3440,H2_seed43,0.9862754344940186,1
3441,H2_seed43,0.8799266815185547,1
3442,H2_seed43,0.8982036113739014,1
3443,H2_seed43,0.6666666865348816,1
3444,H2_seed43,0.984000027179718,1
3445,H2_seed43,0.9731282591819764,2
3446,H2_seed43,0.9794475436210632,2
3447,H2_seed43,0.9837582111358644,2
3448,H2_seed43,0.964686930179596,3
3449,H2_seed43,0.9711880683898926,3
3450,H2_seed43,0.9668281674385072,3
3451,H2_seed43,0.9644822478294371,3
3452,H2_seed43,0.9250428080558776,5
3453,H2_seed43,0.9367427825927734,5
3454,H2_seed43,0.8463048934936523,5
3455,H2_seed43,0.897177517414093,5
3456,H2_seed43,0.907579779624939,5
3457,H2_seed43,0.9282696843147278,5
3458,H2_seed43,0.8974205255508423,5
3459,H2_seed43,0.7918277382850647,7
3460,H2_seed43,0.8797521591186523,7
3461,H2_seed43,0.9263206124305724,7
3462,H2_seed43,0.9485321044921876,7
3463,H2_seed43,0.8895276784896851,10
3464,H2_seed43,0.9208364486694336,10
3465,H2_seed43,0.9147481322288512,8
3466,H2_seed43,0.861845850944519,7
3467,H2_seed43,0.8445772528648376,6
3468,H2_seed43,0.9154361486434937,4
3469,H2_seed43,0.9273570775985718,4
3470,H2_seed43,0.9731426239013672,3
3471,H2_seed43,0.973227560520172,3
3472,H2_seed43,0.9671927094459534,3
3473,H2_seed43,0.9189428091049194,4
3474,H2_seed43,0.919089138507843,4
3475,H2_seed43,0.9372676014900208,4
3476,H2_seed43,0.7759290337562561,4
3477,H2_seed43,0.9239326119422911,3
3478,H2_seed43,0.8925197720527649,3
3479,H2_seed43,0.9644145965576172,2
3480,H2_seed43,0.9814469814300536,2
3481,H2_seed43,0.9602208733558656,2
3482,H2_seed43,0.9573488235473632,2
3483,H2_seed43,0.9472728967666626,2
3484,H2_seed43,0.8868579268455505,2
3485,H2_seed43,0.734375,1
3486,H2_seed43,0.7680000066757202,1
3487,H2_seed43,0.84112149477005,1
3488,H2_seed43,0.5977011322975159,1
3489,H2_seed43,0.6571428775787354,1
3490,H2_seed43,0.688524603843689,1
3491,H2_seed43,0.625,1
3492,H2_seed43,0.5283018946647644,1
3493,H2_seed43,0.6060606241226196,1
3494,H2_seed43,0.625,1
3495,H2_seed43,0.7415730357170105,1
3496,H2_seed43,0.8979591727256775,1
3497,H2_seed43,0.7956989407539368,1
3498,H2_seed43,0.6329113841056824,1
3499,H2_seed43,0.6349206566810608,1
3500,H2_seed43,0.6774193644523621,1
3501,H2_seed43,0.5,1
3502,H2_seed43,0.692307710647583,1
3503,H2_seed43,0.4719101190567016,1
3504,H2_seed43,0.5652173757553101,1
3505,H2_seed43,0.7184466123580933,1
3506,H2_seed43,0.8461538553237915,1
3507,H2_seed43,0.8101266026496887,1
3508,H2_seed43,0.8181818127632141,1
3509,H2_seed43,0.8684210777282715,1
3510,H2_seed43,0.8536585569381714,1
3511,H2_seed43,0.8292682766914368,1
3512,H2_seed43,0.8450704216957092,1
3513,H2_seed43,0.8674699068069458,1
3514,H2_seed43,0.7142857313156128,1
3515,H2_seed43,0.746268630027771,1
3516,H2_seed43,0.7160493731498718,1
3517,H2_seed43,0.8735632300376892,1
3518,H2_seed43,0.9090909361839294,1
3519,H2_seed43,0.9166666865348816,1
3520,H2_seed43,0.695652186870575,1
