image_index,model,dice,n_organs_present
0,H1_seed43,0.8380462527275085,1
1,H1_seed43,0.859138548374176,1
2,H1_seed43,0.9738292098045349,1
3,H1_seed43,0.9665621519088745,1
4,H1_seed43,0.9802065491676331,1
5,H1_seed43,0.9842767119407654,1
6,H1_seed43,0.9879142045974731,1
7,H1_seed43,0.9867916703224182,1
8,H1_seed43,0.9361904859542847,1
9,H1_seed43,0.7828418016433716,1
10,H1_seed43,0.9727402925491333,1
11,H1_seed43,0.9507246613502502,1
12,H1_seed43,1.2500000146076218e-08,1
13,H1_seed43,0.9397590160369873,1
14,H1_seed43,0.9728260636329651,1
15,H1_seed43,0.8234127163887024,2
16,H1_seed43,0.8987680077552795,2
17,H1_seed43,0.8227249979972839,3
18,H1_seed43,0.8852510452270508,3
19,H1_seed43,0.8873987793922424,4
20,H1_seed43,0.925554096698761,4
21,H1_seed43,0.9495295286178589,4
22,H1_seed43,0.6998459100723267,5
23,H1_seed43,0.7897986769676208,6
24,H1_seed43,0.8491671681404114,6
25,H1_seed43,0.870567262172699,6
26,H1_seed43,0.8659356236457825,6
27,H1_seed43,0.7515580058097839,7
28,H1_seed43,0.7733267545700073,7
29,H1_seed43,0.833210825920105,7
30,H1_seed43,0.8443723917007446,7
31,H1_seed43,0.8207492232322693,7
32,H1_seed43,0.8800786733627319,8
33,H1_seed43,0.8281922340393066,8
34,H1_seed43,0.7801775336265564,6
35,H1_seed43,0.8120650053024292,7
36,H1_seed43,0.8361526131629944,7
37,H1_seed43,0.8804536461830139,7
38,H1_seed43,0.8319552540779114,7
39,H1_seed43,0.7731176018714905,6
40,H1_seed43,0.7685253024101257,6
41,H1_seed43,0.5847190618515015,5
42,H1_seed43,0.7332231402397156,4
43,H1_seed43,0.9745226502418518,3
44,H1_seed43,0.8230194449424744,4
45,H1_seed43,0.8546081185340881,4
46,H1_seed43,0.9470857977867126,4
47,H1_seed43,0.9170821905136108,4
48,H1_seed43,0.7668393850326538,1
49,H1_seed43,0.8219178318977356,1
50,H1_seed43,0.3816092014312744,1
51,H1_seed43,0.23952095210552216,1
52,H1_seed43,2.3584906250206927e-10,1
53,H1_seed43,3.717472163433655e-10,1
54,H1_seed43,2.4449878233134825e-10,1
55,H1_seed43,2.1276596040564755e-09,1
56,H1_seed43,0.5274509787559509,2
57,H1_seed43,0.68522709608078,2
58,H1_seed43,0.7123663425445557,2
59,H1_seed43,0.6473075151443481,2
60,H1_seed43,0.5247597694396973,3
61,H1_seed43,0.5958923101425171,4
62,H1_seed43,0.7062323689460754,5
63,H1_seed43,0.778474748134613,5
64,H1_seed43,0.7168779373168945,5
65,H1_seed43,0.7143079042434692,5
66,H1_seed43,0.8237751722335815,5
67,H1_seed43,0.745919406414032,6
68,H1_seed43,0.6777356266975403,7
69,H1_seed43,0.6389210820198059,7
70,H1_seed43,0.6868793964385986,8
71,H1_seed43,0.7023361325263977,8
72,H1_seed43,0.6453087329864502,9
73,H1_seed43,0.8212622404098511,8
74,H1_seed43,0.7509883642196655,9
75,H1_seed43,0.6377453207969666,9
76,H1_seed43,0.7085474133491516,8
77,H1_seed43,0.6432684063911438,7
78,H1_seed43,0.6663374304771423,6
79,H1_seed43,0.6370893120765686,5
80,H1_seed43,0.9295738935470581,4
81,H1_seed43,0.7977042198181152,4
82,H1_seed43,0.9400697350502014,3
83,H1_seed43,0.8893184661865234,3
84,H1_seed43,0.7093369960784912,4
85,H1_seed43,0.5752661228179932,4
86,H1_seed43,0.6023687720298767,3
87,H1_seed43,0.6482821106910706,2
88,H1_seed43,0.6308630704879761,2
89,H1_seed43,0.634401798248291,2
90,H1_seed43,0.28785738348960876,2
91,H1_seed43,0.5581395626068115,1
92,H1_seed43,0.7878788113594055,1
93,H1_seed43,0.36734694242477417,1
94,H1_seed43,0.800000011920929,1
95,H1_seed43,0.2666666805744171,1
96,H1_seed43,0.1666666716337204,1
97,H1_seed43,0.13333334028720856,1
98,H1_seed43,4.166666567329003e-09,1
99,H1_seed43,0.10000000149011612,1
100,H1_seed43,0.2857142984867096,1
101,H1_seed43,0.17391304671764374,1
102,H1_seed43,0.5555555820465088,1
103,H1_seed43,0.529411792755127,1
104,H1_seed43,0.6666666865348816,1
105,H1_seed43,0.5806451439857483,1
106,H1_seed43,0.3529411852359772,1
107,H1_seed43,9.99999993922529e-09,1
108,H1_seed43,8.333333134658005e-09,1
109,H1_seed43,0.6857143044471741,1
110,H1_seed43,0.6666666865348816,1
111,H1_seed43,0.5600000023841858,1
112,H1_seed43,0.6000000238418579,1
113,H1_seed43,0.4444444477558136,1
114,H1_seed43,0.5142857432365417,1
115,H1_seed43,0.5806451439857483,1
116,H1_seed43,0.4516128897666931,1
117,H1_seed43,0.6486486196517944,1
118,H1_seed43,0.5641025900840759,1
119,H1_seed43,0.6000000238418579,1
120,H1_seed43,0.5714285969734192,1
121,H1_seed43,0.17391304671764374,1
122,H1_seed43,0.3333333432674408,1
123,H1_seed43,0.5,1
124,H1_seed43,0.32231405377388,1
125,H1_seed43,0.3733905553817749,1
126,H1_seed43,0.939481258392334,1
127,H1_seed43,0.9579242467880249,1
128,H1_seed43,0.975445032119751,1
129,H1_seed43,0.9676240086555481,1
130,H1_seed43,0.976956307888031,1
131,H1_seed43,0.8746411204338074,1
132,H1_seed43,0.7234936952590942,1
133,H1_seed43,0.5799185037612915,1
134,H1_seed43,0.4377659559249878,1
135,H1_seed43,0.3193373382091522,1
136,H1_seed43,0.11599176377058029,1
137,H1_seed43,0.9142119884490967,2
138,H1_seed43,0.7629364132881165,3
139,H1_seed43,0.9339253306388855,3
140,H1_seed43,0.9258739948272705,3
141,H1_seed43,0.8957074284553528,3
142,H1_seed43,0.9054732322692871,3
143,H1_seed43,0.8994317650794983,3
144,H1_seed43,0.900838315486908,3
145,H1_seed43,0.8590899109840393,3
146,H1_seed43,0.8709835410118103,3
147,H1_seed43,0.9036068916320801,3
148,H1_seed43,0.8974916338920593,3
149,H1_seed43,0.9167156219482422,3
150,H1_seed43,0.9272680282592773,3
151,H1_seed43,0.9177780151367188,3
152,H1_seed43,0.922180712223053,3
153,H1_seed43,0.8392901420593262,4
154,H1_seed43,0.8662640452384949,4
155,H1_seed43,0.8702885508537292,4
156,H1_seed43,0.8405518531799316,6
157,H1_seed43,0.9310405850410461,6
158,H1_seed43,0.9044229984283447,6
159,H1_seed43,0.9378867745399475,6
160,H1_seed43,0.891119658946991,6
161,H1_seed43,0.8980329036712646,6
162,H1_seed43,0.9013378024101257,6
163,H1_seed43,0.8790968060493469,6
164,H1_seed43,0.9341172575950623,6
165,H1_seed43,0.9182054400444031,6
166,H1_seed43,0.9171833992004395,6
167,H1_seed43,0.9250640869140625,6
168,H1_seed43,0.8523280024528503,7
169,H1_seed43,0.8794834017753601,7
170,H1_seed43,0.8915877342224121,7
171,H1_seed43,0.8885256052017212,7
172,H1_seed43,0.9304929375648499,7
173,H1_seed43,0.8974360227584839,7
174,H1_seed43,0.8045287728309631,7
175,H1_seed43,0.7143205404281616,8
176,H1_seed43,0.7562639713287354,8
177,H1_seed43,0.7795465588569641,8
178,H1_seed43,0.7012603282928467,9
179,H1_seed43,0.7112546563148499,9
180,H1_seed43,0.6705982685089111,9
181,H1_seed43,0.7257838845252991,8
182,H1_seed43,0.7327737808227539,8
183,H1_seed43,0.7759909629821777,6
184,H1_seed43,0.7952906489372253,5
185,H1_seed43,0.789049506187439,5
186,H1_seed43,0.7646981477737427,5
187,H1_seed43,0.8164758682250977,5
188,H1_seed43,0.7762244939804077,5
189,H1_seed43,0.8419432640075684,4
190,H1_seed43,0.8050627112388611,4
191,H1_seed43,0.8713234066963196,4
192,H1_seed43,0.8588861227035522,4
193,H1_seed43,0.8515945672988892,4
194,H1_seed43,0.8728654384613037,3
195,H1_seed43,0.7878186702728271,3
196,H1_seed43,0.9561068415641785,2
197,H1_seed43,0.9707857370376587,2
198,H1_seed43,0.9747055172920227,2
199,H1_seed43,0.9809898138046265,2
200,H1_seed43,0.9646235704421997,2
201,H1_seed43,0.9698901772499084,2
202,H1_seed43,0.9769147634506226,2
203,H1_seed43,0.9711081385612488,2
204,H1_seed43,0.9752902388572693,2
205,H1_seed43,0.9637371301651001,2
206,H1_seed43,0.9643325805664062,2
207,H1_seed43,0.9438654780387878,3
208,H1_seed43,0.9244876503944397,3
209,H1_seed43,0.8455650806427002,3
210,H1_seed43,0.6414164900779724,3
211,H1_seed43,0.9459565877914429,2
212,H1_seed43,0.9696639776229858,2
213,H1_seed43,0.946601152420044,2
214,H1_seed43,0.9831972122192383,2
215,H1_seed43,0.9427789449691772,2
216,H1_seed43,0.9508136510848999,2
217,H1_seed43,0.9792802929878235,2
218,H1_seed43,0.9340206980705261,2
219,H1_seed43,0.965029239654541,2
220,H1_seed43,0.8690810799598694,2
221,H1_seed43,0.9109836220741272,2
222,H1_seed43,0.8520591259002686,2
223,H1_seed43,0.7089040279388428,2
224,H1_seed43,0.8120300769805908,1
225,H1_seed43,0.8661417365074158,1
226,H1_seed43,0.8785046935081482,1
227,H1_seed43,0.8172042965888977,1
228,H1_seed43,0.8269230723381042,1
229,H1_seed43,0.8653846383094788,1
230,H1_seed43,0.8367347121238708,1
231,H1_seed43,0.7333333492279053,1
232,H1_seed43,0.800000011920929,1
233,H1_seed43,0.8571428656578064,1
234,H1_seed43,0.8172042965888977,1
235,H1_seed43,0.7628865838050842,1
236,H1_seed43,0.8363636136054993,1
237,H1_seed43,0.8623853325843811,1
238,H1_seed43,0.9369369149208069,1
239,H1_seed43,0.8849557638168335,1
240,H1_seed43,0.8695651888847351,1
241,H1_seed43,0.10619468986988068,1
242,H1_seed43,0.4322766661643982,1
243,H1_seed43,0.5348837375640869,1
244,H1_seed43,0.5968992114067078,1
245,H1_seed43,0.6492146849632263,1
246,H1_seed43,0.7028753757476807,1
247,H1_seed43,0.6798029541969299,1
248,H1_seed43,0.7620396614074707,1
249,H1_seed43,0.7854356169700623,1
250,H1_seed43,0.8289638161659241,1
251,H1_seed43,0.8516284823417664,1
252,H1_seed43,0.925726592540741,1
253,H1_seed43,0.947576642036438,1
254,H1_seed43,0.966698408126831,1
255,H1_seed43,0.9405099153518677,1
256,H1_seed43,0.9770212769508362,1
257,H1_seed43,0.9674861431121826,1
258,H1_seed43,0.9790859818458557,1
259,H1_seed43,0.9583017230033875,1
260,H1_seed43,0.9701704382896423,1
261,H1_seed43,0.9738079309463501,1
262,H1_seed43,0.9855072498321533,1
263,H1_seed43,0.975452184677124,1
264,H1_seed43,0.9703337550163269,1
265,H1_seed43,0.970095694065094,1
266,H1_seed43,0.9858155846595764,1
267,H1_seed43,0.9779070019721985,1
268,H1_seed43,0.9698996543884277,1
269,H1_seed43,0.978284478187561,1
270,H1_seed43,0.9871657490730286,1
271,H1_seed43,0.9766949415206909,1
272,H1_seed43,0.9673858284950256,1
273,H1_seed43,0.9841112494468689,1
274,H1_seed43,0.9901671409606934,1
275,H1_seed43,0.9796116352081299,1
276,H1_seed43,0.9773929715156555,1
277,H1_seed43,0.9882903695106506,1
278,H1_seed43,0.9874826073646545,1
279,H1_seed43,0.9742646813392639,1
280,H1_seed43,0.9724010825157166,1
281,H1_seed43,0.9828624129295349,1
282,H1_seed43,0.9874709844589233,1
283,H1_seed43,0.9835911989212036,1
284,H1_seed43,0.9461615085601807,1
285,H1_seed43,0.936964213848114,1
286,H1_seed43,0.9436262249946594,1
287,H1_seed43,0.9329268336296082,1
288,H1_seed43,0.8858057856559753,1
289,H1_seed43,0.8826135396957397,1
290,H1_seed43,0.9333333373069763,1
291,H1_seed43,0.9014598727226257,1
292,H1_seed43,0.8446163535118103,1
293,H1_seed43,0.7471186518669128,1
294,H1_seed43,0.6564019322395325,1
295,H1_seed43,0.6593776345252991,1
296,H1_seed43,0.6062639951705933,1
297,H1_seed43,4.2553191526017997e-10,1
298,H1_seed43,0.1538461595773697,1
299,H1_seed43,1.2658227799278166e-09,1
300,H1_seed43,1.8181818273177441e-09,1
301,H1_seed43,1.6949153192058475e-09,1
302,H1_seed43,1.0752688739401606e-09,1
303,H1_seed43,1.4925373159613287e-09,1
304,H1_seed43,0.42500001192092896,2
305,H1_seed43,0.4444444477558136,2
306,H1_seed43,0.38655462861061096,2
307,H1_seed43,0.40816327929496765,2
308,H1_seed43,0.43624159693717957,2
309,H1_seed43,0.4751381278038025,2
310,H1_seed43,0.6047865748405457,2
311,H1_seed43,0.7041050791740417,3
312,H1_seed43,0.7548790574073792,3
313,H1_seed43,0.6159314513206482,3
314,H1_seed43,0.7574484944343567,3
315,H1_seed43,0.8287463784217834,3
316,H1_seed43,0.4812060296535492,3
317,H1_seed43,0.3156681954860687,3
318,H1_seed43,0.37368905544281006,3
319,H1_seed43,0.4315541982650757,4
320,H1_seed43,0.5237001776695251,4
321,H1_seed43,0.5793818831443787,4
322,H1_seed43,0.6441754698753357,4
323,H1_seed43,0.7018150091171265,4
324,H1_seed43,0.6942658424377441,4
325,H1_seed43,0.6928486824035645,4
326,H1_seed43,0.7065064311027527,4
327,H1_seed43,0.8250238299369812,4
328,H1_seed43,0.7827454805374146,4
329,H1_seed43,0.7988735437393188,4
330,H1_seed43,0.8313560485839844,4
331,H1_seed43,0.8348146080970764,4
332,H1_seed43,0.8206275701522827,4
333,H1_seed43,0.8816894292831421,4
334,H1_seed43,0.8769634962081909,4
335,H1_seed43,0.8882426619529724,4
336,H1_seed43,0.7995674014091492,4
337,H1_seed43,0.8099315166473389,4
338,H1_seed43,0.7874755859375,4
339,H1_seed43,0.7974056601524353,4
340,H1_seed43,0.8536069989204407,4
341,H1_seed43,0.8598036766052246,4
342,H1_seed43,0.8750561475753784,4
343,H1_seed43,0.9197443127632141,4
344,H1_seed43,0.8967546820640564,4
345,H1_seed43,0.8992416858673096,4
346,H1_seed43,0.8887086510658264,4
347,H1_seed43,0.7086518406867981,5
348,H1_seed43,0.8798197507858276,5
349,H1_seed43,0.893011748790741,5
350,H1_seed43,0.8618780970573425,5
351,H1_seed43,0.902440071105957,5
352,H1_seed43,0.907797634601593,5
353,H1_seed43,0.9031257629394531,5
354,H1_seed43,0.8665719032287598,5
355,H1_seed43,0.7374060153961182,6
356,H1_seed43,0.7592843174934387,6
357,H1_seed43,0.7584927082061768,6
358,H1_seed43,0.7576703429222107,6
359,H1_seed43,0.8093382716178894,6
360,H1_seed43,0.92584627866745,6
361,H1_seed43,0.924226701259613,6
362,H1_seed43,0.9078156352043152,6
363,H1_seed43,0.9207461476325989,6
364,H1_seed43,0.9341912269592285,6
365,H1_seed43,0.9212390780448914,6
366,H1_seed43,0.903145968914032,6
367,H1_seed43,0.9007484912872314,6
368,H1_seed43,0.8568331599235535,6
369,H1_seed43,0.8759506344795227,6
370,H1_seed43,0.8329848051071167,7
371,H1_seed43,0.8468453288078308,7
372,H1_seed43,0.8768860697746277,7
373,H1_seed43,0.8031073808670044,7
374,H1_seed43,0.7747071385383606,7
375,H1_seed43,0.8580179214477539,7
376,H1_seed43,0.743560791015625,7
377,H1_seed43,0.832115650177002,6
378,H1_seed43,0.7401764988899231,6
379,H1_seed43,0.5113157033920288,7
380,H1_seed43,0.5135833621025085,8
381,H1_seed43,0.467893123626709,8
382,H1_seed43,0.3824978470802307,8
383,H1_seed43,0.5113093852996826,6
384,H1_seed43,0.6113455891609192,6
385,H1_seed43,0.6149839758872986,6
386,H1_seed43,0.5726053714752197,6
387,H1_seed43,0.8588528633117676,4
388,H1_seed43,0.7508496642112732,4
389,H1_seed43,0.7058389782905579,4
390,H1_seed43,0.9232763648033142,3
391,H1_seed43,0.948767364025116,3
392,H1_seed43,0.9399588108062744,3
393,H1_seed43,0.9403908252716064,3
394,H1_seed43,0.9554653763771057,3
395,H1_seed43,0.9648149609565735,3
396,H1_seed43,0.9682390689849854,3
397,H1_seed43,0.954167902469635,3
398,H1_seed43,0.9500200748443604,3
399,H1_seed43,0.9502778649330139,3
400,H1_seed43,0.9576452374458313,3
401,H1_seed43,0.9532372355461121,3
402,H1_seed43,0.9460409283638,3
403,H1_seed43,0.9554488062858582,3
404,H1_seed43,0.964350700378418,3
405,H1_seed43,0.9536977410316467,3
406,H1_seed43,0.9528794288635254,3
407,H1_seed43,0.8031030893325806,4
408,H1_seed43,0.8324657678604126,4
409,H1_seed43,0.834388792514801,4
410,H1_seed43,0.8368871808052063,4
411,H1_seed43,0.9274104833602905,4
412,H1_seed43,0.9467527270317078,4
413,H1_seed43,0.9485995173454285,4
414,H1_seed43,0.9332773685455322,4
415,H1_seed43,0.9368249177932739,4
416,H1_seed43,0.945778489112854,4
417,H1_seed43,0.9603970050811768,4
418,H1_seed43,0.9299050569534302,4
419,H1_seed43,0.9517004489898682,4
420,H1_seed43,0.9720367789268494,4
421,H1_seed43,0.9352430701255798,4
422,H1_seed43,0.9110023379325867,4
423,H1_seed43,0.9628050327301025,4
424,H1_seed43,0.9667576551437378,4
425,H1_seed43,0.9325305223464966,4
426,H1_seed43,0.9026739001274109,4
427,H1_seed43,0.890740692615509,4
428,H1_seed43,0.9207154512405396,4
429,H1_seed43,0.936833381652832,4
430,H1_seed43,0.8615449666976929,4
431,H1_seed43,0.7179810404777527,3
432,H1_seed43,0.7764952182769775,3
433,H1_seed43,0.8659944534301758,2
434,H1_seed43,0.9091934561729431,2
435,H1_seed43,0.9330747127532959,2
436,H1_seed43,0.9447195529937744,2
437,H1_seed43,0.927824854850769,2
438,H1_seed43,0.8764313459396362,2
439,H1_seed43,0.8350050449371338,2
440,H1_seed43,0.8351424932479858,2
441,H1_seed43,0.808504581451416,2
442,H1_seed43,0.8071095943450928,2
443,H1_seed43,0.701298713684082,1
444,H1_seed43,0.6052631735801697,1
445,H1_seed43,0.5428571701049805,1
446,H1_seed43,0.4225352108478546,1
447,H1_seed43,0.52173912525177,1
448,H1_seed43,0.6222222447395325,1
449,H1_seed43,0.5777778029441833,1
450,H1_seed43,0.6181818246841431,1
451,H1_seed43,0.31578946113586426,1
452,H1_seed43,0.25,1
453,H1_seed43,0.5333333611488342,1
454,H1_seed43,0.3333333432674408,1
455,H1_seed43,0.41860464215278625,1
456,H1_seed43,0.2631579041481018,1
457,H1_seed43,0.22727273404598236,1
458,H1_seed43,0.6000000238418579,1
459,H1_seed43,3.448275887052432e-09,1
460,H1_seed43,0.2702702581882477,1
461,H1_seed43,0.3404255211353302,1
462,H1_seed43,0.24242424964904785,1
463,H1_seed43,0.11538461595773697,1
464,H1_seed43,1.515151559772221e-09,1
465,H1_seed43,1.999999943436137e-09,1
466,H1_seed43,0.560606062412262,1
467,H1_seed43,0.8795180916786194,1
468,H1_seed43,0.8842504620552063,1
469,H1_seed43,0.9283819794654846,1
470,H1_seed43,0.9422222375869751,1
471,H1_seed43,0.9523178935050964,1
472,H1_seed43,0.9560378193855286,1
473,H1_seed43,0.9541015625,1
474,H1_seed43,0.8999999761581421,1
475,H1_seed43,0.8367449045181274,1
476,H1_seed43,0.9033112525939941,1
477,H1_seed43,0.8580619096755981,1
478,H1_seed43,0.9181860685348511,1
479,H1_seed43,0.8170796036720276,1
480,H1_seed43,0.6239737272262573,1
481,H1_seed43,0.10679611563682556,1
482,H1_seed43,8.7489064604096e-11,1
483,H1_seed43,6.69792346585929e-11,1
484,H1_seed43,0.0154440151527524,1
485,H1_seed43,0.07425742596387863,1
486,H1_seed43,6.134969199322882e-10,1
487,H1_seed43,0.3595505654811859,1
488,H1_seed43,0.6840148568153381,1
489,H1_seed43,0.7376237511634827,1
490,H1_seed43,0.8506787419319153,1
491,H1_seed43,0.7957957983016968,1
492,H1_seed43,0.3627685010433197,2
493,H1_seed43,0.4284582734107971,2
494,H1_seed43,0.723256528377533,3
495,H1_seed43,0.7314000725746155,3
496,H1_seed43,0.8451478481292725,3
497,H1_seed43,0.7731731534004211,3
498,H1_seed43,0.7720270752906799,3
499,H1_seed43,0.6839323043823242,3
500,H1_seed43,0.7326586842536926,3
501,H1_seed43,0.8741733431816101,3
502,H1_seed43,0.8796241879463196,3
503,H1_seed43,0.9062115550041199,3
504,H1_seed43,0.8497710227966309,3
505,H1_seed43,0.9074978232383728,3
506,H1_seed43,0.8925011157989502,3
507,H1_seed43,0.9459874629974365,3
508,H1_seed43,0.6043902039527893,5
509,H1_seed43,0.7178680300712585,5
510,H1_seed43,0.592950701713562,6
511,H1_seed43,0.5650105476379395,6
512,H1_seed43,0.5702061653137207,6
513,H1_seed43,0.6244131922721863,6
514,H1_seed43,0.5856202244758606,7
515,H1_seed43,0.6848684549331665,7
516,H1_seed43,0.7196987271308899,7
517,H1_seed43,0.7249642610549927,7
518,H1_seed43,0.7753601670265198,7
519,H1_seed43,0.7861769795417786,7
520,H1_seed43,0.880162239074707,7
521,H1_seed43,0.7883766889572144,7
522,H1_seed43,0.8221064805984497,7
523,H1_seed43,0.952498733997345,7
524,H1_seed43,0.9188157320022583,8
525,H1_seed43,0.9414775371551514,9
526,H1_seed43,0.9203789234161377,9
527,H1_seed43,0.8652158975601196,9
528,H1_seed43,0.8942809700965881,9
529,H1_seed43,0.9084803462028503,9
530,H1_seed43,0.9276872277259827,9
531,H1_seed43,0.9276089072227478,9
532,H1_seed43,0.8901536464691162,9
533,H1_seed43,0.9184142351150513,9
534,H1_seed43,0.8748770952224731,9
535,H1_seed43,0.8710867166519165,10
536,H1_seed43,0.827303409576416,10
537,H1_seed43,0.906922459602356,9
538,H1_seed43,0.9338675737380981,9
539,H1_seed43,0.8806750178337097,8
540,H1_seed43,0.9296675324440002,8
541,H1_seed43,0.9130219221115112,8
542,H1_seed43,0.891103208065033,8
543,H1_seed43,0.9072163701057434,7
544,H1_seed43,0.8368920087814331,5
545,H1_seed43,0.9158086776733398,4
546,H1_seed43,0.9062947630882263,4
547,H1_seed43,0.9774108529090881,3
548,H1_seed43,0.9845673441886902,3
549,H1_seed43,0.9787259697914124,3
550,H1_seed43,0.980421245098114,3
551,H1_seed43,0.9807701706886292,3
552,H1_seed43,0.9732453227043152,3
553,H1_seed43,0.9759438037872314,3
554,H1_seed43,0.9683486819267273,3
555,H1_seed43,0.9391991496086121,4
556,H1_seed43,0.972713828086853,4
557,H1_seed43,0.9409594535827637,4
558,H1_seed43,0.9686643481254578,4
559,H1_seed43,0.9518722295761108,4
560,H1_seed43,0.9693403244018555,4
561,H1_seed43,0.9550678730010986,4
562,H1_seed43,0.9461709260940552,4
563,H1_seed43,0.9744943976402283,4
564,H1_seed43,0.9555581212043762,4
565,H1_seed43,0.9665316343307495,4
566,H1_seed43,0.9517894387245178,4
567,H1_seed43,0.9221265912055969,4
568,H1_seed43,0.9263603687286377,4
569,H1_seed43,0.9050674438476562,4
570,H1_seed43,0.8346251845359802,3
571,H1_seed43,0.8954532146453857,3
572,H1_seed43,0.9144662618637085,2
573,H1_seed43,0.9463393092155457,2
574,H1_seed43,0.9044715166091919,2
575,H1_seed43,0.9582967758178711,2
576,H1_seed43,0.9087013602256775,2
577,H1_seed43,0.8940639495849609,2
578,H1_seed43,0.8401526808738708,2
579,H1_seed43,0.9074074029922485,1
580,H1_seed43,0.9090909361839294,1
581,H1_seed43,0.9433962106704712,1
582,H1_seed43,0.9504950642585754,1
583,H1_seed43,0.9399999976158142,1
584,H1_seed43,0.9200000166893005,1
585,H1_seed43,0.9375,1
586,H1_seed43,0.8999999761581421,1
587,H1_seed43,0.9213483333587646,1
588,H1_seed43,0.8470588326454163,1
589,H1_seed43,0.8181818127632141,1
590,H1_seed43,0.8095238208770752,1
591,H1_seed43,0.8205128312110901,1
592,H1_seed43,0.7761194109916687,1
593,H1_seed43,0.9375,1
594,H1_seed43,0.875,1
595,H1_seed43,0.8363636136054993,1
596,H1_seed43,0.7307692170143127,1
597,H1_seed43,0.7843137383460999,1
598,H1_seed43,0.7599999904632568,1
599,H1_seed43,0.7692307829856873,1
600,H1_seed43,0.8301886916160583,1
601,H1_seed43,0.7692307829856873,1
602,H1_seed43,0.8333333134651184,1
603,H1_seed43,0.8627451062202454,1
604,H1_seed43,0.8070175647735596,1
605,H1_seed43,0.8358209133148193,1
606,H1_seed43,0.8115941882133484,1
607,H1_seed43,0.9722222089767456,1
608,H1_seed43,0.9014084339141846,1
609,H1_seed43,0.7865168452262878,1
610,H1_seed43,0.7916666865348816,1
611,H1_seed43,0.75,1
612,H1_seed43,0.7551020383834839,1
613,H1_seed43,0.8823529481887817,1
614,H1_seed43,0.8717948794364929,1
615,H1_seed43,0.9032257795333862,1
616,H1_seed43,0.8907563090324402,1
617,H1_seed43,0.8297872543334961,1
618,H1_seed43,0.7560975551605225,1
619,H1_seed43,0.5882353186607361,1
620,H1_seed43,0.3684210479259491,1
621,H1_seed43,0.3589743673801422,1
622,H1_seed43,0.25,1
623,H1_seed43,0.07692307978868484,1
624,H1_seed43,4.166666567329003e-09,1
625,H1_seed43,3.1250000365190544e-09,1
626,H1_seed43,2.7027027282855443e-09,1
627,H1_seed43,2.3255815051470563e-09,1
628,H1_seed43,0.14457830786705017,1
629,H1_seed43,0.35483869910240173,1
630,H1_seed43,0.625,1
631,H1_seed43,0.7894737124443054,1
632,H1_seed43,0.4444444477558136,1
633,H1_seed43,0.5614035129547119,1
634,H1_seed43,0.508474588394165,1
635,H1_seed43,0.7878788113594055,1
636,H1_seed43,0.8235294222831726,1
637,H1_seed43,0.692307710647583,1
638,H1_seed43,0.5757575631141663,1
639,H1_seed43,0.517241358757019,1
640,H1_seed43,0.5,1
641,H1_seed43,0.5862069129943848,1
642,H1_seed43,0.7352941036224365,1
643,H1_seed43,0.7714285850524902,1
644,H1_seed43,0.6760563254356384,1
645,H1_seed43,0.7428571581840515,1
646,H1_seed43,0.7878788113594055,1
647,H1_seed43,0.8205128312110901,1
648,H1_seed43,0.7837837934494019,1
649,H1_seed43,0.6933333277702332,1
650,H1_seed43,0.6753246784210205,1
651,H1_seed43,0.7368420958518982,1
652,H1_seed43,0.9069767594337463,1
653,H1_seed43,0.9387755393981934,1
654,H1_seed43,0.8807339668273926,1
655,H1_seed43,0.800000011920929,1
656,H1_seed43,0.8349514603614807,1
657,H1_seed43,0.893203854560852,1
658,H1_seed43,0.8833333253860474,1
659,H1_seed43,0.8732394576072693,1
660,H1_seed43,0.7719298005104065,1
661,H1_seed43,0.7049180269241333,1
662,H1_seed43,0.6666666865348816,1
663,H1_seed43,0.8264462947845459,1
664,H1_seed43,0.7899159789085388,1
665,H1_seed43,0.730434775352478,1
666,H1_seed43,0.6722689270973206,1
667,H1_seed43,0.626086950302124,1
668,H1_seed43,0.8125,1
669,H1_seed43,0.8571428656578064,1
670,H1_seed43,0.9024389982223511,1
671,H1_seed43,0.9090909361839294,1
672,H1_seed43,0.800000011920929,1
673,H1_seed43,0.6813187003135681,1
674,H1_seed43,0.5663716793060303,1
675,H1_seed43,0.6352941393852234,1
676,H1_seed43,0.6105918884277344,1
677,H1_seed43,0.946360170841217,1
678,H1_seed43,0.9665354490280151,1
679,H1_seed43,0.9764785170555115,1
680,H1_seed43,0.9855741262435913,1
681,H1_seed43,0.9878385663032532,1
682,H1_seed43,0.9875109195709229,1
683,H1_seed43,0.9791666865348816,1
684,H1_seed43,0.9822263717651367,1
685,H1_seed43,0.8865979313850403,1
686,H1_seed43,0.747826099395752,1
687,H1_seed43,0.9599999785423279,1
688,H1_seed43,0.9757785201072693,1
689,H1_seed43,0.9795918464660645,1
690,H1_seed43,0.9814814925193787,1
691,H1_seed43,0.92356276512146,2
692,H1_seed43,0.8461616039276123,2
693,H1_seed43,0.9188376069068909,4
694,H1_seed43,0.9266003966331482,4
695,H1_seed43,0.9123834371566772,4
696,H1_seed43,0.8483069539070129,5
697,H1_seed43,0.8956664204597473,5
698,H1_seed43,0.8968237042427063,5
699,H1_seed43,0.8757944107055664,5
700,H1_seed43,0.8487586379051208,6
701,H1_seed43,0.9118359684944153,6
702,H1_seed43,0.9295818209648132,7
703,H1_seed43,0.8690064549446106,7
704,H1_seed43,0.8533157110214233,8
705,H1_seed43,0.885228157043457,10
706,H1_seed43,0.8042893409729004,10
707,H1_seed43,0.8631882071495056,9
708,H1_seed43,0.814281165599823,7
709,H1_seed43,0.8238970637321472,6
710,H1_seed43,0.8299894332885742,4
711,H1_seed43,0.9543235898017883,3
712,H1_seed43,0.9588597416877747,3
713,H1_seed43,0.9599868655204773,3
714,H1_seed43,0.9586407542228699,3
715,H1_seed43,0.9642209410667419,3
716,H1_seed43,0.9461524486541748,4
717,H1_seed43,0.9469339847564697,4
718,H1_seed43,0.9258063435554504,3
719,H1_seed43,0.9215698838233948,3
720,H1_seed43,0.7069762349128723,3
721,H1_seed43,0.8810403347015381,2
722,H1_seed43,0.855786144733429,2
723,H1_seed43,0.8913112282752991,2
724,H1_seed43,0.7772665023803711,2
725,H1_seed43,0.6666666865348816,1
726,H1_seed43,0.6607142686843872,1
727,H1_seed43,0.6811988949775696,1
728,H1_seed43,0.9407216310501099,1
729,H1_seed43,0.7862513661384583,1
730,H1_seed43,0.9120678901672363,1
731,H1_seed43,0.9458749294281006,1
732,H1_seed43,0.8712871074676514,1
733,H1_seed43,0.9757575988769531,1
734,H1_seed43,0.9052106142044067,1
735,H1_seed43,0.9662162065505981,1
736,H1_seed43,0.9608938694000244,1
737,H1_seed43,0.9222586154937744,1
738,H1_seed43,0.9762124419212341,1
739,H1_seed43,0.9591320157051086,1
740,H1_seed43,0.9675236940383911,1
741,H1_seed43,0.9751982688903809,1
742,H1_seed43,0.9673202633857727,1
743,H1_seed43,0.9765012860298157,1
744,H1_seed43,0.985133171081543,1
745,H1_seed43,0.9744681119918823,1
746,H1_seed43,0.9794225096702576,1
747,H1_seed43,0.9826861619949341,1
748,H1_seed43,0.9764849543571472,1
749,H1_seed43,0.9744590520858765,1
750,H1_seed43,0.9577674269676208,1
751,H1_seed43,0.9719378352165222,1
752,H1_seed43,0.973077654838562,1
753,H1_seed43,0.9414132237434387,1
754,H1_seed43,0.9410694241523743,1
755,H1_seed43,0.8811610341072083,1
756,H1_seed43,0.9402173757553101,1
757,H1_seed43,0.9334234595298767,1
758,H1_seed43,0.9218106865882874,1
759,H1_seed43,0.921999990940094,1
760,H1_seed43,0.9079179167747498,1
761,H1_seed43,0.908939003944397,1
762,H1_seed43,0.7440381646156311,1
763,H1_seed43,1.086956524787297e-09,1
764,H1_seed43,1.7857143541633036e-09,1
765,H1_seed43,9.174311865756124e-10,1
766,H1_seed43,3.6764705169112233e-10,1
767,H1_seed43,3.086419730902179e-10,1
768,H1_seed43,0.33980581164360046,2
769,H1_seed43,0.623902440071106,2
770,H1_seed43,0.4419420659542084,2
771,H1_seed43,0.4420054256916046,3
772,H1_seed43,0.5133271813392639,3
773,H1_seed43,0.4824475049972534,3
774,H1_seed43,0.5571672320365906,3
775,H1_seed43,0.4784185588359833,3
776,H1_seed43,0.4667854309082031,3
777,H1_seed43,0.43939101696014404,3
778,H1_seed43,0.4940226078033447,3
779,H1_seed43,0.4597313702106476,3
780,H1_seed43,0.47048425674438477,3
781,H1_seed43,0.45017001032829285,3
782,H1_seed43,0.47898802161216736,4
783,H1_seed43,0.5783317685127258,5
784,H1_seed43,0.4490967094898224,6
785,H1_seed43,0.5059893727302551,6
786,H1_seed43,0.544582188129425,6
787,H1_seed43,0.5821888446807861,6
788,H1_seed43,0.6650316715240479,6
789,H1_seed43,0.7087942957878113,6
790,H1_seed43,0.7150738835334778,6
791,H1_seed43,0.7195809483528137,6
792,H1_seed43,0.7506341338157654,6
793,H1_seed43,0.7147013545036316,6
794,H1_seed43,0.7264957427978516,6
795,H1_seed43,0.8137006759643555,6
796,H1_seed43,0.7762978672981262,6
797,H1_seed43,0.7467185854911804,6
798,H1_seed43,0.7705295085906982,6
799,H1_seed43,0.7331257462501526,6
800,H1_seed43,0.7841505408287048,6
801,H1_seed43,0.7666409611701965,6
802,H1_seed43,0.7514398694038391,6
803,H1_seed43,0.6600926518440247,6
804,H1_seed43,0.5228415727615356,7
805,H1_seed43,0.6214637756347656,7
806,H1_seed43,0.586054801940918,7
807,H1_seed43,0.6336705088615417,7
808,H1_seed43,0.6427416205406189,7
809,H1_seed43,0.636555016040802,7
810,H1_seed43,0.6827305555343628,7
811,H1_seed43,0.705192506313324,8
812,H1_seed43,0.7294065952301025,8
813,H1_seed43,0.7396894693374634,8
814,H1_seed43,0.7084090709686279,8
815,H1_seed43,0.7490490674972534,9
816,H1_seed43,0.7430407404899597,9
817,H1_seed43,0.734002947807312,10
818,H1_seed43,0.7491496801376343,10
819,H1_seed43,0.6841724514961243,10
820,H1_seed43,0.667413592338562,10
821,H1_seed43,0.6459742784500122,10
822,H1_seed43,0.6444966793060303,9
823,H1_seed43,0.7806313037872314,8
824,H1_seed43,0.8286474347114563,7
825,H1_seed43,0.834477424621582,7
826,H1_seed43,0.8960480093955994,6
827,H1_seed43,0.8506979942321777,5
828,H1_seed43,0.9031100273132324,5
829,H1_seed43,0.9329694509506226,4
830,H1_seed43,0.9631016850471497,3
831,H1_seed43,0.967185914516449,3
832,H1_seed43,0.965019702911377,3
833,H1_seed43,0.9717216491699219,3
834,H1_seed43,0.9515178799629211,3
835,H1_seed43,0.9701488018035889,3
836,H1_seed43,0.9480888247489929,3
837,H1_seed43,0.8376139998435974,4
838,H1_seed43,0.8218352198600769,4
839,H1_seed43,0.9199037551879883,4
840,H1_seed43,0.9093108773231506,4
841,H1_seed43,0.8963778018951416,4
842,H1_seed43,0.9192509055137634,4
843,H1_seed43,0.9265293478965759,4
844,H1_seed43,0.8820574283599854,4
845,H1_seed43,0.8820194602012634,4
846,H1_seed43,0.8847988247871399,3
847,H1_seed43,0.7972071766853333,3
848,H1_seed43,0.9072148203849792,2
849,H1_seed43,0.9018818140029907,2
850,H1_seed43,0.928723931312561,2
851,H1_seed43,0.8585799932479858,2
852,H1_seed43,0.9209657311439514,2
853,H1_seed43,0.9196616411209106,2
854,H1_seed43,0.9354498982429504,2
855,H1_seed43,0.9644029140472412,2
856,H1_seed43,0.9115265011787415,2
857,H1_seed43,0.9549689292907715,2
858,H1_seed43,0.9600555300712585,2
859,H1_seed43,0.9499295949935913,2
860,H1_seed43,0.9602280855178833,2
861,H1_seed43,0.9411885738372803,2
862,H1_seed43,0.9389212131500244,2
863,H1_seed43,0.9483169317245483,2
864,H1_seed43,0.8759419918060303,2
865,H1_seed43,0.9339570999145508,2
866,H1_seed43,0.8878405094146729,2
867,H1_seed43,0.868852436542511,1
868,H1_seed43,0.9152542352676392,1
869,H1_seed43,0.7572815418243408,1
870,H1_seed43,0.8510638475418091,1
871,H1_seed43,0.8791208863258362,1
872,H1_seed43,0.800000011920929,1
873,H1_seed43,0.7384615540504456,1
874,H1_seed43,0.7924528121948242,1
875,H1_seed43,0.7241379022598267,1
876,H1_seed43,0.60317462682724,1
877,H1_seed43,0.9457755088806152,1
878,H1_seed43,0.9774802327156067,1
879,H1_seed43,0.9834827780723572,1
880,H1_seed43,0.9880136847496033,1
881,H1_seed43,0.9900000095367432,1
882,H1_seed43,0.9866421222686768,1
883,H1_seed43,0.9686716794967651,1
884,H1_seed43,0.8817891478538513,1
885,H1_seed43,0.7727272510528564,1
886,H1_seed43,0.9518716335296631,1
887,H1_seed43,0.9740633964538574,1
888,H1_seed43,0.9334605932235718,2
889,H1_seed43,0.7036452293395996,3
890,H1_seed43,0.8424819111824036,3
891,H1_seed43,0.8793234825134277,3
892,H1_seed43,0.8964177966117859,3
893,H1_seed43,0.941185474395752,3
894,H1_seed43,0.8196709752082825,3
895,H1_seed43,0.6681532859802246,5
896,H1_seed43,0.9102279543876648,5
897,H1_seed43,0.9140638113021851,5
898,H1_seed43,0.9087600708007812,5
899,H1_seed43,0.8330631256103516,6
900,H1_seed43,0.8244439959526062,7
901,H1_seed43,0.8062968850135803,8
902,H1_seed43,0.6658786535263062,10
903,H1_seed43,0.8384348750114441,10
904,H1_seed43,0.8891622424125671,10
905,H1_seed43,0.8299640417098999,10
906,H1_seed43,0.8534752726554871,7
907,H1_seed43,0.7387261390686035,6
908,H1_seed43,0.6468405723571777,5
909,H1_seed43,0.8184532523155212,3
910,H1_seed43,0.946675717830658,3
911,H1_seed43,0.9432642459869385,4
912,H1_seed43,0.9479638934135437,4
913,H1_seed43,0.9588576555252075,4
914,H1_seed43,0.9708496928215027,4
915,H1_seed43,0.9712272882461548,4
916,H1_seed43,0.63909512758255,4
917,H1_seed43,0.9590682983398438,2
918,H1_seed43,0.954882800579071,2
919,H1_seed43,0.9346413016319275,2
920,H1_seed43,0.9540766477584839,2
921,H1_seed43,0.9260812997817993,2
922,H1_seed43,0.8857142925262451,1
923,H1_seed43,0.892307698726654,1
924,H1_seed43,0.7659574747085571,1
925,H1_seed43,0.5128205418586731,1
926,H1_seed43,0.6470588445663452,1
927,H1_seed43,0.8440366983413696,1
928,H1_seed43,0.6884273290634155,1
929,H1_seed43,0.7809110879898071,1
930,H1_seed43,0.6318181753158569,1
931,H1_seed43,0.7010752558708191,1
932,H1_seed43,0.6869158744812012,1
933,H1_seed43,0.7186440825462341,1
934,H1_seed43,0.5681818127632141,1
935,H1_seed43,0.6436043977737427,2
936,H1_seed43,0.8867606520652771,3
937,H1_seed43,0.9432128071784973,3
938,H1_seed43,0.9036130905151367,3
939,H1_seed43,0.9043777585029602,3
940,H1_seed43,0.9164524078369141,4
941,H1_seed43,0.915153443813324,4
942,H1_seed43,0.9266047477722168,4
943,H1_seed43,0.9311438202857971,4
944,H1_seed43,0.928443193435669,4
945,H1_seed43,0.9187003374099731,5
946,H1_seed43,0.9130567908287048,6
947,H1_seed43,0.8806706666946411,7
948,H1_seed43,0.8674841523170471,9
949,H1_seed43,0.9180812835693359,9
950,H1_seed43,0.9461764097213745,9
951,H1_seed43,0.9425532221794128,9
952,H1_seed43,0.9148861765861511,10
953,H1_seed43,0.8403850793838501,10
954,H1_seed43,0.8511124849319458,8
955,H1_seed43,0.893783688545227,7
956,H1_seed43,0.8789785504341125,4
957,H1_seed43,0.9756049513816833,3
958,H1_seed43,0.9701667428016663,3
959,H1_seed43,0.9555776119232178,3
960,H1_seed43,0.959632933139801,3
961,H1_seed43,0.879202127456665,4
962,H1_seed43,0.9377397894859314,4
963,H1_seed43,0.912346363067627,3
964,H1_seed43,0.9516162872314453,2
965,H1_seed43,0.9509773254394531,2
966,H1_seed43,0.9192876219749451,2
967,H1_seed43,0.8363636136054993,1
968,H1_seed43,0.8571428656578064,1
969,H1_seed43,0.8292682766914368,1
970,H1_seed43,0.8780487775802612,1
971,H1_seed43,0.8235294222831726,1
972,H1_seed43,0.7804877758026123,1
973,H1_seed43,0.7906976938247681,1
974,H1_seed43,0.8205128312110901,1
975,H1_seed43,0.8717948794364929,1
976,H1_seed43,0.800000011920929,1
977,H1_seed43,0.7317073345184326,1
978,H1_seed43,0.7692307829856873,1
979,H1_seed43,0.6875,1
980,H1_seed43,0.75,1
981,H1_seed43,0.6666666865348816,1
982,H1_seed43,0.37735849618911743,1
983,H1_seed43,0.6296296119689941,1
984,H1_seed43,0.5652173757553101,1
985,H1_seed43,0.8260869383811951,1
986,H1_seed43,0.8444444537162781,1
987,H1_seed43,0.8260869383811951,1
988,H1_seed43,0.7272727489471436,1
989,H1_seed43,0.6000000238418579,1
990,H1_seed43,4.347826099149188e-09,1
991,H1_seed43,3.846154061903917e-09,1
992,H1_seed43,3.1250000365190544e-09,1
993,H1_seed43,3.030303119544442e-09,1
994,H1_seed43,2.7027027282855443e-09,1
995,H1_seed43,3.030303119544442e-09,1
996,H1_seed43,2.9411764135289786e-09,1
997,H1_seed43,3.999999886872274e-09,1
998,H1_seed43,0.6499999761581421,1
999,H1_seed43,0.8636363744735718,1
1000,H1_seed43,0.9019607901573181,1
1001,H1_seed43,0.7692307829856873,1
1002,H1_seed43,0.695035457611084,1
1003,H1_seed43,0.9857752323150635,1
1004,H1_seed43,0.9301397204399109,1
1005,H1_seed43,0.897777795791626,1
1006,H1_seed43,0.15062761306762695,1
1007,H1_seed43,0.44999998807907104,1
1008,H1_seed43,0.42944785952568054,2
1009,H1_seed43,0.4368189871311188,3
1010,H1_seed43,0.5399154424667358,3
1011,H1_seed43,0.6218071579933167,3
1012,H1_seed43,0.6502379775047302,3
1013,H1_seed43,0.6347160339355469,3
1014,H1_seed43,0.7578811049461365,3
1015,H1_seed43,0.8060954213142395,3
1016,H1_seed43,0.751724123954773,4
1017,H1_seed43,0.8119190335273743,4
1018,H1_seed43,0.800223708152771,4
1019,H1_seed43,0.7988497018814087,5
1020,H1_seed43,0.8639837503433228,5
1021,H1_seed43,0.9115060567855835,5
1022,H1_seed43,0.8881449699401855,6
1023,H1_seed43,0.6949852108955383,7
1024,H1_seed43,0.7273434400558472,7
1025,H1_seed43,0.688832700252533,8
1026,H1_seed43,0.7882186770439148,8
1027,H1_seed43,0.7685632705688477,9
1028,H1_seed43,0.7957122325897217,8
1029,H1_seed43,0.7553039193153381,7
1030,H1_seed43,0.6898656487464905,7
1031,H1_seed43,0.6218476295471191,7
1032,H1_seed43,0.4743213653564453,7
1033,H1_seed43,0.5070092082023621,5
1034,H1_seed43,0.6121354699134827,3
1035,H1_seed43,0.7384770512580872,3
1036,H1_seed43,0.7559019923210144,3
1037,H1_seed43,0.7905594706535339,3
1038,H1_seed43,0.8306019306182861,4
1039,H1_seed43,0.7893946766853333,4
1040,H1_seed43,0.7141071557998657,4
1041,H1_seed43,0.9651132225990295,3
1042,H1_seed43,0.9431431889533997,3
1043,H1_seed43,0.9478352069854736,3
1044,H1_seed43,0.9234734177589417,3
1045,H1_seed43,0.9451761841773987,3
1046,H1_seed43,0.9591638445854187,2
1047,H1_seed43,0.9408366680145264,2
1048,H1_seed43,0.9689843654632568,2
1049,H1_seed43,0.8566806316375732,2
1050,H1_seed43,0.939393937587738,1
1051,H1_seed43,0.695652186870575,1
1052,H1_seed43,0.8333333134651184,1
1053,H1_seed43,0.800000011920929,1
1054,H1_seed43,0.4470588266849518,1
1055,H1_seed43,0.7755101919174194,1
1056,H1_seed43,0.5882353186607361,1
1057,H1_seed43,0.7701149582862854,1
1058,H1_seed43,0.963302731513977,1
1059,H1_seed43,0.9744712114334106,1
1060,H1_seed43,0.9840044379234314,1
1061,H1_seed43,0.9933333396911621,1
1062,H1_seed43,0.9868881106376648,1
1063,H1_seed43,0.9888983964920044,1
1064,H1_seed43,0.9890303015708923,1
1065,H1_seed43,0.9877934455871582,1
1066,H1_seed43,0.985200822353363,1
1067,H1_seed43,0.9872773289680481,1
1068,H1_seed43,0.9727427363395691,1
1069,H1_seed43,0.959612250328064,1
1070,H1_seed43,0.8333333134651184,1
1071,H1_seed43,0.9327731132507324,1
1072,H1_seed43,0.951870322227478,2
1073,H1_seed43,0.8628625869750977,3
1074,H1_seed43,0.7219997644424438,4
1075,H1_seed43,0.7904213666915894,4
1076,H1_seed43,0.9265956878662109,4
1077,H1_seed43,0.9557579159736633,5
1078,H1_seed43,0.9250308871269226,5
1079,H1_seed43,0.9523871541023254,5
1080,H1_seed43,0.9136912226676941,6
1081,H1_seed43,0.9536828994750977,6
1082,H1_seed43,0.9328412413597107,6
1083,H1_seed43,0.9186932444572449,6
1084,H1_seed43,0.9333547949790955,6
1085,H1_seed43,0.9466142058372498,6
1086,H1_seed43,0.9355271458625793,6
1087,H1_seed43,0.8100394010543823,9
1088,H1_seed43,0.8884156346321106,9
1089,H1_seed43,0.8331177830696106,10
1090,H1_seed43,0.8832588195800781,9
1091,H1_seed43,0.8390563726425171,8
1092,H1_seed43,0.8318967819213867,8
1093,H1_seed43,0.7363425493240356,8
1094,H1_seed43,0.7295703291893005,4
1095,H1_seed43,0.9778038859367371,3
1096,H1_seed43,0.9744951128959656,3
1097,H1_seed43,0.9803845882415771,3
1098,H1_seed43,0.9818357825279236,3
1099,H1_seed43,0.9699867367744446,3
1100,H1_seed43,0.8311126828193665,4
1101,H1_seed43,0.9388828277587891,4
1102,H1_seed43,0.9228794574737549,4
1103,H1_seed43,0.9202756285667419,4
1104,H1_seed43,0.9684380292892456,2
1105,H1_seed43,0.9627560377120972,2
1106,H1_seed43,0.8868403434753418,2
1107,H1_seed43,0.3966005742549896,1
1108,H1_seed43,0.9147658944129944,1
1109,H1_seed43,0.9160305261611938,1
1110,H1_seed43,0.9518151879310608,1
1111,H1_seed43,0.9519015550613403,1
1112,H1_seed43,0.9406805038452148,1
1113,H1_seed43,0.7778542041778564,1
1114,H1_seed43,0.7184466123580933,1
1115,H1_seed43,0.9440389275550842,1
1116,H1_seed43,0.95923912525177,1
1117,H1_seed43,0.9622266292572021,1
1118,H1_seed43,0.9641434550285339,1
1119,H1_seed43,0.9485458135604858,2
1120,H1_seed43,0.9598487019538879,2
1121,H1_seed43,0.8738607168197632,4
1122,H1_seed43,0.8075324892997742,5
1123,H1_seed43,0.8666999340057373,6
1124,H1_seed43,0.9058271050453186,6
1125,H1_seed43,0.9081905484199524,6
1126,H1_seed43,0.8627064824104309,7
1127,H1_seed43,0.8548980355262756,7
1128,H1_seed43,0.8672440052032471,8
1129,H1_seed43,0.894757866859436,8
1130,H1_seed43,0.9025024175643921,8
1131,H1_seed43,0.9272009134292603,8
1132,H1_seed43,0.9182471036911011,8
1133,H1_seed43,0.896472156047821,8
1134,H1_seed43,0.8902340531349182,8
1135,H1_seed43,0.8868848085403442,8
1136,H1_seed43,0.9231533408164978,7
1137,H1_seed43,0.8988690376281738,7
1138,H1_seed43,0.860898494720459,8
1139,H1_seed43,0.8472111821174622,6
1140,H1_seed43,0.8700135350227356,5
1141,H1_seed43,0.9733192920684814,3
1142,H1_seed43,0.9754549860954285,3
1143,H1_seed43,0.9754743576049805,3
1144,H1_seed43,0.9643418192863464,3
1145,H1_seed43,0.9597489237785339,3
1146,H1_seed43,0.9517095685005188,3
1147,H1_seed43,0.7998730540275574,4
1148,H1_seed43,0.8805084228515625,3
1149,H1_seed43,0.8946448564529419,2
1150,H1_seed43,0.8505659103393555,2
1151,H1_seed43,0.9083417654037476,2
1152,H1_seed43,0.9295774698257446,1
1153,H1_seed43,0.9230769276618958,1
1154,H1_seed43,0.9514563083648682,1
1155,H1_seed43,0.9135802388191223,1
1156,H1_seed43,0.921135663986206,1
1157,H1_seed43,0.9541779160499573,1
1158,H1_seed43,0.9233692288398743,1
1159,H1_seed43,0.8486096858978271,1
1160,H1_seed43,0.742382287979126,1
1161,H1_seed43,0.22641509771347046,1
1162,H1_seed43,0.5817409753799438,1
1163,H1_seed43,0.6677018404006958,1
1164,H1_seed43,0.8170616626739502,2
1165,H1_seed43,0.6139699816703796,5
1166,H1_seed43,0.7186903953552246,6
1167,H1_seed43,0.8131991028785706,6
1168,H1_seed43,0.704197883605957,6
1169,H1_seed43,0.8628340363502502,6
1170,H1_seed43,0.8207127451896667,6
1171,H1_seed43,0.766462504863739,7
1172,H1_seed43,0.7414970397949219,7
1173,H1_seed43,0.7877479195594788,7
1174,H1_seed43,0.727989137172699,7
1175,H1_seed43,0.7374359369277954,7
1176,H1_seed43,0.7450641393661499,7
1177,H1_seed43,0.599518895149231,8
1178,H1_seed43,0.672804594039917,6
1179,H1_seed43,0.7879924774169922,6
1180,H1_seed43,0.733879804611206,8
1181,H1_seed43,0.8649718761444092,8
1182,H1_seed43,0.8056848645210266,8
1183,H1_seed43,0.7692211866378784,7
1184,H1_seed43,0.8651866316795349,6
1185,H1_seed43,0.9504567384719849,4
1186,H1_seed43,0.9104691743850708,4
1187,H1_seed43,0.9295194745063782,4
1188,H1_seed43,0.8929218053817749,4
1189,H1_seed43,0.8619424104690552,2
1190,H1_seed43,0.9087686538696289,2
1191,H1_seed43,0.8794326186180115,1
1192,H1_seed43,0.8545454740524292,1
1193,H1_seed43,0.8888888955116272,1
1194,H1_seed43,0.8155339956283569,1
1195,H1_seed43,0.9375,1
1196,H1_seed43,0.907216489315033,1
1197,H1_seed43,0.7046263217926025,1
1198,H1_seed43,0.925476610660553,1
1199,H1_seed43,0.8409961462020874,1
1200,H1_seed43,0.802207887172699,1
1201,H1_seed43,0.7719298005104065,1
1202,H1_seed43,0.21307505667209625,1
1203,H1_seed43,0.7158620357513428,2
1204,H1_seed43,0.6992923617362976,4
1205,H1_seed43,0.8059492111206055,4
1206,H1_seed43,0.853683352470398,4
1207,H1_seed43,0.6913043856620789,6
1208,H1_seed43,0.7555980682373047,7
1209,H1_seed43,0.7619280219078064,7
1210,H1_seed43,0.8336074948310852,7
1211,H1_seed43,0.7568892240524292,7
1212,H1_seed43,0.6941232681274414,7
1213,H1_seed43,0.7443589568138123,7
1214,H1_seed43,0.8274211883544922,7
1215,H1_seed43,0.8389585614204407,7
1216,H1_seed43,0.8544495701789856,7
1217,H1_seed43,0.7994936108589172,7
1218,H1_seed43,0.7739283442497253,8
1219,H1_seed43,0.8860746026039124,7
1220,H1_seed43,0.8852521181106567,7
1221,H1_seed43,0.8785796761512756,7
1222,H1_seed43,0.8201070427894592,7
1223,H1_seed43,0.7749260067939758,7
1224,H1_seed43,0.8435579538345337,5
1225,H1_seed43,0.8829829096794128,5
1226,H1_seed43,0.873481273651123,4
1227,H1_seed43,0.9429413676261902,3
1228,H1_seed43,0.9117524027824402,3
1229,H1_seed43,0.8878827095031738,4
1230,H1_seed43,0.9041696190834045,4
1231,H1_seed43,0.8959950804710388,2
1232,H1_seed43,0.6833181381225586,2
1233,H1_seed43,0.7819172143936157,2
1234,H1_seed43,0.7761194109916687,1
1235,H1_seed43,0.5436893105506897,1
1236,H1_seed43,0.7926421165466309,1
1237,H1_seed43,0.796657383441925,1
1238,H1_seed43,0.8676824569702148,1
1239,H1_seed43,0.8288888931274414,1
1240,H1_seed43,0.9060987234115601,1
1241,H1_seed43,0.8734038472175598,1
1242,H1_seed43,0.945740818977356,1
1243,H1_seed43,0.9376969933509827,1
1244,H1_seed43,0.9601075649261475,1
1245,H1_seed43,0.9419943690299988,1
1246,H1_seed43,0.9542343616485596,1
1247,H1_seed43,0.9537659883499146,1
1248,H1_seed43,0.9598118662834167,1
1249,H1_seed43,0.9202693700790405,1
1250,H1_seed43,0.9032413959503174,1
1251,H1_seed43,0.9219037890434265,1
1252,H1_seed43,0.8791208863258362,1
1253,H1_seed43,0.9009009003639221,1
1254,H1_seed43,0.904791533946991,1
1255,H1_seed43,0.6000000238418579,1
1256,H1_seed43,0.7850467562675476,1
1257,H1_seed43,0.8698412775993347,1
1258,H1_seed43,0.9501084685325623,1
1259,H1_seed43,0.9620253443717957,1
1260,H1_seed43,0.9788918495178223,1
1261,H1_seed43,0.9627193212509155,1
1262,H1_seed43,0.9763481616973877,1
1263,H1_seed43,0.520068347454071,2
1264,H1_seed43,0.9425894021987915,2
1265,H1_seed43,0.9502943754196167,2
1266,H1_seed43,0.9149281978607178,2
1267,H1_seed43,0.8836079835891724,2
1268,H1_seed43,0.8948190808296204,2
1269,H1_seed43,0.8856642246246338,2
1270,H1_seed43,0.8774897456169128,2
1271,H1_seed43,0.8983919620513916,2
1272,H1_seed43,0.9216924905776978,2
1273,H1_seed43,0.9667556881904602,2
1274,H1_seed43,0.7262104153633118,3
1275,H1_seed43,0.8852295875549316,3
1276,H1_seed43,0.9616539478302002,3
1277,H1_seed43,0.9364021420478821,3
1278,H1_seed43,0.9695014357566833,3
1279,H1_seed43,0.9513352513313293,3
1280,H1_seed43,0.7204657793045044,4
1281,H1_seed43,0.7812970876693726,4
1282,H1_seed43,0.805966854095459,4
1283,H1_seed43,0.8264504671096802,4
1284,H1_seed43,0.8766080141067505,4
1285,H1_seed43,0.8357592821121216,4
1286,H1_seed43,0.8575754165649414,4
1287,H1_seed43,0.9051793813705444,4
1288,H1_seed43,0.8870855569839478,4
1289,H1_seed43,0.8272990584373474,4
1290,H1_seed43,0.7618962526321411,5
1291,H1_seed43,0.7492892146110535,5
1292,H1_seed43,0.8585820198059082,5
1293,H1_seed43,0.7570481300354004,6
1294,H1_seed43,0.7316946983337402,6
1295,H1_seed43,0.7797273993492126,6
1296,H1_seed43,0.874305009841919,6
1297,H1_seed43,0.888325035572052,6
1298,H1_seed43,0.8775984644889832,6
1299,H1_seed43,0.8997281193733215,6
1300,H1_seed43,0.8877281546592712,6
1301,H1_seed43,0.7711682915687561,7
1302,H1_seed43,0.6858385801315308,8
1303,H1_seed43,0.701784074306488,8
1304,H1_seed43,0.7725110054016113,9
1305,H1_seed43,0.7474905252456665,9
1306,H1_seed43,0.6348890066146851,10
1307,H1_seed43,0.691810667514801,9
1308,H1_seed43,0.639305055141449,9
1309,H1_seed43,0.6225324273109436,9
1310,H1_seed43,0.6507903933525085,9
1311,H1_seed43,0.7231382131576538,9
1312,H1_seed43,0.8089038729667664,8
1313,H1_seed43,0.7964838743209839,8
1314,H1_seed43,0.7755556106567383,8
1315,H1_seed43,0.7570377588272095,8
1316,H1_seed43,0.7619791030883789,8
1317,H1_seed43,0.7602713704109192,7
1318,H1_seed43,0.6318565011024475,7
1319,H1_seed43,0.6745383143424988,7
1320,H1_seed43,0.6131515502929688,7
1321,H1_seed43,0.7267219424247742,6
1322,H1_seed43,0.6311355829238892,6
1323,H1_seed43,0.6110016107559204,5
1324,H1_seed43,0.41959071159362793,5
1325,H1_seed43,0.5575026273727417,4
1326,H1_seed43,0.5362650752067566,4
1327,H1_seed43,0.4669598937034607,4
1328,H1_seed43,0.6804405450820923,4
1329,H1_seed43,0.675501823425293,4
1330,H1_seed43,0.6168950796127319,4
1331,H1_seed43,0.7707152962684631,3
1332,H1_seed43,0.7924928665161133,3
1333,H1_seed43,0.817866325378418,3
1334,H1_seed43,0.8483452796936035,3
1335,H1_seed43,0.7001307606697083,3
1336,H1_seed43,0.7296841740608215,3
1337,H1_seed43,0.5856755375862122,3
1338,H1_seed43,0.7794089913368225,3
1339,H1_seed43,0.8727914690971375,3
1340,H1_seed43,0.8467235565185547,3
1341,H1_seed43,0.8654971122741699,3
1342,H1_seed43,0.8592929840087891,3
1343,H1_seed43,0.8621988296508789,3
1344,H1_seed43,0.8363897800445557,3
1345,H1_seed43,0.862909734249115,3
1346,H1_seed43,0.8489751219749451,3
1347,H1_seed43,0.7855153679847717,3
1348,H1_seed43,0.8472880721092224,3
1349,H1_seed43,0.8210428357124329,3
1350,H1_seed43,0.7523579597473145,3
1351,H1_seed43,0.7345764636993408,3
1352,H1_seed43,0.5603274703025818,3
1353,H1_seed43,0.6471102833747864,3
1354,H1_seed43,0.6760365962982178,3
1355,H1_seed43,0.5441476106643677,3
1356,H1_seed43,0.3697949945926666,3
1357,H1_seed43,0.5822960734367371,2
1358,H1_seed43,0.5829265713691711,2
1359,H1_seed43,0.6146886348724365,2
1360,H1_seed43,0.6289792060852051,2
1361,H1_seed43,0.6499215364456177,2
1362,H1_seed43,0.6834956407546997,2
1363,H1_seed43,0.6817728281021118,2
1364,H1_seed43,0.6759604811668396,2
1365,H1_seed43,0.6903874278068542,2
1366,H1_seed43,0.7229305505752563,2
1367,H1_seed43,0.7353437542915344,2
1368,H1_seed43,0.7309372425079346,2
1369,H1_seed43,0.6394883394241333,2
1370,H1_seed43,0.3883495032787323,2
1371,H1_seed43,0.373913049697876,2
1372,H1_seed43,0.7755101919174194,1
1373,H1_seed43,0.7526881694793701,1
1374,H1_seed43,0.6511628031730652,1
1375,H1_seed43,0.8767123222351074,1
1376,H1_seed43,0.9115815758705139,1
1377,H1_seed43,0.9320091605186462,1
1378,H1_seed43,0.9222661256790161,1
1379,H1_seed43,0.6610407829284668,1
1380,H1_seed43,3.012048110928589e-10,1
1381,H1_seed43,0.4767441749572754,1
1382,H1_seed43,0.6511628031730652,1
1383,H1_seed43,0.7339449524879456,1
1384,H1_seed43,1.587301623473536e-09,1
1385,H1_seed43,0.9602888226509094,1
1386,H1_seed43,0.9657794833183289,1
1387,H1_seed43,0.6404898166656494,3
1388,H1_seed43,0.7223895788192749,4
1389,H1_seed43,0.722770094871521,4
1390,H1_seed43,0.7681782245635986,5
1391,H1_seed43,0.8697436451911926,5
1392,H1_seed43,0.9076557159423828,6
1393,H1_seed43,0.895780086517334,6
1394,H1_seed43,0.8876844048500061,6
1395,H1_seed43,0.8501003980636597,7
1396,H1_seed43,0.9093890190124512,7
1397,H1_seed43,0.7726933360099792,7
1398,H1_seed43,0.8919609189033508,7
1399,H1_seed43,0.8176551461219788,7
1400,H1_seed43,0.8389967679977417,7
1401,H1_seed43,0.8052188754081726,7
1402,H1_seed43,0.8611462712287903,7
1403,H1_seed43,0.7674058675765991,8
1404,H1_seed43,0.789476752281189,8
1405,H1_seed43,0.7567761540412903,8
1406,H1_seed43,0.8562430143356323,7
1407,H1_seed43,0.7225055694580078,8
1408,H1_seed43,0.7505693435668945,7
1409,H1_seed43,0.72566819190979,6
1410,H1_seed43,0.7371760606765747,5
1411,H1_seed43,0.7639412879943848,5
1412,H1_seed43,0.8436818718910217,3
1413,H1_seed43,0.8292515873908997,3
1414,H1_seed43,0.8492254614830017,3
1415,H1_seed43,0.8946194648742676,3
1416,H1_seed43,0.8622801303863525,4
1417,H1_seed43,0.8048914670944214,4
1418,H1_seed43,0.883298933506012,4
1419,H1_seed43,0.9016263484954834,4
1420,H1_seed43,0.8473518490791321,3
1421,H1_seed43,0.6860517263412476,2
1422,H1_seed43,0.7823784351348877,2
1423,H1_seed43,0.7102590799331665,2
1424,H1_seed43,0.47058823704719543,1
1425,H1_seed43,0.800000011920929,1
1426,H1_seed43,0.5586206912994385,1
1427,H1_seed43,0.7604395747184753,1
1428,H1_seed43,0.8477157354354858,1
1429,H1_seed43,0.8786251544952393,1
1430,H1_seed43,0.8853503465652466,1
1431,H1_seed43,0.9367412328720093,1
1432,H1_seed43,0.9420765042304993,1
1433,H1_seed43,0.9487447738647461,1
1434,H1_seed43,0.9257452487945557,1
1435,H1_seed43,0.7909091114997864,1
1436,H1_seed43,0.8769462704658508,1
1437,H1_seed43,0.8678881525993347,1
1438,H1_seed43,0.7901938557624817,1
1439,H1_seed43,0.30136987566947937,1
1440,H1_seed43,0.9599999785423279,1
1441,H1_seed43,0.9694656729698181,1
1442,H1_seed43,0.9230769276618958,1
1443,H1_seed43,0.9338964223861694,2
1444,H1_seed43,0.9471563100814819,2
1445,H1_seed43,0.9525424242019653,2
1446,H1_seed43,0.9792153835296631,2
1447,H1_seed43,0.9647171497344971,2
1448,H1_seed43,0.9862553477287292,2
1449,H1_seed43,0.9632989168167114,2
1450,H1_seed43,0.9785100221633911,2
1451,H1_seed43,0.9740708470344543,2
1452,H1_seed43,0.9667059183120728,2
1453,H1_seed43,0.9814170598983765,2
1454,H1_seed43,0.9638563394546509,2
1455,H1_seed43,0.9048829674720764,3
1456,H1_seed43,0.8809840083122253,3
1457,H1_seed43,0.8567716479301453,3
1458,H1_seed43,0.9155707359313965,3
1459,H1_seed43,0.8698028922080994,3
1460,H1_seed43,0.9528788924217224,3
1461,H1_seed43,0.9412989020347595,3
1462,H1_seed43,0.9203954339027405,3
1463,H1_seed43,0.6912150979042053,4
1464,H1_seed43,0.6761025190353394,5
1465,H1_seed43,0.846081554889679,5
1466,H1_seed43,0.8904826045036316,5
1467,H1_seed43,0.8899785876274109,5
1468,H1_seed43,0.9381159543991089,5
1469,H1_seed43,0.8730575442314148,6
1470,H1_seed43,0.7451713681221008,7
1471,H1_seed43,0.7723067402839661,7
1472,H1_seed43,0.7430484890937805,7
1473,H1_seed43,0.8156248927116394,7
1474,H1_seed43,0.813136875629425,7
1475,H1_seed43,0.8169434666633606,7
1476,H1_seed43,0.8461216688156128,7
1477,H1_seed43,0.8550207018852234,7
1478,H1_seed43,0.899453341960907,7
1479,H1_seed43,0.9144043326377869,7
1480,H1_seed43,0.9006708860397339,8
1481,H1_seed43,0.9033787846565247,8
1482,H1_seed43,0.899692952632904,8
1483,H1_seed43,0.8383418917655945,10
1484,H1_seed43,0.8376423120498657,10
1485,H1_seed43,0.8022583723068237,10
1486,H1_seed43,0.8541485071182251,10
1487,H1_seed43,0.8421334028244019,10
1488,H1_seed43,0.8604691624641418,10
1489,H1_seed43,0.8586298823356628,10
1490,H1_seed43,0.737150251865387,10
1491,H1_seed43,0.857994794845581,9
1492,H1_seed43,0.8284541368484497,9
1493,H1_seed43,0.7934973835945129,9
1494,H1_seed43,0.6732434034347534,9
1495,H1_seed43,0.8073035478591919,7
1496,H1_seed43,0.8015707731246948,7
1497,H1_seed43,0.6813391447067261,7
1498,H1_seed43,0.8685895204544067,4
1499,H1_seed43,0.8704187273979187,4
1500,H1_seed43,0.9354050755500793,3
1501,H1_seed43,0.9539332389831543,3
1502,H1_seed43,0.9493265151977539,3
1503,H1_seed43,0.9583494067192078,3
1504,H1_seed43,0.9614332318305969,3
1505,H1_seed43,0.9572246074676514,3
1506,H1_seed43,0.9668381810188293,3
1507,H1_seed43,0.9679715037345886,3
1508,H1_seed43,0.9614486694335938,3
1509,H1_seed43,0.9637839198112488,3
1510,H1_seed43,0.9590503573417664,3
1511,H1_seed43,0.9716940522193909,3
1512,H1_seed43,0.9624834656715393,3
1513,H1_seed43,0.9627135396003723,3
1514,H1_seed43,0.9624614715576172,3
1515,H1_seed43,0.8868952393531799,4
1516,H1_seed43,0.8957443833351135,4
1517,H1_seed43,0.8967627882957458,4
1518,H1_seed43,0.9358721971511841,4
1519,H1_seed43,0.9129827618598938,4
1520,H1_seed43,0.9242556095123291,4
1521,H1_seed43,0.9101636409759521,4
1522,H1_seed43,0.850611686706543,4
1523,H1_seed43,0.8523531556129456,3
1524,H1_seed43,0.7876255512237549,3
1525,H1_seed43,0.7382147908210754,3
1526,H1_seed43,0.6793360114097595,3
1527,H1_seed43,0.6446588635444641,3
1528,H1_seed43,0.9304641485214233,2
1529,H1_seed43,0.8714592456817627,2
1530,H1_seed43,0.863248348236084,2
1531,H1_seed43,0.831260085105896,2
1532,H1_seed43,0.8534715175628662,2
1533,H1_seed43,0.849926233291626,2
1534,H1_seed43,0.7892270088195801,2
1535,H1_seed43,0.6213755011558533,2
1536,H1_seed43,0.8156424760818481,1
1537,H1_seed43,0.6770833134651184,1
1538,H1_seed43,0.6969696879386902,1
1539,H1_seed43,0.7076923251152039,1
1540,H1_seed43,0.791208803653717,1
1541,H1_seed43,0.7415730357170105,1
1542,H1_seed43,0.6060606241226196,1
1543,H1_seed43,0.6666666865348816,1
1544,H1_seed43,0.644444465637207,1
1545,H1_seed43,0.795918345451355,1
1546,H1_seed43,0.7766990065574646,1
1547,H1_seed43,0.7735849022865295,1
1548,H1_seed43,0.8474576473236084,1
1549,H1_seed43,0.8292682766914368,1
1550,H1_seed43,0.7819548845291138,1
1551,H1_seed43,0.7839999794960022,1
1552,H1_seed43,0.8148148059844971,1
1553,H1_seed43,0.684684693813324,1
1554,H1_seed43,0.6086956262588501,1
1555,H1_seed43,0.6666666865348816,1
1556,H1_seed43,0.7407407164573669,1
1557,H1_seed43,0.701298713684082,1
1558,H1_seed43,0.7628865838050842,1
1559,H1_seed43,0.7692307829856873,1
1560,H1_seed43,0.8039867281913757,1
1561,H1_seed43,0.9478787779808044,1
1562,H1_seed43,0.9616087675094604,1
1563,H1_seed43,0.9574036598205566,1
1564,H1_seed43,0.953106701374054,1
1565,H1_seed43,0.9598330855369568,1
1566,H1_seed43,0.9394221901893616,1
1567,H1_seed43,0.9346061944961548,1
1568,H1_seed43,0.9196617603302002,1
1569,H1_seed43,0.9387060403823853,1
1570,H1_seed43,0.8685790300369263,1
1571,H1_seed43,0.9073529243469238,1
1572,H1_seed43,0.8561019897460938,1
1573,H1_seed43,0.9409368634223938,1
1574,H1_seed43,0.9471153616905212,1
1575,H1_seed43,0.9504950642585754,1
1576,H1_seed43,0.931034505367279,1
1577,H1_seed43,0.8242424130439758,1
1578,H1_seed43,0.6428571343421936,1
1579,H1_seed43,0.8949771523475647,1
1580,H1_seed43,0.9216867685317993,1
1581,H1_seed43,0.9839080572128296,1
1582,H1_seed43,0.9333333373069763,1
1583,H1_seed43,0.49408283829689026,2
1584,H1_seed43,0.58809494972229,2
1585,H1_seed43,0.8324350714683533,2
1586,H1_seed43,0.9707188606262207,2
1587,H1_seed43,0.9573502540588379,2
1588,H1_seed43,0.9808114171028137,2
1589,H1_seed43,0.9623111486434937,2
1590,H1_seed43,0.9698109030723572,2
1591,H1_seed43,0.9761074781417847,2
1592,H1_seed43,0.9650160670280457,2
1593,H1_seed43,0.9822720885276794,2
1594,H1_seed43,0.8270206451416016,3
1595,H1_seed43,0.8616482615470886,3
1596,H1_seed43,0.8574345111846924,3
1597,H1_seed43,0.8456664085388184,3
1598,H1_seed43,0.8572595119476318,3
1599,H1_seed43,0.889996349811554,3
1600,H1_seed43,0.8810165524482727,3
1601,H1_seed43,0.8838493227958679,3
1602,H1_seed43,0.847295343875885,3
1603,H1_seed43,0.8421220183372498,3
1604,H1_seed43,0.7596107721328735,4
1605,H1_seed43,0.658223569393158,5
1606,H1_seed43,0.7005337476730347,5
1607,H1_seed43,0.7788835763931274,5
1608,H1_seed43,0.8432480096817017,5
1609,H1_seed43,0.7004587054252625,6
1610,H1_seed43,0.6575595140457153,6
1611,H1_seed43,0.7709687352180481,6
1612,H1_seed43,0.7940702438354492,6
1613,H1_seed43,0.8628463745117188,7
1614,H1_seed43,0.8969918489456177,8
1615,H1_seed43,0.8726242184638977,8
1616,H1_seed43,0.8546614646911621,8
1617,H1_seed43,0.848400354385376,8
1618,H1_seed43,0.8731409907341003,8
1619,H1_seed43,0.7960156202316284,8
1620,H1_seed43,0.744036078453064,9
1621,H1_seed43,0.8408800363540649,8
1622,H1_seed43,0.778856098651886,8
1623,H1_seed43,0.8164180517196655,8
1624,H1_seed43,0.7966225743293762,8
1625,H1_seed43,0.7369416952133179,8
1626,H1_seed43,0.755279541015625,8
1627,H1_seed43,0.8608917593955994,7
1628,H1_seed43,0.8288911581039429,7
1629,H1_seed43,0.8500979542732239,6
1630,H1_seed43,0.767854630947113,6
1631,H1_seed43,0.7759857773780823,6
1632,H1_seed43,0.7788278460502625,6
1633,H1_seed43,0.7535602450370789,5
1634,H1_seed43,0.7476885914802551,5
1635,H1_seed43,0.7222447991371155,4
1636,H1_seed43,0.7297128438949585,4
1637,H1_seed43,0.7171828746795654,4
1638,H1_seed43,0.9753769040107727,3
1639,H1_seed43,0.9654655456542969,3
1640,H1_seed43,0.9586286544799805,3
1641,H1_seed43,0.9670349955558777,3
1642,H1_seed43,0.9352362155914307,3
1643,H1_seed43,0.9577903151512146,3
1644,H1_seed43,0.9550564289093018,3
1645,H1_seed43,0.9466778635978699,3
1646,H1_seed43,0.9538776278495789,3
1647,H1_seed43,0.8827118873596191,4
1648,H1_seed43,0.926379382610321,4
1649,H1_seed43,0.9234517216682434,4
1650,H1_seed43,0.9085718989372253,4
1651,H1_seed43,0.9076690077781677,4
1652,H1_seed43,0.8732483983039856,3
1653,H1_seed43,0.8515413403511047,3
1654,H1_seed43,0.8439264297485352,3
1655,H1_seed43,0.8860805630683899,3
1656,H1_seed43,0.9131045937538147,3
1657,H1_seed43,0.8979813456535339,3
1658,H1_seed43,0.9779869914054871,2
1659,H1_seed43,0.9602199196815491,2
1660,H1_seed43,0.9538652896881104,2
1661,H1_seed43,0.9743504524230957,2
1662,H1_seed43,0.9726478457450867,2
1663,H1_seed43,0.9543617367744446,2
1664,H1_seed43,0.950682520866394,2
1665,H1_seed43,0.9693376421928406,2
1666,H1_seed43,0.9624909162521362,2
1667,H1_seed43,0.9500033855438232,2
1668,H1_seed43,0.9482558965682983,2
1669,H1_seed43,0.9286316633224487,2
1670,H1_seed43,0.940041184425354,2
1671,H1_seed43,0.9293173551559448,2
1672,H1_seed43,0.9201230406761169,2
1673,H1_seed43,0.9506468772888184,2
1674,H1_seed43,0.9443366527557373,2
1675,H1_seed43,0.9184626340866089,2
1676,H1_seed43,0.9739952683448792,2
1677,H1_seed43,0.934167742729187,2
1678,H1_seed43,0.9341838359832764,2
1679,H1_seed43,0.8785684108734131,2
1680,H1_seed43,0.9573443531990051,2
1681,H1_seed43,0.9543224573135376,2
1682,H1_seed43,0.6413877010345459,2
1683,H1_seed43,0.8684210777282715,1
1684,H1_seed43,0.7714285850524902,1
1685,H1_seed43,0.9288256168365479,1
1686,H1_seed43,0.9788092970848083,1
1687,H1_seed43,0.9811010956764221,1
1688,H1_seed43,0.9905660152435303,1
1689,H1_seed43,0.9914089441299438,1
1690,H1_seed43,0.9765721559524536,1
1691,H1_seed43,0.7368420958518982,1
1692,H1_seed43,0.9640287756919861,1
1693,H1_seed43,0.9806950092315674,1
1694,H1_seed43,0.9770992398262024,1
1695,H1_seed43,0.9583051204681396,2
1696,H1_seed43,0.9741763472557068,2
1697,H1_seed43,0.6458277702331543,3
1698,H1_seed43,0.8498973250389099,3
1699,H1_seed43,0.9542913436889648,3
1700,H1_seed43,0.7939943075180054,4
1701,H1_seed43,0.9077091813087463,4
1702,H1_seed43,0.8951668739318848,4
1703,H1_seed43,0.8277769088745117,5
1704,H1_seed43,0.8033574819564819,5
1705,H1_seed43,0.7990049719810486,7
1706,H1_seed43,0.8914325833320618,7
1707,H1_seed43,0.8991245031356812,7
1708,H1_seed43,0.9381822347640991,7
1709,H1_seed43,0.9281210899353027,7
1710,H1_seed43,0.9142019152641296,7
1711,H1_seed43,0.7687098979949951,9
1712,H1_seed43,0.8292071223258972,9
1713,H1_seed43,0.842682957649231,8
1714,H1_seed43,0.8823363780975342,9
1715,H1_seed43,0.8992193341255188,6
1716,H1_seed43,0.791266918182373,6
1717,H1_seed43,0.94927978515625,4
1718,H1_seed43,0.8553935289382935,4
1719,H1_seed43,0.9525008797645569,3
1720,H1_seed43,0.96148681640625,3
1721,H1_seed43,0.6834514141082764,3
1722,H1_seed43,0.8946361541748047,3
1723,H1_seed43,0.8751740455627441,3
1724,H1_seed43,0.9121146202087402,3
1725,H1_seed43,0.8745405077934265,3
1726,H1_seed43,0.906393826007843,3
1727,H1_seed43,0.9103448390960693,1
1728,H1_seed43,0.9473684430122375,1
1729,H1_seed43,0.8971193432807922,1
1730,H1_seed43,0.7510729432106018,1
1731,H1_seed43,0.5520628690719604,1
1732,H1_seed43,0.25820568203926086,1
1733,H1_seed43,2.8328611678674065e-10,1
1734,H1_seed43,0.7943331599235535,2
1735,H1_seed43,0.8674507737159729,2
1736,H1_seed43,0.7821990847587585,3
1737,H1_seed43,0.8049984574317932,3
1738,H1_seed43,0.9021809697151184,3
1739,H1_seed43,0.8814871311187744,3
1740,H1_seed43,0.7050098180770874,4
1741,H1_seed43,0.7006222009658813,4
1742,H1_seed43,0.7976279258728027,5
1743,H1_seed43,0.6452794671058655,6
1744,H1_seed43,0.665168821811676,6
1745,H1_seed43,0.7257896065711975,7
1746,H1_seed43,0.8291907906532288,7
1747,H1_seed43,0.8751495480537415,7
1748,H1_seed43,0.8457818031311035,8
1749,H1_seed43,0.8765450716018677,8
1750,H1_seed43,0.8263454437255859,9
1751,H1_seed43,0.7790800333023071,10
1752,H1_seed43,0.7415056824684143,10
1753,H1_seed43,0.7846382856369019,10
1754,H1_seed43,0.7596777677536011,9
1755,H1_seed43,0.779875636100769,8
1756,H1_seed43,0.7868003249168396,5
1757,H1_seed43,0.9600996971130371,3
1758,H1_seed43,0.939403772354126,3
1759,H1_seed43,0.9322843551635742,3
1760,H1_seed43,0.949690580368042,3
1761,H1_seed43,0.856107234954834,4
1762,H1_seed43,0.7110477089881897,4
1763,H1_seed43,0.9209117889404297,3
1764,H1_seed43,0.9073883891105652,2
1765,H1_seed43,0.9281242489814758,2
1766,H1_seed43,0.8779159784317017,2
1767,H1_seed43,0.8816027641296387,2
1768,H1_seed43,0.8938106894493103,2
1769,H1_seed43,0.800000011920929,1
1770,H1_seed43,0.8666666746139526,1
1771,H1_seed43,0.6875,1
1772,H1_seed43,0.5714285969734192,1
1773,H1_seed43,0.7407407164573669,1
1774,H1_seed43,0.7692307829856873,1
1775,H1_seed43,0.695652186870575,1
1776,H1_seed43,0.625,1
1777,H1_seed43,0.5555555820465088,1
1778,H1_seed43,0.6666666865348816,1
1779,H1_seed43,0.800000011920929,1
1780,H1_seed43,0.5,1
1781,H1_seed43,0.7727272510528564,1
1782,H1_seed43,0.4285714328289032,1
1783,H1_seed43,0.6363636255264282,1
1784,H1_seed43,0.7692307829856873,1
1785,H1_seed43,0.6190476417541504,1
1786,H1_seed43,0.6399999856948853,1
1787,H1_seed43,0.7777777910232544,1
1788,H1_seed43,0.3529411852359772,1
1789,H1_seed43,0.3199999928474426,1
1790,H1_seed43,0.4571428596973419,1
1791,H1_seed43,0.5,1
1792,H1_seed43,0.08888889104127884,1
1793,H1_seed43,0.7222222089767456,1
1794,H1_seed43,0.9152542352676392,1
1795,H1_seed43,0.75,1
1796,H1_seed43,0.8301886916160583,1
1797,H1_seed43,0.25668448209762573,1
1798,H1_seed43,0.9482758641242981,1
1799,H1_seed43,0.9594405889511108,1
1800,H1_seed43,0.841234028339386,1
1801,H1_seed43,0.9354144334793091,1
1802,H1_seed43,0.9840039014816284,1
1803,H1_seed43,0.99005526304245,1
1804,H1_seed43,0.9301825761795044,1
1805,H1_seed43,0.6695652008056641,1
1806,H1_seed43,0.9465649127960205,1
1807,H1_seed43,0.9781420826911926,1
1808,H1_seed43,0.940108060836792,2
1809,H1_seed43,0.9805630445480347,2
1810,H1_seed43,0.9431246519088745,2
1811,H1_seed43,0.9685781002044678,2
1812,H1_seed43,0.7766242623329163,3
1813,H1_seed43,0.7143582701683044,3
1814,H1_seed43,0.7410974502563477,4
1815,H1_seed43,0.5876530408859253,6
1816,H1_seed43,0.6040841937065125,6
1817,H1_seed43,0.6851789355278015,7
1818,H1_seed43,0.6887578964233398,7
1819,H1_seed43,0.7466729879379272,8
1820,H1_seed43,0.7887027859687805,8
1821,H1_seed43,0.747998058795929,8
1822,H1_seed43,0.869510293006897,8
1823,H1_seed43,0.8008421659469604,8
1824,H1_seed43,0.7848620414733887,8
1825,H1_seed43,0.8059550523757935,8
1826,H1_seed43,0.8365205526351929,8
1827,H1_seed43,0.8449273109436035,8
1828,H1_seed43,0.8043270111083984,7
1829,H1_seed43,0.7743616104125977,6
1830,H1_seed43,0.9063946604728699,5
1831,H1_seed43,0.8667316436767578,5
1832,H1_seed43,0.9413725733757019,4
1833,H1_seed43,0.8060495853424072,4
1834,H1_seed43,0.7968209981918335,4
1835,H1_seed43,0.9105558395385742,4
1836,H1_seed43,0.7513791918754578,4
1837,H1_seed43,0.9125516414642334,2
1838,H1_seed43,0.8465040922164917,2
1839,H1_seed43,0.9484536051750183,1
1840,H1_seed43,0.9650349617004395,1
1841,H1_seed43,0.9354838728904724,1
1842,H1_seed43,0.84112149477005,1
1843,H1_seed43,0.8297872543334961,1
1844,H1_seed43,0.918367326259613,1
1845,H1_seed43,0.8651162981987,1
1846,H1_seed43,0.8902077078819275,1
1847,H1_seed43,0.9550296068191528,1
1848,H1_seed43,0.9771729707717896,1
1849,H1_seed43,0.9657205939292908,1
1850,H1_seed43,0.9765729308128357,1
1851,H1_seed43,0.9749388694763184,1
1852,H1_seed43,0.9751571416854858,1
1853,H1_seed43,0.9687116742134094,1
1854,H1_seed43,0.977763831615448,1
1855,H1_seed43,0.9764510989189148,1
1856,H1_seed43,0.9696048498153687,1
1857,H1_seed43,0.9292929172515869,1
1858,H1_seed43,0.9601989984512329,1
1859,H1_seed43,0.8074766397476196,1
1860,H1_seed43,0.9032257795333862,1
1861,H1_seed43,0.9590643048286438,1
1862,H1_seed43,0.969072163105011,1
1863,H1_seed43,0.9824561476707458,1
1864,H1_seed43,0.9801587462425232,1
1865,H1_seed43,0.9704347848892212,1
1866,H1_seed43,0.7258620262145996,2
1867,H1_seed43,0.8477078080177307,3
1868,H1_seed43,0.9364649653434753,3
1869,H1_seed43,0.9166417717933655,3
1870,H1_seed43,0.9022219777107239,3
1871,H1_seed43,0.883547842502594,4
1872,H1_seed43,0.9168488383293152,5
1873,H1_seed43,0.9163422584533691,5
1874,H1_seed43,0.9109660387039185,5
1875,H1_seed43,0.9352734684944153,5
1876,H1_seed43,0.9180081486701965,5
1877,H1_seed43,0.8919580578804016,5
1878,H1_seed43,0.9499289393424988,5
1879,H1_seed43,0.9318282008171082,7
1880,H1_seed43,0.9340347051620483,7
1881,H1_seed43,0.838938295841217,9
1882,H1_seed43,0.7843811511993408,10
1883,H1_seed43,0.8409598469734192,9
1884,H1_seed43,0.8752607703208923,9
1885,H1_seed43,0.8505588173866272,9
1886,H1_seed43,0.8974200487136841,9
1887,H1_seed43,0.8810974359512329,9
1888,H1_seed43,0.8749206066131592,8
1889,H1_seed43,0.8491036295890808,6
1890,H1_seed43,0.9250358939170837,4
1891,H1_seed43,0.9570923447608948,3
1892,H1_seed43,0.9672870635986328,3
1893,H1_seed43,0.9691081047058105,3
1894,H1_seed43,0.9690563678741455,3
1895,H1_seed43,0.912037193775177,4
1896,H1_seed43,0.9200679063796997,4
1897,H1_seed43,0.9054929614067078,4
1898,H1_seed43,0.9024872779846191,3
1899,H1_seed43,0.9350126385688782,3
1900,H1_seed43,0.9367424249649048,2
1901,H1_seed43,0.8607594966888428,1
1902,H1_seed43,0.8695651888847351,1
1903,H1_seed43,0.7659574747085571,1
1904,H1_seed43,0.8333333134651184,1
1905,H1_seed43,0.8888888955116272,1
1906,H1_seed43,0.8717948794364929,1
1907,H1_seed43,0.8333333134651184,1
1908,H1_seed43,0.5490196347236633,1
1909,H1_seed43,0.7450980544090271,1
1910,H1_seed43,0.5882353186607361,1
1911,H1_seed43,0.38461539149284363,1
1912,H1_seed43,0.6666666865348816,1
1913,H1_seed43,0.7384615540504456,1
1914,H1_seed43,0.6984127163887024,1
1915,H1_seed43,0.71875,1
1916,H1_seed43,0.800000011920929,1
1917,H1_seed43,0.8571428656578064,1
1918,H1_seed43,0.8571428656578064,1
1919,H1_seed43,0.7450980544090271,1
1920,H1_seed43,0.8214285969734192,1
1921,H1_seed43,0.7878788113594055,1
1922,H1_seed43,0.7246376872062683,1
1923,H1_seed43,0.8484848737716675,1
1924,H1_seed43,0.75,1
1925,H1_seed43,0.5454545617103577,1
1926,H1_seed43,0.6666666865348816,1
1927,H1_seed43,0.4000000059604645,1
1928,H1_seed43,0.6153846383094788,1
1929,H1_seed43,0.625,1
1930,H1_seed43,0.8095238208770752,1
1931,H1_seed43,0.6800000071525574,1
1932,H1_seed43,0.8148148059844971,1
1933,H1_seed43,0.6909090876579285,1
1934,H1_seed43,0.800000011920929,1
1935,H1_seed43,0.6538461446762085,1
1936,H1_seed43,0.9064039587974548,1
1937,H1_seed43,0.7718309760093689,1
1938,H1_seed43,0.8917197585105896,1
1939,H1_seed43,0.9002217054367065,1
1940,H1_seed43,0.934959352016449,1
1941,H1_seed43,0.7333333492279053,1
1942,H1_seed43,0.9285714030265808,1
1943,H1_seed43,0.9369369149208069,1
1944,H1_seed43,0.9507389068603516,1
1945,H1_seed43,0.9772051572799683,1
1946,H1_seed43,0.48426151275634766,2
1947,H1_seed43,0.7569031715393066,2
1948,H1_seed43,0.8501265048980713,2
1949,H1_seed43,0.7132784724235535,3
1950,H1_seed43,0.8025487065315247,4
1951,H1_seed43,0.6433520913124084,5
1952,H1_seed43,0.6732313632965088,6
1953,H1_seed43,0.6618271470069885,6
1954,H1_seed43,0.6730255484580994,6
1955,H1_seed43,0.698936402797699,7
1956,H1_seed43,0.8276206254959106,7
1957,H1_seed43,0.8235146403312683,7
1958,H1_seed43,0.7843278050422668,7
1959,H1_seed43,0.8046543002128601,7
1960,H1_seed43,0.7225730419158936,8
1961,H1_seed43,0.8248002529144287,8
1962,H1_seed43,0.8507908582687378,8
1963,H1_seed43,0.9137570261955261,6
1964,H1_seed43,0.9367141723632812,6
1965,H1_seed43,0.9580405354499817,5
1966,H1_seed43,0.949168860912323,5
1967,H1_seed43,0.8883359432220459,6
1968,H1_seed43,0.9271242618560791,6
1969,H1_seed43,0.8857178092002869,6
1970,H1_seed43,0.8786484599113464,6
1971,H1_seed43,0.9173799157142639,6
1972,H1_seed43,0.9284218549728394,5
1973,H1_seed43,0.7676349878311157,5
1974,H1_seed43,0.8364322781562805,5
1975,H1_seed43,0.8219721913337708,5
1976,H1_seed43,0.7792923450469971,4
1977,H1_seed43,0.5441429018974304,3
1978,H1_seed43,0.921495795249939,2
1979,H1_seed43,0.8301953077316284,2
1980,H1_seed43,0.7736791372299194,2
1981,H1_seed43,0.7047460079193115,2
1982,H1_seed43,0.5950515270233154,2
1983,H1_seed43,0.760611355304718,2
1984,H1_seed43,0.8157593011856079,2
1985,H1_seed43,0.523809552192688,2
1986,H1_seed43,0.8433734774589539,1
1987,H1_seed43,0.71875,1
1988,H1_seed43,0.7045454382896423,1
1989,H1_seed43,0.6516854166984558,1
1990,H1_seed43,0.6000000238418579,1
1991,H1_seed43,0.7640449404716492,1
1992,H1_seed43,0.581818163394928,1
1993,H1_seed43,0.5416666865348816,1
1994,H1_seed43,0.8698061108589172,1
1995,H1_seed43,0.8015978932380676,1
1996,H1_seed43,0.8510984778404236,1
1997,H1_seed43,0.8707155585289001,1
1998,H1_seed43,0.7530413866043091,1
1999,H1_seed43,0.15215685963630676,1
2000,H1_seed43,0.1863517016172409,1
2001,H1_seed43,0.1818181872367859,1
2002,H1_seed43,0.1875969022512436,1
2003,H1_seed43,0.021482277661561966,1
2004,H1_seed43,3.846154061903917e-09,1
2005,H1_seed43,3.448275887052432e-09,1
2006,H1_seed43,0.7118644118309021,1
2007,H1_seed43,0.6501128673553467,1
2008,H1_seed43,0.579659104347229,2
2009,H1_seed43,0.6912283897399902,3
2010,H1_seed43,0.75425785779953,3
2011,H1_seed43,0.7799967527389526,4
2012,H1_seed43,0.836675226688385,4
2013,H1_seed43,0.8053483963012695,4
2014,H1_seed43,0.7719290852546692,5
2015,H1_seed43,0.652156412601471,6
2016,H1_seed43,0.663508415222168,6
2017,H1_seed43,0.6777095794677734,6
2018,H1_seed43,0.612771213054657,6
2019,H1_seed43,0.6327601075172424,6
2020,H1_seed43,0.6609323620796204,6
2021,H1_seed43,0.6336591243743896,6
2022,H1_seed43,0.6034628748893738,6
2023,H1_seed43,0.6357502937316895,5
2024,H1_seed43,0.7460547089576721,6
2025,H1_seed43,0.8376324772834778,5
2026,H1_seed43,0.8690873980522156,5
2027,H1_seed43,0.9038252830505371,5
2028,H1_seed43,0.7652629017829895,7
2029,H1_seed43,0.6952067613601685,7
2030,H1_seed43,0.7836393713951111,6
2031,H1_seed43,0.8187496066093445,5
2032,H1_seed43,0.7005959749221802,4
2033,H1_seed43,0.9278981685638428,3
2034,H1_seed43,0.8416834473609924,3
2035,H1_seed43,0.8459593653678894,3
2036,H1_seed43,0.8669571876525879,3
2037,H1_seed43,0.8046721816062927,4
2038,H1_seed43,0.7909309267997742,3
2039,H1_seed43,0.725549578666687,2
2040,H1_seed43,0.8785229921340942,2
2041,H1_seed43,0.7540983557701111,1
2042,H1_seed43,0.9090909361839294,1
2043,H1_seed43,0.8846153616905212,1
2044,H1_seed43,0.8758170008659363,1
2045,H1_seed43,0.9671977758407593,1
2046,H1_seed43,0.9429223537445068,1
2047,H1_seed43,0.9710017442703247,1
2048,H1_seed43,0.9776875972747803,1
2049,H1_seed43,0.9721559286117554,1
2050,H1_seed43,0.9668599963188171,1
2051,H1_seed43,0.9605389833450317,1
2052,H1_seed43,0.9574803113937378,1
2053,H1_seed43,0.8911704421043396,1
2054,H1_seed43,0.9112426042556763,1
2055,H1_seed43,0.963180422782898,2
2056,H1_seed43,0.957446813583374,2
2057,H1_seed43,0.9716005325317383,2
2058,H1_seed43,0.9784313440322876,2
2059,H1_seed43,0.9692521095275879,2
2060,H1_seed43,0.9636393189430237,2
2061,H1_seed43,0.9239009022712708,3
2062,H1_seed43,0.8375508189201355,3
2063,H1_seed43,0.8483555316925049,3
2064,H1_seed43,0.8559460639953613,4
2065,H1_seed43,0.8737702369689941,5
2066,H1_seed43,0.927180290222168,5
2067,H1_seed43,0.9027689099311829,5
2068,H1_seed43,0.9239516258239746,5
2069,H1_seed43,0.9340670704841614,5
2070,H1_seed43,0.9133389592170715,5
2071,H1_seed43,0.9336903691291809,5
2072,H1_seed43,0.8720234036445618,7
2073,H1_seed43,0.8816919326782227,7
2074,H1_seed43,0.8862618803977966,8
2075,H1_seed43,0.8373875617980957,7
2076,H1_seed43,0.6831744313240051,8
2077,H1_seed43,0.709382176399231,7
2078,H1_seed43,0.8061984181404114,7
2079,H1_seed43,0.7515806555747986,7
2080,H1_seed43,0.6788051128387451,6
2081,H1_seed43,0.8846367597579956,4
2082,H1_seed43,0.9445414543151855,3
2083,H1_seed43,0.9587504267692566,3
2084,H1_seed43,0.9623778462409973,3
2085,H1_seed43,0.8715263605117798,4
2086,H1_seed43,0.9039539098739624,4
2087,H1_seed43,0.9350202083587646,3
2088,H1_seed43,0.9325704574584961,3
2089,H1_seed43,0.8543655276298523,3
2090,H1_seed43,0.8492569327354431,3
2091,H1_seed43,0.9009239673614502,2
2092,H1_seed43,0.8106346130371094,2
2093,H1_seed43,0.6039581298828125,2
2094,H1_seed43,0.8695651888847351,1
2095,H1_seed43,0.8051947951316833,1
2096,H1_seed43,0.6764705777168274,1
2097,H1_seed43,0.8571428656578064,1
2098,H1_seed43,0.9411764740943909,1
2099,H1_seed43,0.8666666746139526,1
2100,H1_seed43,0.7857142686843872,1
2101,H1_seed43,0.8275862336158752,1
2102,H1_seed43,0.8070175647735596,1
2103,H1_seed43,0.800000011920929,1
2104,H1_seed43,0.739130437374115,1
2105,H1_seed43,0.6938775777816772,1
2106,H1_seed43,0.6808510422706604,1
2107,H1_seed43,0.699999988079071,1
2108,H1_seed43,0.7868852615356445,1
2109,H1_seed43,0.8125,1
2110,H1_seed43,0.7096773982048035,1
2111,H1_seed43,0.7647058963775635,1
2112,H1_seed43,0.8059701323509216,1
2113,H1_seed43,0.7384615540504456,1
2114,H1_seed43,0.6086956262588501,1
2115,H1_seed43,0.8235294222831726,1
2116,H1_seed43,0.6785714030265808,1
2117,H1_seed43,0.875,1
2118,H1_seed43,0.7076923251152039,1
2119,H1_seed43,0.7547169923782349,1
2120,H1_seed43,0.8679245114326477,1
2121,H1_seed43,0.7916666865348816,1
2122,H1_seed43,0.8372092843055725,1
2123,H1_seed43,0.8444444537162781,1
2124,H1_seed43,0.800000011920929,1
2125,H1_seed43,0.9545454382896423,1
2126,H1_seed43,0.7317073345184326,1
2127,H1_seed43,0.8727272748947144,1
2128,H1_seed43,0.6842105388641357,1
2129,H1_seed43,0.807692289352417,1
2130,H1_seed43,0.6666666865348816,1
2131,H1_seed43,0.7755101919174194,1
2132,H1_seed43,0.7719298005104065,1
2133,H1_seed43,0.8461538553237915,1
2134,H1_seed43,0.9433962106704712,1
2135,H1_seed43,0.7843137383460999,1
2136,H1_seed43,0.8627451062202454,1
2137,H1_seed43,0.8333333134651184,1
2138,H1_seed43,0.875,1
2139,H1_seed43,0.9473684430122375,1
2140,H1_seed43,0.9542168378829956,1
2141,H1_seed43,0.9734325408935547,1
2142,H1_seed43,0.9666011929512024,1
2143,H1_seed43,0.972752034664154,1
2144,H1_seed43,0.9867774844169617,1
2145,H1_seed43,0.9888626337051392,1
2146,H1_seed43,0.9898605942726135,1
2147,H1_seed43,0.9901867508888245,1
2148,H1_seed43,0.9907529950141907,1
2149,H1_seed43,0.9905933141708374,1
2150,H1_seed43,0.9881001114845276,1
2151,H1_seed43,0.9861838817596436,1
2152,H1_seed43,0.9889727234840393,1
2153,H1_seed43,0.9865269660949707,1
2154,H1_seed43,0.9839914441108704,1
2155,H1_seed43,0.9672130942344666,1
2156,H1_seed43,0.9610389471054077,1
2157,H1_seed43,0.633817195892334,3
2158,H1_seed43,0.9147817492485046,3
2159,H1_seed43,0.8594306111335754,3
2160,H1_seed43,0.8163610696792603,4
2161,H1_seed43,0.7353636026382446,5
2162,H1_seed43,0.8164781332015991,5
2163,H1_seed43,0.8153396844863892,5
2164,H1_seed43,0.8413724899291992,5
2165,H1_seed43,0.8081099390983582,6
2166,H1_seed43,0.9287956357002258,6
2167,H1_seed43,0.8942890167236328,7
2168,H1_seed43,0.8939676880836487,7
2169,H1_seed43,0.9588078856468201,7
2170,H1_seed43,0.9638279676437378,7
2171,H1_seed43,0.9710046648979187,7
2172,H1_seed43,0.9689861536026001,7
2173,H1_seed43,0.9288443326950073,8
2174,H1_seed43,0.9254938960075378,8
2175,H1_seed43,0.8689590692520142,10
2176,H1_seed43,0.9144777059555054,10
2177,H1_seed43,0.9267654418945312,10
2178,H1_seed43,0.9122574925422668,10
2179,H1_seed43,0.9017597436904907,8
2180,H1_seed43,0.9009633660316467,7
2181,H1_seed43,0.8478047251701355,7
2182,H1_seed43,0.9034423828125,5
2183,H1_seed43,0.9208499193191528,5
2184,H1_seed43,0.9778663516044617,3
2185,H1_seed43,0.9737092852592468,3
2186,H1_seed43,0.9731269478797913,3
2187,H1_seed43,0.9577409625053406,3
2188,H1_seed43,0.9668734669685364,4
2189,H1_seed43,0.9493463039398193,4
2190,H1_seed43,0.9510172009468079,3
2191,H1_seed43,0.9558027386665344,3
2192,H1_seed43,0.8994109034538269,3
2193,H1_seed43,0.9457553625106812,2
2194,H1_seed43,0.9476925134658813,2
2195,H1_seed43,0.9520457983016968,2
2196,H1_seed43,0.9548870325088501,2
2197,H1_seed43,0.9551140069961548,2
2198,H1_seed43,0.9423156976699829,2
2199,H1_seed43,0.9345355033874512,2
2200,H1_seed43,0.8301886916160583,1
2201,H1_seed43,0.8205128312110901,1
2202,H1_seed43,0.5957446694374084,1
2203,H1_seed43,0.8108108043670654,1
2204,H1_seed43,0.9473684430122375,1
2205,H1_seed43,0.8837209343910217,1
2206,H1_seed43,0.6197183132171631,1
2207,H1_seed43,0.84375,1
2208,H1_seed43,0.8450704216957092,1
2209,H1_seed43,0.8125,1
2210,H1_seed43,0.8510638475418091,1
2211,H1_seed43,0.800000011920929,1
2212,H1_seed43,0.8936170339584351,1
2213,H1_seed43,0.75,1
2214,H1_seed43,0.6785714030265808,1
2215,H1_seed43,0.7352941036224365,1
2216,H1_seed43,0.8307692408561707,1
2217,H1_seed43,0.8235294222831726,1
2218,H1_seed43,0.7636363506317139,1
2219,H1_seed43,0.774193525314331,1
2220,H1_seed43,0.8148148059844971,1
2221,H1_seed43,0.6538461446762085,1
2222,H1_seed43,0.7301587462425232,1
2223,H1_seed43,0.7647058963775635,1
2224,H1_seed43,0.6896551847457886,1
2225,H1_seed43,0.774193525314331,1
2226,H1_seed43,0.875,1
2227,H1_seed43,0.8656716346740723,1
2228,H1_seed43,0.8985507488250732,1
2229,H1_seed43,0.75,1
2230,H1_seed43,0.8611111044883728,1
2231,H1_seed43,0.7532467246055603,1
2232,H1_seed43,0.8571428656578064,1
2233,H1_seed43,0.8169013857841492,1
2234,H1_seed43,0.11513859033584595,1
2235,H1_seed43,0.1166180744767189,1
2236,H1_seed43,0.9141531586647034,1
2237,H1_seed43,0.9339250326156616,1
2238,H1_seed43,0.9470459222793579,1
2239,H1_seed43,0.9285714030265808,1
2240,H1_seed43,0.943527340888977,1
2241,H1_seed43,0.844936728477478,1
2242,H1_seed43,1.7857143541633036e-09,1
2243,H1_seed43,0.7771428823471069,1
2244,H1_seed43,0.8686131238937378,1
2245,H1_seed43,0.890282154083252,1
2246,H1_seed43,0.6283524632453918,1
2247,H1_seed43,0.24444444477558136,2
2248,H1_seed43,0.12962962687015533,2
2249,H1_seed43,0.13903743028640747,2
2250,H1_seed43,0.5901726484298706,2
2251,H1_seed43,0.7369133830070496,3
2252,H1_seed43,0.8562860488891602,3
2253,H1_seed43,0.7626076340675354,3
2254,H1_seed43,0.751586377620697,3
2255,H1_seed43,0.7769092917442322,3
2256,H1_seed43,0.7634091377258301,3
2257,H1_seed43,0.8918967247009277,4
2258,H1_seed43,0.8967792391777039,5
2259,H1_seed43,0.9098292589187622,5
2260,H1_seed43,0.9110210537910461,5
2261,H1_seed43,0.8498126864433289,5
2262,H1_seed43,0.8962090611457825,6
2263,H1_seed43,0.8572282791137695,6
2264,H1_seed43,0.7651450037956238,6
2265,H1_seed43,0.8621708750724792,6
2266,H1_seed43,0.8954290747642517,7
2267,H1_seed43,0.8794392943382263,7
2268,H1_seed43,0.8946660161018372,7
2269,H1_seed43,0.8949136734008789,7
2270,H1_seed43,0.9102124571800232,8
2271,H1_seed43,0.8832129836082458,8
2272,H1_seed43,0.8310420513153076,9
2273,H1_seed43,0.7916175723075867,7
2274,H1_seed43,0.6463645696640015,7
2275,H1_seed43,0.8974834680557251,5
2276,H1_seed43,0.8601779937744141,5
2277,H1_seed43,0.8897205591201782,5
2278,H1_seed43,0.9042718410491943,4
2279,H1_seed43,0.8475214242935181,4
2280,H1_seed43,0.8689846992492676,4
2281,H1_seed43,0.9532753825187683,3
2282,H1_seed43,0.9501789212226868,3
2283,H1_seed43,0.9652864336967468,3
2284,H1_seed43,0.8742991089820862,4
2285,H1_seed43,0.9322476983070374,4
2286,H1_seed43,0.9330559968948364,4
2287,H1_seed43,0.9480433464050293,4
2288,H1_seed43,0.9387890100479126,4
2289,H1_seed43,0.9125908017158508,4
2290,H1_seed43,0.8440048098564148,2
2291,H1_seed43,0.7799600958824158,2
2292,H1_seed43,0.8674699068069458,1
2293,H1_seed43,0.8235294222831726,1
2294,H1_seed43,0.8493150472640991,1
2295,H1_seed43,0.7532467246055603,1
2296,H1_seed43,0.6000000238418579,1
2297,H1_seed43,0.5454545617103577,1
2298,H1_seed43,0.49056604504585266,1
2299,H1_seed43,0.7540983557701111,1
2300,H1_seed43,0.6382978558540344,1
2301,H1_seed43,0.8195804357528687,1
2302,H1_seed43,0.9573590159416199,1
2303,H1_seed43,0.9291398525238037,1
2304,H1_seed43,0.9500284194946289,1
2305,H1_seed43,0.9721873998641968,1
2306,H1_seed43,0.9739049673080444,1
2307,H1_seed43,0.9728860259056091,1
2308,H1_seed43,0.9792746305465698,1
2309,H1_seed43,0.9536869525909424,1
2310,H1_seed43,0.964619517326355,1
2311,H1_seed43,0.9648711681365967,1
2312,H1_seed43,0.7588179111480713,1
2313,H1_seed43,0.4970414340496063,1
2314,H1_seed43,0.8568872809410095,1
2315,H1_seed43,0.6183518767356873,3
2316,H1_seed43,0.9032976031303406,3
2317,H1_seed43,0.9339436292648315,4
2318,H1_seed43,0.7918316721916199,5
2319,H1_seed43,0.829404354095459,5
2320,H1_seed43,0.9364123344421387,5
2321,H1_seed43,0.9103374481201172,6
2322,H1_seed43,0.7923645377159119,7
2323,H1_seed43,0.8715140223503113,7
2324,H1_seed43,0.8775819540023804,7
2325,H1_seed43,0.8920252919197083,7
2326,H1_seed43,0.7944889068603516,8
2327,H1_seed43,0.8531920909881592,8
2328,H1_seed43,0.8650416731834412,8
2329,H1_seed43,0.9296357035636902,8
2330,H1_seed43,0.9134810566902161,8
2331,H1_seed43,0.914665699005127,8
2332,H1_seed43,0.8128935098648071,10
2333,H1_seed43,0.8280321955680847,10
2334,H1_seed43,0.8487961888313293,9
2335,H1_seed43,0.8087195158004761,8
2336,H1_seed43,0.9187793731689453,6
2337,H1_seed43,0.8405506014823914,6
2338,H1_seed43,0.5835515856742859,5
2339,H1_seed43,0.9704099297523499,3
2340,H1_seed43,0.9718976020812988,3
2341,H1_seed43,0.9610686302185059,3
2342,H1_seed43,0.9578908085823059,3
2343,H1_seed43,0.883050799369812,4
2344,H1_seed43,0.8106012940406799,3
2345,H1_seed43,0.9479889869689941,2
2346,H1_seed43,0.8801414966583252,2
2347,H1_seed43,0.824379026889801,2
2348,H1_seed43,0.4782634973526001,2
2349,H1_seed43,0.8345323801040649,1
2350,H1_seed43,0.8396946787834167,1
2351,H1_seed43,0.9122806787490845,1
2352,H1_seed43,0.8631578683853149,1
2353,H1_seed43,0.9459459185600281,1
2354,H1_seed43,0.9350649118423462,1
2355,H1_seed43,0.8607594966888428,1
2356,H1_seed43,0.78125,1
2357,H1_seed43,0.6969696879386902,1
2358,H1_seed43,0.800000011920929,1
2359,H1_seed43,0.7142857313156128,1
2360,H1_seed43,0.6808510422706604,1
2361,H1_seed43,0.6808510422706604,1
2362,H1_seed43,0.6666666865348816,1
2363,H1_seed43,0.75,1
2364,H1_seed43,0.8301886916160583,1
2365,H1_seed43,0.7457627058029175,1
2366,H1_seed43,0.6933333277702332,1
2367,H1_seed43,0.7472527623176575,1
2368,H1_seed43,0.8541666865348816,1
2369,H1_seed43,0.791208803653717,1
2370,H1_seed43,0.8888888955116272,1
2371,H1_seed43,0.9014084339141846,1
2372,H1_seed43,0.75,1
2373,H1_seed43,0.8115941882133484,1
2374,H1_seed43,0.8679245114326477,1
2375,H1_seed43,0.695652186870575,1
2376,H1_seed43,0.800000011920929,1
2377,H1_seed43,0.7692307829856873,1
2378,H1_seed43,0.8524590134620667,1
2379,H1_seed43,0.9333333373069763,1
2380,H1_seed43,0.949999988079071,1
2381,H1_seed43,0.9135802388191223,1
2382,H1_seed43,0.8493150472640991,1
2383,H1_seed43,0.7272727489471436,1
2384,H1_seed43,0.71875,1
2385,H1_seed43,0.6764705777168274,1
2386,H1_seed43,0.7076923251152039,1
2387,H1_seed43,0.824999988079071,1
2388,H1_seed43,0.7560975551605225,1
2389,H1_seed43,0.6666666865348816,1
2390,H1_seed43,0.800000011920929,1
2391,H1_seed43,0.8985507488250732,1
2392,H1_seed43,0.8695651888847351,1
2393,H1_seed43,0.9285714030265808,1
2394,H1_seed43,0.8530259132385254,1
2395,H1_seed43,0.9324089884757996,1
2396,H1_seed43,0.9458897113800049,1
2397,H1_seed43,0.9794031381607056,1
2398,H1_seed43,0.9824287295341492,1
2399,H1_seed43,0.980685830116272,1
2400,H1_seed43,0.9863760471343994,1
2401,H1_seed43,0.901484489440918,1
2402,H1_seed43,6.802721164156367e-10,1
2403,H1_seed43,0.5248227119445801,1
2404,H1_seed43,0.977011501789093,1
2405,H1_seed43,0.9757322072982788,1
2406,H1_seed43,0.495277464389801,2
2407,H1_seed43,0.7194393277168274,3
2408,H1_seed43,0.9451520442962646,4
2409,H1_seed43,0.9278315901756287,4
2410,H1_seed43,0.9404769539833069,4
2411,H1_seed43,0.8060929179191589,6
2412,H1_seed43,0.9455409049987793,6
2413,H1_seed43,0.9421682357788086,6
2414,H1_seed43,0.9510971903800964,7
2415,H1_seed43,0.9132076501846313,7
2416,H1_seed43,0.8941030502319336,7
2417,H1_seed43,0.9243060350418091,7
2418,H1_seed43,0.938197672367096,7
2419,H1_seed43,0.9225054383277893,7
2420,H1_seed43,0.8612242937088013,7
2421,H1_seed43,0.8319448828697205,7
2422,H1_seed43,0.7549901604652405,7
2423,H1_seed43,0.7895543575286865,6
2424,H1_seed43,0.9106466174125671,5
2425,H1_seed43,0.8862390518188477,5
2426,H1_seed43,0.8988044857978821,7
2427,H1_seed43,0.9125500321388245,7
2428,H1_seed43,0.8778456449508667,8
2429,H1_seed43,0.9157852530479431,8
2430,H1_seed43,0.8673995733261108,7
2431,H1_seed43,0.891227662563324,7
2432,H1_seed43,0.9014253616333008,7
2433,H1_seed43,0.8590492010116577,7
2434,H1_seed43,0.8734207153320312,6
2435,H1_seed43,0.8783954381942749,5
2436,H1_seed43,0.8886281847953796,5
2437,H1_seed43,0.7981937527656555,4
2438,H1_seed43,0.8580116629600525,4
2439,H1_seed43,0.8279926776885986,4
2440,H1_seed43,0.7430760860443115,4
2441,H1_seed43,0.7838994264602661,4
2442,H1_seed43,0.8981404900550842,4
2443,H1_seed43,0.804693341255188,4
2444,H1_seed43,0.9101004600524902,2
2445,H1_seed43,0.9475681781768799,2
2446,H1_seed43,0.931640625,2
2447,H1_seed43,0.9128437638282776,2
2448,H1_seed43,0.8682170510292053,1
2449,H1_seed43,0.953125,1
2450,H1_seed43,0.8285714387893677,1
2451,H1_seed43,0.7704917788505554,1
2452,H1_seed43,0.7761194109916687,1
2453,H1_seed43,2.3255815051470563e-09,1
2454,H1_seed43,2.7027027282855443e-09,1
2455,H1_seed43,0.09756097197532654,1
2456,H1_seed43,2.0833332836645013e-09,1
2457,H1_seed43,2.0408164047580613e-09,1
2458,H1_seed43,2.3809523241880015e-09,1
2459,H1_seed43,1.5625000182595272e-09,1
2460,H1_seed43,1.2499999924031613e-09,1
2461,H1_seed43,1.0416666418322507e-09,1
2462,H1_seed43,0.08403361588716507,1
2463,H1_seed43,9.43396250008277e-10,1
2464,H1_seed43,0.38235294818878174,1
2465,H1_seed43,0.42553192377090454,1
2466,H1_seed43,0.2641509473323822,1
2467,H1_seed43,0.4285714328289032,1
2468,H1_seed43,0.7714285850524902,1
2469,H1_seed43,0.6666666865348816,1
2470,H1_seed43,0.8192771077156067,1
2471,H1_seed43,0.8125,1
2472,H1_seed43,0.738095223903656,1
2473,H1_seed43,0.7809523940086365,1
2474,H1_seed43,0.761904776096344,1
2475,H1_seed43,0.6915887594223022,1
2476,H1_seed43,0.8222222328186035,1
2477,H1_seed43,0.800000011920929,1
2478,H1_seed43,0.6229507923126221,1
2479,H1_seed43,0.9126213788986206,1
2480,H1_seed43,0.8360655903816223,1
2481,H1_seed43,0.7936508059501648,1
2482,H1_seed43,0.7913669347763062,1
2483,H1_seed43,0.8717948794364929,1
2484,H1_seed43,0.8714285492897034,1
2485,H1_seed43,0.8527131676673889,1
2486,H1_seed43,0.9196891188621521,1
2487,H1_seed43,0.9532710313796997,1
2488,H1_seed43,0.9616252779960632,1
2489,H1_seed43,0.9810426831245422,1
2490,H1_seed43,0.9762438535690308,1
2491,H1_seed43,0.9810798168182373,1
2492,H1_seed43,0.9783157110214233,1
2493,H1_seed43,0.9511774778366089,1
2494,H1_seed43,0.9322448968887329,1
2495,H1_seed43,0.9220339059829712,1
2496,H1_seed43,0.1034482792019844,1
2497,H1_seed43,7.874015883757579e-10,1
2498,H1_seed43,0.6625000238418579,1
2499,H1_seed43,0.08552631735801697,2
2500,H1_seed43,0.19442574679851532,2
2501,H1_seed43,0.4187636077404022,3
2502,H1_seed43,0.4377080500125885,3
2503,H1_seed43,0.3899596929550171,3
2504,H1_seed43,0.3731226623058319,3
2505,H1_seed43,0.568311333656311,4
2506,H1_seed43,0.7426065802574158,4
2507,H1_seed43,0.6721336841583252,4
2508,H1_seed43,0.5391868352890015,5
2509,H1_seed43,0.6039698123931885,5
2510,H1_seed43,0.6528722643852234,5
2511,H1_seed43,0.6377409100532532,5
2512,H1_seed43,0.7015209197998047,5
2513,H1_seed43,0.7755245566368103,6
2514,H1_seed43,0.8093505501747131,6
2515,H1_seed43,0.8960117697715759,6
2516,H1_seed43,0.7777901887893677,7
2517,H1_seed43,0.7009063363075256,7
2518,H1_seed43,0.771427571773529,7
2519,H1_seed43,0.7006344199180603,7
2520,H1_seed43,0.6610535979270935,7
2521,H1_seed43,0.6207749247550964,7
2522,H1_seed43,0.7501155138015747,7
2523,H1_seed43,0.764984667301178,7
2524,H1_seed43,0.7749863862991333,7
2525,H1_seed43,0.8480733036994934,7
2526,H1_seed43,0.7861666083335876,6
2527,H1_seed43,0.9295340180397034,4
2528,H1_seed43,0.9676191210746765,3
2529,H1_seed43,0.8675076961517334,4
2530,H1_seed43,0.8979766368865967,4
2531,H1_seed43,0.8564770817756653,4
2532,H1_seed43,0.8983175158500671,4
2533,H1_seed43,0.864601731300354,4
2534,H1_seed43,0.8489342927932739,4
2535,H1_seed43,0.5854938626289368,3
2536,H1_seed43,0.8806940913200378,2
2537,H1_seed43,0.9474629163742065,2
2538,H1_seed43,0.9453059434890747,2
2539,H1_seed43,0.9096194505691528,2
2540,H1_seed43,0.8362222909927368,2
2541,H1_seed43,0.6990509033203125,2
2542,H1_seed43,0.5199999809265137,1
2543,H1_seed43,0.375,1
2544,H1_seed43,0.5714285969734192,1
2545,H1_seed43,0.4571428596973419,1
2546,H1_seed43,0.5333333611488342,1
2547,H1_seed43,0.9147727489471436,1
2548,H1_seed43,0.9456824660301208,1
2549,H1_seed43,0.9543823599815369,1
2550,H1_seed43,0.8965102434158325,1
2551,H1_seed43,0.7579529881477356,1
2552,H1_seed43,0.4516128897666931,1
2553,H1_seed43,0.8433734774589539,1
2554,H1_seed43,0.890080451965332,1
2555,H1_seed43,0.72826087474823,2
2556,H1_seed43,0.887454628944397,2
2557,H1_seed43,0.5887426733970642,3
2558,H1_seed43,0.7749062180519104,5
2559,H1_seed43,0.8567565679550171,5
2560,H1_seed43,0.7992140650749207,5
2561,H1_seed43,0.8007715940475464,7
2562,H1_seed43,0.9086291193962097,7
2563,H1_seed43,0.8491600751876831,7
2564,H1_seed43,0.8309045433998108,7
2565,H1_seed43,0.8201724290847778,7
2566,H1_seed43,0.7798569202423096,8
2567,H1_seed43,0.8261339068412781,8
2568,H1_seed43,0.8515165448188782,8
2569,H1_seed43,0.8576246500015259,8
2570,H1_seed43,0.8487450480461121,8
2571,H1_seed43,0.8218317031860352,8
2572,H1_seed43,0.9460809826850891,6
2573,H1_seed43,0.9253770709037781,6
2574,H1_seed43,0.9444315433502197,6
2575,H1_seed43,0.9108725786209106,8
2576,H1_seed43,0.871388852596283,7
2577,H1_seed43,0.8520551323890686,6
2578,H1_seed43,0.8665782809257507,5
2579,H1_seed43,0.7474934458732605,5
2580,H1_seed43,0.9650230407714844,3
2581,H1_seed43,0.9646170735359192,3
2582,H1_seed43,0.9495189785957336,3
2583,H1_seed43,0.7043651938438416,3
2584,H1_seed43,0.7576080560684204,2
2585,H1_seed43,0.8627239465713501,2
2586,H1_seed43,0.9065394401550293,2
2587,H1_seed43,0.9222894906997681,2
2588,H1_seed43,0.7933514714241028,2
2589,H1_seed43,0.5243811011314392,2
2590,H1_seed43,0.9583333134651184,1
2591,H1_seed43,0.852173924446106,1
2592,H1_seed43,0.95652174949646,1
2593,H1_seed43,0.5454545617103577,1
2594,H1_seed43,0.8500000238418579,1
2595,H1_seed43,0.9207718372344971,2
2596,H1_seed43,0.6641983389854431,3
2597,H1_seed43,0.8576948046684265,3
2598,H1_seed43,0.8169830441474915,3
2599,H1_seed43,0.6858350038528442,4
2600,H1_seed43,0.7106611728668213,5
2601,H1_seed43,0.7506387829780579,6
2602,H1_seed43,0.6734540462493896,6
2603,H1_seed43,0.7625998854637146,6
2604,H1_seed43,0.7957392334938049,6
2605,H1_seed43,0.8095693588256836,6
2606,H1_seed43,0.8768491744995117,6
2607,H1_seed43,0.6944446563720703,8
2608,H1_seed43,0.7163354754447937,8
2609,H1_seed43,0.7402589321136475,8
2610,H1_seed43,0.7194460034370422,8
2611,H1_seed43,0.8145021200180054,8
2612,H1_seed43,0.7455804944038391,9
2613,H1_seed43,0.8161962032318115,8
2614,H1_seed43,0.8384788036346436,8
2615,H1_seed43,0.7622811794281006,6
2616,H1_seed43,0.8016043901443481,5
2617,H1_seed43,0.6703415513038635,5
2618,H1_seed43,0.8531473278999329,3
2619,H1_seed43,0.8479530811309814,3
2620,H1_seed43,0.8369600772857666,3
2621,H1_seed43,0.6650527119636536,3
2622,H1_seed43,0.4868202805519104,2
2623,H1_seed43,0.48669368028640747,2
2624,H1_seed43,0.4867711067199707,2
2625,H1_seed43,0.4873048663139343,2
2626,H1_seed43,0.9295892715454102,2
2627,H1_seed43,0.9474643468856812,2
2628,H1_seed43,0.9183698892593384,2
2629,H1_seed43,0.9139072895050049,1
2630,H1_seed43,0.8676470518112183,1
2631,H1_seed43,0.8661417365074158,1
2632,H1_seed43,0.8717948794364929,1
2633,H1_seed43,0.8965517282485962,1
2634,H1_seed43,0.8199999928474426,1
2635,H1_seed43,0.8602150678634644,1
2636,H1_seed43,0.6582278609275818,1
2637,H1_seed43,0.6666666865348816,1
2638,H1_seed43,0.7435897588729858,1
2639,H1_seed43,0.6753246784210205,1
2640,H1_seed43,0.6760563254356384,1
2641,H1_seed43,0.7058823704719543,1
2642,H1_seed43,0.6666666865348816,1
2643,H1_seed43,0.7796609997749329,1
2644,H1_seed43,0.6399999856948853,1
2645,H1_seed43,0.7764706015586853,1
2646,H1_seed43,0.7291666865348816,1
2647,H1_seed43,0.707317054271698,1
2648,H1_seed43,0.692307710647583,1
2649,H1_seed43,0.7954545617103577,1
2650,H1_seed43,0.7961165308952332,1
2651,H1_seed43,0.7222222089767456,1
2652,H1_seed43,0.7543859481811523,1
2653,H1_seed43,0.8103448152542114,1
2654,H1_seed43,0.8695651888847351,1
2655,H1_seed43,0.8264462947845459,1
2656,H1_seed43,0.7559055089950562,1
2657,H1_seed43,0.821052610874176,1
2658,H1_seed43,0.875,1
2659,H1_seed43,0.7407407164573669,1
2660,H1_seed43,0.1428571492433548,1
2661,H1_seed43,0.8627451062202454,1
2662,H1_seed43,0.8543689250946045,1
2663,H1_seed43,0.7368420958518982,1
2664,H1_seed43,0.7105262875556946,1
2665,H1_seed43,0.8764045238494873,1
2666,H1_seed43,0.8533333539962769,1
2667,H1_seed43,0.8045976758003235,1
2668,H1_seed43,0.8791208863258362,1
2669,H1_seed43,0.9647058844566345,1
2670,H1_seed43,0.8222222328186035,1
2671,H1_seed43,0.9090909361839294,1
2672,H1_seed43,0.75,1
2673,H1_seed43,0.7636363506317139,1
2674,H1_seed43,0.6140350699424744,1
2675,H1_seed43,0.7407407164573669,1
2676,H1_seed43,0.9429032206535339,2
2677,H1_seed43,0.8597086071968079,3
2678,H1_seed43,0.8716070055961609,3
2679,H1_seed43,0.9072205424308777,3
2680,H1_seed43,0.798163652420044,4
2681,H1_seed43,0.8713319897651672,5
2682,H1_seed43,0.7680090069770813,5
2683,H1_seed43,0.7075585722923279,6
2684,H1_seed43,0.8272407054901123,6
2685,H1_seed43,0.8321788311004639,6
2686,H1_seed43,0.8781082630157471,6
2687,H1_seed43,0.8361424803733826,7
2688,H1_seed43,0.8946321606636047,7
2689,H1_seed43,0.7911921739578247,8
2690,H1_seed43,0.754239022731781,8
2691,H1_seed43,0.8024492263793945,8
2692,H1_seed43,0.7661972045898438,9
2693,H1_seed43,0.788325309753418,9
2694,H1_seed43,0.8518247604370117,8
2695,H1_seed43,0.8297556638717651,8
2696,H1_seed43,0.8102800250053406,6
2697,H1_seed43,0.8804012537002563,4
2698,H1_seed43,0.755942165851593,4
2699,H1_seed43,0.6144492030143738,4
2700,H1_seed43,0.8884432911872864,3
2701,H1_seed43,0.8126387596130371,3
2702,H1_seed43,0.6439855098724365,3
2703,H1_seed43,0.4588235914707184,3
2704,H1_seed43,0.491118460893631,2
2705,H1_seed43,0.6393172144889832,3
2706,H1_seed43,0.9567747116088867,2
2707,H1_seed43,0.9495195150375366,2
2708,H1_seed43,0.9324000477790833,2
2709,H1_seed43,0.9286430478096008,2
2710,H1_seed43,0.796875,1
2711,H1_seed43,0.8666666746139526,1
2712,H1_seed43,0.8907563090324402,1
2713,H1_seed43,0.8971962332725525,1
2714,H1_seed43,0.8888888955116272,1
2715,H1_seed43,0.8837209343910217,1
2716,H1_seed43,0.8181818127632141,1
2717,H1_seed43,0.8333333134651184,1
2718,H1_seed43,0.7575757503509521,1
2719,H1_seed43,0.71875,1
2720,H1_seed43,0.7457627058029175,1
2721,H1_seed43,0.8363636136054993,1
2722,H1_seed43,0.7450980544090271,1
2723,H1_seed43,0.7666666507720947,1
2724,H1_seed43,0.7714285850524902,1
2725,H1_seed43,0.8181818127632141,1
2726,H1_seed43,0.5352112650871277,1
2727,H1_seed43,0.6538461446762085,1
2728,H1_seed43,0.6168224215507507,1
2729,H1_seed43,0.7962962985038757,1
2730,H1_seed43,0.6736842393875122,1
2731,H1_seed43,0.7200000286102295,1
2732,H1_seed43,0.800000011920929,1
2733,H1_seed43,0.643478274345398,1
2734,H1_seed43,0.7479674816131592,1
2735,H1_seed43,0.7096773982048035,1
2736,H1_seed43,0.6538461446762085,1
2737,H1_seed43,0.692307710647583,1
2738,H1_seed43,0.7945205569267273,1
2739,H1_seed43,0.7654321193695068,1
2740,H1_seed43,0.8545454740524292,1
2741,H1_seed43,0.875,1
2742,H1_seed43,0.8999999761581421,1
2743,H1_seed43,0.6436781883239746,1
2744,H1_seed43,0.6363636255264282,1
2745,H1_seed43,0.767123281955719,1
2746,H1_seed43,0.7835051417350769,1
2747,H1_seed43,0.8399999737739563,1
2748,H1_seed43,0.9026548862457275,1
2749,H1_seed43,0.924369752407074,1
2750,H1_seed43,0.9213483333587646,1
2751,H1_seed43,0.7105262875556946,1
2752,H1_seed43,0.8301886916160583,1
2753,H1_seed43,0.8031495809555054,1
2754,H1_seed43,0.9504950642585754,1
2755,H1_seed43,0.9632571935653687,1
2756,H1_seed43,0.977011501789093,1
2757,H1_seed43,0.9746376872062683,1
2758,H1_seed43,0.9814037084579468,1
2759,H1_seed43,0.966176450252533,1
2760,H1_seed43,0.7257384061813354,1
2761,H1_seed43,0.4651162922382355,1
2762,H1_seed43,0.9629629850387573,1
2763,H1_seed43,0.9724473357200623,1
2764,H1_seed43,0.9820972084999084,1
2765,H1_seed43,0.9918200373649597,1
2766,H1_seed43,0.9730215668678284,1
2767,H1_seed43,0.8151214122772217,2
2768,H1_seed43,0.8625583648681641,3
2769,H1_seed43,0.5960020422935486,5
2770,H1_seed43,0.7816258668899536,5
2771,H1_seed43,0.7499736547470093,5
2772,H1_seed43,0.8352386355400085,5
2773,H1_seed43,0.6467682719230652,6
2774,H1_seed43,0.8719688057899475,6
2775,H1_seed43,0.779887855052948,6
2776,H1_seed43,0.7271847724914551,6
2777,H1_seed43,0.8937948346138,6
2778,H1_seed43,0.9279311299324036,6
2779,H1_seed43,0.9095110297203064,6
2780,H1_seed43,0.9195296764373779,6
2781,H1_seed43,0.8980842232704163,7
2782,H1_seed43,0.9166175127029419,7
2783,H1_seed43,0.8625715970993042,7
2784,H1_seed43,0.7683355212211609,8
2785,H1_seed43,0.9169631004333496,6
2786,H1_seed43,0.8806198835372925,7
2787,H1_seed43,0.9064978361129761,7
2788,H1_seed43,0.8930139541625977,7
2789,H1_seed43,0.8435882329940796,7
2790,H1_seed43,0.8446825742721558,7
2791,H1_seed43,0.9002742171287537,6
2792,H1_seed43,0.9119299054145813,6
2793,H1_seed43,0.8778507113456726,6
2794,H1_seed43,0.9687299728393555,3
2795,H1_seed43,0.9580090641975403,3
2796,H1_seed43,0.9259200692176819,3
2797,H1_seed43,0.9308492541313171,3
2798,H1_seed43,0.9135597348213196,3
2799,H1_seed43,0.879152774810791,3
2800,H1_seed43,0.8034156560897827,4
2801,H1_seed43,0.8921735882759094,4
2802,H1_seed43,0.9262164235115051,3
2803,H1_seed43,0.9740958213806152,3
2804,H1_seed43,0.9686911702156067,2
2805,H1_seed43,0.9370275735855103,2
2806,H1_seed43,0.9367451667785645,2
2807,H1_seed43,0.8637341260910034,2
2808,H1_seed43,0.9200484752655029,2
2809,H1_seed43,0.9090261459350586,2
2810,H1_seed43,0.8415685892105103,2
2811,H1_seed43,0.8518518805503845,1
2812,H1_seed43,0.8679245114326477,1
2813,H1_seed43,0.800000011920929,1
2814,H1_seed43,0.7323943376541138,1
2815,H1_seed43,0.6984127163887024,1
2816,H1_seed43,0.8604651093482971,1
2817,H1_seed43,0.9558823704719543,1
2818,H1_seed43,0.7936508059501648,1
2819,H1_seed43,0.761904776096344,1
2820,H1_seed43,0.8666666746139526,1
2821,H1_seed43,0.9053892493247986,1
2822,H1_seed43,0.8941176533699036,1
2823,H1_seed43,0.9499467611312866,1
2824,H1_seed43,0.60317462682724,1
2825,H1_seed43,0.9514563083648682,1
2826,H1_seed43,0.9767441749572754,1
2827,H1_seed43,0.9851484894752502,1
2828,H1_seed43,0.9496123790740967,1
2829,H1_seed43,0.9685767292976379,1
2830,H1_seed43,0.8817378878593445,3
2831,H1_seed43,0.9628965854644775,3
2832,H1_seed43,0.9407079219818115,3
2833,H1_seed43,0.852634608745575,3
2834,H1_seed43,0.6308265328407288,3
2835,H1_seed43,0.6776320934295654,4
2836,H1_seed43,0.8098790049552917,4
2837,H1_seed43,0.8786171078681946,4
2838,H1_seed43,0.9143692255020142,4
2839,H1_seed43,0.7891483306884766,4
2840,H1_seed43,0.8221790194511414,5
2841,H1_seed43,0.79193115234375,5
2842,H1_seed43,0.8978056907653809,7
2843,H1_seed43,0.9098637700080872,7
2844,H1_seed43,0.8681088089942932,7
2845,H1_seed43,0.8898455500602722,7
2846,H1_seed43,0.8724743723869324,7
2847,H1_seed43,0.6601284742355347,8
2848,H1_seed43,0.7475143074989319,7
2849,H1_seed43,0.7072598338127136,5
2850,H1_seed43,0.850029468536377,5
2851,H1_seed43,0.7963736057281494,6
2852,H1_seed43,0.7604621052742004,5
2853,H1_seed43,0.9428333640098572,4
2854,H1_seed43,0.8423616290092468,5
2855,H1_seed43,0.9302705526351929,4
2856,H1_seed43,0.9544423818588257,4
2857,H1_seed43,0.9092513918876648,3
2858,H1_seed43,0.8066827654838562,3
2859,H1_seed43,0.9346596598625183,2
2860,H1_seed43,0.9585292339324951,2
2861,H1_seed43,0.9248017072677612,2
2862,H1_seed43,0.9505618810653687,2
2863,H1_seed43,0.9098992347717285,2
2864,H1_seed43,0.9483488202095032,2
2865,H1_seed43,0.9316598773002625,2
2866,H1_seed43,0.8833245038986206,2
2867,H1_seed43,0.7938264608383179,2
2868,H1_seed43,0.7141724824905396,2
2869,H1_seed43,0.6594392657279968,2
2870,H1_seed43,0.8260869383811951,1
2871,H1_seed43,0.8163265585899353,1
2872,H1_seed43,0.5957446694374084,1
2873,H1_seed43,0.8333333134651184,1
2874,H1_seed43,0.930232584476471,1
2875,H1_seed43,0.6829268336296082,1
2876,H1_seed43,0.6521739363670349,1
2877,H1_seed43,0.890080451965332,1
2878,H1_seed43,0.8975155353546143,1
2879,H1_seed43,0.8759278655052185,1
2880,H1_seed43,0.920556902885437,1
2881,H1_seed43,0.9060773253440857,1
2882,H1_seed43,0.948855996131897,1
2883,H1_seed43,0.950591504573822,1
2884,H1_seed43,0.9192245602607727,1
2885,H1_seed43,0.911255419254303,1
2886,H1_seed43,0.4882226884365082,1
2887,H1_seed43,0.9305019378662109,1
2888,H1_seed43,0.8275862336158752,1
2889,H1_seed43,0.9473684430122375,1
2890,H1_seed43,0.9696969985961914,1
2891,H1_seed43,0.9620853066444397,1
2892,H1_seed43,0.4733840227127075,2
2893,H1_seed43,0.8986414670944214,2
2894,H1_seed43,0.9452791213989258,2
2895,H1_seed43,0.8616981506347656,3
2896,H1_seed43,0.7088033556938171,3
2897,H1_seed43,0.8298556208610535,3
2898,H1_seed43,0.863865852355957,3
2899,H1_seed43,0.8709211945533752,3
2900,H1_seed43,0.5657930374145508,4
2901,H1_seed43,0.781666100025177,4
2902,H1_seed43,0.7403222322463989,5
2903,H1_seed43,0.8089324235916138,5
2904,H1_seed43,0.8224108815193176,5
2905,H1_seed43,0.7611834406852722,5
2906,H1_seed43,0.7183981537818909,6
2907,H1_seed43,0.7414442896842957,7
2908,H1_seed43,0.7925673723220825,7
2909,H1_seed43,0.8602393269538879,6
2910,H1_seed43,0.8708412647247314,6
2911,H1_seed43,0.7976759672164917,7
2912,H1_seed43,0.8489675521850586,7
2913,H1_seed43,0.7892854809761047,6
2914,H1_seed43,0.8200556635856628,6
2915,H1_seed43,0.7112361788749695,5
2916,H1_seed43,0.6625128984451294,5
2917,H1_seed43,0.6627988815307617,5
2918,H1_seed43,0.7011674046516418,4
2919,H1_seed43,0.7135844826698303,4
2920,H1_seed43,0.8458081483840942,5
2921,H1_seed43,0.8634406328201294,5
2922,H1_seed43,0.7769848108291626,4
2923,H1_seed43,0.9109315276145935,3
2924,H1_seed43,0.9244034886360168,3
2925,H1_seed43,0.9125223755836487,3
2926,H1_seed43,0.787938117980957,3
2927,H1_seed43,0.8844869136810303,2
2928,H1_seed43,0.7058457136154175,2
2929,H1_seed43,0.9091063737869263,2
2930,H1_seed43,0.9503974318504333,2
2931,H1_seed43,0.80290687084198,2
2932,H1_seed43,0.9051767587661743,2
2933,H1_seed43,0.8504159450531006,2
2934,H1_seed43,0.7556846141815186,2
2935,H1_seed43,0.7902412414550781,2
2936,H1_seed43,0.5853658318519592,1
2937,H1_seed43,0.6474820375442505,1
2938,H1_seed43,0.903677761554718,1
2939,H1_seed43,0.8143100738525391,1
2940,H1_seed43,0.7124682068824768,1
2941,H1_seed43,0.9263888597488403,1
2942,H1_seed43,0.7302631735801697,1
2943,H1_seed43,0.5390070676803589,1
2944,H1_seed43,0.7858942151069641,1
2945,H1_seed43,0.8815976977348328,1
2946,H1_seed43,0.8804903030395508,1
2947,H1_seed43,0.9020242691040039,1
2948,H1_seed43,0.8988057971000671,1
2949,H1_seed43,0.934434175491333,1
2950,H1_seed43,0.9540425539016724,1
2951,H1_seed43,0.9332810044288635,1
2952,H1_seed43,0.9600886702537537,1
2953,H1_seed43,0.932888388633728,1
2954,H1_seed43,0.9421071410179138,1
2955,H1_seed43,0.9410582780838013,1
2956,H1_seed43,0.9075747132301331,1
2957,H1_seed43,0.816321611404419,2
2958,H1_seed43,0.8197068572044373,3
2959,H1_seed43,0.8715865015983582,4
2960,H1_seed43,0.8298264741897583,4
2961,H1_seed43,0.8632643818855286,4
2962,H1_seed43,0.681795060634613,6
2963,H1_seed43,0.8318730592727661,7
2964,H1_seed43,0.8423008322715759,7
2965,H1_seed43,0.84906005859375,7
2966,H1_seed43,0.8479965925216675,7
2967,H1_seed43,0.8407835364341736,7
2968,H1_seed43,0.8619738817214966,7
2969,H1_seed43,0.8121767044067383,7
2970,H1_seed43,0.737075924873352,7
2971,H1_seed43,0.7944996953010559,6
2972,H1_seed43,0.9225857853889465,6
2973,H1_seed43,0.9006593823432922,6
2974,H1_seed43,0.7814246416091919,8
2975,H1_seed43,0.7195166349411011,7
2976,H1_seed43,0.8696759939193726,5
2977,H1_seed43,0.9004581570625305,5
2978,H1_seed43,0.7389455437660217,6
2979,H1_seed43,0.7532060742378235,6
2980,H1_seed43,0.8774707913398743,5
2981,H1_seed43,0.9500928521156311,4
2982,H1_seed43,0.9090783596038818,4
2983,H1_seed43,0.7070838809013367,4
2984,H1_seed43,0.8975340127944946,2
2985,H1_seed43,0.782608687877655,1
2986,H1_seed43,0.8793103694915771,1
2987,H1_seed43,0.9354838728904724,1
2988,H1_seed43,0.8108108043670654,1
2989,H1_seed43,0.8301886916160583,1
2990,H1_seed43,0.8727272748947144,1
2991,H1_seed43,0.9444444179534912,1
2992,H1_seed43,0.9215686321258545,1
2993,H1_seed43,0.942307710647583,1
2994,H1_seed43,0.904347836971283,1
2995,H1_seed43,0.8399999737739563,1
2996,H1_seed43,0.800000011920929,1
2997,H1_seed43,0.760869562625885,1
2998,H1_seed43,0.824999988079071,1
2999,H1_seed43,0.7076923251152039,1
3000,H1_seed43,0.71875,1
3001,H1_seed43,0.8051947951316833,1
3002,H1_seed43,0.7160493731498718,1
3003,H1_seed43,0.6268656849861145,1
3004,H1_seed43,0.6666666865348816,1
3005,H1_seed43,0.8712871074676514,1
3006,H1_seed43,0.7441860437393188,1
3007,H1_seed43,0.5070422291755676,1
3008,H1_seed43,0.3636363744735718,1
3009,H1_seed43,0.47058823704719543,1
3010,H1_seed43,0.4482758641242981,1
3011,H1_seed43,0.12244898080825806,1
3012,H1_seed43,0.6666666865348816,1
3013,H1_seed43,0.8196721076965332,1
3014,H1_seed43,0.7954545617103577,1
3015,H1_seed43,0.8695651888847351,1
3016,H1_seed43,0.8421052694320679,1
3017,H1_seed43,0.7586206793785095,1
3018,H1_seed43,0.8285714387893677,1
3019,H1_seed43,0.8285714387893677,1
3020,H1_seed43,0.75,1
3021,H1_seed43,0.8571428656578064,1
3022,H1_seed43,0.800000011920929,1
3023,H1_seed43,0.695652186870575,1
3024,H1_seed43,0.767123281955719,1
3025,H1_seed43,0.7594936490058899,1
3026,H1_seed43,0.8831169009208679,1
3027,H1_seed43,0.75,1
3028,H1_seed43,0.7058823704719543,1
3029,H1_seed43,0.3611111044883728,1
3030,H1_seed43,0.37288135290145874,1
3031,H1_seed43,0.7951807379722595,1
3032,H1_seed43,0.9100528955459595,1
3033,H1_seed43,0.9423868060112,1
3034,H1_seed43,0.9684466123580933,1
3035,H1_seed43,0.8571428656578064,1
3036,H1_seed43,0.7704026103019714,1
3037,H1_seed43,0.7495741248130798,1
3038,H1_seed43,0.6108786463737488,1
3039,H1_seed43,0.2666666805744171,1
3040,H1_seed43,0.7284768223762512,1
3041,H1_seed43,0.699999988079071,1
3042,H1_seed43,0.8108976483345032,3
3043,H1_seed43,0.8304250836372375,3
3044,H1_seed43,0.8520830869674683,4
3045,H1_seed43,0.8515761494636536,6
3046,H1_seed43,0.8468928933143616,7
3047,H1_seed43,0.8447820544242859,7
3048,H1_seed43,0.883886456489563,7
3049,H1_seed43,0.8555327653884888,7
3050,H1_seed43,0.8498955368995667,7
3051,H1_seed43,0.8341245651245117,7
3052,H1_seed43,0.8169900178909302,7
3053,H1_seed43,0.7521837949752808,7
3054,H1_seed43,0.7765576243400574,8
3055,H1_seed43,0.838140070438385,7
3056,H1_seed43,0.8312686085700989,7
3057,H1_seed43,0.8803084492683411,6
3058,H1_seed43,0.9122069478034973,6
3059,H1_seed43,0.9109296798706055,7
3060,H1_seed43,0.9244619607925415,7
3061,H1_seed43,0.9336097836494446,6
3062,H1_seed43,0.8880200982093811,7
3063,H1_seed43,0.7609949707984924,7
3064,H1_seed43,0.7583661675453186,7
3065,H1_seed43,0.627612829208374,6
3066,H1_seed43,0.8499657511711121,4
3067,H1_seed43,0.7784323692321777,4
3068,H1_seed43,0.9639922976493835,3
3069,H1_seed43,0.9649402499198914,3
3070,H1_seed43,0.9305207133293152,3
3071,H1_seed43,0.8971092700958252,4
3072,H1_seed43,0.9191407561302185,3
3073,H1_seed43,0.9276524782180786,2
3074,H1_seed43,0.8816965818405151,2
3075,H1_seed43,0.8836424946784973,1
3076,H1_seed43,0.9434276223182678,1
3077,H1_seed43,0.9517144560813904,1
3078,H1_seed43,0.9427229762077332,1
3079,H1_seed43,0.5622119903564453,1
3080,H1_seed43,0.7111111283302307,1
3081,H1_seed43,0.9285714030265808,1
3082,H1_seed43,0.9488054513931274,1
3083,H1_seed43,0.9141274094581604,1
3084,H1_seed43,0.9314162731170654,2
3085,H1_seed43,0.8725943565368652,3
3086,H1_seed43,0.9103879928588867,3
3087,H1_seed43,0.9071223735809326,3
3088,H1_seed43,0.8895601630210876,3
3089,H1_seed43,0.8695489764213562,3
3090,H1_seed43,0.7806401252746582,3
3091,H1_seed43,0.7153357267379761,4
3092,H1_seed43,0.7157167196273804,5
3093,H1_seed43,0.8878347277641296,5
3094,H1_seed43,0.8943790197372437,5
3095,H1_seed43,0.8686674237251282,5
3096,H1_seed43,0.8221309781074524,6
3097,H1_seed43,0.7782730460166931,7
3098,H1_seed43,0.8224088549613953,8
3099,H1_seed43,0.8911129236221313,8
3100,H1_seed43,0.8565471172332764,8
3101,H1_seed43,0.7798342108726501,9
3102,H1_seed43,0.7432633638381958,9
3103,H1_seed43,0.7295088768005371,7
3104,H1_seed43,0.7803001403808594,8
3105,H1_seed43,0.8705447316169739,6
3106,H1_seed43,0.9200113415718079,6
3107,H1_seed43,0.9355319738388062,5
3108,H1_seed43,0.9212854504585266,5
3109,H1_seed43,0.8457873463630676,5
3110,H1_seed43,0.917495608329773,5
3111,H1_seed43,0.8848905563354492,5
3112,H1_seed43,0.8475891351699829,5
3113,H1_seed43,0.7313441038131714,4
3114,H1_seed43,0.6960458755493164,4
3115,H1_seed43,0.7022412419319153,4
3116,H1_seed43,0.6799418330192566,4
3117,H1_seed43,0.6034669280052185,3
3118,H1_seed43,0.6134295463562012,3
3119,H1_seed43,0.9276868104934692,2
3120,H1_seed43,0.803288996219635,2
3121,H1_seed43,0.7537475824356079,2
3122,H1_seed43,0.7832037806510925,2
3123,H1_seed43,0.9784688949584961,1
3124,H1_seed43,0.9046455025672913,1
3125,H1_seed43,0.9748549461364746,1
3126,H1_seed43,0.9896193742752075,1
3127,H1_seed43,0.9865125417709351,1
3128,H1_seed43,0.9770540595054626,1
3129,H1_seed43,0.6823529601097107,1
3130,H1_seed43,0.9830508232116699,1
3131,H1_seed43,0.8925746083259583,2
3132,H1_seed43,0.9770927429199219,2
3133,H1_seed43,0.9876861572265625,2
3134,H1_seed43,0.8893221020698547,4
3135,H1_seed43,0.9552092552185059,4
3136,H1_seed43,0.7518356442451477,5
3137,H1_seed43,0.9149153828620911,5
3138,H1_seed43,0.9053865671157837,5
3139,H1_seed43,0.889138400554657,6
3140,H1_seed43,0.8992593884468079,7
3141,H1_seed43,0.906727135181427,7
3142,H1_seed43,0.8845290541648865,8
3143,H1_seed43,0.9236644506454468,8
3144,H1_seed43,0.9493563175201416,8
3145,H1_seed43,0.8786570429801941,9
3146,H1_seed43,0.9098557233810425,9
3147,H1_seed43,0.9223349094390869,9
3148,H1_seed43,0.8925448656082153,9
3149,H1_seed43,0.9237761497497559,7
3150,H1_seed43,0.9250922799110413,7
3151,H1_seed43,0.7895767688751221,6
3152,H1_seed43,0.8253254890441895,4
3153,H1_seed43,0.9762322902679443,3
3154,H1_seed43,0.968156635761261,3
3155,H1_seed43,0.9577569365501404,3
3156,H1_seed43,0.861409068107605,4
3157,H1_seed43,0.9377340078353882,4
3158,H1_seed43,0.7342787981033325,4
3159,H1_seed43,0.9465547800064087,2
3160,H1_seed43,0.9382694363594055,2
3161,H1_seed43,0.9265624284744263,2
3162,H1_seed43,0.89509117603302,2
3163,H1_seed43,0.7804877758026123,1
3164,H1_seed43,0.8372092843055725,1
3165,H1_seed43,0.8627451062202454,1
3166,H1_seed43,0.6829268336296082,1
3167,H1_seed43,0.6206896305084229,1
3168,H1_seed43,0.9416195750236511,1
3169,H1_seed43,0.9614807367324829,1
3170,H1_seed43,0.938327431678772,1
3171,H1_seed43,0.9698600769042969,1
3172,H1_seed43,0.9444301128387451,1
3173,H1_seed43,0.9584068655967712,1
3174,H1_seed43,0.9530767202377319,1
3175,H1_seed43,0.9470404982566833,1
3176,H1_seed43,0.878446102142334,1
3177,H1_seed43,0.542443037033081,1
3178,H1_seed43,0.6666666865348816,1
3179,H1_seed43,0.8905647993087769,2
3180,H1_seed43,0.8989197611808777,3
3181,H1_seed43,0.9450554847717285,3
3182,H1_seed43,0.8904790282249451,3
3183,H1_seed43,0.902447521686554,3
3184,H1_seed43,0.850595235824585,3
3185,H1_seed43,0.8439659476280212,4
3186,H1_seed43,0.83734530210495,5
3187,H1_seed43,0.8494938611984253,5
3188,H1_seed43,0.8720744848251343,5
3189,H1_seed43,0.8964279294013977,5
3190,H1_seed43,0.8458258509635925,6
3191,H1_seed43,0.7582353949546814,7
3192,H1_seed43,0.8017538189888,8
3193,H1_seed43,0.8350933194160461,9
3194,H1_seed43,0.7862667441368103,9
3195,H1_seed43,0.8792399168014526,9
3196,H1_seed43,0.8544155955314636,9
3197,H1_seed43,0.8055227398872375,9
3198,H1_seed43,0.8516122698783875,6
3199,H1_seed43,0.8918044567108154,4
3200,H1_seed43,0.7659600973129272,4
3201,H1_seed43,0.9158391356468201,3
3202,H1_seed43,0.9313337206840515,3
3203,H1_seed43,0.9223288893699646,3
3204,H1_seed43,0.9465560913085938,3
3205,H1_seed43,0.6650657653808594,2
3206,H1_seed43,0.6793496012687683,2
3207,H1_seed43,0.48317381739616394,2
3208,H1_seed43,0.792773962020874,2
3209,H1_seed43,0.6534175872802734,2
3210,H1_seed43,0.6634763479232788,2
3211,H1_seed43,0.9390819072723389,2
3212,H1_seed43,0.8951612710952759,1
3213,H1_seed43,0.8985507488250732,1
3214,H1_seed43,0.8850574493408203,1
3215,H1_seed43,0.8194444179534912,1
3216,H1_seed43,0.4148148000240326,1
3217,H1_seed43,0.4793814420700073,1
3218,H1_seed43,0.8102189898490906,1
3219,H1_seed43,0.9072948098182678,1
3220,H1_seed43,0.9521276354789734,1
3221,H1_seed43,0.9555466771125793,1
3222,H1_seed43,0.970588207244873,1
3223,H1_seed43,0.9781082272529602,1
3224,H1_seed43,0.9454109072685242,1
3225,H1_seed43,0.7921406626701355,1
3226,H1_seed43,0.6478757858276367,2
3227,H1_seed43,0.7928234934806824,2
3228,H1_seed43,0.8161775469779968,3
3229,H1_seed43,0.7389605045318604,3
3230,H1_seed43,0.7773279547691345,3
3231,H1_seed43,0.9211371541023254,3
3232,H1_seed43,0.8732072114944458,4
3233,H1_seed43,0.8276969194412231,5
3234,H1_seed43,0.8073727488517761,6
3235,H1_seed43,0.8599913716316223,6
3236,H1_seed43,0.8651954531669617,6
3237,H1_seed43,0.8545773029327393,6
3238,H1_seed43,0.858470618724823,7
3239,H1_seed43,0.8712639212608337,7
3240,H1_seed43,0.8097483515739441,7
3241,H1_seed43,0.8415684103965759,7
3242,H1_seed43,0.8147881031036377,8
3243,H1_seed43,0.8381069302558899,7
3244,H1_seed43,0.8002334237098694,8
3245,H1_seed43,0.8003689050674438,8
3246,H1_seed43,0.8511494994163513,7
3247,H1_seed43,0.9026551246643066,6
3248,H1_seed43,0.9060681462287903,6
3249,H1_seed43,0.806220531463623,6
3250,H1_seed43,0.6777548789978027,5
3251,H1_seed43,0.9537413716316223,3
3252,H1_seed43,0.954579770565033,3
3253,H1_seed43,0.9506340026855469,3
3254,H1_seed43,0.959578275680542,3
3255,H1_seed43,0.9533662796020508,3
3256,H1_seed43,0.9517361521720886,3
3257,H1_seed43,0.922600269317627,3
3258,H1_seed43,0.9046909213066101,2
3259,H1_seed43,0.871284008026123,2
3260,H1_seed43,0.8668882846832275,2
3261,H1_seed43,0.7552576661109924,2
3262,H1_seed43,0.6564885377883911,1
3263,H1_seed43,0.800000011920929,1
3264,H1_seed43,0.8909090757369995,1
3265,H1_seed43,0.7956989407539368,1
3266,H1_seed43,0.8627451062202454,1
3267,H1_seed43,0.8064516186714172,1
3268,H1_seed43,0.7200000286102295,1
3269,H1_seed43,0.75,1
3270,H1_seed43,0.6086956262588501,1
3271,H1_seed43,0.7058823704719543,1
3272,H1_seed43,0.6666666865348816,1
3273,H1_seed43,0.7532467246055603,1
3274,H1_seed43,0.9611650705337524,1
3275,H1_seed43,0.9311552047729492,1
3276,H1_seed43,0.8680351972579956,1
3277,H1_seed43,0.8925372958183289,1
3278,H1_seed43,0.3571428656578064,1
3279,H1_seed43,0.7527099847793579,2
3280,H1_seed43,0.8687227964401245,2
3281,H1_seed43,0.8538436889648438,3
3282,H1_seed43,0.9143710136413574,3
3283,H1_seed43,0.8954628705978394,4
3284,H1_seed43,0.9440954923629761,4
3285,H1_seed43,0.9577584266662598,4
3286,H1_seed43,0.9657819271087646,4
3287,H1_seed43,0.9571282863616943,4
3288,H1_seed43,0.8709956407546997,5
3289,H1_seed43,0.923244833946228,5
3290,H1_seed43,0.9337388873100281,5
3291,H1_seed43,0.9245674014091492,5
3292,H1_seed43,0.9399530291557312,5
3293,H1_seed43,0.913072407245636,6
3294,H1_seed43,0.9083747863769531,6
3295,H1_seed43,0.840937614440918,6
3296,H1_seed43,0.8589935898780823,7
3297,H1_seed43,0.8705772757530212,7
3298,H1_seed43,0.8594405055046082,8
3299,H1_seed43,0.8485686779022217,9
3300,H1_seed43,0.8755389451980591,9
3301,H1_seed43,0.8530832529067993,10
3302,H1_seed43,0.807093620300293,10
3303,H1_seed43,0.888832151889801,8
3304,H1_seed43,0.8989858627319336,7
3305,H1_seed43,0.8827769160270691,7
3306,H1_seed43,0.7884528040885925,6
3307,H1_seed43,0.9152090549468994,4
3308,H1_seed43,0.9670870900154114,3
3309,H1_seed43,0.9741680026054382,3
3310,H1_seed43,0.9765532612800598,3
3311,H1_seed43,0.9731404185295105,3
3312,H1_seed43,0.8699796795845032,4
3313,H1_seed43,0.9340346455574036,4
3314,H1_seed43,0.9439119100570679,4
3315,H1_seed43,0.8217821717262268,1
3316,H1_seed43,0.8700000047683716,1
3317,H1_seed43,0.9205127954483032,1
3318,H1_seed43,0.9447415471076965,1
3319,H1_seed43,0.9422819018363953,1
3320,H1_seed43,0.9529816508293152,1
3321,H1_seed43,0.9198423027992249,1
3322,H1_seed43,0.9672262072563171,1
3323,H1_seed43,0.9618163108825684,1
3324,H1_seed43,0.9517396092414856,1
3325,H1_seed43,0.9723479151725769,1
3326,H1_seed43,0.9638288617134094,1
3327,H1_seed43,0.9739519953727722,1
3328,H1_seed43,0.9675572514533997,1
3329,H1_seed43,0.9663039445877075,1
3330,H1_seed43,0.9733102321624756,1
3331,H1_seed43,0.9621418714523315,1
3332,H1_seed43,0.9759971499443054,1
3333,H1_seed43,0.9535787105560303,1
3334,H1_seed43,0.9360701441764832,1
3335,H1_seed43,0.8900523781776428,1
3336,H1_seed43,0.8857223987579346,1
3337,H1_seed43,0.8882129192352295,1
3338,H1_seed43,0.8649262189865112,1
3339,H1_seed43,0.6721893548965454,1
3340,H1_seed43,0.7891566157341003,1
3341,H1_seed43,0.9595959782600403,1
3342,H1_seed43,0.948113203048706,1
3343,H1_seed43,0.9597315192222595,1
3344,H1_seed43,0.9568527936935425,1
3345,H1_seed43,0.9797979593276978,1
3346,H1_seed43,0.7434050440788269,2
3347,H1_seed43,0.7646821141242981,2
3348,H1_seed43,0.7946712970733643,2
3349,H1_seed43,0.8418684005737305,2
3350,H1_seed43,0.8137357234954834,2
3351,H1_seed43,0.7368839979171753,2
3352,H1_seed43,0.6860602498054504,3
3353,H1_seed43,0.7058127522468567,3
3354,H1_seed43,0.5782103538513184,4
3355,H1_seed43,0.7817761301994324,4
3356,H1_seed43,0.6358118057250977,6
3357,H1_seed43,0.7499285340309143,6
3358,H1_seed43,0.785101592540741,6
3359,H1_seed43,0.7738741636276245,7
3360,H1_seed43,0.8595914840698242,7
3361,H1_seed43,0.8348760604858398,7
3362,H1_seed43,0.8557267785072327,7
3363,H1_seed43,0.8613259196281433,7
3364,H1_seed43,0.846113383769989,7
3365,H1_seed43,0.8716963529586792,7
3366,H1_seed43,0.827887237071991,7
3367,H1_seed43,0.8273830413818359,7
3368,H1_seed43,0.8486379981040955,7
3369,H1_seed43,0.8616185188293457,7
3370,H1_seed43,0.8808225393295288,7
3371,H1_seed43,0.8544090986251831,7
3372,H1_seed43,0.8532784581184387,7
3373,H1_seed43,0.8787234425544739,7
3374,H1_seed43,0.86319500207901,7
3375,H1_seed43,0.8900368809700012,7
3376,H1_seed43,0.8712745904922485,7
3377,H1_seed43,0.7969599962234497,7
3378,H1_seed43,0.8488866686820984,7
3379,H1_seed43,0.8402730226516724,7
3380,H1_seed43,0.8354926705360413,7
3381,H1_seed43,0.8443352580070496,7
3382,H1_seed43,0.8711166381835938,8
3383,H1_seed43,0.864579439163208,8
3384,H1_seed43,0.8356056809425354,8
3385,H1_seed43,0.9032934904098511,7
3386,H1_seed43,0.8987444639205933,7
3387,H1_seed43,0.8506084680557251,8
3388,H1_seed43,0.8784195780754089,9
3389,H1_seed43,0.8608219623565674,9
3390,H1_seed43,0.8949181437492371,8
3391,H1_seed43,0.8485777378082275,8
3392,H1_seed43,0.8455944061279297,8
3393,H1_seed43,0.8866795897483826,7
3394,H1_seed43,0.8537405729293823,7
3395,H1_seed43,0.850580096244812,7
3396,H1_seed43,0.8206549882888794,7
3397,H1_seed43,0.8359656929969788,7
3398,H1_seed43,0.9200465083122253,6
3399,H1_seed43,0.8943161964416504,6
3400,H1_seed43,0.9058305621147156,6
3401,H1_seed43,0.8837361335754395,6
3402,H1_seed43,0.672356128692627,6
3403,H1_seed43,0.6615874171257019,6
3404,H1_seed43,0.7843784689903259,6
3405,H1_seed43,0.6679564714431763,5
3406,H1_seed43,0.830589234828949,4
3407,H1_seed43,0.9665737152099609,3
3408,H1_seed43,0.974815845489502,3
3409,H1_seed43,0.9746778607368469,3
3410,H1_seed43,0.8614467978477478,4
3411,H1_seed43,0.9102427959442139,4
3412,H1_seed43,0.9216513633728027,4
3413,H1_seed43,0.9356763958930969,4
3414,H1_seed43,0.9255573749542236,4
3415,H1_seed43,0.9515820145606995,4
3416,H1_seed43,0.9156316518783569,4
3417,H1_seed43,0.8730554580688477,4
3418,H1_seed43,0.8721545338630676,4
3419,H1_seed43,0.8887977600097656,4
3420,H1_seed43,0.9429135918617249,4
3421,H1_seed43,0.8285412788391113,4
3422,H1_seed43,0.9265796542167664,3
3423,H1_seed43,0.8912137150764465,3
3424,H1_seed43,0.8570222854614258,3
3425,H1_seed43,0.8993018865585327,2
3426,H1_seed43,0.8381978869438171,2
3427,H1_seed43,0.8199999928474426,1
3428,H1_seed43,0.6363636255264282,1
3429,H1_seed43,0.7326732873916626,1
3430,H1_seed43,0.8269230723381042,1
3431,H1_seed43,0.8623853325843811,1
3432,H1_seed43,0.9358829855918884,1
3433,H1_seed43,0.9558378458023071,1
3434,H1_seed43,0.9861591458320618,1
3435,H1_seed43,0.9917057156562805,1
3436,H1_seed43,0.9918059706687927,1
3437,H1_seed43,0.9916505813598633,1
3438,H1_seed43,0.991126298904419,1
3439,H1_seed43,0.9915579557418823,1
3440,H1_seed43,0.9886363744735718,1
3441,H1_seed43,0.9417808055877686,1
3442,H1_seed43,0.9213483333587646,1
3443,H1_seed43,0.6666666865348816,1
3444,H1_seed43,0.9841269850730896,1
3445,H1_seed43,0.9741239547729492,2
3446,H1_seed43,0.9761930704116821,2
3447,H1_seed43,0.9813337326049805,2
3448,H1_seed43,0.9619035720825195,3
3449,H1_seed43,0.9639198780059814,3
3450,H1_seed43,0.966517984867096,3
3451,H1_seed43,0.9500740170478821,3
3452,H1_seed43,0.8755756616592407,5
3453,H1_seed43,0.9248688817024231,5
3454,H1_seed43,0.7822028994560242,5
3455,H1_seed43,0.9210155606269836,5
3456,H1_seed43,0.9130616188049316,5
3457,H1_seed43,0.9097824096679688,5
3458,H1_seed43,0.8797107934951782,5
3459,H1_seed43,0.8701995015144348,7
3460,H1_seed43,0.9095736742019653,7
3461,H1_seed43,0.92127925157547,7
3462,H1_seed43,0.9167839884757996,7
3463,H1_seed43,0.8905274271965027,10
3464,H1_seed43,0.920276939868927,10
3465,H1_seed43,0.9175667762756348,8
3466,H1_seed43,0.9261850714683533,7
3467,H1_seed43,0.8565015196800232,6
3468,H1_seed43,0.9429050087928772,4
3469,H1_seed43,0.9457546472549438,4
3470,H1_seed43,0.9810431599617004,3
3471,H1_seed43,0.9734784960746765,3
3472,H1_seed43,0.9698019027709961,3
3473,H1_seed43,0.9125081300735474,4
3474,H1_seed43,0.9703113436698914,4
3475,H1_seed43,0.9557410478591919,4
3476,H1_seed43,0.9502314329147339,4
3477,H1_seed43,0.915351927280426,3
3478,H1_seed43,0.9174962639808655,3
3479,H1_seed43,0.9647873640060425,2
3480,H1_seed43,0.9856612682342529,2
3481,H1_seed43,0.9705007076263428,2
3482,H1_seed43,0.9754523038864136,2
3483,H1_seed43,0.9647456407546997,2
3484,H1_seed43,0.9477099776268005,2
3485,H1_seed43,0.9279999732971191,1
3486,H1_seed43,0.8130081295967102,1
3487,H1_seed43,0.8888888955116272,1
3488,H1_seed43,0.7555555701255798,1
3489,H1_seed43,0.800000011920929,1
3490,H1_seed43,0.5666666626930237,1
3491,H1_seed43,0.604651153087616,1
3492,H1_seed43,0.5652173757553101,1
3493,H1_seed43,0.6181818246841431,1
3494,H1_seed43,0.7323943376541138,1
3495,H1_seed43,0.8723404407501221,1
3496,H1_seed43,0.9090909361839294,1
3497,H1_seed43,0.8888888955116272,1
3498,H1_seed43,0.6666666865348816,1
3499,H1_seed43,0.78125,1
3500,H1_seed43,0.9122806787490845,1
3501,H1_seed43,0.8474576473236084,1
3502,H1_seed43,0.8823529481887817,1
3503,H1_seed43,0.7954545617103577,1
3504,H1_seed43,0.9256198406219482,1
3505,H1_seed43,0.8807339668273926,1
3506,H1_seed43,0.8118811845779419,1
3507,H1_seed43,0.8433734774589539,1
3508,H1_seed43,0.8108108043670654,1
3509,H1_seed43,0.8831169009208679,1
3510,H1_seed43,0.7906976938247681,1
3511,H1_seed43,0.8780487775802612,1
3512,H1_seed43,0.8205128312110901,1
3513,H1_seed43,0.824999988079071,1
3514,H1_seed43,0.7397260069847107,1
3515,H1_seed43,0.7714285850524902,1
3516,H1_seed43,0.7469879388809204,1
3517,H1_seed43,0.8817204236984253,1
3518,H1_seed43,0.9069767594337463,1
3519,H1_seed43,0.8500000238418579,1
3520,H1_seed43,0.7200000286102295,1
0,H2_seed43,0.9367681741714478,1
1,H2_seed43,0.9427965879440308,1
2,H2_seed43,0.9736477136611938,1
3,H2_seed43,0.948045015335083,1
4,H2_seed43,0.9812636375427246,1
5,H2_seed43,0.9807767868041992,1
6,H2_seed43,0.9890453815460205,1
7,H2_seed43,0.9871465563774109,1
8,H2_seed43,0.9412897229194641,1
9,H2_seed43,0.7509578466415405,1
10,H2_seed43,0.9681159257888794,1
11,H2_seed43,0.9473684430122375,1
12,H2_seed43,1.2500000146076218e-08,1
13,H2_seed43,0.9316770434379578,1
14,H2_seed43,0.9670329689979553,1
15,H2_seed43,0.959649920463562,2
16,H2_seed43,0.9223698377609253,2
17,H2_seed43,0.7881300449371338,3
18,H2_seed43,0.8147090077400208,3
19,H2_seed43,0.852763295173645,4
20,H2_seed43,0.8704520463943481,4
21,H2_seed43,0.9118478298187256,4
22,H2_seed43,0.7566800713539124,5
23,H2_seed43,0.7327189445495605,6
24,H2_seed43,0.7184094786643982,6
25,H2_seed43,0.684289276599884,6
26,H2_seed43,0.8295215964317322,6
27,H2_seed43,0.7375984787940979,7
28,H2_seed43,0.795487105846405,7
29,H2_seed43,0.8684847950935364,7
30,H2_seed43,0.8465972542762756,7
31,H2_seed43,0.8511347770690918,7
32,H2_seed43,0.7783634662628174,8
33,H2_seed43,0.7450401782989502,8
34,H2_seed43,0.578269898891449,6
35,H2_seed43,0.7647998929023743,7
36,H2_seed43,0.8598844408988953,7
37,H2_seed43,0.8866850733757019,7
38,H2_seed43,0.8259717226028442,7
39,H2_seed43,0.7316686511039734,6
40,H2_seed43,0.6189108490943909,6
41,H2_seed43,0.5771207213401794,5
42,H2_seed43,0.729576826095581,4
43,H2_seed43,0.9717738032341003,3
44,H2_seed43,0.8204112648963928,4
45,H2_seed43,0.7870372533798218,4
46,H2_seed43,0.8661009669303894,4
47,H2_seed43,0.9084300994873047,4
48,H2_seed43,0.4743589758872986,1
49,H2_seed43,0.8240887522697449,1
50,H2_seed43,0.21253405511379242,1
51,H2_seed43,0.020066889002919197,1
52,H2_seed43,3.27868843186252e-10,1
53,H2_seed43,2.1321962251352744e-10,1
54,H2_seed43,1.8903592580166162e-10,1
55,H2_seed43,2.9154520464480527e-10,1
56,H2_seed43,0.23162394762039185,2
57,H2_seed43,0.4615384638309479,2
58,H2_seed43,0.685776948928833,2
59,H2_seed43,0.6902329921722412,2
60,H2_seed43,0.6324265599250793,3
61,H2_seed43,0.4048217833042145,4
62,H2_seed43,0.6243355870246887,5
63,H2_seed43,0.6958521604537964,5
64,H2_seed43,0.7448190450668335,5
65,H2_seed43,0.7646406292915344,5
66,H2_seed43,0.7730156779289246,5
67,H2_seed43,0.7447109222412109,6
68,H2_seed43,0.5777493715286255,7
69,H2_seed43,0.49406692385673523,7
70,H2_seed43,0.5949883460998535,8
71,H2_seed43,0.6518347859382629,8
72,H2_seed43,0.5795814394950867,9
73,H2_seed43,0.7733145952224731,8
74,H2_seed43,0.7204082012176514,9
75,H2_seed43,0.6667477488517761,9
76,H2_seed43,0.7280644178390503,8
77,H2_seed43,0.6795651316642761,7
78,H2_seed43,0.6324338316917419,6
79,H2_seed43,0.7108954191207886,5
80,H2_seed43,0.850172758102417,4
81,H2_seed43,0.6780081987380981,4
82,H2_seed43,0.9264295697212219,3
83,H2_seed43,0.9347205758094788,3
84,H2_seed43,0.6921115517616272,4
85,H2_seed43,0.6640931963920593,4
86,H2_seed43,0.4928734600543976,3
87,H2_seed43,0.5158071517944336,2
88,H2_seed43,0.5447528958320618,2
89,H2_seed43,0.7654310464859009,2
90,H2_seed43,0.23404255509376526,2
91,H2_seed43,0.6938775777816772,1
92,H2_seed43,0.7894737124443054,1
93,H2_seed43,0.2545454502105713,1
94,H2_seed43,0.4390243887901306,1
95,H2_seed43,0.4615384638309479,1
96,H2_seed43,0.5,1
97,H2_seed43,0.4324324429035187,1
98,H2_seed43,7.692308123807834e-09,1
99,H2_seed43,0.42105263471603394,1
100,H2_seed43,0.75,1
101,H2_seed43,0.23999999463558197,1
102,H2_seed43,0.6521739363670349,1
103,H2_seed43,0.5581395626068115,1
104,H2_seed43,0.6842105388641357,1
105,H2_seed43,0.6153846383094788,1
106,H2_seed43,0.3636363744735718,1
107,H2_seed43,0.625,1
108,H2_seed43,0.1428571492433548,1
109,H2_seed43,0.6896551847457886,1
110,H2_seed43,0.6285714507102966,1
111,H2_seed43,0.529411792755127,1
112,H2_seed43,0.5925925970077515,1
113,H2_seed43,0.6399999856948853,1
114,H2_seed43,0.6666666865348816,1
115,H2_seed43,0.7692307829856873,1
116,H2_seed43,0.7200000286102295,1
117,H2_seed43,0.7428571581840515,1
118,H2_seed43,0.6486486196517944,1
119,H2_seed43,0.6486486196517944,1
120,H2_seed43,0.6111111044883728,1
121,H2_seed43,0.1111111119389534,1
122,H2_seed43,8.333333134658005e-09,1
123,H2_seed43,8.333333134658005e-09,1
124,H2_seed43,0.673202633857727,1
125,H2_seed43,0.3340659439563751,1
126,H2_seed43,0.57369464635849,1
127,H2_seed43,0.833004355430603,1
128,H2_seed43,0.9063122868537903,1
129,H2_seed43,0.9657754302024841,1
130,H2_seed43,0.9765437841415405,1
131,H2_seed43,0.8791525959968567,1
132,H2_seed43,0.4801657795906067,1
133,H2_seed43,0.2580261528491974,1
134,H2_seed43,0.18965035676956177,1
135,H2_seed43,0.09920182079076767,1
136,H2_seed43,0.05199844762682915,1
137,H2_seed43,0.9109299182891846,2
138,H2_seed43,0.7825506329536438,3
139,H2_seed43,0.9002225399017334,3
140,H2_seed43,0.8734745979309082,3
141,H2_seed43,0.8865239024162292,3
142,H2_seed43,0.9136312007904053,3
143,H2_seed43,0.9396999478340149,3
144,H2_seed43,0.9548516869544983,3
145,H2_seed43,0.9269432425498962,3
146,H2_seed43,0.9141786098480225,3
147,H2_seed43,0.9646320343017578,3
148,H2_seed43,0.9425379633903503,3
149,H2_seed43,0.9549204707145691,3
150,H2_seed43,0.9189574718475342,3
151,H2_seed43,0.9327103495597839,3
152,H2_seed43,0.9393385052680969,3
153,H2_seed43,0.7100213766098022,4
154,H2_seed43,0.7123497128486633,4
155,H2_seed43,0.6628295183181763,4
156,H2_seed43,0.8254868388175964,6
157,H2_seed43,0.854006826877594,6
158,H2_seed43,0.7693443298339844,6
159,H2_seed43,0.8372241854667664,6
160,H2_seed43,0.7435100674629211,6
161,H2_seed43,0.7264578938484192,6
162,H2_seed43,0.8812766671180725,6
163,H2_seed43,0.8389193415641785,6
164,H2_seed43,0.8813955187797546,6
165,H2_seed43,0.8862788081169128,6
166,H2_seed43,0.9055287837982178,6
167,H2_seed43,0.9092989563941956,6
168,H2_seed43,0.8373283743858337,7
169,H2_seed43,0.8766784071922302,7
170,H2_seed43,0.8320501446723938,7
171,H2_seed43,0.831163227558136,7
172,H2_seed43,0.8904770016670227,7
173,H2_seed43,0.8812390565872192,7
174,H2_seed43,0.8764148354530334,7
175,H2_seed43,0.7476953864097595,8
176,H2_seed43,0.8015594482421875,8
177,H2_seed43,0.7716882228851318,8
178,H2_seed43,0.770622968673706,9
179,H2_seed43,0.7461063861846924,9
180,H2_seed43,0.6375817060470581,9
181,H2_seed43,0.7602361440658569,8
182,H2_seed43,0.7560462951660156,8
183,H2_seed43,0.8228422999382019,6
184,H2_seed43,0.7909716367721558,5
185,H2_seed43,0.7978701591491699,5
186,H2_seed43,0.790437638759613,5
187,H2_seed43,0.8273933529853821,5
188,H2_seed43,0.7825844287872314,5
189,H2_seed43,0.7788318395614624,4
190,H2_seed43,0.7967692613601685,4
191,H2_seed43,0.8482372164726257,4
192,H2_seed43,0.8128594756126404,4
193,H2_seed43,0.8306738138198853,4
194,H2_seed43,0.8085024356842041,3
195,H2_seed43,0.7106103301048279,3
196,H2_seed43,0.9532690048217773,2
197,H2_seed43,0.9667588472366333,2
198,H2_seed43,0.971825122833252,2
199,H2_seed43,0.9841262102127075,2
200,H2_seed43,0.9665458798408508,2
201,H2_seed43,0.973880410194397,2
202,H2_seed43,0.9762548208236694,2
203,H2_seed43,0.969614565372467,2
204,H2_seed43,0.973753035068512,2
205,H2_seed43,0.9658516645431519,2
206,H2_seed43,0.9637546539306641,2
207,H2_seed43,0.9246730804443359,3
208,H2_seed43,0.914648711681366,3
209,H2_seed43,0.8631405830383301,3
210,H2_seed43,0.8392429351806641,3
211,H2_seed43,0.9304757118225098,2
212,H2_seed43,0.9251416921615601,2
213,H2_seed43,0.9496685862541199,2
214,H2_seed43,0.9777120351791382,2
215,H2_seed43,0.9322739839553833,2
216,H2_seed43,0.9548912048339844,2
217,H2_seed43,0.9693143963813782,2
218,H2_seed43,0.924670934677124,2
219,H2_seed43,0.9376266002655029,2
220,H2_seed43,0.865338146686554,2
221,H2_seed43,0.9247769117355347,2
222,H2_seed43,0.8167163133621216,2
223,H2_seed43,0.7205556631088257,2
224,H2_seed43,0.7605633735656738,1
225,H2_seed43,0.8153846263885498,1
226,H2_seed43,0.852173924446106,1
227,H2_seed43,0.7222222089767456,1
228,H2_seed43,0.7627118825912476,1
229,H2_seed43,0.849056601524353,1
230,H2_seed43,0.7777777910232544,1
231,H2_seed43,0.75,1
232,H2_seed43,0.774193525314331,1
233,H2_seed43,0.8817204236984253,1
234,H2_seed43,0.8199999928474426,1
235,H2_seed43,0.7735849022865295,1
236,H2_seed43,0.8695651888847351,1
237,H2_seed43,0.8403361439704895,1
238,H2_seed43,0.8983050584793091,1
239,H2_seed43,0.9189189076423645,1
240,H2_seed43,0.859649121761322,1
241,H2_seed43,0.21212121844291687,1
242,H2_seed43,0.42690059542655945,1
243,H2_seed43,0.5245901346206665,1
244,H2_seed43,0.5884692072868347,1
245,H2_seed43,0.6407079696655273,1
246,H2_seed43,0.7126436829566956,1
247,H2_seed43,0.6969696879386902,1
248,H2_seed43,0.7721335291862488,1
249,H2_seed43,0.7989347577095032,1
250,H2_seed43,0.8530927896499634,1
251,H2_seed43,0.8816936612129211,1
252,H2_seed43,0.9349240660667419,1
253,H2_seed43,0.9515331387519836,1
254,H2_seed43,0.973128616809845,1
255,H2_seed43,0.9451795816421509,1
256,H2_seed43,0.9737510681152344,1
257,H2_seed43,0.9690230488777161,1
258,H2_seed43,0.9831029176712036,1
259,H2_seed43,0.956916093826294,1
260,H2_seed43,0.9665955901145935,1
261,H2_seed43,0.9717361927032471,1
262,H2_seed43,0.9881423115730286,1
263,H2_seed43,0.9746917486190796,1
264,H2_seed43,0.968866765499115,1
265,H2_seed43,0.9724550843238831,1
266,H2_seed43,0.98525071144104,1
267,H2_seed43,0.9795680046081543,1
268,H2_seed43,0.9687150716781616,1
269,H2_seed43,0.981521725654602,1
270,H2_seed43,0.988727867603302,1
271,H2_seed43,0.973030149936676,1
272,H2_seed43,0.970426082611084,1
273,H2_seed43,0.9840954542160034,1
274,H2_seed43,0.991150438785553,1
275,H2_seed43,0.9781447052955627,1
276,H2_seed43,0.9812048077583313,1
277,H2_seed43,0.9882903695106506,1
278,H2_seed43,0.9878957271575928,1
279,H2_seed43,0.977798342704773,1
280,H2_seed43,0.9699769020080566,1
281,H2_seed43,0.9828306436538696,1
282,H2_seed43,0.986940324306488,1
283,H2_seed43,0.9840525388717651,1
284,H2_seed43,0.9437531232833862,1
285,H2_seed43,0.936772882938385,1
286,H2_seed43,0.9405185580253601,1
287,H2_seed43,0.9363449811935425,1
288,H2_seed43,0.891993522644043,1
289,H2_seed43,0.9143185615539551,1
290,H2_seed43,0.8944027423858643,1
291,H2_seed43,0.8306636214256287,1
292,H2_seed43,0.8396946787834167,1
293,H2_seed43,0.7673956155776978,1
294,H2_seed43,0.6797797083854675,1
295,H2_seed43,0.6977578401565552,1
296,H2_seed43,0.7862481474876404,1
297,H2_seed43,0.6094674468040466,1
298,H2_seed43,0.44134077429771423,1
299,H2_seed43,0.24666666984558105,1
300,H2_seed43,3.333333387089965e-09,1
301,H2_seed43,5.882352827057957e-09,1
302,H2_seed43,4.347826099149188e-09,1
303,H2_seed43,2.0833332836645013e-09,1
304,H2_seed43,3.269230663960343e-09,2
305,H2_seed43,0.13953489065170288,2
306,H2_seed43,0.4583333432674408,2
307,H2_seed43,0.4170854389667511,2
308,H2_seed43,0.4021352231502533,2
309,H2_seed43,0.45538461208343506,2
310,H2_seed43,0.4617224931716919,2
311,H2_seed43,0.5515546202659607,3
312,H2_seed43,0.714602530002594,3
313,H2_seed43,0.7525930404663086,3
314,H2_seed43,0.4723699390888214,3
315,H2_seed43,0.5290392637252808,3
316,H2_seed43,0.5385943055152893,3
317,H2_seed43,0.5137917399406433,3
318,H2_seed43,0.5036933422088623,3
319,H2_seed43,0.5256778001785278,4
320,H2_seed43,0.540398359298706,4
321,H2_seed43,0.630321741104126,4
322,H2_seed43,0.7882606983184814,4
323,H2_seed43,0.8020923137664795,4
324,H2_seed43,0.7778008580207825,4
325,H2_seed43,0.7882001996040344,4
326,H2_seed43,0.7460522651672363,4
327,H2_seed43,0.7012782096862793,4
328,H2_seed43,0.6942129731178284,4
329,H2_seed43,0.633536159992218,4
330,H2_seed43,0.7397737503051758,4
331,H2_seed43,0.8019235134124756,4
332,H2_seed43,0.8229598999023438,4
333,H2_seed43,0.8168908357620239,4
334,H2_seed43,0.7587157487869263,4
335,H2_seed43,0.7075109481811523,4
336,H2_seed43,0.7936071753501892,4
337,H2_seed43,0.8288478851318359,4
338,H2_seed43,0.8002551198005676,4
339,H2_seed43,0.754412055015564,4
340,H2_seed43,0.7882229089736938,4
341,H2_seed43,0.7620474100112915,4
342,H2_seed43,0.858000636100769,4
343,H2_seed43,0.9143707752227783,4
344,H2_seed43,0.8641372323036194,4
345,H2_seed43,0.8631518483161926,4
346,H2_seed43,0.8556241989135742,4
347,H2_seed43,0.741396963596344,5
348,H2_seed43,0.8569914102554321,5
349,H2_seed43,0.9034526944160461,5
350,H2_seed43,0.8573392629623413,5
351,H2_seed43,0.8986297845840454,5
352,H2_seed43,0.8958557844161987,5
353,H2_seed43,0.8956530690193176,5
354,H2_seed43,0.8810862302780151,5
355,H2_seed43,0.7376424670219421,6
356,H2_seed43,0.8883455395698547,6
357,H2_seed43,0.9070184826850891,6
358,H2_seed43,0.7327859401702881,6
359,H2_seed43,0.818922758102417,6
360,H2_seed43,0.922386646270752,6
361,H2_seed43,0.8458482623100281,6
362,H2_seed43,0.8131161332130432,6
363,H2_seed43,0.784400463104248,6
364,H2_seed43,0.874880850315094,6
365,H2_seed43,0.8798875212669373,6
366,H2_seed43,0.9000679850578308,6
367,H2_seed43,0.9164767265319824,6
368,H2_seed43,0.8796526789665222,6
369,H2_seed43,0.8769251704216003,6
370,H2_seed43,0.8453183770179749,7
371,H2_seed43,0.8554795384407043,7
372,H2_seed43,0.8957429528236389,7
373,H2_seed43,0.8366438746452332,7
374,H2_seed43,0.7805156707763672,7
375,H2_seed43,0.833964467048645,7
376,H2_seed43,0.7699991464614868,7
377,H2_seed43,0.871863842010498,6
378,H2_seed43,0.7857609391212463,6
379,H2_seed43,0.5977497100830078,7
380,H2_seed43,0.5475069284439087,8
381,H2_seed43,0.45832669734954834,8
382,H2_seed43,0.4376049041748047,8
383,H2_seed43,0.5599828958511353,6
384,H2_seed43,0.5970020294189453,6
385,H2_seed43,0.7037301659584045,6
386,H2_seed43,0.6209671497344971,6
387,H2_seed43,0.9083592295646667,4
388,H2_seed43,0.8534943461418152,4
389,H2_seed43,0.7143455743789673,4
390,H2_seed43,0.9287667870521545,3
391,H2_seed43,0.955616295337677,3
392,H2_seed43,0.9407374858856201,3
393,H2_seed43,0.9510970115661621,3
394,H2_seed43,0.9514954090118408,3
395,H2_seed43,0.9366527199745178,3
396,H2_seed43,0.9433441162109375,3
397,H2_seed43,0.9434638023376465,3
398,H2_seed43,0.95304936170578,3
399,H2_seed43,0.9492557644844055,3
400,H2_seed43,0.958519458770752,3
401,H2_seed43,0.9499428272247314,3
402,H2_seed43,0.9424176216125488,3
403,H2_seed43,0.9461444020271301,3
404,H2_seed43,0.9537795186042786,3
405,H2_seed43,0.9517137408256531,3
406,H2_seed43,0.9506502151489258,3
407,H2_seed43,0.8459818959236145,4
408,H2_seed43,0.8463960289955139,4
409,H2_seed43,0.834502100944519,4
410,H2_seed43,0.8356165885925293,4
411,H2_seed43,0.9353829622268677,4
412,H2_seed43,0.9506609439849854,4
413,H2_seed43,0.9446810483932495,4
414,H2_seed43,0.9424049854278564,4
415,H2_seed43,0.9508334994316101,4
416,H2_seed43,0.9754074811935425,4
417,H2_seed43,0.9519590139389038,4
418,H2_seed43,0.9250027537345886,4
419,H2_seed43,0.9603618383407593,4
420,H2_seed43,0.975458025932312,4
421,H2_seed43,0.9475337266921997,4
422,H2_seed43,0.9135352373123169,4
423,H2_seed43,0.9619611501693726,4
424,H2_seed43,0.9728280305862427,4
425,H2_seed43,0.9389098286628723,4
426,H2_seed43,0.910101592540741,4
427,H2_seed43,0.9163979887962341,4
428,H2_seed43,0.9448308944702148,4
429,H2_seed43,0.9287415742874146,4
430,H2_seed43,0.8340532183647156,4
431,H2_seed43,0.8099349141120911,3
432,H2_seed43,0.6384710669517517,3
433,H2_seed43,0.9345600605010986,2
434,H2_seed43,0.901297926902771,2
435,H2_seed43,0.9411165714263916,2
436,H2_seed43,0.9731664657592773,2
437,H2_seed43,0.9171855449676514,2
438,H2_seed43,0.8544408082962036,2
439,H2_seed43,0.8660049438476562,2
440,H2_seed43,0.8939810991287231,2
441,H2_seed43,0.8895107507705688,2
442,H2_seed43,0.82969069480896,2
443,H2_seed43,0.8048780560493469,1
444,H2_seed43,0.7317073345184326,1
445,H2_seed43,0.6153846383094788,1
446,H2_seed43,0.4383561611175537,1
447,H2_seed43,0.6037735939025879,1
448,H2_seed43,0.6101694703102112,1
449,H2_seed43,0.581818163394928,1
450,H2_seed43,0.6101694703102112,1
451,H2_seed43,0.5416666865348816,1
452,H2_seed43,0.06896551698446274,1
453,H2_seed43,0.5,1
454,H2_seed43,0.3448275923728943,1
455,H2_seed43,0.1875,1
456,H2_seed43,0.2666666805744171,1
457,H2_seed43,0.3684210479259491,1
458,H2_seed43,0.4864864945411682,1
459,H2_seed43,0.15789473056793213,1
460,H2_seed43,0.3243243098258972,1
461,H2_seed43,0.31111112236976624,1
462,H2_seed43,0.3921568691730499,1
463,H2_seed43,0.18867924809455872,1
464,H2_seed43,0.1538461595773697,1
465,H2_seed43,3.448275887052432e-09,1
466,H2_seed43,0.6902654767036438,1
467,H2_seed43,0.8789808750152588,1
468,H2_seed43,0.88345867395401,1
469,H2_seed43,0.936170220375061,1
470,H2_seed43,0.9426523447036743,1
471,H2_seed43,0.9651474356651306,1
472,H2_seed43,0.9635854363441467,1
473,H2_seed43,0.9507217407226562,1
474,H2_seed43,0.9121294021606445,1
475,H2_seed43,0.8781700730323792,1
476,H2_seed43,0.8627095818519592,1
477,H2_seed43,0.8714285492897034,1
478,H2_seed43,0.7801022529602051,1
479,H2_seed43,0.7395577430725098,1
480,H2_seed43,0.7624397873878479,1
481,H2_seed43,0.6783088445663452,1
482,H2_seed43,0.3957597315311432,1
483,H2_seed43,0.05331510677933693,1
484,H2_seed43,0.11288604885339737,1
485,H2_seed43,0.11565053462982178,1
486,H2_seed43,4.2553191526017997e-10,1
487,H2_seed43,0.4534412920475006,1
488,H2_seed43,0.48859935998916626,1
489,H2_seed43,0.6407322883605957,1
490,H2_seed43,0.6464208364486694,1
491,H2_seed43,0.7370030283927917,1
492,H2_seed43,0.3596377670764923,2
493,H2_seed43,0.5459364056587219,2
494,H2_seed43,0.8295310139656067,3
495,H2_seed43,0.8598651885986328,3
496,H2_seed43,0.840808093547821,3
497,H2_seed43,0.7777643203735352,3
498,H2_seed43,0.8280943036079407,3
499,H2_seed43,0.8084191679954529,3
500,H2_seed43,0.8464334011077881,3
501,H2_seed43,0.8864231705665588,3
502,H2_seed43,0.882573664188385,3
503,H2_seed43,0.9338290095329285,3
504,H2_seed43,0.8635984063148499,3
505,H2_seed43,0.9360334277153015,3
506,H2_seed43,0.8970119953155518,3
507,H2_seed43,0.9197974801063538,3
508,H2_seed43,0.5767797231674194,5
509,H2_seed43,0.6055455803871155,5
510,H2_seed43,0.5181347727775574,6
511,H2_seed43,0.5417605638504028,6
512,H2_seed43,0.5276275277137756,6
513,H2_seed43,0.549853503704071,6
514,H2_seed43,0.5300403237342834,7
515,H2_seed43,0.5505833029747009,7
516,H2_seed43,0.576934814453125,7
517,H2_seed43,0.596070408821106,7
518,H2_seed43,0.6428370475769043,7
519,H2_seed43,0.7393779754638672,7
520,H2_seed43,0.7966432571411133,7
521,H2_seed43,0.7883860468864441,7
522,H2_seed43,0.9078163504600525,7
523,H2_seed43,0.9067240953445435,7
524,H2_seed43,0.8915308713912964,8
525,H2_seed43,0.9297935962677002,9
526,H2_seed43,0.878766655921936,9
527,H2_seed43,0.8667131662368774,9
528,H2_seed43,0.8839322328567505,9
529,H2_seed43,0.8790002465248108,9
530,H2_seed43,0.9184631705284119,9
531,H2_seed43,0.9018380045890808,9
532,H2_seed43,0.8503754138946533,9
533,H2_seed43,0.8744933009147644,9
534,H2_seed43,0.8650910258293152,9
535,H2_seed43,0.8824478387832642,10
536,H2_seed43,0.8384286165237427,10
537,H2_seed43,0.9023786187171936,9
538,H2_seed43,0.9197961091995239,9
539,H2_seed43,0.8806548118591309,8
540,H2_seed43,0.9459952116012573,8
541,H2_seed43,0.9032244682312012,8
542,H2_seed43,0.8721596598625183,8
543,H2_seed43,0.9030952453613281,7
544,H2_seed43,0.8455926775932312,5
545,H2_seed43,0.9536612033843994,4
546,H2_seed43,0.92948317527771,4
547,H2_seed43,0.9777867794036865,3
548,H2_seed43,0.9840615391731262,3
549,H2_seed43,0.9767723083496094,3
550,H2_seed43,0.9805892109870911,3
551,H2_seed43,0.9792986512184143,3
552,H2_seed43,0.9737375378608704,3
553,H2_seed43,0.9797088503837585,3
554,H2_seed43,0.9703686237335205,3
555,H2_seed43,0.9597018957138062,4
556,H2_seed43,0.96637362241745,4
557,H2_seed43,0.9521966576576233,4
558,H2_seed43,0.9661381244659424,4
559,H2_seed43,0.94683837890625,4
560,H2_seed43,0.9755920767784119,4
561,H2_seed43,0.9376195669174194,4
562,H2_seed43,0.93534916639328,4
563,H2_seed43,0.9429879784584045,4
564,H2_seed43,0.9378162026405334,4
565,H2_seed43,0.9570967555046082,4
566,H2_seed43,0.9362378120422363,4
567,H2_seed43,0.8989621996879578,4
568,H2_seed43,0.9036513566970825,4
569,H2_seed43,0.880730390548706,4
570,H2_seed43,0.8647786974906921,3
571,H2_seed43,0.8896357417106628,3
572,H2_seed43,0.9249120950698853,2
573,H2_seed43,0.955926775932312,2
574,H2_seed43,0.9041732549667358,2
575,H2_seed43,0.9586759805679321,2
576,H2_seed43,0.9010242819786072,2
577,H2_seed43,0.8759844303131104,2
578,H2_seed43,0.8211660385131836,2
579,H2_seed43,0.8387096524238586,1
580,H2_seed43,0.8524590134620667,1
581,H2_seed43,0.8888888955116272,1
582,H2_seed43,0.8888888955116272,1
583,H2_seed43,0.8703703880310059,1
584,H2_seed43,0.849056601524353,1
585,H2_seed43,0.9444444179534912,1
586,H2_seed43,0.8545454740524292,1
587,H2_seed43,0.8282828330993652,1
588,H2_seed43,0.8282828330993652,1
589,H2_seed43,0.8631578683853149,1
590,H2_seed43,0.8372092843055725,1
591,H2_seed43,0.8536585569381714,1
592,H2_seed43,0.89552241563797,1
593,H2_seed43,0.8823529481887817,1
594,H2_seed43,0.7945205569267273,1
595,H2_seed43,0.7164179086685181,1
596,H2_seed43,0.7931034564971924,1
597,H2_seed43,0.8363636136054993,1
598,H2_seed43,0.6909090876579285,1
599,H2_seed43,0.6538461446762085,1
600,H2_seed43,0.6909090876579285,1
601,H2_seed43,0.7796609997749329,1
602,H2_seed43,0.7540983557701111,1
603,H2_seed43,0.71875,1
604,H2_seed43,0.7076923251152039,1
605,H2_seed43,0.7272727489471436,1
606,H2_seed43,0.6746987700462341,1
607,H2_seed43,0.8139534592628479,1
608,H2_seed43,0.8470588326454163,1
609,H2_seed43,0.7640449404716492,1
610,H2_seed43,0.8659793734550476,1
611,H2_seed43,0.8125,1
612,H2_seed43,0.7128713130950928,1
613,H2_seed43,0.8679245114326477,1
614,H2_seed43,0.796875,1
615,H2_seed43,0.8421052694320679,1
616,H2_seed43,0.8661417365074158,1
617,H2_seed43,0.8118811845779419,1
618,H2_seed43,0.8085106611251831,1
619,H2_seed43,0.8604651093482971,1
620,H2_seed43,0.8656716346740723,1
621,H2_seed43,0.5436893105506897,1
622,H2_seed43,0.75,1
623,H2_seed43,0.7301587462425232,1
624,H2_seed43,0.6779661178588867,1
625,H2_seed43,0.5423728823661804,1
626,H2_seed43,0.5970149040222168,1
627,H2_seed43,0.47887325286865234,1
628,H2_seed43,0.4680851101875305,1
629,H2_seed43,0.6666666865348816,1
630,H2_seed43,0.84375,1
631,H2_seed43,0.8433734774589539,1
632,H2_seed43,0.8860759735107422,1
633,H2_seed43,0.8648648858070374,1
634,H2_seed43,0.8101266026496887,1
635,H2_seed43,0.949999988079071,1
636,H2_seed43,0.8717948794364929,1
637,H2_seed43,0.8666666746139526,1
638,H2_seed43,0.800000011920929,1
639,H2_seed43,0.7733333110809326,1
640,H2_seed43,0.7297297120094299,1
641,H2_seed43,0.8405796885490417,1
642,H2_seed43,0.9382715821266174,1
643,H2_seed43,0.8354430198669434,1
644,H2_seed43,0.7532467246055603,1
645,H2_seed43,0.8266666531562805,1
646,H2_seed43,0.8108108043670654,1
647,H2_seed43,0.8433734774589539,1
648,H2_seed43,0.8571428656578064,1
649,H2_seed43,0.8148148059844971,1
650,H2_seed43,0.8354430198669434,1
651,H2_seed43,0.8607594966888428,1
652,H2_seed43,0.9523809552192688,1
653,H2_seed43,0.9215686321258545,1
654,H2_seed43,0.8037382960319519,1
655,H2_seed43,0.7547169923782349,1
656,H2_seed43,0.8181818127632141,1
657,H2_seed43,0.8440366983413696,1
658,H2_seed43,0.8943089246749878,1
659,H2_seed43,0.8936170339584351,1
660,H2_seed43,0.8870967626571655,1
661,H2_seed43,0.7878788113594055,1
662,H2_seed43,0.8428571224212646,1
663,H2_seed43,0.8702290058135986,1
664,H2_seed43,0.939393937587738,1
665,H2_seed43,0.8727272748947144,1
666,H2_seed43,0.8318583965301514,1
667,H2_seed43,0.7933884263038635,1
668,H2_seed43,0.9090909361839294,1
669,H2_seed43,0.907216489315033,1
670,H2_seed43,0.9333333373069763,1
671,H2_seed43,0.8470588326454163,1
672,H2_seed43,0.9014084339141846,1
673,H2_seed43,0.7764706015586853,1
674,H2_seed43,0.6881720423698425,1
675,H2_seed43,0.6097561120986938,1
676,H2_seed43,0.5950919985771179,1
677,H2_seed43,0.9139785170555115,1
678,H2_seed43,0.9569892287254333,1
679,H2_seed43,0.976949155330658,1
680,H2_seed43,0.986682116985321,1
681,H2_seed43,0.9883333444595337,1
682,H2_seed43,0.9909489154815674,1
683,H2_seed43,0.9814879298210144,1
684,H2_seed43,0.9779239296913147,1
685,H2_seed43,0.8927972912788391,1
686,H2_seed43,0.5472061634063721,1
687,H2_seed43,0.9591836929321289,1
688,H2_seed43,0.9726027250289917,1
689,H2_seed43,0.9757084846496582,1
690,H2_seed43,0.9815950989723206,1
691,H2_seed43,0.889803409576416,2
692,H2_seed43,0.900479793548584,2
693,H2_seed43,0.8872412443161011,4
694,H2_seed43,0.9316520690917969,4
695,H2_seed43,0.9347267150878906,4
696,H2_seed43,0.8406359553337097,5
697,H2_seed43,0.8560465574264526,5
698,H2_seed43,0.876001238822937,5
699,H2_seed43,0.8723738789558411,5
700,H2_seed43,0.8657047748565674,6
701,H2_seed43,0.9266286492347717,6
702,H2_seed43,0.9206002950668335,7
703,H2_seed43,0.903904139995575,7
704,H2_seed43,0.7816757559776306,8
705,H2_seed43,0.8943082690238953,10
706,H2_seed43,0.8214303851127625,10
707,H2_seed43,0.8601621985435486,9
708,H2_seed43,0.8211220502853394,7
709,H2_seed43,0.8524315357208252,6
710,H2_seed43,0.8614407777786255,4
711,H2_seed43,0.9443225860595703,3
712,H2_seed43,0.9647303223609924,3
713,H2_seed43,0.9416823387145996,3
714,H2_seed43,0.9516327977180481,3
715,H2_seed43,0.9284019470214844,3
716,H2_seed43,0.9116672277450562,4
717,H2_seed43,0.9194532632827759,4
718,H2_seed43,0.8914725184440613,3
719,H2_seed43,0.9060511589050293,3
720,H2_seed43,0.5967578291893005,3
721,H2_seed43,0.8622981309890747,2
722,H2_seed43,0.6724558472633362,2
723,H2_seed43,0.8113529682159424,2
724,H2_seed43,0.7587313055992126,2
725,H2_seed43,0.5629629492759705,1
726,H2_seed43,0.6607142686843872,1
727,H2_seed43,0.7042253613471985,1
728,H2_seed43,0.9289340376853943,1
729,H2_seed43,0.7190569639205933,1
730,H2_seed43,0.8613418340682983,1
731,H2_seed43,0.9473129510879517,1
732,H2_seed43,0.8413733243942261,1
733,H2_seed43,0.9601677060127258,1
734,H2_seed43,0.9044585824012756,1
735,H2_seed43,0.9678723812103271,1
736,H2_seed43,0.9611901640892029,1
737,H2_seed43,0.928909957408905,1
738,H2_seed43,0.9727239012718201,1
739,H2_seed43,0.9544718265533447,1
740,H2_seed43,0.9633383750915527,1
741,H2_seed43,0.9667502045631409,1
742,H2_seed43,0.9642916321754456,1
743,H2_seed43,0.9679187536239624,1
744,H2_seed43,0.9746506214141846,1
745,H2_seed43,0.9670507907867432,1
746,H2_seed43,0.9789888262748718,1
747,H2_seed43,0.9810387492179871,1
748,H2_seed43,0.9639870524406433,1
749,H2_seed43,0.9741424918174744,1
750,H2_seed43,0.9444035291671753,1
751,H2_seed43,0.9576937556266785,1
752,H2_seed43,0.9413333535194397,1
753,H2_seed43,0.9393128156661987,1
754,H2_seed43,0.9670791625976562,1
755,H2_seed43,0.9013139605522156,1
756,H2_seed43,0.9625468254089355,1
757,H2_seed43,0.9141274094581604,1
758,H2_seed43,0.9435813426971436,1
759,H2_seed43,0.919266939163208,1
760,H2_seed43,0.9309090971946716,1
761,H2_seed43,0.909547746181488,1
762,H2_seed43,0.7845467925071716,1
763,H2_seed43,6.535947894015237e-10,1
764,H2_seed43,1.086956524787297e-09,1
765,H2_seed43,6.535947894015237e-10,1
766,H2_seed43,0.04776119440793991,1
767,H2_seed43,0.6798029541969299,1
768,H2_seed43,0.7107402682304382,2
769,H2_seed43,0.6434484720230103,2
770,H2_seed43,0.4177215099334717,2
771,H2_seed43,0.4275994598865509,3
772,H2_seed43,0.4605703353881836,3
773,H2_seed43,0.5559197068214417,3
774,H2_seed43,0.5752409100532532,3
775,H2_seed43,0.5215865969657898,3
776,H2_seed43,0.4981466233730316,3
777,H2_seed43,0.5083255171775818,3
778,H2_seed43,0.5338714122772217,3
779,H2_seed43,0.5801892876625061,3
780,H2_seed43,0.5158265233039856,3
781,H2_seed43,0.4518047273159027,3
782,H2_seed43,0.6808755397796631,4
783,H2_seed43,0.6923604607582092,5
784,H2_seed43,0.6015774607658386,6
785,H2_seed43,0.5772867798805237,6
786,H2_seed43,0.49861279129981995,6
787,H2_seed43,0.6011471152305603,6
788,H2_seed43,0.6655263900756836,6
789,H2_seed43,0.7181059718132019,6
790,H2_seed43,0.7457394003868103,6
791,H2_seed43,0.7340051531791687,6
792,H2_seed43,0.7778139114379883,6
793,H2_seed43,0.7719776034355164,6
794,H2_seed43,0.7520521283149719,6
795,H2_seed43,0.8323678970336914,6
796,H2_seed43,0.7914838790893555,6
797,H2_seed43,0.7879660129547119,6
798,H2_seed43,0.7965688705444336,6
799,H2_seed43,0.7528720498085022,6
800,H2_seed43,0.771308183670044,6
801,H2_seed43,0.7774782180786133,6
802,H2_seed43,0.7554187774658203,6
803,H2_seed43,0.716026782989502,6
804,H2_seed43,0.6264170408248901,7
805,H2_seed43,0.6218975782394409,7
806,H2_seed43,0.5927097201347351,7
807,H2_seed43,0.6438108086585999,7
808,H2_seed43,0.61654132604599,7
809,H2_seed43,0.63691246509552,7
810,H2_seed43,0.6895337700843811,7
811,H2_seed43,0.7063090205192566,8
812,H2_seed43,0.7421653270721436,8
813,H2_seed43,0.7307982444763184,8
814,H2_seed43,0.7075909376144409,8
815,H2_seed43,0.7634865641593933,9
816,H2_seed43,0.7774357199668884,9
817,H2_seed43,0.772860586643219,10
818,H2_seed43,0.7755557894706726,10
819,H2_seed43,0.729326605796814,10
820,H2_seed43,0.7020621299743652,10
821,H2_seed43,0.687848687171936,10
822,H2_seed43,0.6602320671081543,9
823,H2_seed43,0.7785732746124268,8
824,H2_seed43,0.8439287543296814,7
825,H2_seed43,0.8396822810173035,7
826,H2_seed43,0.8796876072883606,6
827,H2_seed43,0.8589726686477661,5
828,H2_seed43,0.9103639721870422,5
829,H2_seed43,0.9515177011489868,4
830,H2_seed43,0.9642963409423828,3
831,H2_seed43,0.9564609527587891,3
832,H2_seed43,0.9598803520202637,3
833,H2_seed43,0.9605246186256409,3
834,H2_seed43,0.957228422164917,3
835,H2_seed43,0.9668307304382324,3
836,H2_seed43,0.9383940696716309,3
837,H2_seed43,0.898708701133728,4
838,H2_seed43,0.8500884771347046,4
839,H2_seed43,0.9139887094497681,4
840,H2_seed43,0.9303643703460693,4
841,H2_seed43,0.9260358810424805,4
842,H2_seed43,0.9020907282829285,4
843,H2_seed43,0.9184169769287109,4
844,H2_seed43,0.8625606894493103,4
845,H2_seed43,0.8724144697189331,4
846,H2_seed43,0.8961167931556702,3
847,H2_seed43,0.8206703662872314,3
848,H2_seed43,0.9276570081710815,2
849,H2_seed43,0.9251307249069214,2
850,H2_seed43,0.9509022235870361,2
851,H2_seed43,0.9032711982727051,2
852,H2_seed43,0.9278555512428284,2
853,H2_seed43,0.9459683895111084,2
854,H2_seed43,0.9142020344734192,2
855,H2_seed43,0.9672884941101074,2
856,H2_seed43,0.9130083322525024,2
857,H2_seed43,0.9402852654457092,2
858,H2_seed43,0.9610310196876526,2
859,H2_seed43,0.9343529939651489,2
860,H2_seed43,0.9456851482391357,2
861,H2_seed43,0.9633762836456299,2
862,H2_seed43,0.9203251004219055,2
863,H2_seed43,0.953546404838562,2
864,H2_seed43,0.891726016998291,2
865,H2_seed43,0.9376142024993896,2
866,H2_seed43,0.8992208242416382,2
867,H2_seed43,0.834645688533783,1
868,H2_seed43,0.949999988079071,1
869,H2_seed43,0.7878788113594055,1
870,H2_seed43,0.8602150678634644,1
871,H2_seed43,0.8764045238494873,1
872,H2_seed43,0.75,1
873,H2_seed43,0.8799999952316284,1
874,H2_seed43,0.7777777910232544,1
875,H2_seed43,0.9019607901573181,1
876,H2_seed43,0.8163265585899353,1
877,H2_seed43,0.948369562625885,1
878,H2_seed43,0.9858635663986206,1
879,H2_seed43,0.9891355633735657,1
880,H2_seed43,0.9845890402793884,1
881,H2_seed43,0.9916247725486755,1
882,H2_seed43,0.986136794090271,1
883,H2_seed43,0.9651678204536438,1
884,H2_seed43,0.8472222089767456,1
885,H2_seed43,0.8979591727256775,1
886,H2_seed43,0.9569892287254333,1
887,H2_seed43,0.9640718698501587,1
888,H2_seed43,0.9636440277099609,2
889,H2_seed43,0.8057215809822083,3
890,H2_seed43,0.9009342193603516,3
891,H2_seed43,0.9201850891113281,3
892,H2_seed43,0.958227813243866,3
893,H2_seed43,0.9592320919036865,3
894,H2_seed43,0.8438864350318909,3
895,H2_seed43,0.6951096653938293,5
896,H2_seed43,0.8263891339302063,5
897,H2_seed43,0.9090495109558105,5
898,H2_seed43,0.8924258947372437,5
899,H2_seed43,0.8169568181037903,6
900,H2_seed43,0.81273353099823,7
901,H2_seed43,0.8015567064285278,8
902,H2_seed43,0.6771293878555298,10
903,H2_seed43,0.7033675909042358,10
904,H2_seed43,0.8332778215408325,10
905,H2_seed43,0.756445586681366,10
906,H2_seed43,0.8322210311889648,7
907,H2_seed43,0.7182462811470032,6
908,H2_seed43,0.5284298062324524,5
909,H2_seed43,0.7634239792823792,3
910,H2_seed43,0.8673567771911621,3
911,H2_seed43,0.8665955066680908,4
912,H2_seed43,0.9090864658355713,4
913,H2_seed43,0.9479719400405884,4
914,H2_seed43,0.9648593664169312,4
915,H2_seed43,0.9518694877624512,4
916,H2_seed43,0.47721415758132935,4
917,H2_seed43,0.9504210948944092,2
918,H2_seed43,0.9669959545135498,2
919,H2_seed43,0.9336530566215515,2
920,H2_seed43,0.9529430866241455,2
921,H2_seed43,0.912115752696991,2
922,H2_seed43,0.9230769276618958,1
923,H2_seed43,0.7407407164573669,1
924,H2_seed43,0.7555555701255798,1
925,H2_seed43,0.5882353186607361,1
926,H2_seed43,0.4571428596973419,1
927,H2_seed43,0.8082596063613892,1
928,H2_seed43,0.6282051205635071,1
929,H2_seed43,0.7780429720878601,1
930,H2_seed43,0.5756824016571045,1
931,H2_seed43,0.8036529421806335,1
932,H2_seed43,0.7037037014961243,1
933,H2_seed43,0.3942857086658478,1
934,H2_seed43,0.43478259444236755,1
935,H2_seed43,0.569758415222168,2
936,H2_seed43,0.8533570170402527,3
937,H2_seed43,0.9345900416374207,3
938,H2_seed43,0.9401629567146301,3
939,H2_seed43,0.9489434361457825,3
940,H2_seed43,0.8914003968238831,4
941,H2_seed43,0.8847105503082275,4
942,H2_seed43,0.9126233458518982,4
943,H2_seed43,0.9300904273986816,4
944,H2_seed43,0.9330058693885803,4
945,H2_seed43,0.8462069630622864,5
946,H2_seed43,0.9056885838508606,6
947,H2_seed43,0.9164191484451294,7
948,H2_seed43,0.8953699469566345,9
949,H2_seed43,0.9130585789680481,9
950,H2_seed43,0.9322509765625,9
951,H2_seed43,0.9236037135124207,9
952,H2_seed43,0.9164449572563171,10
953,H2_seed43,0.8543598055839539,10
954,H2_seed43,0.8612537980079651,8
955,H2_seed43,0.8534254431724548,7
956,H2_seed43,0.8614886403083801,4
957,H2_seed43,0.9786873459815979,3
958,H2_seed43,0.9644624590873718,3
959,H2_seed43,0.9674088954925537,3
960,H2_seed43,0.9484104514122009,3
961,H2_seed43,0.9102324843406677,4
962,H2_seed43,0.9344848990440369,4
963,H2_seed43,0.9228172898292542,3
964,H2_seed43,0.9511508941650391,2
965,H2_seed43,0.9175209999084473,2
966,H2_seed43,0.8774136304855347,2
967,H2_seed43,0.8275862336158752,1
968,H2_seed43,0.7555555701255798,1
969,H2_seed43,0.7727272510528564,1
970,H2_seed43,0.8780487775802612,1
971,H2_seed43,0.8421052694320679,1
972,H2_seed43,0.8936170339584351,1
973,H2_seed43,0.761904776096344,1
974,H2_seed43,0.8500000238418579,1
975,H2_seed43,0.8181818127632141,1
976,H2_seed43,0.8181818127632141,1
977,H2_seed43,0.7906976938247681,1
978,H2_seed43,0.695652186870575,1
979,H2_seed43,0.6875,1
980,H2_seed43,0.6486486196517944,1
981,H2_seed43,0.4864864945411682,1
982,H2_seed43,0.5396825671195984,1
983,H2_seed43,0.7118644118309021,1
984,H2_seed43,0.8301886916160583,1
985,H2_seed43,0.774193525314331,1
986,H2_seed43,0.7599999904632568,1
987,H2_seed43,0.8510638475418091,1
988,H2_seed43,0.6382978558540344,1
989,H2_seed43,0.5454545617103577,1
990,H2_seed43,4.347826099149188e-09,1
991,H2_seed43,3.846154061903917e-09,1
992,H2_seed43,3.1250000365190544e-09,1
993,H2_seed43,0.3076923191547394,1
994,H2_seed43,0.190476194024086,1
995,H2_seed43,0.3181818127632141,1
996,H2_seed43,0.21052631735801697,1
997,H2_seed43,3.999999886872274e-09,1
998,H2_seed43,3.7037037881049173e-09,1
999,H2_seed43,0.9090909361839294,1
1000,H2_seed43,0.5263158082962036,1
1001,H2_seed43,0.8399999737739563,1
1002,H2_seed43,0.7101200819015503,1
1003,H2_seed43,0.9778096079826355,1
1004,H2_seed43,0.9272976517677307,1
1005,H2_seed43,0.9085820913314819,1
1006,H2_seed43,0.16363635659217834,1
1007,H2_seed43,0.38461539149284363,1
1008,H2_seed43,0.49094027280807495,2
1009,H2_seed43,0.499675989151001,3
1010,H2_seed43,0.6528322100639343,3
1011,H2_seed43,0.785028874874115,3
1012,H2_seed43,0.7785038948059082,3
1013,H2_seed43,0.7953235507011414,3
1014,H2_seed43,0.8279736042022705,3
1015,H2_seed43,0.885683000087738,3
1016,H2_seed43,0.6109541058540344,4
1017,H2_seed43,0.7697169780731201,4
1018,H2_seed43,0.765120804309845,4
1019,H2_seed43,0.7900034189224243,5
1020,H2_seed43,0.8267571330070496,5
1021,H2_seed43,0.7990009188652039,5
1022,H2_seed43,0.8460461497306824,6
1023,H2_seed43,0.7373486161231995,7
1024,H2_seed43,0.8285707831382751,7
1025,H2_seed43,0.6439293026924133,8
1026,H2_seed43,0.8140589594841003,8
1027,H2_seed43,0.7725059986114502,9
1028,H2_seed43,0.7704829573631287,8
1029,H2_seed43,0.6156615018844604,7
1030,H2_seed43,0.6099990010261536,7
1031,H2_seed43,0.6789360046386719,7
1032,H2_seed43,0.6773319244384766,7
1033,H2_seed43,0.5476658344268799,5
1034,H2_seed43,0.5936161875724792,3
1035,H2_seed43,0.6313515305519104,3
1036,H2_seed43,0.887235164642334,3
1037,H2_seed43,0.8718283176422119,3
1038,H2_seed43,0.872422456741333,4
1039,H2_seed43,0.8623270988464355,4
1040,H2_seed43,0.7531381249427795,4
1041,H2_seed43,0.9625334143638611,3
1042,H2_seed43,0.9511618614196777,3
1043,H2_seed43,0.9571452140808105,3
1044,H2_seed43,0.9460999369621277,3
1045,H2_seed43,0.9107411503791809,3
1046,H2_seed43,0.9598449468612671,2
1047,H2_seed43,0.9314440488815308,2
1048,H2_seed43,0.9611835479736328,2
1049,H2_seed43,0.8319506049156189,2
1050,H2_seed43,0.939393937587738,1
1051,H2_seed43,0.78125,1
1052,H2_seed43,0.8148148059844971,1
1053,H2_seed43,0.7843137383460999,1
1054,H2_seed43,0.7586206793785095,1
1055,H2_seed43,0.7169811129570007,1
1056,H2_seed43,8.333333134658005e-09,1
1057,H2_seed43,0.7765957713127136,1
1058,H2_seed43,0.9710982441902161,1
1059,H2_seed43,0.9672726988792419,1
1060,H2_seed43,0.9845474362373352,1
1061,H2_seed43,0.991428554058075,1
1062,H2_seed43,0.9868766665458679,1
1063,H2_seed43,0.9875802993774414,1
1064,H2_seed43,0.9876977205276489,1
1065,H2_seed43,0.9877589344978333,1
1066,H2_seed43,0.9840933084487915,1
1067,H2_seed43,0.983418345451355,1
1068,H2_seed43,0.9680759310722351,1
1069,H2_seed43,0.918367326259613,1
1070,H2_seed43,0.8196721076965332,1
1071,H2_seed43,0.9655172228813171,1
1072,H2_seed43,0.9002968072891235,2
1073,H2_seed43,0.9248874187469482,3
1074,H2_seed43,0.7214781045913696,4
1075,H2_seed43,0.8528075218200684,4
1076,H2_seed43,0.9397457242012024,4
1077,H2_seed43,0.957597553730011,5
1078,H2_seed43,0.9474321603775024,5
1079,H2_seed43,0.9464231729507446,5
1080,H2_seed43,0.8498319983482361,6
1081,H2_seed43,0.9145680069923401,6
1082,H2_seed43,0.9073994755744934,6
1083,H2_seed43,0.8828330039978027,6
1084,H2_seed43,0.8861692547798157,6
1085,H2_seed43,0.907636821269989,6
1086,H2_seed43,0.8799843788146973,6
1087,H2_seed43,0.8040564060211182,9
1088,H2_seed43,0.8741998672485352,9
1089,H2_seed43,0.8229557871818542,10
1090,H2_seed43,0.8493044376373291,9
1091,H2_seed43,0.8327029943466187,8
1092,H2_seed43,0.8649932146072388,8
1093,H2_seed43,0.8036710023880005,8
1094,H2_seed43,0.7314860224723816,4
1095,H2_seed43,0.978161096572876,3
1096,H2_seed43,0.9713780879974365,3
1097,H2_seed43,0.9784969687461853,3
1098,H2_seed43,0.9776210784912109,3
1099,H2_seed43,0.9747724533081055,3
1100,H2_seed43,0.8843629956245422,4
1101,H2_seed43,0.934346616268158,4
1102,H2_seed43,0.9391285181045532,4
1103,H2_seed43,0.8760904669761658,4
1104,H2_seed43,0.9655557870864868,2
1105,H2_seed43,0.9763475656509399,2
1106,H2_seed43,0.91100013256073,2
1107,H2_seed43,0.5203251838684082,1
1108,H2_seed43,0.9047072529792786,1
1109,H2_seed43,0.8969935774803162,1
1110,H2_seed43,0.9533644318580627,1
1111,H2_seed43,0.9148536324501038,1
1112,H2_seed43,0.918775737285614,1
1113,H2_seed43,0.7414448857307434,1
1114,H2_seed43,0.770370364189148,1
1115,H2_seed43,0.942307710647583,1
1116,H2_seed43,0.9657894968986511,1
1117,H2_seed43,0.9503408074378967,1
1118,H2_seed43,0.9724626541137695,1
1119,H2_seed43,0.9676393270492554,2
1120,H2_seed43,0.9654503464698792,2
1121,H2_seed43,0.8801775574684143,4
1122,H2_seed43,0.8650358319282532,5
1123,H2_seed43,0.851309597492218,6
1124,H2_seed43,0.8999632000923157,6
1125,H2_seed43,0.8928214907646179,6
1126,H2_seed43,0.8422856330871582,7
1127,H2_seed43,0.8465765118598938,7
1128,H2_seed43,0.8816570043563843,8
1129,H2_seed43,0.865066647529602,8
1130,H2_seed43,0.8860280513763428,8
1131,H2_seed43,0.8911992311477661,8
1132,H2_seed43,0.9012549519538879,8
1133,H2_seed43,0.8843393325805664,8
1134,H2_seed43,0.8959353566169739,8
1135,H2_seed43,0.8780908584594727,8
1136,H2_seed43,0.9146610498428345,7
1137,H2_seed43,0.8828770518302917,7
1138,H2_seed43,0.7122477889060974,8
1139,H2_seed43,0.8480944633483887,6
1140,H2_seed43,0.8662346005439758,5
1141,H2_seed43,0.9767124652862549,3
1142,H2_seed43,0.9805204272270203,3
1143,H2_seed43,0.975907027721405,3
1144,H2_seed43,0.9707112908363342,3
1145,H2_seed43,0.9611360430717468,3
1146,H2_seed43,0.9502552151679993,3
1147,H2_seed43,0.6040521860122681,4
1148,H2_seed43,0.7238938212394714,3
1149,H2_seed43,0.9004852771759033,2
1150,H2_seed43,0.8859189748764038,2
1151,H2_seed43,0.8850524425506592,2
1152,H2_seed43,0.9650349617004395,1
1153,H2_seed43,0.9197080135345459,1
1154,H2_seed43,0.9215686321258545,1
1155,H2_seed43,0.9425287246704102,1
1156,H2_seed43,0.8909657597541809,1
1157,H2_seed43,0.9487870335578918,1
1158,H2_seed43,0.915040910243988,1
1159,H2_seed43,0.803519070148468,1
1160,H2_seed43,0.7428571581840515,1
1161,H2_seed43,0.2181818187236786,1
1162,H2_seed43,0.5231388211250305,1
1163,H2_seed43,0.6968325972557068,1
1164,H2_seed43,0.7737981081008911,2
1165,H2_seed43,0.5978767275810242,5
1166,H2_seed43,0.7388229966163635,6
1167,H2_seed43,0.7589952349662781,6
1168,H2_seed43,0.7691505551338196,6
1169,H2_seed43,0.8021534085273743,6
1170,H2_seed43,0.820482075214386,6
1171,H2_seed43,0.7408980131149292,7
1172,H2_seed43,0.7341963648796082,7
1173,H2_seed43,0.7457699775695801,7
1174,H2_seed43,0.7313206791877747,7
1175,H2_seed43,0.8052652478218079,7
1176,H2_seed43,0.7518969178199768,7
1177,H2_seed43,0.5848159790039062,8
1178,H2_seed43,0.6699971556663513,6
1179,H2_seed43,0.8043458461761475,6
1180,H2_seed43,0.7083068490028381,8
1181,H2_seed43,0.8251539468765259,8
1182,H2_seed43,0.8480848073959351,8
1183,H2_seed43,0.7929677963256836,7
1184,H2_seed43,0.8831157088279724,6
1185,H2_seed43,0.9413764476776123,4
1186,H2_seed43,0.9113767743110657,4
1187,H2_seed43,0.8575431108474731,4
1188,H2_seed43,0.8776499629020691,4
1189,H2_seed43,0.8917538523674011,2
1190,H2_seed43,0.9060894250869751,2
1191,H2_seed43,0.8636363744735718,1
1192,H2_seed43,0.9278350472450256,1
1193,H2_seed43,0.9158878326416016,1
1194,H2_seed43,0.8190476298332214,1
1195,H2_seed43,0.9166666865348816,1
1196,H2_seed43,0.8999999761581421,1
1197,H2_seed43,0.6858974099159241,1
1198,H2_seed43,0.8712241649627686,1
1199,H2_seed43,0.827531635761261,1
1200,H2_seed43,0.7491748929023743,1
1201,H2_seed43,0.8546448349952698,1
1202,H2_seed43,0.7002288103103638,1
1203,H2_seed43,0.6365821361541748,2
1204,H2_seed43,0.6069764494895935,4
1205,H2_seed43,0.6853449940681458,4
1206,H2_seed43,0.7833648324012756,4
1207,H2_seed43,0.6383303999900818,6
1208,H2_seed43,0.6611551642417908,7
1209,H2_seed43,0.7490450739860535,7
1210,H2_seed43,0.7212872505187988,7
1211,H2_seed43,0.6690341830253601,7
1212,H2_seed43,0.6387914419174194,7
1213,H2_seed43,0.6831459403038025,7
1214,H2_seed43,0.8099236488342285,7
1215,H2_seed43,0.7100548148155212,7
1216,H2_seed43,0.8176326751708984,7
1217,H2_seed43,0.6964006423950195,7
1218,H2_seed43,0.6099395155906677,8
1219,H2_seed43,0.7269033789634705,7
1220,H2_seed43,0.8169711232185364,7
1221,H2_seed43,0.8273702263832092,7
1222,H2_seed43,0.849852442741394,7
1223,H2_seed43,0.7579917311668396,7
1224,H2_seed43,0.8579545021057129,5
1225,H2_seed43,0.7606102228164673,5
1226,H2_seed43,0.7214594483375549,4
1227,H2_seed43,0.9436476826667786,3
1228,H2_seed43,0.9275910258293152,3
1229,H2_seed43,0.9069473743438721,4
1230,H2_seed43,0.8200985193252563,4
1231,H2_seed43,0.8532984256744385,2
1232,H2_seed43,0.7975720763206482,2
1233,H2_seed43,0.8324499726295471,2
1234,H2_seed43,0.7384615540504456,1
1235,H2_seed43,0.8136882185935974,1
1236,H2_seed43,0.8176352977752686,1
1237,H2_seed43,0.7326732873916626,1
1238,H2_seed43,0.8172042965888977,1
1239,H2_seed43,0.8457330465316772,1
1240,H2_seed43,0.9158530831336975,1
1241,H2_seed43,0.8908655643463135,1
1242,H2_seed43,0.9244747161865234,1
1243,H2_seed43,0.9059829115867615,1
1244,H2_seed43,0.960090696811676,1
1245,H2_seed43,0.9508051872253418,1
1246,H2_seed43,0.9560678601264954,1
1247,H2_seed43,0.9574053883552551,1
1248,H2_seed43,0.9728673696517944,1
1249,H2_seed43,0.9684684872627258,1
1250,H2_seed43,0.9626384973526001,1
1251,H2_seed43,0.9533369541168213,1
1252,H2_seed43,0.8557246923446655,1
1253,H2_seed43,0.7401520609855652,1
1254,H2_seed43,0.6067607998847961,1
1255,H2_seed43,0.1180705577135086,1
1256,H2_seed43,0.7735849022865295,1
1257,H2_seed43,0.8553054928779602,1
1258,H2_seed43,0.9471365809440613,1
1259,H2_seed43,0.9651898741722107,1
1260,H2_seed43,0.9749009013175964,1
1261,H2_seed43,0.9649890661239624,1
1262,H2_seed43,0.9763033390045166,1
1263,H2_seed43,0.7179621458053589,2
1264,H2_seed43,0.7700424194335938,2
1265,H2_seed43,0.7931106686592102,2
1266,H2_seed43,0.8120201826095581,2
1267,H2_seed43,0.8192206025123596,2
1268,H2_seed43,0.8720455765724182,2
1269,H2_seed43,0.8832725882530212,2
1270,H2_seed43,0.8735623359680176,2
1271,H2_seed43,0.9096277356147766,2
1272,H2_seed43,0.9115610122680664,2
1273,H2_seed43,0.9590189456939697,2
1274,H2_seed43,0.6767852306365967,3
1275,H2_seed43,0.8912436962127686,3
1276,H2_seed43,0.9572081565856934,3
1277,H2_seed43,0.9369421601295471,3
1278,H2_seed43,0.9731125831604004,3
1279,H2_seed43,0.946081817150116,3
1280,H2_seed43,0.7342451810836792,4
1281,H2_seed43,0.7277022004127502,4
1282,H2_seed43,0.7330687046051025,4
1283,H2_seed43,0.8195046186447144,4
1284,H2_seed43,0.8039675951004028,4
1285,H2_seed43,0.808525800704956,4
1286,H2_seed43,0.8121710419654846,4
1287,H2_seed43,0.8123728036880493,4
1288,H2_seed43,0.8311611413955688,4
1289,H2_seed43,0.7746497392654419,4
1290,H2_seed43,0.6969230771064758,5
1291,H2_seed43,0.6775420308113098,5
1292,H2_seed43,0.7355599999427795,5
1293,H2_seed43,0.6671763062477112,6
1294,H2_seed43,0.6304284930229187,6
1295,H2_seed43,0.7489085793495178,6
1296,H2_seed43,0.832894504070282,6
1297,H2_seed43,0.8867597579956055,6
1298,H2_seed43,0.8113620281219482,6
1299,H2_seed43,0.7906761765480042,6
1300,H2_seed43,0.797261655330658,6
1301,H2_seed43,0.7303606271743774,7
1302,H2_seed43,0.7001335024833679,8
1303,H2_seed43,0.7732677459716797,8
1304,H2_seed43,0.6926987171173096,9
1305,H2_seed43,0.6678743362426758,9
1306,H2_seed43,0.6317480206489563,10
1307,H2_seed43,0.5567173361778259,9
1308,H2_seed43,0.6025620698928833,9
1309,H2_seed43,0.6202743053436279,9
1310,H2_seed43,0.6154637336730957,9
1311,H2_seed43,0.6415368318557739,9
1312,H2_seed43,0.7161158323287964,8
1313,H2_seed43,0.7403743267059326,8
1314,H2_seed43,0.6943859457969666,8
1315,H2_seed43,0.7128824591636658,8
1316,H2_seed43,0.7361015677452087,8
1317,H2_seed43,0.6880486607551575,7
1318,H2_seed43,0.5741434693336487,7
1319,H2_seed43,0.6107434034347534,7
1320,H2_seed43,0.5493773221969604,7
1321,H2_seed43,0.5957927107810974,6
1322,H2_seed43,0.5989111661911011,6
1323,H2_seed43,0.39862868189811707,5
1324,H2_seed43,0.3767949342727661,5
1325,H2_seed43,0.45816341042518616,4
1326,H2_seed43,0.4646221995353699,4
1327,H2_seed43,0.4534405469894409,4
1328,H2_seed43,0.5512257218360901,4
1329,H2_seed43,0.5209043025970459,4
1330,H2_seed43,0.5312427878379822,4
1331,H2_seed43,0.7113717198371887,3
1332,H2_seed43,0.7308983206748962,3
1333,H2_seed43,0.7490361332893372,3
1334,H2_seed43,0.7502828240394592,3
1335,H2_seed43,0.6187871098518372,3
1336,H2_seed43,0.6753308773040771,3
1337,H2_seed43,0.5859391093254089,3
1338,H2_seed43,0.7302436828613281,3
1339,H2_seed43,0.7254878878593445,3
1340,H2_seed43,0.7825078964233398,3
1341,H2_seed43,0.8528921604156494,3
1342,H2_seed43,0.8197352886199951,3
1343,H2_seed43,0.8766282200813293,3
1344,H2_seed43,0.8804383873939514,3
1345,H2_seed43,0.8485280871391296,3
1346,H2_seed43,0.8414552211761475,3
1347,H2_seed43,0.7502155900001526,3
1348,H2_seed43,0.7960017323493958,3
1349,H2_seed43,0.8195011615753174,3
1350,H2_seed43,0.7169156074523926,3
1351,H2_seed43,0.7622523903846741,3
1352,H2_seed43,0.6321554183959961,3
1353,H2_seed43,0.7070634961128235,3
1354,H2_seed43,0.7129505276679993,3
1355,H2_seed43,0.62225741147995,3
1356,H2_seed43,0.3670170307159424,3
1357,H2_seed43,0.606914758682251,2
1358,H2_seed43,0.6333497762680054,2
1359,H2_seed43,0.6642683744430542,2
1360,H2_seed43,0.6904247999191284,2
1361,H2_seed43,0.6962457895278931,2
1362,H2_seed43,0.668907105922699,2
1363,H2_seed43,0.7120519876480103,2
1364,H2_seed43,0.6878504753112793,2
1365,H2_seed43,0.7242875695228577,2
1366,H2_seed43,0.7124450206756592,2
1367,H2_seed43,0.7470715045928955,2
1368,H2_seed43,0.7047756314277649,2
1369,H2_seed43,0.581852912902832,2
1370,H2_seed43,0.3442623019218445,2
1371,H2_seed43,0.3333333432674408,2
1372,H2_seed43,0.6608695387840271,1
1373,H2_seed43,0.7307692170143127,1
1374,H2_seed43,0.6666666865348816,1
1375,H2_seed43,0.897849440574646,1
1376,H2_seed43,0.9265944361686707,1
1377,H2_seed43,0.9290123581886292,1
1378,H2_seed43,0.8973487615585327,1
1379,H2_seed43,0.7008086442947388,1
1380,H2_seed43,0.4806866943836212,1
1381,H2_seed43,0.6634146571159363,1
1382,H2_seed43,0.5526315569877625,1
1383,H2_seed43,0.791304349899292,1
1384,H2_seed43,1.587301623473536e-09,1
1385,H2_seed43,0.9428571462631226,1
1386,H2_seed43,0.964083194732666,1
1387,H2_seed43,0.7280470728874207,3
1388,H2_seed43,0.8797162771224976,4
1389,H2_seed43,0.9092466235160828,4
1390,H2_seed43,0.8958534002304077,5
1391,H2_seed43,0.906866192817688,5
1392,H2_seed43,0.8969244956970215,6
1393,H2_seed43,0.8850808143615723,6
1394,H2_seed43,0.8696792721748352,6
1395,H2_seed43,0.785847544670105,7
1396,H2_seed43,0.8714881539344788,7
1397,H2_seed43,0.8410491943359375,7
1398,H2_seed43,0.8663541674613953,7
1399,H2_seed43,0.7424858212471008,7
1400,H2_seed43,0.8451892733573914,7
1401,H2_seed43,0.8046160936355591,7
1402,H2_seed43,0.8804001212120056,7
1403,H2_seed43,0.7865219116210938,8
1404,H2_seed43,0.8409913778305054,8
1405,H2_seed43,0.7560293674468994,8
1406,H2_seed43,0.8430684208869934,7
1407,H2_seed43,0.7391864061355591,8
1408,H2_seed43,0.8153047561645508,7
1409,H2_seed43,0.6916772723197937,6
1410,H2_seed43,0.6801047325134277,5
1411,H2_seed43,0.6430245041847229,5
1412,H2_seed43,0.8700581192970276,3
1413,H2_seed43,0.8861870169639587,3
1414,H2_seed43,0.9474799036979675,3
1415,H2_seed43,0.9557779431343079,3
1416,H2_seed43,0.9169450402259827,4
1417,H2_seed43,0.9301363825798035,4
1418,H2_seed43,0.9079498648643494,4
1419,H2_seed43,0.8926078081130981,4
1420,H2_seed43,0.8506537079811096,3
1421,H2_seed43,0.8073234558105469,2
1422,H2_seed43,0.7849798202514648,2
1423,H2_seed43,0.6869233846664429,2
1424,H2_seed43,0.4000000059604645,1
1425,H2_seed43,0.8844221234321594,1
1426,H2_seed43,0.15454545617103577,1
1427,H2_seed43,0.4149855971336365,1
1428,H2_seed43,0.4858299493789673,1
1429,H2_seed43,0.8712871074676514,1
1430,H2_seed43,0.8745067119598389,1
1431,H2_seed43,0.9010848999023438,1
1432,H2_seed43,0.9247311949729919,1
1433,H2_seed43,0.9354144334793091,1
1434,H2_seed43,0.9242262244224548,1
1435,H2_seed43,0.7517162561416626,1
1436,H2_seed43,0.8520408272743225,1
1437,H2_seed43,0.8853598237037659,1
1438,H2_seed43,0.7379480600357056,1
1439,H2_seed43,0.7096773982048035,1
1440,H2_seed43,0.9459459185600281,1
1441,H2_seed43,0.9808428883552551,1
1442,H2_seed43,0.9354005455970764,1
1443,H2_seed43,0.9681061506271362,2
1444,H2_seed43,0.9477852582931519,2
1445,H2_seed43,0.953835666179657,2
1446,H2_seed43,0.9813812375068665,2
1447,H2_seed43,0.9672318696975708,2
1448,H2_seed43,0.983843207359314,2
1449,H2_seed43,0.9641982316970825,2
1450,H2_seed43,0.9711713790893555,2
1451,H2_seed43,0.9752861261367798,2
1452,H2_seed43,0.9657214879989624,2
1453,H2_seed43,0.9844553470611572,2
1454,H2_seed43,0.9625029563903809,2
1455,H2_seed43,0.8078656792640686,3
1456,H2_seed43,0.8140376210212708,3
1457,H2_seed43,0.7790271639823914,3
1458,H2_seed43,0.8986411094665527,3
1459,H2_seed43,0.8606227040290833,3
1460,H2_seed43,0.931858479976654,3
1461,H2_seed43,0.9435635209083557,3
1462,H2_seed43,0.928534984588623,3
1463,H2_seed43,0.7203822731971741,4
1464,H2_seed43,0.7883465886116028,5
1465,H2_seed43,0.8304052352905273,5
1466,H2_seed43,0.8756205439567566,5
1467,H2_seed43,0.7743443250656128,5
1468,H2_seed43,0.815955638885498,5
1469,H2_seed43,0.7037302851676941,6
1470,H2_seed43,0.7494761347770691,7
1471,H2_seed43,0.7819827198982239,7
1472,H2_seed43,0.6172386407852173,7
1473,H2_seed43,0.6516380310058594,7
1474,H2_seed43,0.7849949598312378,7
1475,H2_seed43,0.8015588521957397,7
1476,H2_seed43,0.7373676300048828,7
1477,H2_seed43,0.838071346282959,7
1478,H2_seed43,0.8755595088005066,7
1479,H2_seed43,0.8426057696342468,7
1480,H2_seed43,0.814029335975647,8
1481,H2_seed43,0.8197007775306702,8
1482,H2_seed43,0.7698137760162354,8
1483,H2_seed43,0.776776134967804,10
1484,H2_seed43,0.7656447291374207,10
1485,H2_seed43,0.7638399004936218,10
1486,H2_seed43,0.8156830072402954,10
1487,H2_seed43,0.8003204464912415,10
1488,H2_seed43,0.8288605809211731,10
1489,H2_seed43,0.836196780204773,10
1490,H2_seed43,0.7057873010635376,10
1491,H2_seed43,0.8018203973770142,9
1492,H2_seed43,0.7917823195457458,9
1493,H2_seed43,0.7500523328781128,9
1494,H2_seed43,0.635827362537384,9
1495,H2_seed43,0.7465121150016785,7
1496,H2_seed43,0.7759237289428711,7
1497,H2_seed43,0.6261545419692993,7
1498,H2_seed43,0.9278773069381714,4
1499,H2_seed43,0.9121605157852173,4
1500,H2_seed43,0.9469172358512878,3
1501,H2_seed43,0.9641532897949219,3
1502,H2_seed43,0.9518227577209473,3
1503,H2_seed43,0.9711009860038757,3
1504,H2_seed43,0.9646028876304626,3
1505,H2_seed43,0.9649621844291687,3
1506,H2_seed43,0.9715251326560974,3
1507,H2_seed43,0.9609857201576233,3
1508,H2_seed43,0.9652606844902039,3
1509,H2_seed43,0.9673600196838379,3
1510,H2_seed43,0.9598074555397034,3
1511,H2_seed43,0.9702103734016418,3
1512,H2_seed43,0.9632019400596619,3
1513,H2_seed43,0.9725620746612549,3
1514,H2_seed43,0.9646113514900208,3
1515,H2_seed43,0.9073341488838196,4
1516,H2_seed43,0.9115107655525208,4
1517,H2_seed43,0.8901610374450684,4
1518,H2_seed43,0.9462677836418152,4
1519,H2_seed43,0.9165614247322083,4
1520,H2_seed43,0.9260073304176331,4
1521,H2_seed43,0.9192836880683899,4
1522,H2_seed43,0.8580132722854614,4
1523,H2_seed43,0.8638813495635986,3
1524,H2_seed43,0.7957882285118103,3
1525,H2_seed43,0.7324650287628174,3
1526,H2_seed43,0.6551247239112854,3
1527,H2_seed43,0.6276485323905945,3
1528,H2_seed43,0.9128264784812927,2
1529,H2_seed43,0.8909338116645813,2
1530,H2_seed43,0.9148217439651489,2
1531,H2_seed43,0.9094603061676025,2
1532,H2_seed43,0.9212075471878052,2
1533,H2_seed43,0.9141459465026855,2
1534,H2_seed43,0.8557208776473999,2
1535,H2_seed43,0.6372350454330444,2
1536,H2_seed43,0.7382550239562988,1
1537,H2_seed43,0.6967741847038269,1
1538,H2_seed43,0.8595041036605835,1
1539,H2_seed43,0.7692307829856873,1
1540,H2_seed43,0.8292682766914368,1
1541,H2_seed43,0.644444465637207,1
1542,H2_seed43,0.5773195624351501,1
1543,H2_seed43,0.7297297120094299,1
1544,H2_seed43,0.7250000238418579,1
1545,H2_seed43,0.7529411911964417,1
1546,H2_seed43,0.650602400302887,1
1547,H2_seed43,0.5714285969734192,1
1548,H2_seed43,0.75789475440979,1
1549,H2_seed43,0.8807339668273926,1
1550,H2_seed43,0.5565217137336731,1
1551,H2_seed43,0.47422680258750916,1
1552,H2_seed43,0.342342346906662,1
1553,H2_seed43,0.581818163394928,1
1554,H2_seed43,0.7222222089767456,1
1555,H2_seed43,0.7142857313156128,1
1556,H2_seed43,0.7272727489471436,1
1557,H2_seed43,0.7428571581840515,1
1558,H2_seed43,0.6511628031730652,1
1559,H2_seed43,0.7021276354789734,1
1560,H2_seed43,0.8428093791007996,1
1561,H2_seed43,0.942307710647583,1
1562,H2_seed43,0.9636363387107849,1
1563,H2_seed43,0.9587559103965759,1
1564,H2_seed43,0.9666861295700073,1
1565,H2_seed43,0.953926682472229,1
1566,H2_seed43,0.9375289082527161,1
1567,H2_seed43,0.9373571276664734,1
1568,H2_seed43,0.9265367388725281,1
1569,H2_seed43,0.9598214030265808,1
1570,H2_seed43,0.9392812848091125,1
1571,H2_seed43,0.9300069212913513,1
1572,H2_seed43,0.885077178478241,1
1573,H2_seed43,0.8888888955116272,1
1574,H2_seed43,0.9425837397575378,1
1575,H2_seed43,0.9413408041000366,1
1576,H2_seed43,0.9365853667259216,1
1577,H2_seed43,0.9411764740943909,1
1578,H2_seed43,0.18487395346164703,1
1579,H2_seed43,0.8847926259040833,1
1580,H2_seed43,0.9134328365325928,1
1581,H2_seed43,0.9814814925193787,1
1582,H2_seed43,0.9437819123268127,1
1583,H2_seed43,0.6800153255462646,2
1584,H2_seed43,0.9352911710739136,2
1585,H2_seed43,0.9384018182754517,2
1586,H2_seed43,0.9779614210128784,2
1587,H2_seed43,0.9686058759689331,2
1588,H2_seed43,0.9792779684066772,2
1589,H2_seed43,0.9667520523071289,2
1590,H2_seed43,0.9706652760505676,2
1591,H2_seed43,0.9746638536453247,2
1592,H2_seed43,0.9643075466156006,2
1593,H2_seed43,0.9796682596206665,2
1594,H2_seed43,0.8249589800834656,3
1595,H2_seed43,0.877424955368042,3
1596,H2_seed43,0.8813157081604004,3
1597,H2_seed43,0.89261394739151,3
1598,H2_seed43,0.8732447624206543,3
1599,H2_seed43,0.8812163472175598,3
1600,H2_seed43,0.9144232273101807,3
1601,H2_seed43,0.9212966561317444,3
1602,H2_seed43,0.8873627185821533,3
1603,H2_seed43,0.9080920219421387,3
1604,H2_seed43,0.8446518182754517,4
1605,H2_seed43,0.7989962100982666,5
1606,H2_seed43,0.7923136353492737,5
1607,H2_seed43,0.7525427937507629,5
1608,H2_seed43,0.8781989812850952,5
1609,H2_seed43,0.7626657485961914,6
1610,H2_seed43,0.7071502208709717,6
1611,H2_seed43,0.7746692299842834,6
1612,H2_seed43,0.8064091205596924,6
1613,H2_seed43,0.8278562426567078,7
1614,H2_seed43,0.832791805267334,8
1615,H2_seed43,0.8343315124511719,8
1616,H2_seed43,0.8378912210464478,8
1617,H2_seed43,0.8125503063201904,8
1618,H2_seed43,0.8626444935798645,8
1619,H2_seed43,0.7714718580245972,8
1620,H2_seed43,0.6942474842071533,9
1621,H2_seed43,0.7883208394050598,8
1622,H2_seed43,0.7985786199569702,8
1623,H2_seed43,0.7784296274185181,8
1624,H2_seed43,0.767146110534668,8
1625,H2_seed43,0.7176040410995483,8
1626,H2_seed43,0.7377937436103821,8
1627,H2_seed43,0.8069857358932495,7
1628,H2_seed43,0.8557969331741333,7
1629,H2_seed43,0.8271684050559998,6
1630,H2_seed43,0.8377966284751892,6
1631,H2_seed43,0.8478384017944336,6
1632,H2_seed43,0.74686598777771,6
1633,H2_seed43,0.8179424405097961,5
1634,H2_seed43,0.7874742746353149,5
1635,H2_seed43,0.7202860713005066,4
1636,H2_seed43,0.7282484769821167,4
1637,H2_seed43,0.7632958889007568,4
1638,H2_seed43,0.9741832613945007,3
1639,H2_seed43,0.9658862948417664,3
1640,H2_seed43,0.9579501748085022,3
1641,H2_seed43,0.9622318744659424,3
1642,H2_seed43,0.9097860455513,3
1643,H2_seed43,0.9564673900604248,3
1644,H2_seed43,0.9475399851799011,3
1645,H2_seed43,0.9092400074005127,3
1646,H2_seed43,0.9356889128684998,3
1647,H2_seed43,0.8844224810600281,4
1648,H2_seed43,0.9271399974822998,4
1649,H2_seed43,0.9282283782958984,4
1650,H2_seed43,0.9253292083740234,4
1651,H2_seed43,0.8673971891403198,4
1652,H2_seed43,0.9188613295555115,3
1653,H2_seed43,0.9049849510192871,3
1654,H2_seed43,0.9015927314758301,3
1655,H2_seed43,0.9042181968688965,3
1656,H2_seed43,0.8582399487495422,3
1657,H2_seed43,0.8143624663352966,3
1658,H2_seed43,0.9683871269226074,2
1659,H2_seed43,0.946570873260498,2
1660,H2_seed43,0.9641722440719604,2
1661,H2_seed43,0.9724040627479553,2
1662,H2_seed43,0.9584266543388367,2
1663,H2_seed43,0.9608631730079651,2
1664,H2_seed43,0.9585404992103577,2
1665,H2_seed43,0.951785683631897,2
1666,H2_seed43,0.9707010388374329,2
1667,H2_seed43,0.9514229893684387,2
1668,H2_seed43,0.9407520294189453,2
1669,H2_seed43,0.9190259575843811,2
1670,H2_seed43,0.9360091686248779,2
1671,H2_seed43,0.92999267578125,2
1672,H2_seed43,0.9385069608688354,2
1673,H2_seed43,0.9678024053573608,2
1674,H2_seed43,0.9542263746261597,2
1675,H2_seed43,0.9349464178085327,2
1676,H2_seed43,0.9537051916122437,2
1677,H2_seed43,0.9255343675613403,2
1678,H2_seed43,0.9594670534133911,2
1679,H2_seed43,0.8726741075515747,2
1680,H2_seed43,0.9225924611091614,2
1681,H2_seed43,0.9297547340393066,2
1682,H2_seed43,0.6873449087142944,2
1683,H2_seed43,0.9113923907279968,1
1684,H2_seed43,0.8055555820465088,1
1685,H2_seed43,0.9292196035385132,1
1686,H2_seed43,0.9838056564331055,1
1687,H2_seed43,0.9766277074813843,1
1688,H2_seed43,0.9834254384040833,1
1689,H2_seed43,0.9861830472946167,1
1690,H2_seed43,0.9622166156768799,1
1691,H2_seed43,0.8615384697914124,1
1692,H2_seed43,0.9635036587715149,1
1693,H2_seed43,0.9731800556182861,1
1694,H2_seed43,0.9770992398262024,1
1695,H2_seed43,0.96097332239151,2
1696,H2_seed43,0.9784609079360962,2
1697,H2_seed43,0.9407382011413574,3
1698,H2_seed43,0.961589515209198,3
1699,H2_seed43,0.967994749546051,3
1700,H2_seed43,0.693427562713623,4
1701,H2_seed43,0.8190946578979492,4
1702,H2_seed43,0.9373956918716431,4
1703,H2_seed43,0.8417345881462097,5
1704,H2_seed43,0.8744147419929504,5
1705,H2_seed43,0.8140163421630859,7
1706,H2_seed43,0.8682040572166443,7
1707,H2_seed43,0.9158808588981628,7
1708,H2_seed43,0.9065013527870178,7
1709,H2_seed43,0.860430121421814,7
1710,H2_seed43,0.9040690064430237,7
1711,H2_seed43,0.8233669996261597,9
1712,H2_seed43,0.8146044611930847,9
1713,H2_seed43,0.8854226469993591,8
1714,H2_seed43,0.8628699779510498,9
1715,H2_seed43,0.8961539268493652,6
1716,H2_seed43,0.9137724041938782,6
1717,H2_seed43,0.9508970975875854,4
1718,H2_seed43,0.8487855792045593,4
1719,H2_seed43,0.9694865345954895,3
1720,H2_seed43,0.9602307677268982,3
1721,H2_seed43,0.6366751194000244,3
1722,H2_seed43,0.8767943978309631,3
1723,H2_seed43,0.9423052668571472,3
1724,H2_seed43,0.9155097007751465,3
1725,H2_seed43,0.8774878978729248,3
1726,H2_seed43,0.953835666179657,3
1727,H2_seed43,0.9120520949363708,1
1728,H2_seed43,0.9350649118423462,1
1729,H2_seed43,0.920592188835144,1
1730,H2_seed43,0.747787594795227,1
1731,H2_seed43,0.5479452013969421,1
1732,H2_seed43,0.24791666865348816,1
1733,H2_seed43,0.08510638028383255,1
1734,H2_seed43,0.31013432145118713,2
1735,H2_seed43,0.521179735660553,2
1736,H2_seed43,0.758891761302948,3
1737,H2_seed43,0.8373184204101562,3
1738,H2_seed43,0.8425934910774231,3
1739,H2_seed43,0.8563854098320007,3
1740,H2_seed43,0.8530672788619995,4
1741,H2_seed43,0.8955675363540649,4
1742,H2_seed43,0.831085205078125,5
1743,H2_seed43,0.6840285658836365,6
1744,H2_seed43,0.634705126285553,6
1745,H2_seed43,0.7587829232215881,7
1746,H2_seed43,0.8129854798316956,7
1747,H2_seed43,0.8289870023727417,7
1748,H2_seed43,0.8400230407714844,8
1749,H2_seed43,0.8452349305152893,8
1750,H2_seed43,0.809962272644043,9
1751,H2_seed43,0.7174274921417236,10
1752,H2_seed43,0.7311136722564697,10
1753,H2_seed43,0.7511877417564392,10
1754,H2_seed43,0.6920208930969238,9
1755,H2_seed43,0.6435467004776001,8
1756,H2_seed43,0.8305684328079224,5
1757,H2_seed43,0.955700695514679,3
1758,H2_seed43,0.9071655869483948,3
1759,H2_seed43,0.9360289573669434,3
1760,H2_seed43,0.9301373362541199,3
1761,H2_seed43,0.8535462617874146,4
1762,H2_seed43,0.6967755556106567,4
1763,H2_seed43,0.8582284450531006,3
1764,H2_seed43,0.9149926900863647,2
1765,H2_seed43,0.9198226928710938,2
1766,H2_seed43,0.9370748996734619,2
1767,H2_seed43,0.9015271663665771,2
1768,H2_seed43,0.8640350699424744,2
1769,H2_seed43,0.8085106611251831,1
1770,H2_seed43,0.8333333134651184,1
1771,H2_seed43,0.5,1
1772,H2_seed43,0.42424243688583374,1
1773,H2_seed43,0.6666666865348816,1
1774,H2_seed43,0.7200000286102295,1
1775,H2_seed43,0.782608687877655,1
1776,H2_seed43,0.625,1
1777,H2_seed43,0.2666666805744171,1
1778,H2_seed43,6.250000073038109e-09,1
1779,H2_seed43,0.5882353186607361,1
1780,H2_seed43,0.2857142984867096,1
1781,H2_seed43,0.7555555701255798,1
1782,H2_seed43,0.800000011920929,1
1783,H2_seed43,0.5789473652839661,1
1784,H2_seed43,0.761904776096344,1
1785,H2_seed43,0.5652173757553101,1
1786,H2_seed43,0.5762711763381958,1
1787,H2_seed43,0.5161290168762207,1
1788,H2_seed43,0.5,1
1789,H2_seed43,0.23076923191547394,1
1790,H2_seed43,0.260869562625885,1
1791,H2_seed43,0.2857142984867096,1
1792,H2_seed43,0.23529411852359772,1
1793,H2_seed43,0.837837815284729,1
1794,H2_seed43,0.8196721076965332,1
1795,H2_seed43,0.8214285969734192,1
1796,H2_seed43,0.5714285969734192,1
1797,H2_seed43,0.695652186870575,1
1798,H2_seed43,0.9287925958633423,1
1799,H2_seed43,0.9513213038444519,1
1800,H2_seed43,0.8466818928718567,1
1801,H2_seed43,0.9187706112861633,1
1802,H2_seed43,0.9873663783073425,1
1803,H2_seed43,0.9900662302970886,1
1804,H2_seed43,0.951194167137146,1
1805,H2_seed43,0.7102803587913513,1
1806,H2_seed43,0.8870967626571655,1
1807,H2_seed43,0.9726775884628296,1
1808,H2_seed43,0.9581476449966431,2
1809,H2_seed43,0.9894177913665771,2
1810,H2_seed43,0.9658157825469971,2
1811,H2_seed43,0.962058424949646,2
1812,H2_seed43,0.7894676327705383,3
1813,H2_seed43,0.676245391368866,3
1814,H2_seed43,0.7318877577781677,4
1815,H2_seed43,0.5794489979743958,6
1816,H2_seed43,0.6330419182777405,6
1817,H2_seed43,0.7121158242225647,7
1818,H2_seed43,0.6821155548095703,7
1819,H2_seed43,0.6560810804367065,8
1820,H2_seed43,0.7019355893135071,8
1821,H2_seed43,0.6650336980819702,8
1822,H2_seed43,0.8976957201957703,8
1823,H2_seed43,0.8685882091522217,8
1824,H2_seed43,0.8699442148208618,8
1825,H2_seed43,0.7811775207519531,8
1826,H2_seed43,0.8110729455947876,8
1827,H2_seed43,0.8547328114509583,8
1828,H2_seed43,0.8278935551643372,7
1829,H2_seed43,0.801154613494873,6
1830,H2_seed43,0.9374047517776489,5
1831,H2_seed43,0.9240676164627075,5
1832,H2_seed43,0.9298667907714844,4
1833,H2_seed43,0.8259533643722534,4
1834,H2_seed43,0.830564022064209,4
1835,H2_seed43,0.9332205653190613,4
1836,H2_seed43,0.7022287249565125,4
1837,H2_seed43,0.9215303659439087,2
1838,H2_seed43,0.7149277329444885,2
1839,H2_seed43,0.9468085169792175,1
1840,H2_seed43,0.9795918464660645,1
1841,H2_seed43,0.930232584476471,1
1842,H2_seed43,0.931034505367279,1
1843,H2_seed43,0.9122806787490845,1
1844,H2_seed43,0.8952381014823914,1
1845,H2_seed43,0.7722772359848022,1
1846,H2_seed43,0.8656716346740723,1
1847,H2_seed43,0.950661838054657,1
1848,H2_seed43,0.9670525193214417,1
1849,H2_seed43,0.9649776220321655,1
1850,H2_seed43,0.9777927398681641,1
1851,H2_seed43,0.9715335369110107,1
1852,H2_seed43,0.9751571416854858,1
1853,H2_seed43,0.965305507183075,1
1854,H2_seed43,0.9773585200309753,1
1855,H2_seed43,0.9763254523277283,1
1856,H2_seed43,0.9728904366493225,1
1857,H2_seed43,0.9470559358596802,1
1858,H2_seed43,0.953031599521637,1
1859,H2_seed43,0.8291746377944946,1
1860,H2_seed43,0.8852459192276001,1
1861,H2_seed43,0.9651162624359131,1
1862,H2_seed43,0.9727891087532043,1
1863,H2_seed43,0.9674185514450073,1
1864,H2_seed43,0.9743589758872986,1
1865,H2_seed43,0.9824561476707458,1
1866,H2_seed43,0.7189655303955078,2
1867,H2_seed43,0.8492729067802429,3
1868,H2_seed43,0.9303531646728516,3
1869,H2_seed43,0.9122994542121887,3
1870,H2_seed43,0.9031379818916321,3
1871,H2_seed43,0.7776938080787659,4
1872,H2_seed43,0.8591381907463074,5
1873,H2_seed43,0.9280945062637329,5
1874,H2_seed43,0.9357754588127136,5
1875,H2_seed43,0.9271372556686401,5
1876,H2_seed43,0.9205074310302734,5
1877,H2_seed43,0.9174380302429199,5
1878,H2_seed43,0.929452121257782,5
1879,H2_seed43,0.9167534708976746,7
1880,H2_seed43,0.9154375791549683,7
1881,H2_seed43,0.8493137359619141,9
1882,H2_seed43,0.8510211706161499,10
1883,H2_seed43,0.8086513876914978,9
1884,H2_seed43,0.8681760430335999,9
1885,H2_seed43,0.8524661660194397,9
1886,H2_seed43,0.8956674933433533,9
1887,H2_seed43,0.8797373175621033,9
1888,H2_seed43,0.8541553020477295,8
1889,H2_seed43,0.8621658682823181,6
1890,H2_seed43,0.9281520843505859,4
1891,H2_seed43,0.9590883255004883,3
1892,H2_seed43,0.9700435996055603,3
1893,H2_seed43,0.9709777235984802,3
1894,H2_seed43,0.9678246974945068,3
1895,H2_seed43,0.9093872308731079,4
1896,H2_seed43,0.9200754165649414,4
1897,H2_seed43,0.8905377984046936,4
1898,H2_seed43,0.945868968963623,3
1899,H2_seed43,0.9278488755226135,3
1900,H2_seed43,0.942052960395813,2
1901,H2_seed43,0.891566276550293,1
1902,H2_seed43,0.8571428656578064,1
1903,H2_seed43,0.7037037014961243,1
1904,H2_seed43,0.739130437374115,1
1905,H2_seed43,0.8333333134651184,1
1906,H2_seed43,0.8571428656578064,1
1907,H2_seed43,0.7777777910232544,1
1908,H2_seed43,0.5833333134651184,1
1909,H2_seed43,0.7450980544090271,1
1910,H2_seed43,0.7142857313156128,1
1911,H2_seed43,0.5365853905677795,1
1912,H2_seed43,0.6428571343421936,1
1913,H2_seed43,0.6575342416763306,1
1914,H2_seed43,0.529411792755127,1
1915,H2_seed43,0.7297297120094299,1
1916,H2_seed43,0.7777777910232544,1
1917,H2_seed43,0.7924528121948242,1
1918,H2_seed43,0.7555555701255798,1
1919,H2_seed43,0.7307692170143127,1
1920,H2_seed43,0.8363636136054993,1
1921,H2_seed43,0.8235294222831726,1
1922,H2_seed43,0.7352941036224365,1
1923,H2_seed43,0.8823529481887817,1
1924,H2_seed43,0.8307692408561707,1
1925,H2_seed43,0.8679245114326477,1
1926,H2_seed43,0.7894737124443054,1
1927,H2_seed43,0.9268292784690857,1
1928,H2_seed43,0.8399999737739563,1
1929,H2_seed43,0.7857142686843872,1
1930,H2_seed43,0.8333333134651184,1
1931,H2_seed43,0.6792452931404114,1
1932,H2_seed43,0.8571428656578064,1
1933,H2_seed43,0.7857142686843872,1
1934,H2_seed43,0.9259259104728699,1
1935,H2_seed43,0.7659574747085571,1
1936,H2_seed43,0.8457711338996887,1
1937,H2_seed43,0.8826406002044678,1
1938,H2_seed43,0.8343125581741333,1
1939,H2_seed43,0.896781325340271,1
1940,H2_seed43,0.8948717713356018,1
1941,H2_seed43,0.6861598491668701,1
1942,H2_seed43,0.6245059370994568,1
1943,H2_seed43,0.8476357460021973,1
1944,H2_seed43,0.9388753175735474,1
1945,H2_seed43,0.9534883499145508,1
1946,H2_seed43,0.4401019513607025,2
1947,H2_seed43,0.3798076808452606,2
1948,H2_seed43,0.6649755239486694,2
1949,H2_seed43,0.6083648800849915,3
1950,H2_seed43,0.6304290294647217,4
1951,H2_seed43,0.4827063977718353,5
1952,H2_seed43,0.6092255711555481,6
1953,H2_seed43,0.6598544120788574,6
1954,H2_seed43,0.7477803826332092,6
1955,H2_seed43,0.7279232144355774,7
1956,H2_seed43,0.7355666756629944,7
1957,H2_seed43,0.7668718099594116,7
1958,H2_seed43,0.7262570261955261,7
1959,H2_seed43,0.6790671944618225,7
1960,H2_seed43,0.6996821165084839,8
1961,H2_seed43,0.7153186798095703,8
1962,H2_seed43,0.8485283851623535,8
1963,H2_seed43,0.9076780676841736,6
1964,H2_seed43,0.9259617924690247,6
1965,H2_seed43,0.9496345520019531,5
1966,H2_seed43,0.9514167904853821,5
1967,H2_seed43,0.9133157134056091,6
1968,H2_seed43,0.9424581527709961,6
1969,H2_seed43,0.942559003829956,6
1970,H2_seed43,0.9236941933631897,6
1971,H2_seed43,0.9400689601898193,6
1972,H2_seed43,0.9309787750244141,5
1973,H2_seed43,0.8585104942321777,5
1974,H2_seed43,0.8975664973258972,5
1975,H2_seed43,0.8830059170722961,5
1976,H2_seed43,0.8374896049499512,4
1977,H2_seed43,0.751667320728302,3
1978,H2_seed43,0.8840923309326172,2
1979,H2_seed43,0.854964554309845,2
1980,H2_seed43,0.8158309459686279,2
1981,H2_seed43,0.739366352558136,2
1982,H2_seed43,0.5470899939537048,2
1983,H2_seed43,0.9060901403427124,2
1984,H2_seed43,0.8659753799438477,2
1985,H2_seed43,0.7689324617385864,2
1986,H2_seed43,0.8918918967247009,1
1987,H2_seed43,0.8108108043670654,1
1988,H2_seed43,0.7640449404716492,1
1989,H2_seed43,0.6595744490623474,1
1990,H2_seed43,0.6666666865348816,1
1991,H2_seed43,0.7835051417350769,1
1992,H2_seed43,0.6551724076271057,1
1993,H2_seed43,0.5777778029441833,1
1994,H2_seed43,0.9142857193946838,1
1995,H2_seed43,0.9544950127601624,1
1996,H2_seed43,0.9352112412452698,1
1997,H2_seed43,0.9496248364448547,1
1998,H2_seed43,0.7536545991897583,1
1999,H2_seed43,0.14741641283035278,1
2000,H2_seed43,0.17850163578987122,1
2001,H2_seed43,0.17620651423931122,1
2002,H2_seed43,0.15214723348617554,1
2003,H2_seed43,0.08832335472106934,1
2004,H2_seed43,1.315789421862945e-10,1
2005,H2_seed43,0.38297873735427856,1
2006,H2_seed43,0.6612244844436646,1
2007,H2_seed43,0.5811623334884644,1
2008,H2_seed43,0.5371713638305664,2
2009,H2_seed43,0.679216206073761,3
2010,H2_seed43,0.7945592999458313,3
2011,H2_seed43,0.7623220682144165,4
2012,H2_seed43,0.7991949319839478,4
2013,H2_seed43,0.7771806120872498,4
2014,H2_seed43,0.5647495985031128,5
2015,H2_seed43,0.4684485197067261,6
2016,H2_seed43,0.5644207000732422,6
2017,H2_seed43,0.6451098322868347,6
2018,H2_seed43,0.6168822646141052,6
2019,H2_seed43,0.7027792930603027,6
2020,H2_seed43,0.7637224793434143,6
2021,H2_seed43,0.6250259280204773,6
2022,H2_seed43,0.7471470832824707,6
2023,H2_seed43,0.7224175930023193,5
2024,H2_seed43,0.6612507700920105,6
2025,H2_seed43,0.8367067575454712,5
2026,H2_seed43,0.8456823229789734,5
2027,H2_seed43,0.8962663412094116,5
2028,H2_seed43,0.681018054485321,7
2029,H2_seed43,0.6359333992004395,7
2030,H2_seed43,0.7281084656715393,6
2031,H2_seed43,0.8080293536186218,5
2032,H2_seed43,0.6553059816360474,4
2033,H2_seed43,0.8886780738830566,3
2034,H2_seed43,0.8527215123176575,3
2035,H2_seed43,0.8087854981422424,3
2036,H2_seed43,0.8555794358253479,3
2037,H2_seed43,0.724229633808136,4
2038,H2_seed43,0.7704289555549622,3
2039,H2_seed43,0.7160484790802002,2
2040,H2_seed43,0.8877089023590088,2
2041,H2_seed43,0.8823529481887817,1
2042,H2_seed43,0.920634925365448,1
2043,H2_seed43,0.7352941036224365,1
2044,H2_seed43,0.8571428656578064,1
2045,H2_seed43,0.9752851724624634,1
2046,H2_seed43,0.9487622380256653,1
2047,H2_seed43,0.9660044312477112,1
2048,H2_seed43,0.9743589758872986,1
2049,H2_seed43,0.9651581645011902,1
2050,H2_seed43,0.9659751057624817,1
2051,H2_seed43,0.9551374912261963,1
2052,H2_seed43,0.9503546357154846,1
2053,H2_seed43,0.9139072895050049,1
2054,H2_seed43,0.9112426042556763,1
2055,H2_seed43,0.9613780975341797,2
2056,H2_seed43,0.9513120651245117,2
2057,H2_seed43,0.9752746820449829,2
2058,H2_seed43,0.9794600009918213,2
2059,H2_seed43,0.9735062122344971,2
2060,H2_seed43,0.9676399230957031,2
2061,H2_seed43,0.9075819849967957,3
2062,H2_seed43,0.8862180709838867,3
2063,H2_seed43,0.89432692527771,3
2064,H2_seed43,0.9084686636924744,4
2065,H2_seed43,0.8715818524360657,5
2066,H2_seed43,0.9315382242202759,5
2067,H2_seed43,0.8941787481307983,5
2068,H2_seed43,0.9270337820053101,5
2069,H2_seed43,0.9197757840156555,5
2070,H2_seed43,0.9100863337516785,5
2071,H2_seed43,0.9421931505203247,5
2072,H2_seed43,0.9063431024551392,7
2073,H2_seed43,0.8968440294265747,7
2074,H2_seed43,0.8942925930023193,8
2075,H2_seed43,0.8249293565750122,7
2076,H2_seed43,0.7811787128448486,8
2077,H2_seed43,0.8395342826843262,7
2078,H2_seed43,0.8812111616134644,7
2079,H2_seed43,0.813232421875,7
2080,H2_seed43,0.6795627474784851,6
2081,H2_seed43,0.9136090278625488,4
2082,H2_seed43,0.9485359191894531,3
2083,H2_seed43,0.9622532725334167,3
2084,H2_seed43,0.9643990993499756,3
2085,H2_seed43,0.8605492115020752,4
2086,H2_seed43,0.897443950176239,4
2087,H2_seed43,0.9382967948913574,3
2088,H2_seed43,0.9221806526184082,3
2089,H2_seed43,0.8706071972846985,3
2090,H2_seed43,0.8475231528282166,3
2091,H2_seed43,0.8474531173706055,2
2092,H2_seed43,0.8884531259536743,2
2093,H2_seed43,0.6760765314102173,2
2094,H2_seed43,0.8732394576072693,1
2095,H2_seed43,0.8051947951316833,1
2096,H2_seed43,0.7076923251152039,1
2097,H2_seed43,0.8823529481887817,1
2098,H2_seed43,0.9411764740943909,1
2099,H2_seed43,0.8253968358039856,1
2100,H2_seed43,0.800000011920929,1
2101,H2_seed43,0.8571428656578064,1
2102,H2_seed43,0.7213114500045776,1
2103,H2_seed43,0.7241379022598267,1
2104,H2_seed43,0.7200000286102295,1
2105,H2_seed43,0.7346938848495483,1
2106,H2_seed43,0.6666666865348816,1
2107,H2_seed43,0.6376811861991882,1
2108,H2_seed43,0.7384615540504456,1
2109,H2_seed43,0.7536231875419617,1
2110,H2_seed43,0.6764705777168274,1
2111,H2_seed43,0.746268630027771,1
2112,H2_seed43,0.6753246784210205,1
2113,H2_seed43,0.6578947305679321,1
2114,H2_seed43,0.45614033937454224,1
2115,H2_seed43,0.6774193644523621,1
2116,H2_seed43,0.6333333253860474,1
2117,H2_seed43,0.746268630027771,1
2118,H2_seed43,0.6071428656578064,1
2119,H2_seed43,0.6800000071525574,1
2120,H2_seed43,0.8214285969734192,1
2121,H2_seed43,0.42500001192092896,1
2122,H2_seed43,0.4545454680919647,1
2123,H2_seed43,0.7843137383460999,1
2124,H2_seed43,0.875,1
2125,H2_seed43,0.7916666865348816,1
2126,H2_seed43,0.7441860437393188,1
2127,H2_seed43,0.8070175647735596,1
2128,H2_seed43,0.6666666865348816,1
2129,H2_seed43,0.800000011920929,1
2130,H2_seed43,0.6666666865348816,1
2131,H2_seed43,0.7843137383460999,1
2132,H2_seed43,0.7457627058029175,1
2133,H2_seed43,0.8888888955116272,1
2134,H2_seed43,0.9285714030265808,1
2135,H2_seed43,0.7599999904632568,1
2136,H2_seed43,0.7777777910232544,1
2137,H2_seed43,0.746268630027771,1
2138,H2_seed43,0.9375,1
2139,H2_seed43,0.9454545378684998,1
2140,H2_seed43,0.9836829900741577,1
2141,H2_seed43,0.9718004465103149,1
2142,H2_seed43,0.9659773111343384,1
2143,H2_seed43,0.9785447716712952,1
2144,H2_seed43,0.989698588848114,1
2145,H2_seed43,0.991847813129425,1
2146,H2_seed43,0.9891995191574097,1
2147,H2_seed43,0.9885641932487488,1
2148,H2_seed43,0.9923866391181946,1
2149,H2_seed43,0.9869090914726257,1
2150,H2_seed43,0.9872585535049438,1
2151,H2_seed43,0.9890424013137817,1
2152,H2_seed43,0.989534854888916,1
2153,H2_seed43,0.9863842725753784,1
2154,H2_seed43,0.9049504995346069,1
2155,H2_seed43,0.9200863838195801,1
2156,H2_seed43,0.9732142686843872,1
2157,H2_seed43,0.7525103688240051,3
2158,H2_seed43,0.8473088145256042,3
2159,H2_seed43,0.8667871356010437,3
2160,H2_seed43,0.8723419904708862,4
2161,H2_seed43,0.7514927983283997,5
2162,H2_seed43,0.7821231484413147,5
2163,H2_seed43,0.8721650242805481,5
2164,H2_seed43,0.8882506489753723,5
2165,H2_seed43,0.8117761611938477,6
2166,H2_seed43,0.9447961449623108,6
2167,H2_seed43,0.9201846122741699,7
2168,H2_seed43,0.8873266577720642,7
2169,H2_seed43,0.9536412358283997,7
2170,H2_seed43,0.960168182849884,7
2171,H2_seed43,0.9701411128044128,7
2172,H2_seed43,0.9631966948509216,7
2173,H2_seed43,0.928866982460022,8
2174,H2_seed43,0.9432200193405151,8
2175,H2_seed43,0.90849369764328,10
2176,H2_seed43,0.913425624370575,10
2177,H2_seed43,0.90887850522995,10
2178,H2_seed43,0.9012317657470703,10
2179,H2_seed43,0.8662447929382324,8
2180,H2_seed43,0.8966595530509949,7
2181,H2_seed43,0.8302680850028992,7
2182,H2_seed43,0.878069281578064,5
2183,H2_seed43,0.9099798202514648,5
2184,H2_seed43,0.975580632686615,3
2185,H2_seed43,0.9732869267463684,3
2186,H2_seed43,0.9671702980995178,3
2187,H2_seed43,0.9521520137786865,3
2188,H2_seed43,0.9607470035552979,4
2189,H2_seed43,0.9507626295089722,4
2190,H2_seed43,0.9691035151481628,3
2191,H2_seed43,0.9516251683235168,3
2192,H2_seed43,0.8841373324394226,3
2193,H2_seed43,0.9442898035049438,2
2194,H2_seed43,0.9722909927368164,2
2195,H2_seed43,0.9554985165596008,2
2196,H2_seed43,0.9479386806488037,2
2197,H2_seed43,0.9148421883583069,2
2198,H2_seed43,0.9006669521331787,2
2199,H2_seed43,0.8550283908843994,2
2200,H2_seed43,0.807692289352417,1
2201,H2_seed43,0.7727272510528564,1
2202,H2_seed43,0.800000011920929,1
2203,H2_seed43,0.9090909361839294,1
2204,H2_seed43,0.800000011920929,1
2205,H2_seed43,0.7659574747085571,1
2206,H2_seed43,0.8301886916160583,1
2207,H2_seed43,0.8181818127632141,1
2208,H2_seed43,0.7848101258277893,1
2209,H2_seed43,0.7222222089767456,1
2210,H2_seed43,0.6428571343421936,1
2211,H2_seed43,0.7142857313156128,1
2212,H2_seed43,0.7037037014961243,1
2213,H2_seed43,0.47058823704719543,1
2214,H2_seed43,0.6268656849861145,1
2215,H2_seed43,0.7647058963775635,1
2216,H2_seed43,0.8571428656578064,1
2217,H2_seed43,0.9253731369972229,1
2218,H2_seed43,0.75,1
2219,H2_seed43,0.8196721076965332,1
2220,H2_seed43,0.8461538553237915,1
2221,H2_seed43,0.8135592937469482,1
2222,H2_seed43,0.8656716346740723,1
2223,H2_seed43,0.9014084339141846,1
2224,H2_seed43,0.89552241563797,1
2225,H2_seed43,0.8615384697914124,1
2226,H2_seed43,0.6551724076271057,1
2227,H2_seed43,0.9428571462631226,1
2228,H2_seed43,0.9166666865348816,1
2229,H2_seed43,0.8615384697914124,1
2230,H2_seed43,0.7777777910232544,1
2231,H2_seed43,0.8148148059844971,1
2232,H2_seed43,0.9367088675498962,1
2233,H2_seed43,0.8333333134651184,1
2234,H2_seed43,0.16352201998233795,1
2235,H2_seed43,0.22928176820278168,1
2236,H2_seed43,0.9173989295959473,1
2237,H2_seed43,0.9463120698928833,1
2238,H2_seed43,0.9482455849647522,1
2239,H2_seed43,0.9273504018783569,1
2240,H2_seed43,0.7795698642730713,1
2241,H2_seed43,0.644859790802002,1
2242,H2_seed43,0.2777777910232544,1
2243,H2_seed43,0.8558139801025391,1
2244,H2_seed43,0.9090909361839294,1
2245,H2_seed43,0.9117646813392639,1
2246,H2_seed43,0.9470899701118469,1
2247,H2_seed43,0.693473219871521,2
2248,H2_seed43,0.4492734670639038,2
2249,H2_seed43,0.45332226157188416,2
2250,H2_seed43,0.6720386743545532,2
2251,H2_seed43,0.5924410820007324,3
2252,H2_seed43,0.6008539199829102,3
2253,H2_seed43,0.6473106741905212,3
2254,H2_seed43,0.6137543320655823,3
2255,H2_seed43,0.643230140209198,3
2256,H2_seed43,0.7372140884399414,3
2257,H2_seed43,0.8667556047439575,4
2258,H2_seed43,0.916838526725769,5
2259,H2_seed43,0.9150192141532898,5
2260,H2_seed43,0.8692984580993652,5
2261,H2_seed43,0.8410519361495972,5
2262,H2_seed43,0.8665799498558044,6
2263,H2_seed43,0.7070345878601074,6
2264,H2_seed43,0.756528377532959,6
2265,H2_seed43,0.9038963317871094,6
2266,H2_seed43,0.8010429739952087,7
2267,H2_seed43,0.6962681412696838,7
2268,H2_seed43,0.825241208076477,7
2269,H2_seed43,0.8908219337463379,7
2270,H2_seed43,0.8760725259780884,8
2271,H2_seed43,0.821084201335907,8
2272,H2_seed43,0.7908082604408264,9
2273,H2_seed43,0.7300205230712891,7
2274,H2_seed43,0.6091852188110352,7
2275,H2_seed43,0.9123679995536804,5
2276,H2_seed43,0.8904095888137817,5
2277,H2_seed43,0.8843010067939758,5
2278,H2_seed43,0.9066193103790283,4
2279,H2_seed43,0.8616383075714111,4
2280,H2_seed43,0.861504077911377,4
2281,H2_seed43,0.970513641834259,3
2282,H2_seed43,0.9450779557228088,3
2283,H2_seed43,0.941778838634491,3
2284,H2_seed43,0.8900269269943237,4
2285,H2_seed43,0.9440816640853882,4
2286,H2_seed43,0.9491248726844788,4
2287,H2_seed43,0.9373085498809814,4
2288,H2_seed43,0.934000551700592,4
2289,H2_seed43,0.9139746427536011,4
2290,H2_seed43,0.8420912027359009,2
2291,H2_seed43,0.8293377161026001,2
2292,H2_seed43,0.800000011920929,1
2293,H2_seed43,0.800000011920929,1
2294,H2_seed43,0.9268292784690857,1
2295,H2_seed43,0.7848101258277893,1
2296,H2_seed43,0.8275862336158752,1
2297,H2_seed43,0.75,1
2298,H2_seed43,0.75,1
2299,H2_seed43,0.7272727489471436,1
2300,H2_seed43,0.6962025165557861,1
2301,H2_seed43,0.7951807379722595,1
2302,H2_seed43,0.94957435131073,1
2303,H2_seed43,0.9345579743385315,1
2304,H2_seed43,0.9642032384872437,1
2305,H2_seed43,0.9797979593276978,1
2306,H2_seed43,0.9796395897865295,1
2307,H2_seed43,0.9785070419311523,1
2308,H2_seed43,0.9724041223526001,1
2309,H2_seed43,0.9348155856132507,1
2310,H2_seed43,0.9634187817573547,1
2311,H2_seed43,0.968470573425293,1
2312,H2_seed43,0.7608069181442261,1
2313,H2_seed43,0.5826771855354309,1
2314,H2_seed43,0.9235237240791321,1
2315,H2_seed43,0.6303989887237549,3
2316,H2_seed43,0.8056210875511169,3
2317,H2_seed43,0.893274188041687,4
2318,H2_seed43,0.7429124116897583,5
2319,H2_seed43,0.8753023147583008,5
2320,H2_seed43,0.9245203733444214,5
2321,H2_seed43,0.8980075716972351,6
2322,H2_seed43,0.7843414545059204,7
2323,H2_seed43,0.8475631475448608,7
2324,H2_seed43,0.8772746920585632,7
2325,H2_seed43,0.8671042323112488,7
2326,H2_seed43,0.769726037979126,8
2327,H2_seed43,0.8462812900543213,8
2328,H2_seed43,0.8836076855659485,8
2329,H2_seed43,0.9067436456680298,8
2330,H2_seed43,0.8866653442382812,8
2331,H2_seed43,0.9058939814567566,8
2332,H2_seed43,0.8455291986465454,10
2333,H2_seed43,0.8410453796386719,10
2334,H2_seed43,0.8342058658599854,9
2335,H2_seed43,0.7970026135444641,8
2336,H2_seed43,0.8952209949493408,6
2337,H2_seed43,0.8431269526481628,6
2338,H2_seed43,0.613580048084259,5
2339,H2_seed43,0.9709401726722717,3
2340,H2_seed43,0.9497465491294861,3
2341,H2_seed43,0.9559479355812073,3
2342,H2_seed43,0.903708279132843,3
2343,H2_seed43,0.8871675729751587,4
2344,H2_seed43,0.8175375461578369,3
2345,H2_seed43,0.9478855729103088,2
2346,H2_seed43,0.9018218517303467,2
2347,H2_seed43,0.8636451959609985,2
2348,H2_seed43,0.506801962852478,2
2349,H2_seed43,0.8613138794898987,1
2350,H2_seed43,0.8387096524238586,1
2351,H2_seed43,0.9541284441947937,1
2352,H2_seed43,0.8817204236984253,1
2353,H2_seed43,0.9210526347160339,1
2354,H2_seed43,0.9610389471054077,1
2355,H2_seed43,0.8860759735107422,1
2356,H2_seed43,0.8055555820465088,1
2357,H2_seed43,0.8253968358039856,1
2358,H2_seed43,0.800000011920929,1
2359,H2_seed43,0.800000011920929,1
2360,H2_seed43,0.7727272510528564,1
2361,H2_seed43,0.7111111283302307,1
2362,H2_seed43,0.5909090638160706,1
2363,H2_seed43,0.6938775777816772,1
2364,H2_seed43,0.7719298005104065,1
2365,H2_seed43,0.6461538672447205,1
2366,H2_seed43,0.6486486196517944,1
2367,H2_seed43,0.7045454382896423,1
2368,H2_seed43,0.8571428656578064,1
2369,H2_seed43,0.849056601524353,1
2370,H2_seed43,0.8809523582458496,1
2371,H2_seed43,0.8421052694320679,1
2372,H2_seed43,0.8484848737716675,1
2373,H2_seed43,0.8169013857841492,1
2374,H2_seed43,0.7719298005104065,1
2375,H2_seed43,0.8813559412956238,1
2376,H2_seed43,0.800000011920929,1
2377,H2_seed43,0.8727272748947144,1
2378,H2_seed43,0.9180327653884888,1
2379,H2_seed43,0.9473684430122375,1
2380,H2_seed43,0.9382715821266174,1
2381,H2_seed43,0.891566276550293,1
2382,H2_seed43,0.9024389982223511,1
2383,H2_seed43,0.8831169009208679,1
2384,H2_seed43,0.8607594966888428,1
2385,H2_seed43,0.8461538553237915,1
2386,H2_seed43,0.7887324094772339,1
2387,H2_seed43,0.8604651093482971,1
2388,H2_seed43,0.8139534592628479,1
2389,H2_seed43,0.6511628031730652,1
2390,H2_seed43,0.6486486196517944,1
2391,H2_seed43,0.8666666746139526,1
2392,H2_seed43,0.7936508059501648,1
2393,H2_seed43,0.8888888955116272,1
2394,H2_seed43,0.7325581312179565,1
2395,H2_seed43,0.9552238583564758,1
2396,H2_seed43,0.9604578614234924,1
2397,H2_seed43,0.9793510437011719,1
2398,H2_seed43,0.9836065769195557,1
2399,H2_seed43,0.9798974990844727,1
2400,H2_seed43,0.9863760471343994,1
2401,H2_seed43,0.8944923877716064,1
2402,H2_seed43,0.6345732808113098,1
2403,H2_seed43,0.5384615659713745,1
2404,H2_seed43,0.9815602898597717,1
2405,H2_seed43,0.9816360473632812,1
2406,H2_seed43,0.6562458276748657,2
2407,H2_seed43,0.8526143431663513,3
2408,H2_seed43,0.928015410900116,4
2409,H2_seed43,0.8971118927001953,4
2410,H2_seed43,0.9169270992279053,4
2411,H2_seed43,0.7612495422363281,6
2412,H2_seed43,0.9180505871772766,6
2413,H2_seed43,0.9394950866699219,6
2414,H2_seed43,0.9372064471244812,7
2415,H2_seed43,0.9093632698059082,7
2416,H2_seed43,0.9295293092727661,7
2417,H2_seed43,0.9283150434494019,7
2418,H2_seed43,0.9427346587181091,7
2419,H2_seed43,0.9095209240913391,7
2420,H2_seed43,0.7905575633049011,7
2421,H2_seed43,0.7837133407592773,7
2422,H2_seed43,0.7308374047279358,7
2423,H2_seed43,0.7947402000427246,6
2424,H2_seed43,0.9447627067565918,5
2425,H2_seed43,0.9273945093154907,5
2426,H2_seed43,0.8993226289749146,7
2427,H2_seed43,0.938054084777832,7
2428,H2_seed43,0.9495280981063843,8
2429,H2_seed43,0.9331863522529602,8
2430,H2_seed43,0.9182630777359009,7
2431,H2_seed43,0.859226644039154,7
2432,H2_seed43,0.8971582055091858,7
2433,H2_seed43,0.8143042325973511,7
2434,H2_seed43,0.8546445965766907,6
2435,H2_seed43,0.8495426177978516,5
2436,H2_seed43,0.8691350221633911,5
2437,H2_seed43,0.8073859214782715,4
2438,H2_seed43,0.9161154627799988,4
2439,H2_seed43,0.9038498401641846,4
2440,H2_seed43,0.9220501780509949,4
2441,H2_seed43,0.9303767681121826,4
2442,H2_seed43,0.9590678811073303,4
2443,H2_seed43,0.9483159780502319,4
2444,H2_seed43,0.940169095993042,2
2445,H2_seed43,0.952529788017273,2
2446,H2_seed43,0.893837571144104,2
2447,H2_seed43,0.8941165208816528,2
2448,H2_seed43,0.8489208817481995,1
2449,H2_seed43,0.8732394576072693,1
2450,H2_seed43,0.7643312215805054,1
2451,H2_seed43,0.7518796920776367,1
2452,H2_seed43,0.7200000286102295,1
2453,H2_seed43,0.6933333277702332,1
2454,H2_seed43,0.6557376980781555,1
2455,H2_seed43,0.6666666865348816,1
2456,H2_seed43,0.7792207598686218,1
2457,H2_seed43,0.790123462677002,1
2458,H2_seed43,0.5977011322975159,1
2459,H2_seed43,0.60550457239151,1
2460,H2_seed43,0.4878048896789551,1
2461,H2_seed43,0.4177215099334717,1
2462,H2_seed43,0.41830065846443176,1
2463,H2_seed43,0.6627218723297119,1
2464,H2_seed43,0.6329113841056824,1
2465,H2_seed43,0.739130437374115,1
2466,H2_seed43,0.7948718070983887,1
2467,H2_seed43,0.8536585569381714,1
2468,H2_seed43,0.8148148059844971,1
2469,H2_seed43,0.800000011920929,1
2470,H2_seed43,0.8775510191917419,1
2471,H2_seed43,0.9009009003639221,1
2472,H2_seed43,0.7368420958518982,1
2473,H2_seed43,0.8037382960319519,1
2474,H2_seed43,0.7884615659713745,1
2475,H2_seed43,0.7090908885002136,1
2476,H2_seed43,0.8514851331710815,1
2477,H2_seed43,0.7722772359848022,1
2478,H2_seed43,0.7338129281997681,1
2479,H2_seed43,0.8888888955116272,1
2480,H2_seed43,0.8387096524238586,1
2481,H2_seed43,0.7284768223762512,1
2482,H2_seed43,0.7346938848495483,1
2483,H2_seed43,0.9344262480735779,1
2484,H2_seed43,0.9253731369972229,1
2485,H2_seed43,0.75,1
2486,H2_seed43,0.9182879328727722,1
2487,H2_seed43,0.9285714030265808,1
2488,H2_seed43,0.9642654657363892,1
2489,H2_seed43,0.9804482460021973,1
2490,H2_seed43,0.9814227223396301,1
2491,H2_seed43,0.9826697707176208,1
2492,H2_seed43,0.9781615138053894,1
2493,H2_seed43,0.9528735876083374,1
2494,H2_seed43,0.9059288501739502,1
2495,H2_seed43,0.8896321058273315,1
2496,H2_seed43,1.7543859698321285e-09,1
2497,H2_seed43,0.44247788190841675,1
2498,H2_seed43,0.6495726704597473,1
2499,H2_seed43,2.079889815931324e-09,2
2500,H2_seed43,0.026397060602903366,2
2501,H2_seed43,0.33180859684944153,3
2502,H2_seed43,0.3403266966342926,3
2503,H2_seed43,0.32965561747550964,3
2504,H2_seed43,0.39622560143470764,3
2505,H2_seed43,0.5148829221725464,4
2506,H2_seed43,0.5757288932800293,4
2507,H2_seed43,0.6244372725486755,4
2508,H2_seed43,0.514755368232727,5
2509,H2_seed43,0.5079888105392456,5
2510,H2_seed43,0.5524882078170776,5
2511,H2_seed43,0.6525903940200806,5
2512,H2_seed43,0.6157684922218323,5
2513,H2_seed43,0.5285818576812744,6
2514,H2_seed43,0.5139161944389343,6
2515,H2_seed43,0.7000468373298645,6
2516,H2_seed43,0.6645360589027405,7
2517,H2_seed43,0.5457859635353088,7
2518,H2_seed43,0.5868738293647766,7
2519,H2_seed43,0.6510621905326843,7
2520,H2_seed43,0.4797635078430176,7
2521,H2_seed43,0.5689629912376404,7
2522,H2_seed43,0.6690781712532043,7
2523,H2_seed43,0.745202898979187,7
2524,H2_seed43,0.6997889280319214,7
2525,H2_seed43,0.7995376586914062,7
2526,H2_seed43,0.7425782084465027,6
2527,H2_seed43,0.9153153896331787,4
2528,H2_seed43,0.9636572003364563,3
2529,H2_seed43,0.8986581563949585,4
2530,H2_seed43,0.9221186637878418,4
2531,H2_seed43,0.9053070545196533,4
2532,H2_seed43,0.9076877236366272,4
2533,H2_seed43,0.7006864547729492,4
2534,H2_seed43,0.6906211972236633,4
2535,H2_seed43,0.6198961138725281,3
2536,H2_seed43,0.9303069114685059,2
2537,H2_seed43,0.8761531114578247,2
2538,H2_seed43,0.9625383019447327,2
2539,H2_seed43,0.9060643911361694,2
2540,H2_seed43,0.8372578620910645,2
2541,H2_seed43,0.706182062625885,2
2542,H2_seed43,0.6341463327407837,1
2543,H2_seed43,0.6976743936538696,1
2544,H2_seed43,0.8484848737716675,1
2545,H2_seed43,0.3333333432674408,1
2546,H2_seed43,0.6399999856948853,1
2547,H2_seed43,0.9173789024353027,1
2548,H2_seed43,0.9758453965187073,1
2549,H2_seed43,0.9703476428985596,1
2550,H2_seed43,0.9474899172782898,1
2551,H2_seed43,0.801536500453949,1
2552,H2_seed43,0.34008097648620605,1
2553,H2_seed43,0.8780487775802612,1
2554,H2_seed43,0.9505494236946106,1
2555,H2_seed43,0.47266313433647156,2
2556,H2_seed43,0.35345667600631714,2
2557,H2_seed43,0.321697473526001,3
2558,H2_seed43,0.5488460659980774,5
2559,H2_seed43,0.6404705047607422,5
2560,H2_seed43,0.7408599257469177,5
2561,H2_seed43,0.8156757950782776,7
2562,H2_seed43,0.8699389696121216,7
2563,H2_seed43,0.8300379514694214,7
2564,H2_seed43,0.8624280691146851,7
2565,H2_seed43,0.8512393832206726,7
2566,H2_seed43,0.8558297157287598,8
2567,H2_seed43,0.8522287607192993,8
2568,H2_seed43,0.8811268210411072,8
2569,H2_seed43,0.8263278007507324,8
2570,H2_seed43,0.8202295303344727,8
2571,H2_seed43,0.7713253498077393,8
2572,H2_seed43,0.8950322270393372,6
2573,H2_seed43,0.9271590113639832,6
2574,H2_seed43,0.9364993572235107,6
2575,H2_seed43,0.8831099271774292,8
2576,H2_seed43,0.8451012372970581,7
2577,H2_seed43,0.8758015036582947,6
2578,H2_seed43,0.8416849970817566,5
2579,H2_seed43,0.8389984965324402,5
2580,H2_seed43,0.9403605461120605,3
2581,H2_seed43,0.9508118629455566,3
2582,H2_seed43,0.8833810687065125,3
2583,H2_seed43,0.8578093647956848,3
2584,H2_seed43,0.5683039426803589,2
2585,H2_seed43,0.8562395572662354,2
2586,H2_seed43,0.9199022054672241,2
2587,H2_seed43,0.9060883522033691,2
2588,H2_seed43,0.7553763389587402,2
2589,H2_seed43,0.5432615876197815,2
2590,H2_seed43,0.9292929172515869,1
2591,H2_seed43,0.9189189076423645,1
2592,H2_seed43,0.9438202381134033,1
2593,H2_seed43,0.5853658318519592,1
2594,H2_seed43,0.8768116235733032,1
2595,H2_seed43,0.9286659359931946,2
2596,H2_seed43,0.7247357368469238,3
2597,H2_seed43,0.8300697803497314,3
2598,H2_seed43,0.7951014637947083,3
2599,H2_seed43,0.6792226433753967,4
2600,H2_seed43,0.71017986536026,5
2601,H2_seed43,0.7668976783752441,6
2602,H2_seed43,0.7013925909996033,6
2603,H2_seed43,0.7577734589576721,6
2604,H2_seed43,0.755480945110321,6
2605,H2_seed43,0.7657138705253601,6
2606,H2_seed43,0.8640634417533875,6
2607,H2_seed43,0.7493143081665039,8
2608,H2_seed43,0.7238770127296448,8
2609,H2_seed43,0.7592926621437073,8
2610,H2_seed43,0.721977949142456,8
2611,H2_seed43,0.8124321103096008,8
2612,H2_seed43,0.7897599339485168,9
2613,H2_seed43,0.8071153163909912,8
2614,H2_seed43,0.8293517827987671,8
2615,H2_seed43,0.8620980381965637,6
2616,H2_seed43,0.7863451242446899,5
2617,H2_seed43,0.5572594404220581,5
2618,H2_seed43,0.9249405264854431,3
2619,H2_seed43,0.8771544098854065,3
2620,H2_seed43,0.8775722980499268,3
2621,H2_seed43,0.5934757590293884,3
2622,H2_seed43,0.4852564036846161,2
2623,H2_seed43,0.4852716624736786,2
2624,H2_seed43,0.48423540592193604,2
2625,H2_seed43,0.4649186134338379,2
2626,H2_seed43,0.9441232681274414,2
2627,H2_seed43,0.9289748072624207,2
2628,H2_seed43,0.9280884265899658,2
2629,H2_seed43,0.9078947305679321,1
2630,H2_seed43,0.8776978254318237,1
2631,H2_seed43,0.9051094651222229,1
2632,H2_seed43,0.913385808467865,1
2633,H2_seed43,0.9105691313743591,1
2634,H2_seed43,0.8155339956283569,1
2635,H2_seed43,0.8510638475418091,1
2636,H2_seed43,0.7816091775894165,1
2637,H2_seed43,0.7777777910232544,1
2638,H2_seed43,0.7560975551605225,1
2639,H2_seed43,0.7160493731498718,1
2640,H2_seed43,0.6944444179534912,1
2641,H2_seed43,0.6865671873092651,1
2642,H2_seed43,0.6666666865348816,1
2643,H2_seed43,0.8275862336158752,1
2644,H2_seed43,0.7594936490058899,1
2645,H2_seed43,0.8791208863258362,1
2646,H2_seed43,0.8245614171028137,1
2647,H2_seed43,0.7878788113594055,1
2648,H2_seed43,0.8192771077156067,1
2649,H2_seed43,0.7659574747085571,1
2650,H2_seed43,0.7777777910232544,1
2651,H2_seed43,0.7850467562675476,1
2652,H2_seed43,0.834782600402832,1
2653,H2_seed43,0.9047619104385376,1
2654,H2_seed43,0.8717948794364929,1
2655,H2_seed43,0.8548387289047241,1
2656,H2_seed43,0.8208954930305481,1
2657,H2_seed43,0.8571428656578064,1
2658,H2_seed43,0.8791208863258362,1
2659,H2_seed43,0.8045976758003235,1
2660,H2_seed43,0.6352941393852234,1
2661,H2_seed43,0.761904776096344,1
2662,H2_seed43,0.807692289352417,1
2663,H2_seed43,0.8695651888847351,1
2664,H2_seed43,0.901098906993866,1
2665,H2_seed43,0.936170220375061,1
2666,H2_seed43,0.7631579041481018,1
2667,H2_seed43,0.8533333539962769,1
2668,H2_seed43,0.901098906993866,1
2669,H2_seed43,0.9397590160369873,1
2670,H2_seed43,0.8409090638160706,1
2671,H2_seed43,0.8857142925262451,1
2672,H2_seed43,0.7761194109916687,1
2673,H2_seed43,0.6666666865348816,1
2674,H2_seed43,0.47727271914482117,1
2675,H2_seed43,0.7777777910232544,1
2676,H2_seed43,0.9449728727340698,2
2677,H2_seed43,0.7401294708251953,3
2678,H2_seed43,0.8436176180839539,3
2679,H2_seed43,0.8850985169410706,3
2680,H2_seed43,0.8814252614974976,4
2681,H2_seed43,0.8429258465766907,5
2682,H2_seed43,0.8136788606643677,5
2683,H2_seed43,0.7310441136360168,6
2684,H2_seed43,0.828471839427948,6
2685,H2_seed43,0.8126449584960938,6
2686,H2_seed43,0.858677864074707,6
2687,H2_seed43,0.8442240357398987,7
2688,H2_seed43,0.8970367312431335,7
2689,H2_seed43,0.7906306385993958,8
2690,H2_seed43,0.8096998333930969,8
2691,H2_seed43,0.7735843658447266,8
2692,H2_seed43,0.8306862115859985,9
2693,H2_seed43,0.7705904841423035,9
2694,H2_seed43,0.8182101845741272,8
2695,H2_seed43,0.7365579605102539,8
2696,H2_seed43,0.8526598811149597,6
2697,H2_seed43,0.8924641013145447,4
2698,H2_seed43,0.7221579551696777,4
2699,H2_seed43,0.620343029499054,4
2700,H2_seed43,0.9184393882751465,3
2701,H2_seed43,0.8441233038902283,3
2702,H2_seed43,0.6866123080253601,3
2703,H2_seed43,0.6432012319564819,3
2704,H2_seed43,0.48988598585128784,2
2705,H2_seed43,0.6311861872673035,3
2706,H2_seed43,0.939016580581665,2
2707,H2_seed43,0.962702751159668,2
2708,H2_seed43,0.9276024103164673,2
2709,H2_seed43,0.9493649005889893,2
2710,H2_seed43,0.9370629191398621,1
2711,H2_seed43,0.949999988079071,1
2712,H2_seed43,0.9090909361839294,1
2713,H2_seed43,0.893203854560852,1
2714,H2_seed43,0.9263157844543457,1
2715,H2_seed43,0.8791208863258362,1
2716,H2_seed43,0.8888888955116272,1
2717,H2_seed43,0.8253968358039856,1
2718,H2_seed43,0.8611111044883728,1
2719,H2_seed43,0.7384615540504456,1
2720,H2_seed43,0.8064516186714172,1
2721,H2_seed43,0.8571428656578064,1
2722,H2_seed43,0.7924528121948242,1
2723,H2_seed43,0.8253968358039856,1
2724,H2_seed43,0.8533333539962769,1
2725,H2_seed43,0.95652174949646,1
2726,H2_seed43,0.7341772317886353,1
2727,H2_seed43,0.849056601524353,1
2728,H2_seed43,0.7400000095367432,1
2729,H2_seed43,0.8484848737716675,1
2730,H2_seed43,0.7368420958518982,1
2731,H2_seed43,0.7272727489471436,1
2732,H2_seed43,0.6990291476249695,1
2733,H2_seed43,0.7678571343421936,1
2734,H2_seed43,0.8188976645469666,1
2735,H2_seed43,0.71875,1
2736,H2_seed43,0.6168224215507507,1
2737,H2_seed43,0.6428571343421936,1
2738,H2_seed43,0.746666669845581,1
2739,H2_seed43,0.6265060305595398,1
2740,H2_seed43,0.6930692791938782,1
2741,H2_seed43,0.7358490824699402,1
2742,H2_seed43,0.7777777910232544,1
2743,H2_seed43,0.8367347121238708,1
2744,H2_seed43,0.6732673048973083,1
2745,H2_seed43,0.6756756901741028,1
2746,H2_seed43,0.7311828136444092,1
2747,H2_seed43,0.7920792102813721,1
2748,H2_seed43,0.9380530714988708,1
2749,H2_seed43,0.8363636136054993,1
2750,H2_seed43,0.8292682766914368,1
2751,H2_seed43,0.7142857313156128,1
2752,H2_seed43,0.747474730014801,1
2753,H2_seed43,0.774193525314331,1
2754,H2_seed43,0.9171270728111267,1
2755,H2_seed43,0.9494549036026001,1
2756,H2_seed43,0.9625899195671082,1
2757,H2_seed43,0.9732034206390381,1
2758,H2_seed43,0.9737156629562378,1
2759,H2_seed43,0.9696969985961914,1
2760,H2_seed43,0.7256637215614319,1
2761,H2_seed43,0.31168830394744873,1
2762,H2_seed43,0.9707317352294922,1
2763,H2_seed43,0.9709677696228027,1
2764,H2_seed43,0.9896640777587891,1
2765,H2_seed43,0.9897330403327942,1
2766,H2_seed43,0.9687778949737549,1
2767,H2_seed43,0.4790123403072357,2
2768,H2_seed43,0.7801036238670349,3
2769,H2_seed43,0.7050842046737671,5
2770,H2_seed43,0.6470770239830017,5
2771,H2_seed43,0.7407514452934265,5
2772,H2_seed43,0.8478221893310547,5
2773,H2_seed43,0.675804615020752,6
2774,H2_seed43,0.8293163180351257,6
2775,H2_seed43,0.8558990955352783,6
2776,H2_seed43,0.8422335982322693,6
2777,H2_seed43,0.8828697204589844,6
2778,H2_seed43,0.9061881899833679,6
2779,H2_seed43,0.9155054092407227,6
2780,H2_seed43,0.9022262692451477,6
2781,H2_seed43,0.8770250678062439,7
2782,H2_seed43,0.908431887626648,7
2783,H2_seed43,0.7882058024406433,7
2784,H2_seed43,0.7607284784317017,8
2785,H2_seed43,0.8726195693016052,6
2786,H2_seed43,0.8554589152336121,7
2787,H2_seed43,0.8822675347328186,7
2788,H2_seed43,0.8742733001708984,7
2789,H2_seed43,0.6520741581916809,7
2790,H2_seed43,0.8972423672676086,7
2791,H2_seed43,0.9278368949890137,6
2792,H2_seed43,0.9320569038391113,6
2793,H2_seed43,0.8925253748893738,6
2794,H2_seed43,0.9676323533058167,3
2795,H2_seed43,0.9674451351165771,3
2796,H2_seed43,0.9593796730041504,3
2797,H2_seed43,0.9508399367332458,3
2798,H2_seed43,0.9447479248046875,3
2799,H2_seed43,0.9091500639915466,3
2800,H2_seed43,0.8755806684494019,4
2801,H2_seed43,0.9184184670448303,4
2802,H2_seed43,0.9306168556213379,3
2803,H2_seed43,0.9528677463531494,3
2804,H2_seed43,0.9269191026687622,2
2805,H2_seed43,0.9373364448547363,2
2806,H2_seed43,0.9000710248947144,2
2807,H2_seed43,0.9302780628204346,2
2808,H2_seed43,0.9123651385307312,2
2809,H2_seed43,0.8845628499984741,2
2810,H2_seed43,0.41999998688697815,2
2811,H2_seed43,0.8846153616905212,1
2812,H2_seed43,0.8620689511299133,1
2813,H2_seed43,0.699999988079071,1
2814,H2_seed43,0.8059701323509216,1
2815,H2_seed43,0.8620689511299133,1
2816,H2_seed43,0.8831169009208679,1
2817,H2_seed43,0.9473684430122375,1
2818,H2_seed43,0.9191918969154358,1
2819,H2_seed43,0.7692307829856873,1
2820,H2_seed43,0.7991543412208557,1
2821,H2_seed43,0.8392857313156128,1
2822,H2_seed43,0.7776456475257874,1
2823,H2_seed43,0.8910675644874573,1
2824,H2_seed43,0.5744125247001648,1
2825,H2_seed43,0.9541284441947937,1
2826,H2_seed43,0.9863013625144958,1
2827,H2_seed43,0.9850746393203735,1
2828,H2_seed43,0.9477756023406982,1
2829,H2_seed43,0.9613259434700012,1
2830,H2_seed43,0.8861641883850098,3
2831,H2_seed43,0.9540048241615295,3
2832,H2_seed43,0.9497916102409363,3
2833,H2_seed43,0.9593245387077332,3
2834,H2_seed43,0.9183695912361145,3
2835,H2_seed43,0.8325503468513489,4
2836,H2_seed43,0.8151966333389282,4
2837,H2_seed43,0.8669081926345825,4
2838,H2_seed43,0.900559663772583,4
2839,H2_seed43,0.7395691871643066,4
2840,H2_seed43,0.82929527759552,5
2841,H2_seed43,0.8640887141227722,5
2842,H2_seed43,0.8318669199943542,7
2843,H2_seed43,0.8975472450256348,7
2844,H2_seed43,0.8853984475135803,7
2845,H2_seed43,0.7836092710494995,7
2846,H2_seed43,0.89547199010849,7
2847,H2_seed43,0.6936180591583252,8
2848,H2_seed43,0.757777214050293,7
2849,H2_seed43,0.737988293170929,5
2850,H2_seed43,0.8241168856620789,5
2851,H2_seed43,0.8215898871421814,6
2852,H2_seed43,0.738763689994812,5
2853,H2_seed43,0.941482663154602,4
2854,H2_seed43,0.894587516784668,5
2855,H2_seed43,0.9096110463142395,4
2856,H2_seed43,0.9086960554122925,4
2857,H2_seed43,0.9326121807098389,3
2858,H2_seed43,0.6290237903594971,3
2859,H2_seed43,0.8987855911254883,2
2860,H2_seed43,0.9320366382598877,2
2861,H2_seed43,0.9132356643676758,2
2862,H2_seed43,0.9365375638008118,2
2863,H2_seed43,0.939978837966919,2
2864,H2_seed43,0.8666086196899414,2
2865,H2_seed43,0.893738865852356,2
2866,H2_seed43,0.9330175518989563,2
2867,H2_seed43,0.6381072998046875,2
2868,H2_seed43,0.8133184909820557,2
2869,H2_seed43,0.7098498344421387,2
2870,H2_seed43,0.7906976938247681,1
2871,H2_seed43,0.8181818127632141,1
2872,H2_seed43,0.7142857313156128,1
2873,H2_seed43,0.8500000238418579,1
2874,H2_seed43,0.8260869383811951,1
2875,H2_seed43,0.5384615659713745,1
2876,H2_seed43,0.5079365372657776,1
2877,H2_seed43,0.9576059579849243,1
2878,H2_seed43,0.8976607918739319,1
2879,H2_seed43,0.8553971648216248,1
2880,H2_seed43,0.8665643930435181,1
2881,H2_seed43,0.9015256762504578,1
2882,H2_seed43,0.9381720423698425,1
2883,H2_seed43,0.9515235424041748,1
2884,H2_seed43,0.9349845051765442,1
2885,H2_seed43,0.8781470060348511,1
2886,H2_seed43,0.8611825108528137,1
2887,H2_seed43,0.8541300296783447,1
2888,H2_seed43,0.774193525314331,1
2889,H2_seed43,0.9655172228813171,1
2890,H2_seed43,0.9666666388511658,1
2891,H2_seed43,0.95961993932724,1
2892,H2_seed43,0.47868216037750244,2
2893,H2_seed43,0.9087802171707153,2
2894,H2_seed43,0.9464937448501587,2
2895,H2_seed43,0.7981385588645935,3
2896,H2_seed43,0.7981571555137634,3
2897,H2_seed43,0.8302814364433289,3
2898,H2_seed43,0.8451408743858337,3
2899,H2_seed43,0.8120695948600769,3
2900,H2_seed43,0.6188086867332458,4
2901,H2_seed43,0.7201499938964844,4
2902,H2_seed43,0.7394224405288696,5
2903,H2_seed43,0.7207126021385193,5
2904,H2_seed43,0.7440359592437744,5
2905,H2_seed43,0.7093677520751953,5
2906,H2_seed43,0.6223005056381226,6
2907,H2_seed43,0.737514853477478,7
2908,H2_seed43,0.7809719443321228,7
2909,H2_seed43,0.8540492653846741,6
2910,H2_seed43,0.8729104995727539,6
2911,H2_seed43,0.7842202186584473,7
2912,H2_seed43,0.8102107048034668,7
2913,H2_seed43,0.7899271845817566,6
2914,H2_seed43,0.7857254147529602,6
2915,H2_seed43,0.7130916714668274,5
2916,H2_seed43,0.6111242175102234,5
2917,H2_seed43,0.6091684103012085,5
2918,H2_seed43,0.6924051642417908,4
2919,H2_seed43,0.8698484897613525,4
2920,H2_seed43,0.7159321904182434,5
2921,H2_seed43,0.7865132689476013,5
2922,H2_seed43,0.6778901219367981,4
2923,H2_seed43,0.9204586148262024,3
2924,H2_seed43,0.9033394455909729,3
2925,H2_seed43,0.8984758853912354,3
2926,H2_seed43,0.8403565883636475,3
2927,H2_seed43,0.851291298866272,2
2928,H2_seed43,0.6806517839431763,2
2929,H2_seed43,0.9039969444274902,2
2930,H2_seed43,0.9292975664138794,2
2931,H2_seed43,0.8507347106933594,2
2932,H2_seed43,0.8150084614753723,2
2933,H2_seed43,0.7635141611099243,2
2934,H2_seed43,0.7165371179580688,2
2935,H2_seed43,0.7415179014205933,2
2936,H2_seed43,0.5600000023841858,1
2937,H2_seed43,0.6382978558540344,1
2938,H2_seed43,0.8866666555404663,1
2939,H2_seed43,0.6608186960220337,1
2940,H2_seed43,0.71775221824646,1
2941,H2_seed43,0.9176470637321472,1
2942,H2_seed43,0.7314662337303162,1
2943,H2_seed43,0.39534884691238403,1
2944,H2_seed43,0.8241758346557617,1
2945,H2_seed43,0.8741160035133362,1
2946,H2_seed43,0.8815653920173645,1
2947,H2_seed43,0.9180601835250854,1
2948,H2_seed43,0.85391765832901,1
2949,H2_seed43,0.9135432243347168,1
2950,H2_seed43,0.9603174328804016,1
2951,H2_seed43,0.9499596357345581,1
2952,H2_seed43,0.8546868562698364,1
2953,H2_seed43,0.7921498417854309,1
2954,H2_seed43,0.5807422399520874,1
2955,H2_seed43,0.6842567920684814,1
2956,H2_seed43,0.5568015575408936,1
2957,H2_seed43,0.723047137260437,2
2958,H2_seed43,0.8279218077659607,3
2959,H2_seed43,0.8204783797264099,4
2960,H2_seed43,0.6985102891921997,4
2961,H2_seed43,0.8071982860565186,4
2962,H2_seed43,0.6253951191902161,6
2963,H2_seed43,0.8163580298423767,7
2964,H2_seed43,0.8285456299781799,7
2965,H2_seed43,0.7905533909797668,7
2966,H2_seed43,0.8260990381240845,7
2967,H2_seed43,0.80532306432724,7
2968,H2_seed43,0.824493408203125,7
2969,H2_seed43,0.8454790115356445,7
2970,H2_seed43,0.7117583155632019,7
2971,H2_seed43,0.7864444851875305,6
2972,H2_seed43,0.9356504082679749,6
2973,H2_seed43,0.8627848625183105,6
2974,H2_seed43,0.739003598690033,8
2975,H2_seed43,0.7977581024169922,7
2976,H2_seed43,0.8030316233634949,5
2977,H2_seed43,0.8708135485649109,5
2978,H2_seed43,0.7285807132720947,6
2979,H2_seed43,0.7167003750801086,6
2980,H2_seed43,0.8243424296379089,5
2981,H2_seed43,0.9305004477500916,4
2982,H2_seed43,0.9173129796981812,4
2983,H2_seed43,0.6271305084228516,4
2984,H2_seed43,0.7365701198577881,2
2985,H2_seed43,0.8510638475418091,1
2986,H2_seed43,0.8644067645072937,1
2987,H2_seed43,0.9655172228813171,1
2988,H2_seed43,0.8403361439704895,1
2989,H2_seed43,0.8999999761581421,1
2990,H2_seed43,0.8190476298332214,1
2991,H2_seed43,0.9411764740943909,1
2992,H2_seed43,0.9203540086746216,1
2993,H2_seed43,0.9272727370262146,1
2994,H2_seed43,0.9322034120559692,1
2995,H2_seed43,0.9259259104728699,1
2996,H2_seed43,0.8387096524238586,1
2997,H2_seed43,0.7555555701255798,1
2998,H2_seed43,0.8148148059844971,1
2999,H2_seed43,0.8055555820465088,1
3000,H2_seed43,0.8450704216957092,1
3001,H2_seed43,0.8780487775802612,1
3002,H2_seed43,0.8222222328186035,1
3003,H2_seed43,0.9135802388191223,1
3004,H2_seed43,0.7865168452262878,1
3005,H2_seed43,0.778761088848114,1
3006,H2_seed43,0.7872340679168701,1
3007,H2_seed43,0.7631579041481018,1
3008,H2_seed43,0.6153846383094788,1
3009,H2_seed43,0.6865671873092651,1
3010,H2_seed43,0.7567567825317383,1
3011,H2_seed43,0.4749999940395355,1
3012,H2_seed43,0.6865671873092651,1
3013,H2_seed43,0.695652186870575,1
3014,H2_seed43,0.9052631855010986,1
3015,H2_seed43,0.7123287916183472,1
3016,H2_seed43,0.7272727489471436,1
3017,H2_seed43,0.8615384697914124,1
3018,H2_seed43,0.8831169009208679,1
3019,H2_seed43,0.8157894611358643,1
3020,H2_seed43,0.8172042965888977,1
3021,H2_seed43,0.8333333134651184,1
3022,H2_seed43,0.7749999761581421,1
3023,H2_seed43,0.8333333134651184,1
3024,H2_seed43,0.6760563254356384,1
3025,H2_seed43,0.800000011920929,1
3026,H2_seed43,0.7749999761581421,1
3027,H2_seed43,0.8292682766914368,1
3028,H2_seed43,0.5777778029441833,1
3029,H2_seed43,0.05882352963089943,1
3030,H2_seed43,0.19607843458652496,1
3031,H2_seed43,0.7749999761581421,1
3032,H2_seed43,0.9599999785423279,1
3033,H2_seed43,0.9469387531280518,1
3034,H2_seed43,0.9635036587715149,1
3035,H2_seed43,0.8139013648033142,1
3036,H2_seed43,0.760869562625885,1
3037,H2_seed43,0.5761589407920837,1
3038,H2_seed43,0.49242424964904785,1
3039,H2_seed43,0.30075186491012573,1
3040,H2_seed43,0.5588235259056091,1
3041,H2_seed43,0.529411792755127,1
3042,H2_seed43,0.4038757383823395,3
3043,H2_seed43,0.8927903771400452,3
3044,H2_seed43,0.9188858270645142,4
3045,H2_seed43,0.8504700660705566,6
3046,H2_seed43,0.8609927296638489,7
3047,H2_seed43,0.8965219855308533,7
3048,H2_seed43,0.9075788855552673,7
3049,H2_seed43,0.8933266401290894,7
3050,H2_seed43,0.8675452470779419,7
3051,H2_seed43,0.8345282673835754,7
3052,H2_seed43,0.7773081064224243,7
3053,H2_seed43,0.7330702543258667,7
3054,H2_seed43,0.7595901489257812,8
3055,H2_seed43,0.753275454044342,7
3056,H2_seed43,0.7507296800613403,7
3057,H2_seed43,0.8967453837394714,6
3058,H2_seed43,0.9334500432014465,6
3059,H2_seed43,0.8917587995529175,7
3060,H2_seed43,0.9107056856155396,7
3061,H2_seed43,0.9315926432609558,6
3062,H2_seed43,0.8949804902076721,7
3063,H2_seed43,0.7942560911178589,7
3064,H2_seed43,0.7103279829025269,7
3065,H2_seed43,0.6643244028091431,6
3066,H2_seed43,0.7903063297271729,4
3067,H2_seed43,0.7222344279289246,4
3068,H2_seed43,0.9548149704933167,3
3069,H2_seed43,0.9409953951835632,3
3070,H2_seed43,0.9170963168144226,3
3071,H2_seed43,0.8960352540016174,4
3072,H2_seed43,0.8711243271827698,3
3073,H2_seed43,0.918108344078064,2
3074,H2_seed43,0.8978853225708008,2
3075,H2_seed43,0.8296530246734619,1
3076,H2_seed43,0.940099835395813,1
3077,H2_seed43,0.9487179517745972,1
3078,H2_seed43,0.9538461565971375,1
3079,H2_seed43,0.561904788017273,1
3080,H2_seed43,0.761904776096344,1
3081,H2_seed43,0.9285714030265808,1
3082,H2_seed43,0.9586206674575806,1
3083,H2_seed43,0.9035812616348267,1
3084,H2_seed43,0.9115625619888306,2
3085,H2_seed43,0.8853726983070374,3
3086,H2_seed43,0.8971645832061768,3
3087,H2_seed43,0.9207807183265686,3
3088,H2_seed43,0.8953161239624023,3
3089,H2_seed43,0.9008114337921143,3
3090,H2_seed43,0.8311553001403809,3
3091,H2_seed43,0.7913108468055725,4
3092,H2_seed43,0.8009741902351379,5
3093,H2_seed43,0.8832931518554688,5
3094,H2_seed43,0.8541589975357056,5
3095,H2_seed43,0.7341920733451843,5
3096,H2_seed43,0.8421438336372375,6
3097,H2_seed43,0.7540112733840942,7
3098,H2_seed43,0.8082606792449951,8
3099,H2_seed43,0.8824318647384644,8
3100,H2_seed43,0.8223647475242615,8
3101,H2_seed43,0.7299852967262268,9
3102,H2_seed43,0.6744339466094971,9
3103,H2_seed43,0.6747808456420898,7
3104,H2_seed43,0.7609508037567139,8
3105,H2_seed43,0.8409454226493835,6
3106,H2_seed43,0.867668628692627,6
3107,H2_seed43,0.8872696161270142,5
3108,H2_seed43,0.8872531652450562,5
3109,H2_seed43,0.7481411695480347,5
3110,H2_seed43,0.7418433427810669,5
3111,H2_seed43,0.8377864956855774,5
3112,H2_seed43,0.7849413156509399,5
3113,H2_seed43,0.9156640768051147,4
3114,H2_seed43,0.7830939292907715,4
3115,H2_seed43,0.6701082587242126,4
3116,H2_seed43,0.6650441288948059,4
3117,H2_seed43,0.6080285906791687,3
3118,H2_seed43,0.6170799732208252,3
3119,H2_seed43,0.9021934270858765,2
3120,H2_seed43,0.7857811450958252,2
3121,H2_seed43,0.7426456212997437,2
3122,H2_seed43,0.6914563179016113,2
3123,H2_seed43,0.9834123253822327,1
3124,H2_seed43,0.8960000276565552,1
3125,H2_seed43,0.9531405568122864,1
3126,H2_seed43,0.9909533858299255,1
3127,H2_seed43,0.9839228391647339,1
3128,H2_seed43,0.9792899489402771,1
3129,H2_seed43,0.717277467250824,1
3130,H2_seed43,0.8461538553237915,1
3131,H2_seed43,0.9259647130966187,2
3132,H2_seed43,0.9741688370704651,2
3133,H2_seed43,0.9884941577911377,2
3134,H2_seed43,0.8963716626167297,4
3135,H2_seed43,0.9470471143722534,4
3136,H2_seed43,0.771664559841156,5
3137,H2_seed43,0.9055947065353394,5
3138,H2_seed43,0.9217635989189148,5
3139,H2_seed43,0.8982598185539246,6
3140,H2_seed43,0.9093314409255981,7
3141,H2_seed43,0.8968170881271362,7
3142,H2_seed43,0.8649699091911316,8
3143,H2_seed43,0.9313969612121582,8
3144,H2_seed43,0.9493716359138489,8
3145,H2_seed43,0.8952398300170898,9
3146,H2_seed43,0.9172617793083191,9
3147,H2_seed43,0.9171744585037231,9
3148,H2_seed43,0.8836022615432739,9
3149,H2_seed43,0.8955610990524292,7
3150,H2_seed43,0.9018898010253906,7
3151,H2_seed43,0.6714584231376648,6
3152,H2_seed43,0.8563215732574463,4
3153,H2_seed43,0.9760698676109314,3
3154,H2_seed43,0.9781133532524109,3
3155,H2_seed43,0.9605109691619873,3
3156,H2_seed43,0.8820368051528931,4
3157,H2_seed43,0.9581271409988403,4
3158,H2_seed43,0.7208530306816101,4
3159,H2_seed43,0.9341168403625488,2
3160,H2_seed43,0.9576147794723511,2
3161,H2_seed43,0.9185431599617004,2
3162,H2_seed43,0.8395061492919922,2
3163,H2_seed43,0.8764045238494873,1
3164,H2_seed43,0.7659574747085571,1
3165,H2_seed43,0.774193525314331,1
3166,H2_seed43,0.6538461446762085,1
3167,H2_seed43,0.5555555820465088,1
3168,H2_seed43,0.9065326452255249,1
3169,H2_seed43,0.9555106163024902,1
3170,H2_seed43,0.9605615139007568,1
3171,H2_seed43,0.9664502143859863,1
3172,H2_seed43,0.9453977942466736,1
3173,H2_seed43,0.9617898464202881,1
3174,H2_seed43,0.9560593366622925,1
3175,H2_seed43,0.9454421997070312,1
3176,H2_seed43,0.8806333541870117,1
3177,H2_seed43,0.5249537825584412,1
3178,H2_seed43,0.6153846383094788,1
3179,H2_seed43,0.8929875493049622,2
3180,H2_seed43,0.8947413563728333,3
3181,H2_seed43,0.937462329864502,3
3182,H2_seed43,0.9357196688652039,3
3183,H2_seed43,0.946100652217865,3
3184,H2_seed43,0.8772345185279846,3
3185,H2_seed43,0.8540125489234924,4
3186,H2_seed43,0.8347946405410767,5
3187,H2_seed43,0.8411963582038879,5
3188,H2_seed43,0.8870896100997925,5
3189,H2_seed43,0.9229925274848938,5
3190,H2_seed43,0.8401743769645691,6
3191,H2_seed43,0.8013506531715393,7
3192,H2_seed43,0.8558748960494995,8
3193,H2_seed43,0.8433934450149536,9
3194,H2_seed43,0.8441752195358276,9
3195,H2_seed43,0.8905957341194153,9
3196,H2_seed43,0.8327605128288269,9
3197,H2_seed43,0.7412915229797363,9
3198,H2_seed43,0.7593564391136169,6
3199,H2_seed43,0.934960663318634,4
3200,H2_seed43,0.889345645904541,4
3201,H2_seed43,0.9367782473564148,3
3202,H2_seed43,0.9413485527038574,3
3203,H2_seed43,0.935673713684082,3
3204,H2_seed43,0.9474809765815735,3
3205,H2_seed43,0.6796903014183044,2
3206,H2_seed43,0.6800919771194458,2
3207,H2_seed43,0.511698305606842,2
3208,H2_seed43,0.944671630859375,2
3209,H2_seed43,0.8907655477523804,2
3210,H2_seed43,0.9132190942764282,2
3211,H2_seed43,0.908730149269104,2
3212,H2_seed43,0.8547717928886414,1
3213,H2_seed43,0.8975609540939331,1
3214,H2_seed43,0.9152542352676392,1
3215,H2_seed43,0.8666666746139526,1
3216,H2_seed43,0.35555556416511536,1
3217,H2_seed43,0.6637744307518005,1
3218,H2_seed43,0.8893527984619141,1
3219,H2_seed43,0.8808823823928833,1
3220,H2_seed43,0.923550546169281,1
3221,H2_seed43,0.9453401565551758,1
3222,H2_seed43,0.9623464345932007,1
3223,H2_seed43,0.9736191034317017,1
3224,H2_seed43,0.9139297604560852,1
3225,H2_seed43,0.7859296202659607,1
3226,H2_seed43,0.7496967315673828,2
3227,H2_seed43,0.9045204520225525,2
3228,H2_seed43,0.7920625805854797,3
3229,H2_seed43,0.892643928527832,3
3230,H2_seed43,0.920586884021759,3
3231,H2_seed43,0.8997828364372253,3
3232,H2_seed43,0.9079275131225586,4
3233,H2_seed43,0.9064823985099792,5
3234,H2_seed43,0.8721322417259216,6
3235,H2_seed43,0.8845381736755371,6
3236,H2_seed43,0.8605210781097412,6
3237,H2_seed43,0.8570740818977356,6
3238,H2_seed43,0.8495572805404663,7
3239,H2_seed43,0.8728490471839905,7
3240,H2_seed43,0.8433957695960999,7
3241,H2_seed43,0.8549745678901672,7
3242,H2_seed43,0.8485713601112366,8
3243,H2_seed43,0.8773722052574158,7
3244,H2_seed43,0.8212020397186279,8
3245,H2_seed43,0.8135240077972412,8
3246,H2_seed43,0.8591755628585815,7
3247,H2_seed43,0.9167836308479309,6
3248,H2_seed43,0.9187179207801819,6
3249,H2_seed43,0.816204309463501,6
3250,H2_seed43,0.834509015083313,5
3251,H2_seed43,0.9536680579185486,3
3252,H2_seed43,0.9491702914237976,3
3253,H2_seed43,0.9497655034065247,3
3254,H2_seed43,0.9627423882484436,3
3255,H2_seed43,0.9615597724914551,3
3256,H2_seed43,0.9471814036369324,3
3257,H2_seed43,0.9015457034111023,3
3258,H2_seed43,0.9199284315109253,2
3259,H2_seed43,0.8483368158340454,2
3260,H2_seed43,0.8502437472343445,2
3261,H2_seed43,0.6937931180000305,2
3262,H2_seed43,0.6666666865348816,1
3263,H2_seed43,0.852173924446106,1
3264,H2_seed43,0.9166666865348816,1
3265,H2_seed43,0.804347813129425,1
3266,H2_seed43,0.8737863898277283,1
3267,H2_seed43,0.7941176295280457,1
3268,H2_seed43,0.7142857313156128,1
3269,H2_seed43,0.800000011920929,1
3270,H2_seed43,0.7916666865348816,1
3271,H2_seed43,0.7428571581840515,1
3272,H2_seed43,0.6315789222717285,1
3273,H2_seed43,0.7631579041481018,1
3274,H2_seed43,0.9559164643287659,1
3275,H2_seed43,0.9424460530281067,1
3276,H2_seed43,0.8821752071380615,1
3277,H2_seed43,0.8859060406684875,1
3278,H2_seed43,0.6451612710952759,1
3279,H2_seed43,0.5649729371070862,2
3280,H2_seed43,0.6672113537788391,2
3281,H2_seed43,0.7624548077583313,3
3282,H2_seed43,0.8603680729866028,3
3283,H2_seed43,0.8907448053359985,4
3284,H2_seed43,0.9297133684158325,4
3285,H2_seed43,0.9462826251983643,4
3286,H2_seed43,0.9423599243164062,4
3287,H2_seed43,0.9437450170516968,4
3288,H2_seed43,0.9079673886299133,5
3289,H2_seed43,0.8570054173469543,5
3290,H2_seed43,0.9419844746589661,5
3291,H2_seed43,0.9430670738220215,5
3292,H2_seed43,0.9269163012504578,5
3293,H2_seed43,0.8483911156654358,6
3294,H2_seed43,0.8494746088981628,6
3295,H2_seed43,0.8770238757133484,6
3296,H2_seed43,0.8463794589042664,7
3297,H2_seed43,0.8230894207954407,7
3298,H2_seed43,0.7976870536804199,8
3299,H2_seed43,0.8062924146652222,9
3300,H2_seed43,0.8580623269081116,9
3301,H2_seed43,0.8749595880508423,10
3302,H2_seed43,0.8421505093574524,10
3303,H2_seed43,0.869412899017334,8
3304,H2_seed43,0.8840613961219788,7
3305,H2_seed43,0.87360018491745,7
3306,H2_seed43,0.778203547000885,6
3307,H2_seed43,0.9165979623794556,4
3308,H2_seed43,0.9691674113273621,3
3309,H2_seed43,0.9717574119567871,3
3310,H2_seed43,0.9672666192054749,3
3311,H2_seed43,0.966803252696991,3
3312,H2_seed43,0.8567329049110413,4
3313,H2_seed43,0.9543442726135254,4
3314,H2_seed43,0.7205947041511536,4
3315,H2_seed43,0.7329843044281006,1
3316,H2_seed43,0.8393285274505615,1
3317,H2_seed43,0.9108911156654358,1
3318,H2_seed43,0.9244604110717773,1
3319,H2_seed43,0.9256986975669861,1
3320,H2_seed43,0.959530770778656,1
3321,H2_seed43,0.9226060509681702,1
3322,H2_seed43,0.9656549692153931,1
3323,H2_seed43,0.9453924894332886,1
3324,H2_seed43,0.9584026336669922,1
3325,H2_seed43,0.9658337831497192,1
3326,H2_seed43,0.9565798044204712,1
3327,H2_seed43,0.9547256231307983,1
3328,H2_seed43,0.9695577025413513,1
3329,H2_seed43,0.9691846966743469,1
3330,H2_seed43,0.976364254951477,1
3331,H2_seed43,0.9646655321121216,1
3332,H2_seed43,0.9750000238418579,1
3333,H2_seed43,0.9575734734535217,1
3334,H2_seed43,0.9335328340530396,1
3335,H2_seed43,0.8868486285209656,1
3336,H2_seed43,0.903032124042511,1
3337,H2_seed43,0.9233319759368896,1
3338,H2_seed43,0.8963210582733154,1
3339,H2_seed43,0.5340909361839294,1
3340,H2_seed43,0.5046728849411011,1
3341,H2_seed43,0.9399999976158142,1
3342,H2_seed43,0.9550827145576477,1
3343,H2_seed43,0.9598662257194519,1
3344,H2_seed43,0.9569620490074158,1
3345,H2_seed43,0.9747729301452637,1
3346,H2_seed43,0.6750001311302185,2
3347,H2_seed43,0.7389066219329834,2
3348,H2_seed43,0.7718315124511719,2
3349,H2_seed43,0.8159116506576538,2
3350,H2_seed43,0.8094626665115356,2
3351,H2_seed43,0.8175582885742188,2
3352,H2_seed43,0.6930854916572571,3
3353,H2_seed43,0.7261632084846497,3
3354,H2_seed43,0.6738805174827576,4
3355,H2_seed43,0.8257508873939514,4
3356,H2_seed43,0.6892393231391907,6
3357,H2_seed43,0.7039312720298767,6
3358,H2_seed43,0.8043326735496521,6
3359,H2_seed43,0.8255254030227661,7
3360,H2_seed43,0.9052752256393433,7
3361,H2_seed43,0.8658267259597778,7
3362,H2_seed43,0.8880923390388489,7
3363,H2_seed43,0.8791383504867554,7
3364,H2_seed43,0.8400493264198303,7
3365,H2_seed43,0.8634657263755798,7
3366,H2_seed43,0.8471818566322327,7
3367,H2_seed43,0.8316949009895325,7
3368,H2_seed43,0.8560401797294617,7
3369,H2_seed43,0.8494023084640503,7
3370,H2_seed43,0.8582992553710938,7
3371,H2_seed43,0.8172628283500671,7
3372,H2_seed43,0.8389424085617065,7
3373,H2_seed43,0.8427085876464844,7
3374,H2_seed43,0.8409516215324402,7
3375,H2_seed43,0.846722424030304,7
3376,H2_seed43,0.8277422785758972,7
3377,H2_seed43,0.7859132885932922,7
3378,H2_seed43,0.8074102401733398,7
3379,H2_seed43,0.7867457270622253,7
3380,H2_seed43,0.8570083975791931,7
3381,H2_seed43,0.8235394358634949,7
3382,H2_seed43,0.8217424154281616,8
3383,H2_seed43,0.8643032312393188,8
3384,H2_seed43,0.820890486240387,8
3385,H2_seed43,0.8290675282478333,7
3386,H2_seed43,0.8485817909240723,7
3387,H2_seed43,0.8500622510910034,8
3388,H2_seed43,0.8714709877967834,9
3389,H2_seed43,0.8762874007225037,9
3390,H2_seed43,0.9138730764389038,8
3391,H2_seed43,0.8674914836883545,8
3392,H2_seed43,0.8781992197036743,8
3393,H2_seed43,0.8652670979499817,7
3394,H2_seed43,0.8499284386634827,7
3395,H2_seed43,0.7954180836677551,7
3396,H2_seed43,0.8147846460342407,7
3397,H2_seed43,0.8238286375999451,7
3398,H2_seed43,0.910588800907135,6
3399,H2_seed43,0.9045038223266602,6
3400,H2_seed43,0.9153888821601868,6
3401,H2_seed43,0.8861813545227051,6
3402,H2_seed43,0.8421010971069336,6
3403,H2_seed43,0.8232477307319641,6
3404,H2_seed43,0.80442214012146,6
3405,H2_seed43,0.8138530850410461,5
3406,H2_seed43,0.8183788061141968,4
3407,H2_seed43,0.9562377333641052,3
3408,H2_seed43,0.9669101238250732,3
3409,H2_seed43,0.9666076302528381,3
3410,H2_seed43,0.9122133255004883,4
3411,H2_seed43,0.92009437084198,4
3412,H2_seed43,0.9337166547775269,4
3413,H2_seed43,0.9298440217971802,4
3414,H2_seed43,0.9213318824768066,4
3415,H2_seed43,0.948001503944397,4
3416,H2_seed43,0.939666748046875,4
3417,H2_seed43,0.914033830165863,4
3418,H2_seed43,0.9285873174667358,4
3419,H2_seed43,0.9186556935310364,4
3420,H2_seed43,0.8858969211578369,4
3421,H2_seed43,0.8109700083732605,4
3422,H2_seed43,0.8575448989868164,3
3423,H2_seed43,0.8410348892211914,3
3424,H2_seed43,0.7028782963752747,3
3425,H2_seed43,0.8644699454307556,2
3426,H2_seed43,0.8267805576324463,2
3427,H2_seed43,0.8505747318267822,1
3428,H2_seed43,0.6478873491287231,1
3429,H2_seed43,0.6933333277702332,1
3430,H2_seed43,0.800000011920929,1
3431,H2_seed43,0.8256880640983582,1
3432,H2_seed43,0.9425556659698486,1
3433,H2_seed43,0.9610389471054077,1
3434,H2_seed43,0.9848681092262268,1
3435,H2_seed43,0.9909518361091614,1
3436,H2_seed43,0.9868420958518982,1
3437,H2_seed43,0.990028977394104,1
3438,H2_seed43,0.9900990128517151,1
3439,H2_seed43,0.9884615540504456,1
3440,H2_seed43,0.9862754344940186,1
3441,H2_seed43,0.8799266815185547,1
3442,H2_seed43,0.8982036113739014,1
3443,H2_seed43,0.6666666865348816,1
3444,H2_seed43,0.984000027179718,1
3445,H2_seed43,0.9731282591819763,2
3446,H2_seed43,0.9794475436210632,2
3447,H2_seed43,0.9837582111358643,2
3448,H2_seed43,0.964686930179596,3
3449,H2_seed43,0.9711880683898926,3
3450,H2_seed43,0.9668281674385071,3
3451,H2_seed43,0.9644822478294373,3
3452,H2_seed43,0.9250428080558777,5
3453,H2_seed43,0.9367427825927734,5
3454,H2_seed43,0.8463048934936523,5
3455,H2_seed43,0.897177517414093,5
3456,H2_seed43,0.907579779624939,5
3457,H2_seed43,0.9282696843147278,5
3458,H2_seed43,0.8974205255508423,5
3459,H2_seed43,0.7918277382850647,7
3460,H2_seed43,0.8797521591186523,7
3461,H2_seed43,0.9263206124305725,7
3462,H2_seed43,0.9485321044921875,7
3463,H2_seed43,0.8895276784896851,10
3464,H2_seed43,0.9208364486694336,10
3465,H2_seed43,0.9147481322288513,8
3466,H2_seed43,0.861845850944519,7
3467,H2_seed43,0.8445772528648376,6
3468,H2_seed43,0.9154361486434937,4
3469,H2_seed43,0.9273570775985718,4
3470,H2_seed43,0.9731426239013672,3
3471,H2_seed43,0.9732275605201721,3
3472,H2_seed43,0.9671927094459534,3
3473,H2_seed43,0.9189428091049194,4
3474,H2_seed43,0.919089138507843,4
3475,H2_seed43,0.9372676014900208,4
3476,H2_seed43,0.7759290337562561,4
3477,H2_seed43,0.9239326119422913,3
3478,H2_seed43,0.8925197720527649,3
3479,H2_seed43,0.9644145965576172,2
3480,H2_seed43,0.9814469814300537,2
3481,H2_seed43,0.9602208733558655,2
3482,H2_seed43,0.9573488235473633,2
3483,H2_seed43,0.9472728967666626,2
3484,H2_seed43,0.8868579268455505,2
3485,H2_seed43,0.734375,1
3486,H2_seed43,0.7680000066757202,1
3487,H2_seed43,0.84112149477005,1
3488,H2_seed43,0.5977011322975159,1
3489,H2_seed43,0.6571428775787354,1
3490,H2_seed43,0.688524603843689,1
3491,H2_seed43,0.625,1
3492,H2_seed43,0.5283018946647644,1
3493,H2_seed43,0.6060606241226196,1
3494,H2_seed43,0.625,1
3495,H2_seed43,0.7415730357170105,1
3496,H2_seed43,0.8979591727256775,1
3497,H2_seed43,0.7956989407539368,1
3498,H2_seed43,0.6329113841056824,1
3499,H2_seed43,0.6349206566810608,1
3500,H2_seed43,0.6774193644523621,1
3501,H2_seed43,0.5,1
3502,H2_seed43,0.692307710647583,1
3503,H2_seed43,0.47191011905670166,1
3504,H2_seed43,0.5652173757553101,1
3505,H2_seed43,0.7184466123580933,1
3506,H2_seed43,0.8461538553237915,1
3507,H2_seed43,0.8101266026496887,1
3508,H2_seed43,0.8181818127632141,1
3509,H2_seed43,0.8684210777282715,1
3510,H2_seed43,0.8536585569381714,1
3511,H2_seed43,0.8292682766914368,1
3512,H2_seed43,0.8450704216957092,1
3513,H2_seed43,0.8674699068069458,1
3514,H2_seed43,0.7142857313156128,1
3515,H2_seed43,0.746268630027771,1
3516,H2_seed43,0.7160493731498718,1
3517,H2_seed43,0.8735632300376892,1
3518,H2_seed43,0.9090909361839294,1
3519,H2_seed43,0.9166666865348816,1
3520,H2_seed43,0.695652186870575,1
