image_index,model,dice,n_organs_present
0,H1,0.9064748287200928,1
1,H1,0.9106754064559937,1
2,H1,0.9750505685806274,1
3,H1,0.9616182446479797,1
4,H1,0.9751924872398376,1
5,H1,0.9716724753379822,1
6,H1,0.9860140085220337,1
7,H1,0.97879558801651,1
8,H1,0.9407228827476501,1
9,H1,0.950900137424469,1
10,H1,0.9482517242431641,1
11,H1,0.9629629850387573,1
12,H1,1.2500000146076218e-08,1
13,H1,0.9047619104385376,1
14,H1,0.9698629975318909,1
15,H1,0.8978687524795532,2
16,H1,0.9047845602035522,2
17,H1,0.7453019022941589,3
18,H1,0.7606285214424133,3
19,H1,0.788941502571106,4
20,H1,0.8124672174453735,4
21,H1,0.8522348403930664,4
22,H1,0.6089348793029785,5
23,H1,0.7239894270896912,6
24,H1,0.7711547017097473,6
25,H1,0.774332582950592,6
26,H1,0.8459647297859192,6
27,H1,0.7478899955749512,7
28,H1,0.8065171241760254,7
29,H1,0.872955858707428,7
30,H1,0.8355392217636108,7
31,H1,0.7918917536735535,7
32,H1,0.7889137268066406,8
33,H1,0.8282363414764404,8
34,H1,0.8189676403999329,6
35,H1,0.8558383584022522,7
36,H1,0.8302980065345764,7
37,H1,0.8757251501083374,7
38,H1,0.8287235498428345,7
39,H1,0.8790147304534912,6
40,H1,0.8751890063285828,6
41,H1,0.5810772776603699,5
42,H1,0.7290815711021423,4
43,H1,0.9727023243904114,3
44,H1,0.8103563785552979,4
45,H1,0.8258743286132812,4
46,H1,0.902746856212616,4
47,H1,0.8868407011032104,4
48,H1,0.5323193669319153,1
49,H1,0.7766714096069336,1
50,H1,0.5723684430122375,1
51,H1,0.6899695992469788,1
52,H1,0.14800000190734863,1
53,H1,3.4965036421752416e-10,1
54,H1,4.098360817383906e-10,1
55,H1,4.975124201500591e-10,1
56,H1,0.43103447556495667,2
57,H1,0.4689265489578247,2
58,H1,0.6568405032157898,2
59,H1,0.4819944500923157,2
60,H1,0.603162407875061,3
61,H1,0.46915650367736816,4
62,H1,0.45635366439819336,5
63,H1,0.5292945504188538,5
64,H1,0.651470422744751,5
65,H1,0.5948337316513062,5
66,H1,0.7268953919410706,5
67,H1,0.710080623626709,6
68,H1,0.6610260009765625,7
69,H1,0.5856073498725891,7
70,H1,0.6399244070053101,8
71,H1,0.7239048480987549,8
72,H1,0.6970957517623901,9
73,H1,0.7943786382675171,8
74,H1,0.7646631598472595,9
75,H1,0.6971046328544617,9
76,H1,0.7418220043182373,8
77,H1,0.6777162551879883,7
78,H1,0.8198239207267761,6
79,H1,0.7199517488479614,5
80,H1,0.6927972435951233,4
81,H1,0.6537286639213562,4
82,H1,0.9103195667266846,3
83,H1,0.8792107701301575,3
84,H1,0.7052664756774902,4
85,H1,0.6029212474822998,4
86,H1,0.43327856063842773,3
87,H1,0.557492733001709,2
88,H1,0.5312671661376953,2
89,H1,0.6720770001411438,2
90,H1,0.32053691148757935,2
91,H1,0.5454545617103577,1
92,H1,0.5769230723381042,1
93,H1,0.4000000059604645,1
94,H1,0.4285714328289032,1
95,H1,0.4615384638309479,1
96,H1,0.40816327929496765,1
97,H1,0.3333333432674408,1
98,H1,0.5925925970077515,1
99,H1,0.23529411852359772,1
100,H1,0.6285714507102966,1
101,H1,0.17391304671764374,1
102,H1,0.5833333134651184,1
103,H1,0.625,1
104,H1,0.699999988079071,1
105,H1,0.699999988079071,1
106,H1,0.4736842215061188,1
107,H1,0.6666666865348816,1
108,H1,8.333333134658005e-09,1
109,H1,0.8571428656578064,1
110,H1,0.8275862336158752,1
111,H1,0.5714285969734192,1
112,H1,0.6875,1
113,H1,0.6666666865348816,1
114,H1,0.8461538553237915,1
115,H1,0.7407407164573669,1
116,H1,0.6896551847457886,1
117,H1,0.7777777910232544,1
118,H1,0.7222222089767456,1
119,H1,0.8235294222831726,1
120,H1,0.7777777910232544,1
121,H1,6.250000073038109e-09,1
122,H1,8.333333134658005e-09,1
123,H1,0.3529411852359772,1
124,H1,4.926108410074903e-10,1
125,H1,0.21226415038108826,1
126,H1,0.5379959940910339,1
127,H1,0.8579109311103821,1
128,H1,0.9125081300735474,1
129,H1,0.9562467336654663,1
130,H1,0.9654519557952881,1
131,H1,0.8491879105567932,1
132,H1,0.7173364162445068,1
133,H1,0.5662679076194763,1
134,H1,0.3729838728904724,1
135,H1,0.23680824041366577,1
136,H1,0.12825165688991547,1
137,H1,0.9095607399940491,2
138,H1,0.7838990688323975,3
139,H1,0.9201719760894775,3
140,H1,0.8844291567802429,3
141,H1,0.8603758215904236,3
142,H1,0.8795012831687927,3
143,H1,0.7978348135948181,3
144,H1,0.7993950843811035,3
145,H1,0.6844556927680969,3
146,H1,0.8198213577270508,3
147,H1,0.8338606357574463,3
148,H1,0.8267912864685059,3
149,H1,0.8388131260871887,3
150,H1,0.885932445526123,3
151,H1,0.8843417167663574,3
152,H1,0.872877836227417,3
153,H1,0.8087729811668396,4
154,H1,0.772681474685669,4
155,H1,0.7575653791427612,4
156,H1,0.7799740433692932,6
157,H1,0.8657777309417725,6
158,H1,0.8857722878456116,6
159,H1,0.9007041454315186,6
160,H1,0.9061903357505798,6
161,H1,0.8662283420562744,6
162,H1,0.8795774579048157,6
163,H1,0.8707115054130554,6
164,H1,0.9288151264190674,6
165,H1,0.9100276827812195,6
166,H1,0.9196469783782959,6
167,H1,0.9340183138847351,6
168,H1,0.8674932718276978,7
169,H1,0.9098178148269653,7
170,H1,0.9248248338699341,7
171,H1,0.8760057091712952,7
172,H1,0.9096366167068481,7
173,H1,0.9068029522895813,7
174,H1,0.824492871761322,7
175,H1,0.7290751338005066,8
176,H1,0.7707502841949463,8
177,H1,0.8352544903755188,8
178,H1,0.7820184826850891,9
179,H1,0.7593939304351807,9
180,H1,0.7210028171539307,9
181,H1,0.7151033878326416,8
182,H1,0.7234671115875244,8
183,H1,0.7825698256492615,6
184,H1,0.8190418481826782,5
185,H1,0.8307605981826782,5
186,H1,0.7971213459968567,5
187,H1,0.832769513130188,5
188,H1,0.697449266910553,5
189,H1,0.8089001178741455,4
190,H1,0.7766693830490112,4
191,H1,0.8476786613464355,4
192,H1,0.8180975914001465,4
193,H1,0.8110476732254028,4
194,H1,0.7988818287849426,3
195,H1,0.6387668251991272,3
196,H1,0.952872633934021,2
197,H1,0.9624896049499512,2
198,H1,0.9748638868331909,2
199,H1,0.9774042367935181,2
200,H1,0.9679726362228394,2
201,H1,0.9674168825149536,2
202,H1,0.9768576622009277,2
203,H1,0.9698327779769897,2
204,H1,0.9757840633392334,2
205,H1,0.9646354913711548,2
206,H1,0.9548081159591675,2
207,H1,0.9356377720832825,3
208,H1,0.8930886387825012,3
209,H1,0.8231169581413269,3
210,H1,0.6279294490814209,3
211,H1,0.947250247001648,2
212,H1,0.9541550874710083,2
213,H1,0.9414675831794739,2
214,H1,0.9678690433502197,2
215,H1,0.9236268997192383,2
216,H1,0.9400714039802551,2
217,H1,0.9518524408340454,2
218,H1,0.9390113949775696,2
219,H1,0.9480109214782715,2
220,H1,0.875525712966919,2
221,H1,0.9440174102783203,2
222,H1,0.8663530349731445,2
223,H1,0.6891167163848877,2
224,H1,0.8461538553237915,1
225,H1,0.8029196858406067,1
226,H1,0.8099173307418823,1
227,H1,0.7920792102813721,1
228,H1,0.800000011920929,1
229,H1,0.8543689250946045,1
230,H1,0.7628865838050842,1
231,H1,0.8095238208770752,1
232,H1,0.8095238208770752,1
233,H1,0.9195402264595032,1
234,H1,0.901098906993866,1
235,H1,0.821052610874176,1
236,H1,0.8846153616905212,1
237,H1,0.8727272748947144,1
238,H1,0.8813559412956238,1
239,H1,0.8925619721412659,1
240,H1,0.8500000238418579,1
241,H1,0.20512820780277252,1
242,H1,0.4109589159488678,1
243,H1,0.5306122303009033,1
244,H1,0.5984848737716675,1
245,H1,0.6447140574455261,1
246,H1,0.7030497789382935,1
247,H1,0.6731707453727722,1
248,H1,0.7612359523773193,1
249,H1,0.800000011920929,1
250,H1,0.8302354216575623,1
251,H1,0.8349056839942932,1
252,H1,0.9074074029922485,1
253,H1,0.9370229244232178,1
254,H1,0.9710550904273987,1
255,H1,0.9355742335319519,1
256,H1,0.9723849296569824,1
257,H1,0.9749608635902405,1
258,H1,0.975683867931366,1
259,H1,0.9485458731651306,1
260,H1,0.9685534834861755,1
261,H1,0.9749009013175964,1
262,H1,0.9798831939697266,1
263,H1,0.9686900973320007,1
264,H1,0.9503885507583618,1
265,H1,0.9588406085968018,1
266,H1,0.9652025103569031,1
267,H1,0.9267759323120117,1
268,H1,0.9193967580795288,1
269,H1,0.9813134074211121,1
270,H1,0.9826040863990784,1
271,H1,0.969854474067688,1
272,H1,0.9680275321006775,1
273,H1,0.9747327566146851,1
274,H1,0.9740384817123413,1
275,H1,0.9750240445137024,1
276,H1,0.9648622870445251,1
277,H1,0.9781090021133423,1
278,H1,0.9768518805503845,1
279,H1,0.9766162037849426,1
280,H1,0.954988420009613,1
281,H1,0.9407832026481628,1
282,H1,0.9263984560966492,1
283,H1,0.9773463010787964,1
284,H1,0.9290259480476379,1
285,H1,0.9211700558662415,1
286,H1,0.9212481379508972,1
287,H1,0.8871873617172241,1
288,H1,0.8100489974021912,1
289,H1,0.8269104957580566,1
290,H1,0.8095537424087524,1
291,H1,0.743628203868866,1
292,H1,0.2681426703929901,1
293,H1,1.5797788077698272e-10,1
294,H1,2.1008403350286642e-10,1
295,H1,1.9685039709393948e-10,1
296,H1,2.8571428556389833e-10,1
297,H1,8.064516276995448e-10,1
298,H1,1.1494253326915782e-09,1
299,H1,2.5641024858913397e-09,1
300,H1,7.142857416653214e-09,1
301,H1,5.882352827057957e-09,1
302,H1,4.347826099149188e-09,1
303,H1,2.0833332836645013e-09,1
304,H1,3.269230663960343e-09,2
305,H1,0.07500000298023224,2
306,H1,1.1396011911912751e-09,2
307,H1,7.057597839477125e-10,2
308,H1,0.0607476644217968,2
309,H1,5.228705246551613e-10,2
310,H1,0.07236524671316147,2
311,H1,0.6134303212165833,3
312,H1,0.6952700614929199,3
313,H1,0.5426085591316223,3
314,H1,0.6653980016708374,3
315,H1,0.7797009348869324,3
316,H1,0.5753859877586365,3
317,H1,0.5861431360244751,3
318,H1,0.6946305632591248,3
319,H1,0.6870325207710266,4
320,H1,0.6672929525375366,4
321,H1,0.6282772421836853,4
322,H1,0.5584903359413147,4
323,H1,0.509746253490448,4
324,H1,0.550662100315094,4
325,H1,0.5114249587059021,4
326,H1,0.4732741415500641,4
327,H1,0.46843981742858887,4
328,H1,0.4585959315299988,4
329,H1,0.6011766195297241,4
330,H1,0.754237949848175,4
331,H1,0.7596133351325989,4
332,H1,0.726032555103302,4
333,H1,0.7535776495933533,4
334,H1,0.8398814797401428,4
335,H1,0.8375455141067505,4
336,H1,0.8056754469871521,4
337,H1,0.7910169363021851,4
338,H1,0.7690752744674683,4
339,H1,0.7309117317199707,4
340,H1,0.7955219745635986,4
341,H1,0.7309634685516357,4
342,H1,0.727161169052124,4
343,H1,0.7346605062484741,4
344,H1,0.8079205751419067,4
345,H1,0.7976892590522766,4
346,H1,0.8250892162322998,4
347,H1,0.7051724195480347,5
348,H1,0.8441457748413086,5
349,H1,0.8842565417289734,5
350,H1,0.8511146306991577,5
351,H1,0.8963096737861633,5
352,H1,0.9014261960983276,5
353,H1,0.8868907690048218,5
354,H1,0.846516489982605,5
355,H1,0.7278611063957214,6
356,H1,0.9163772463798523,6
357,H1,0.86466383934021,6
358,H1,0.7344799041748047,6
359,H1,0.897526741027832,6
360,H1,0.9133340716362,6
361,H1,0.9062327742576599,6
362,H1,0.8925919532775879,6
363,H1,0.9120268821716309,6
364,H1,0.9171472191810608,6
365,H1,0.9001739621162415,6
366,H1,0.8555490374565125,6
367,H1,0.8837416768074036,6
368,H1,0.895462691783905,6
369,H1,0.8549142479896545,6
370,H1,0.7932347059249878,7
371,H1,0.8297646641731262,7
372,H1,0.8759990334510803,7
373,H1,0.8315829634666443,7
374,H1,0.7400203347206116,7
375,H1,0.8000217080116272,7
376,H1,0.8245589137077332,7
377,H1,0.8123591542243958,6
378,H1,0.7816548347473145,6
379,H1,0.6600131988525391,7
380,H1,0.6479810476303101,8
381,H1,0.5067884922027588,8
382,H1,0.49552565813064575,8
383,H1,0.6667723059654236,6
384,H1,0.6715037226676941,6
385,H1,0.7177804112434387,6
386,H1,0.6079931855201721,6
387,H1,0.8903420567512512,4
388,H1,0.894411563873291,4
389,H1,0.7408874034881592,4
390,H1,0.9248785972595215,3
391,H1,0.939386785030365,3
392,H1,0.9467326998710632,3
393,H1,0.9341554641723633,3
394,H1,0.9498853087425232,3
395,H1,0.9611509442329407,3
396,H1,0.9676404595375061,3
397,H1,0.9464830756187439,3
398,H1,0.9498636722564697,3
399,H1,0.9536841511726379,3
400,H1,0.9636208415031433,3
401,H1,0.9572402834892273,3
402,H1,0.9495181441307068,3
403,H1,0.9560967087745667,3
404,H1,0.9640195369720459,3
405,H1,0.952454149723053,3
406,H1,0.9553351402282715,3
407,H1,0.8309964537620544,4
408,H1,0.8361942172050476,4
409,H1,0.8307660818099976,4
410,H1,0.8233447670936584,4
411,H1,0.9272513389587402,4
412,H1,0.9513838887214661,4
413,H1,0.9482446908950806,4
414,H1,0.9381331205368042,4
415,H1,0.9337396025657654,4
416,H1,0.9542452096939087,4
417,H1,0.9548341035842896,4
418,H1,0.9264097809791565,4
419,H1,0.9388196468353271,4
420,H1,0.9595116376876831,4
421,H1,0.9542575478553772,4
422,H1,0.9134061336517334,4
423,H1,0.9490402936935425,4
424,H1,0.9432318210601807,4
425,H1,0.9252597689628601,4
426,H1,0.891865074634552,4
427,H1,0.8757325410842896,4
428,H1,0.9345735311508179,4
429,H1,0.9327418208122253,4
430,H1,0.8088681101799011,4
431,H1,0.7434444427490234,3
432,H1,0.7328510284423828,3
433,H1,0.8853342533111572,2
434,H1,0.8513529300689697,2
435,H1,0.922160267829895,2
436,H1,0.9286724328994751,2
437,H1,0.8932656049728394,2
438,H1,0.817305862903595,2
439,H1,0.8162986040115356,2
440,H1,0.8245898485183716,2
441,H1,0.8188912868499756,2
442,H1,0.7603644132614136,2
443,H1,0.6904761791229248,1
444,H1,0.6410256624221802,1
445,H1,0.5277777910232544,1
446,H1,0.4057970941066742,1
447,H1,0.4545454680919647,1
448,H1,0.52173912525177,1
449,H1,0.4888888895511627,1
450,H1,0.3913043439388275,1
451,H1,0.4615384638309479,1
452,H1,3.7037037881049173e-09,1
453,H1,0.41025641560554504,1
454,H1,0.2666666805744171,1
455,H1,0.125,1
456,H1,0.06896551698446274,1
457,H1,0.05714285746216774,1
458,H1,0.3333333432674408,1
459,H1,0.2380952388048172,1
460,H1,0.3333333432674408,1
461,H1,0.2800000011920929,1
462,H1,0.20408163964748383,1
463,H1,0.14814814925193787,1
464,H1,0.0833333358168602,1
465,H1,3.333333387089965e-09,1
466,H1,0.6212121248245239,1
467,H1,0.8856304883956909,1
468,H1,0.9263913631439209,1
469,H1,0.9218543171882629,1
470,H1,0.9423247575759888,1
471,H1,0.9526938199996948,1
472,H1,0.9477735161781311,1
473,H1,0.9438310265541077,1
474,H1,0.9218668341636658,1
475,H1,0.8158024549484253,1
476,H1,0.7797040343284607,1
477,H1,0.747858464717865,1
478,H1,0.7165420055389404,1
479,H1,0.5235267281532288,1
480,H1,0.36474165320396423,1
481,H1,0.08655126392841339,1
482,H1,7.763975573560344e-11,1
483,H1,7.627765086226646e-11,1
484,H1,0.0058038304559886456,1
485,H1,0.11540822684764862,1
486,H1,5.555555460112771e-10,1
487,H1,0.3762376308441162,1
488,H1,0.6565349698066711,1
489,H1,0.6335403919219971,1
490,H1,0.7917619943618774,1
491,H1,0.887417197227478,1
492,H1,0.4102189838886261,2
493,H1,0.39594218134880066,2
494,H1,0.6211352944374084,3
495,H1,0.6904511451721191,3
496,H1,0.750741720199585,3
497,H1,0.7421493530273438,3
498,H1,0.7551314234733582,3
499,H1,0.7463586330413818,3
500,H1,0.790093183517456,3
501,H1,0.9321340918540955,3
502,H1,0.9184666275978088,3
503,H1,0.9704487919807434,3
504,H1,0.9147329330444336,3
505,H1,0.9562602043151855,3
506,H1,0.9596814513206482,3
507,H1,0.9525664448738098,3
508,H1,0.6356157064437866,5
509,H1,0.7120473384857178,5
510,H1,0.6750757098197937,6
511,H1,0.6689517498016357,6
512,H1,0.6689460873603821,6
513,H1,0.7522530555725098,6
514,H1,0.6696322560310364,7
515,H1,0.7715134024620056,7
516,H1,0.7168030142784119,7
517,H1,0.7512429356575012,7
518,H1,0.7618817687034607,7
519,H1,0.834023654460907,7
520,H1,0.9061869382858276,7
521,H1,0.8883760571479797,7
522,H1,0.900678277015686,7
523,H1,0.9487937092781067,7
524,H1,0.8992369174957275,8
525,H1,0.9198506474494934,9
526,H1,0.8419822454452515,9
527,H1,0.8464882969856262,9
528,H1,0.8698529005050659,9
529,H1,0.8782808780670166,9
530,H1,0.909623384475708,9
531,H1,0.9188331961631775,9
532,H1,0.8905813694000244,9
533,H1,0.9047321677207947,9
534,H1,0.8872113227844238,9
535,H1,0.8772821426391602,10
536,H1,0.8269834518432617,10
537,H1,0.8954244256019592,9
538,H1,0.9106335043907166,9
539,H1,0.8830974102020264,8
540,H1,0.9265909194946289,8
541,H1,0.9023953676223755,8
542,H1,0.8667744398117065,8
543,H1,0.8942443132400513,7
544,H1,0.8865911364555359,5
545,H1,0.9067901968955994,4
546,H1,0.9147852063179016,4
547,H1,0.9781734347343445,3
548,H1,0.9839689135551453,3
549,H1,0.9772396087646484,3
550,H1,0.9790622591972351,3
551,H1,0.9774861931800842,3
552,H1,0.9689615368843079,3
553,H1,0.9776942133903503,3
554,H1,0.9757404327392578,3
555,H1,0.9424086809158325,4
556,H1,0.9635213613510132,4
557,H1,0.9396238923072815,4
558,H1,0.9528146386146545,4
559,H1,0.9501343965530396,4
560,H1,0.9550909996032715,4
561,H1,0.9534937143325806,4
562,H1,0.9480593204498291,4
563,H1,0.9722956418991089,4
564,H1,0.9614325761795044,4
565,H1,0.9602088332176208,4
566,H1,0.9638793468475342,4
567,H1,0.9215283989906311,4
568,H1,0.9237937927246094,4
569,H1,0.8347538709640503,4
570,H1,0.8678972125053406,3
571,H1,0.8919665813446045,3
572,H1,0.9081251621246338,2
573,H1,0.9181880354881287,2
574,H1,0.9116519689559937,2
575,H1,0.9302705526351929,2
576,H1,0.8904109597206116,2
577,H1,0.9168339371681213,2
578,H1,0.8049420118331909,2
579,H1,0.875,1
580,H1,0.9259259104728699,1
581,H1,0.9090909361839294,1
582,H1,0.9599999785423279,1
583,H1,0.9791666865348816,1
584,H1,0.8958333134651184,1
585,H1,0.9484536051750183,1
586,H1,0.918367326259613,1
587,H1,0.9534883499145508,1
588,H1,0.898876428604126,1
589,H1,0.8791208863258362,1
590,H1,0.7674418687820435,1
591,H1,0.8048780560493469,1
592,H1,0.75,1
593,H1,0.8405796885490417,1
594,H1,0.9090909361839294,1
595,H1,0.8253968358039856,1
596,H1,0.7301587462425232,1
597,H1,0.774193525314331,1
598,H1,0.761904776096344,1
599,H1,0.8421052694320679,1
600,H1,0.761904776096344,1
601,H1,0.7272727489471436,1
602,H1,0.7076923251152039,1
603,H1,0.6969696879386902,1
604,H1,0.7301587462425232,1
605,H1,0.7777777910232544,1
606,H1,0.7272727489471436,1
607,H1,0.9210526347160339,1
608,H1,0.8947368264198303,1
609,H1,0.7469879388809204,1
610,H1,0.901098906993866,1
611,H1,0.8888888955116272,1
612,H1,0.8571428656578064,1
613,H1,0.9059829115867615,1
614,H1,0.7969924807548523,1
615,H1,0.8260869383811951,1
616,H1,0.8148148059844971,1
617,H1,0.694915235042572,1
618,H1,0.7809523940086365,1
619,H1,0.7848101258277893,1
620,H1,0.4109589159488678,1
621,H1,0.1818181872367859,1
622,H1,0.18518517911434174,1
623,H1,0.09302325546741486,1
624,H1,0.3888888955116272,1
625,H1,2.5641024858913397e-09,1
626,H1,2.2222221840451084e-09,1
627,H1,0.30188679695129395,1
628,H1,0.21686747670173645,1
629,H1,0.5074626803398132,1
630,H1,0.65625,1
631,H1,0.7714285850524902,1
632,H1,0.6769230961799622,1
633,H1,0.6984127163887024,1
634,H1,0.53125,1
635,H1,0.782608687877655,1
636,H1,0.7941176295280457,1
637,H1,0.6829268336296082,1
638,H1,0.5753424763679504,1
639,H1,0.5846154093742371,1
640,H1,0.6575342416763306,1
641,H1,0.7076923251152039,1
642,H1,0.7222222089767456,1
643,H1,0.7123287916183472,1
644,H1,0.6478873491287231,1
645,H1,0.75,1
646,H1,0.7213114500045776,1
647,H1,0.7027027010917664,1
648,H1,0.7164179086685181,1
649,H1,0.6197183132171631,1
650,H1,0.7567567825317383,1
651,H1,0.7532467246055603,1
652,H1,0.8607594966888428,1
653,H1,0.8764045238494873,1
654,H1,0.84112149477005,1
655,H1,0.7037037014961243,1
656,H1,0.747474730014801,1
657,H1,0.8545454740524292,1
658,H1,0.8387096524238586,1
659,H1,0.8872180581092834,1
660,H1,0.8067227005958557,1
661,H1,0.7519999742507935,1
662,H1,0.7246376872062683,1
663,H1,0.8429751992225647,1
664,H1,0.8888888955116272,1
665,H1,0.7931034564971924,1
666,H1,0.6837607026100159,1
667,H1,0.6769230961799622,1
668,H1,0.84112149477005,1
669,H1,0.8118811845779419,1
670,H1,0.8604651093482971,1
671,H1,0.800000011920929,1
672,H1,0.8048780560493469,1
673,H1,0.75,1
674,H1,0.6601941585540771,1
675,H1,0.4166666567325592,1
676,H1,0.5790884494781494,1
677,H1,0.8824020028114319,1
678,H1,0.9424183964729309,1
679,H1,0.9694758057594299,1
680,H1,0.9848355054855347,1
681,H1,0.9857456088066101,1
682,H1,0.9858585596084595,1
683,H1,0.983953595161438,1
684,H1,0.9861496090888977,1
685,H1,0.9389920234680176,1
686,H1,0.5680473446846008,1
687,H1,0.9800000190734863,1
688,H1,0.9577465057373047,1
689,H1,0.9718875288963318,1
690,H1,0.9710806608200073,1
691,H1,0.850728452205658,2
692,H1,0.8934650421142578,2
693,H1,0.7887357473373413,4
694,H1,0.9131064414978027,4
695,H1,0.9229591488838196,4
696,H1,0.8337246179580688,5
697,H1,0.8785322308540344,5
698,H1,0.8223403692245483,5
699,H1,0.8495513200759888,5
700,H1,0.8129544258117676,6
701,H1,0.8191326260566711,6
702,H1,0.8341975212097168,7
703,H1,0.878773033618927,7
704,H1,0.8451752066612244,8
705,H1,0.8736333847045898,10
706,H1,0.82196444272995,10
707,H1,0.7681191563606262,9
708,H1,0.8039354085922241,7
709,H1,0.7766587138175964,6
710,H1,0.8216075897216797,4
711,H1,0.9493679404258728,3
712,H1,0.961905300617218,3
713,H1,0.9640539288520813,3
714,H1,0.9597823023796082,3
715,H1,0.957434356212616,3
716,H1,0.9245681166648865,4
717,H1,0.8922551870346069,4
718,H1,0.9102063775062561,3
719,H1,0.8936163783073425,3
720,H1,0.8398547172546387,3
721,H1,0.8840744495391846,2
722,H1,0.8064893484115601,2
723,H1,0.7083597779273987,2
724,H1,0.7643383741378784,2
725,H1,0.4480000138282776,1
726,H1,0.5285714268684387,1
727,H1,0.6393861770629883,1
728,H1,0.895960807800293,1
729,H1,0.7058823704719543,1
730,H1,0.9235364198684692,1
731,H1,0.9294809103012085,1
732,H1,0.809026300907135,1
733,H1,0.9445894956588745,1
734,H1,0.8779569864273071,1
735,H1,0.9679964780807495,1
736,H1,0.9463722109794617,1
737,H1,0.9035878777503967,1
738,H1,0.9520388245582581,1
739,H1,0.940258800983429,1
740,H1,0.968933641910553,1
741,H1,0.9742727279663086,1
742,H1,0.9608920216560364,1
743,H1,0.9732793569564819,1
744,H1,0.9731314182281494,1
745,H1,0.972611665725708,1
746,H1,0.9719749689102173,1
747,H1,0.9713338613510132,1
748,H1,0.9552845358848572,1
749,H1,0.9712192416191101,1
750,H1,0.9451954960823059,1
751,H1,0.9615598917007446,1
752,H1,0.9642453789710999,1
753,H1,0.9134948253631592,1
754,H1,0.94491046667099,1
755,H1,0.8690251111984253,1
756,H1,0.901231050491333,1
757,H1,0.9120102524757385,1
758,H1,0.9296562671661377,1
759,H1,0.8258575201034546,1
760,H1,0.9228958487510681,1
761,H1,0.866328239440918,1
762,H1,0.7415730357170105,1
763,H1,1.2987013686682758e-09,1
764,H1,1.4925373159613287e-09,1
765,H1,6.802721164156367e-10,1
766,H1,3.0581040477706267e-10,1
767,H1,2.747252703105829e-10,1
768,H1,0.15535509586334229,2
769,H1,0.33337080478668213,2
770,H1,0.16129031777381897,2
771,H1,0.4650089740753174,3
772,H1,0.5566349625587463,3
773,H1,0.5197581052780151,3
774,H1,0.5564196705818176,3
775,H1,0.5219777226448059,3
776,H1,0.5059741735458374,3
777,H1,0.5110504627227783,3
778,H1,0.5123851895332336,3
779,H1,0.4980299174785614,3
780,H1,0.5126463770866394,3
781,H1,0.5096136927604675,3
782,H1,0.6459697484970093,4
783,H1,0.7176328897476196,5
784,H1,0.6577506065368652,6
785,H1,0.6320729851722717,6
786,H1,0.6574186682701111,6
787,H1,0.6925762295722961,6
788,H1,0.7509681582450867,6
789,H1,0.7842941284179688,6
790,H1,0.7692026495933533,6
791,H1,0.7480565905570984,6
792,H1,0.810650646686554,6
793,H1,0.7588830590248108,6
794,H1,0.7511866688728333,6
795,H1,0.8003859519958496,6
796,H1,0.756676197052002,6
797,H1,0.7232511043548584,6
798,H1,0.7198454737663269,6
799,H1,0.7285559773445129,6
800,H1,0.7287304997444153,6
801,H1,0.7459011077880859,6
802,H1,0.7293160557746887,6
803,H1,0.6965870261192322,6
804,H1,0.6192741394042969,7
805,H1,0.6607531905174255,7
806,H1,0.6281882524490356,7
807,H1,0.6869892477989197,7
808,H1,0.6942070126533508,7
809,H1,0.6997451782226562,7
810,H1,0.7154684066772461,7
811,H1,0.7140916585922241,8
812,H1,0.7610487937927246,8
813,H1,0.768885612487793,8
814,H1,0.7590665817260742,8
815,H1,0.7801996469497681,9
816,H1,0.7819378972053528,9
817,H1,0.7817415595054626,10
818,H1,0.7381289005279541,10
819,H1,0.7157689332962036,10
820,H1,0.6582256555557251,10
821,H1,0.6407917737960815,10
822,H1,0.624654233455658,9
823,H1,0.8369960784912109,8
824,H1,0.7657902836799622,7
825,H1,0.7887369990348816,7
826,H1,0.8840052485466003,6
827,H1,0.7949785590171814,5
828,H1,0.8544785380363464,5
829,H1,0.9343211650848389,4
830,H1,0.955769956111908,3
831,H1,0.9552831053733826,3
832,H1,0.9586357474327087,3
833,H1,0.9640145301818848,3
834,H1,0.9509896636009216,3
835,H1,0.9589274525642395,3
836,H1,0.9455142021179199,3
837,H1,0.8353970050811768,4
838,H1,0.887472927570343,4
839,H1,0.9093819856643677,4
840,H1,0.8980786204338074,4
841,H1,0.934293806552887,4
842,H1,0.8624894618988037,4
843,H1,0.8693928718566895,4
844,H1,0.8773667812347412,4
845,H1,0.897418737411499,4
846,H1,0.8982599377632141,3
847,H1,0.819567859172821,3
848,H1,0.925621747970581,2
849,H1,0.935104250907898,2
850,H1,0.9482256174087524,2
851,H1,0.8949875831604004,2
852,H1,0.9158356189727783,2
853,H1,0.9500521421432495,2
854,H1,0.8983900547027588,2
855,H1,0.9401153326034546,2
856,H1,0.9387478828430176,2
857,H1,0.9558067321777344,2
858,H1,0.9727646112442017,2
859,H1,0.9484587907791138,2
860,H1,0.9636760950088501,2
861,H1,0.9466034770011902,2
862,H1,0.9207113981246948,2
863,H1,0.9575005769729614,2
864,H1,0.8885610699653625,2
865,H1,0.9290025234222412,2
866,H1,0.8841681480407715,2
867,H1,0.8166666626930237,1
868,H1,0.931034505367279,1
869,H1,0.75,1
870,H1,0.8247422575950623,1
871,H1,0.901098906993866,1
872,H1,0.7948718070983887,1
873,H1,0.8648648858070374,1
874,H1,0.7368420958518982,1
875,H1,0.8518518805503845,1
876,H1,0.8363636136054993,1
877,H1,0.949935793876648,1
878,H1,0.9843184351921082,1
879,H1,0.9887640476226807,1
880,H1,0.9856418967247009,1
881,H1,0.9887640476226807,1
882,H1,0.9876430034637451,1
883,H1,0.9727723002433777,1
884,H1,0.8753462433815002,1
885,H1,0.9642857313156128,1
886,H1,0.9846153855323792,1
887,H1,0.98525071144104,1
888,H1,0.9662562608718872,2
889,H1,0.8413040041923523,3
890,H1,0.7818431258201599,3
891,H1,0.931232750415802,3
892,H1,0.9559028744697571,3
893,H1,0.960664689540863,3
894,H1,0.8999691009521484,3
895,H1,0.7424625158309937,5
896,H1,0.9026196599006653,5
897,H1,0.8939133882522583,5
898,H1,0.8652356266975403,5
899,H1,0.7807220816612244,6
900,H1,0.8401339650154114,7
901,H1,0.8765063285827637,8
902,H1,0.7775906920433044,10
903,H1,0.7961102724075317,10
904,H1,0.8582097291946411,10
905,H1,0.8383840322494507,10
906,H1,0.7539659738540649,7
907,H1,0.6145119667053223,6
908,H1,0.5081250071525574,5
909,H1,0.7624695897102356,3
910,H1,0.8980663418769836,3
911,H1,0.9062061905860901,4
912,H1,0.961245059967041,4
913,H1,0.96612548828125,4
914,H1,0.971054196357727,4
915,H1,0.97887122631073,4
916,H1,0.9016391634941101,4
917,H1,0.9421043395996094,2
918,H1,0.9469177722930908,2
919,H1,0.9378274083137512,2
920,H1,0.9598414301872253,2
921,H1,0.8714604377746582,2
922,H1,0.8888888955116272,1
923,H1,0.6896551847457886,1
924,H1,0.7906976938247681,1
925,H1,0.5,1
926,H1,0.529411792755127,1
927,H1,0.7931034564971924,1
928,H1,0.7590027451515198,1
929,H1,0.7870370149612427,1
930,H1,0.23052959144115448,1
931,H1,0.7235954999923706,1
932,H1,0.7780821919441223,1
933,H1,0.8730158805847168,1
934,H1,0.8349514603614807,1
935,H1,0.6094276309013367,2
936,H1,0.8378615379333496,3
937,H1,0.939065158367157,3
938,H1,0.9417030215263367,3
939,H1,0.9479245543479919,3
940,H1,0.8794910311698914,4
941,H1,0.8258650302886963,4
942,H1,0.8748796582221985,4
943,H1,0.9086048603057861,4
944,H1,0.8617107272148132,4
945,H1,0.8370892405509949,5
946,H1,0.9056248664855957,6
947,H1,0.9010090231895447,7
948,H1,0.8892664313316345,9
949,H1,0.8944227695465088,9
950,H1,0.9226799011230469,9
951,H1,0.9218893051147461,9
952,H1,0.90453040599823,10
953,H1,0.868254542350769,10
954,H1,0.8481995463371277,8
955,H1,0.8716975450515747,7
956,H1,0.8600234985351562,4
957,H1,0.9713268280029297,3
958,H1,0.9582433700561523,3
959,H1,0.9372202754020691,3
960,H1,0.9240697026252747,3
961,H1,0.841785192489624,4
962,H1,0.8563146591186523,4
963,H1,0.7998867630958557,3
964,H1,0.9247101545333862,2
965,H1,0.904161810874939,2
966,H1,0.9310516119003296,2
967,H1,0.8627451062202454,1
968,H1,0.8717948794364929,1
969,H1,0.8292682766914368,1
970,H1,0.9333333373069763,1
971,H1,0.8500000238418579,1
972,H1,0.8936170339584351,1
973,H1,0.875,1
974,H1,0.8571428656578064,1
975,H1,0.8292682766914368,1
976,H1,0.8095238208770752,1
977,H1,0.6363636255264282,1
978,H1,0.7407407164573669,1
979,H1,0.7428571581840515,1
980,H1,0.6111111044883728,1
981,H1,0.6818181872367859,1
982,H1,0.42105263471603394,1
983,H1,0.6181818246841431,1
984,H1,0.5416666865348816,1
985,H1,0.8235294222831726,1
986,H1,0.8510638475418091,1
987,H1,0.8888888955116272,1
988,H1,0.739130437374115,1
989,H1,0.4444444477558136,1
990,H1,0.32258063554763794,1
991,H1,0.25806450843811035,1
992,H1,0.5116279125213623,1
993,H1,3.030303119544442e-09,1
994,H1,0.05263157933950424,1
995,H1,0.41860464215278625,1
996,H1,0.47826087474823,1
997,H1,0.3870967626571655,1
998,H1,0.6829268336296082,1
999,H1,0.8695651888847351,1
1000,H1,0.7555555701255798,1
1001,H1,0.7777777910232544,1
1002,H1,0.702521026134491,1
1003,H1,0.9810526371002197,1
1004,H1,0.9255874752998352,1
1005,H1,0.8752228021621704,1
1006,H1,0.14754098653793335,1
1007,H1,0.27586206793785095,1
1008,H1,0.43113771080970764,2
1009,H1,0.4408552646636963,3
1010,H1,0.5610925555229187,3
1011,H1,0.6505124568939209,3
1012,H1,0.6473321914672852,3
1013,H1,0.6433444023132324,3
1014,H1,0.8382728695869446,3
1015,H1,0.9108323454856873,3
1016,H1,0.8342241048812866,4
1017,H1,0.827511191368103,4
1018,H1,0.8068352937698364,4
1019,H1,0.8218833804130554,5
1020,H1,0.8162703514099121,5
1021,H1,0.8903899192810059,5
1022,H1,0.7952699661254883,6
1023,H1,0.687805712223053,7
1024,H1,0.6467961668968201,7
1025,H1,0.650810956954956,8
1026,H1,0.6977116465568542,8
1027,H1,0.7204307317733765,9
1028,H1,0.7827547788619995,8
1029,H1,0.6495891213417053,7
1030,H1,0.7063280344009399,7
1031,H1,0.7542337775230408,7
1032,H1,0.7429061532020569,7
1033,H1,0.6851868629455566,5
1034,H1,0.8173144459724426,3
1035,H1,0.855204164981842,3
1036,H1,0.9068276882171631,3
1037,H1,0.849987804889679,3
1038,H1,0.9299038052558899,4
1039,H1,0.8152462840080261,4
1040,H1,0.7324411273002625,4
1041,H1,0.9558307528495789,3
1042,H1,0.954122006893158,3
1043,H1,0.9410052299499512,3
1044,H1,0.9629902243614197,3
1045,H1,0.8831003308296204,3
1046,H1,0.938360869884491,2
1047,H1,0.9298998117446899,2
1048,H1,0.9230262637138367,2
1049,H1,0.8699324131011963,2
1050,H1,0.9090909361839294,1
1051,H1,0.8196721076965332,1
1052,H1,0.8799999952316284,1
1053,H1,0.800000011920929,1
1054,H1,0.6909090876579285,1
1055,H1,0.7037037014961243,1
1056,H1,0.6666666865348816,1
1057,H1,0.7368420958518982,1
1058,H1,0.9601770043373108,1
1059,H1,0.9857549667358398,1
1060,H1,0.9879781603813171,1
1061,H1,0.9886578321456909,1
1062,H1,0.9865509867668152,1
1063,H1,0.9902748465538025,1
1064,H1,0.9878048896789551,1
1065,H1,0.9920746088027954,1
1066,H1,0.9853402972221375,1
1067,H1,0.9842668175697327,1
1068,H1,0.9780033826828003,1
1069,H1,0.9570747017860413,1
1070,H1,0.7352941036224365,1
1071,H1,0.9105691313743591,1
1072,H1,0.9442856907844543,2
1073,H1,0.8103211522102356,3
1074,H1,0.7163243293762207,4
1075,H1,0.8875308036804199,4
1076,H1,0.9493571519851685,4
1077,H1,0.9508373141288757,5
1078,H1,0.9498850703239441,5
1079,H1,0.9333589673042297,5
1080,H1,0.8843645453453064,6
1081,H1,0.9350977540016174,6
1082,H1,0.9406231045722961,6
1083,H1,0.9117992520332336,6
1084,H1,0.9321255683898926,6
1085,H1,0.9404082894325256,6
1086,H1,0.9393659234046936,6
1087,H1,0.8122904300689697,9
1088,H1,0.8869040608406067,9
1089,H1,0.8350462913513184,10
1090,H1,0.8692637085914612,9
1091,H1,0.8744072914123535,8
1092,H1,0.7710722088813782,8
1093,H1,0.7952554225921631,8
1094,H1,0.7263625860214233,4
1095,H1,0.9576187133789062,3
1096,H1,0.9733028411865234,3
1097,H1,0.981182873249054,3
1098,H1,0.9784380793571472,3
1099,H1,0.9408330321311951,3
1100,H1,0.8743396997451782,4
1101,H1,0.9462462663650513,4
1102,H1,0.9206396341323853,4
1103,H1,0.8871461153030396,4
1104,H1,0.9518873691558838,2
1105,H1,0.950474739074707,2
1106,H1,0.9039798974990845,2
1107,H1,0.5177111625671387,1
1108,H1,0.9225512742996216,1
1109,H1,0.8703527450561523,1
1110,H1,0.9438642263412476,1
1111,H1,0.9219129681587219,1
1112,H1,0.8790095448493958,1
1113,H1,0.7677165269851685,1
1114,H1,0.7681159377098083,1
1115,H1,0.9099756479263306,1
1116,H1,0.9652406573295593,1
1117,H1,0.9548133611679077,1
1118,H1,0.9599371552467346,1
1119,H1,0.9677779674530029,2
1120,H1,0.9663125872612,2
1121,H1,0.8239665031433105,4
1122,H1,0.8902791738510132,5
1123,H1,0.8618173003196716,6
1124,H1,0.9120891094207764,6
1125,H1,0.8880813717842102,6
1126,H1,0.8543375730514526,7
1127,H1,0.9000225067138672,7
1128,H1,0.9099457263946533,8
1129,H1,0.8985127210617065,8
1130,H1,0.8960068821907043,8
1131,H1,0.9126347899436951,8
1132,H1,0.8793513774871826,8
1133,H1,0.850201427936554,8
1134,H1,0.8613049983978271,8
1135,H1,0.8780823349952698,8
1136,H1,0.9285562634468079,7
1137,H1,0.9019252061843872,7
1138,H1,0.7697794437408447,8
1139,H1,0.878218948841095,6
1140,H1,0.8795844912528992,5
1141,H1,0.9558162093162537,3
1142,H1,0.9682708382606506,3
1143,H1,0.9592609405517578,3
1144,H1,0.9323575496673584,3
1145,H1,0.9647302627563477,3
1146,H1,0.8943185210227966,3
1147,H1,0.7057812809944153,4
1148,H1,0.8164008259773254,3
1149,H1,0.9149942994117737,2
1150,H1,0.8935110569000244,2
1151,H1,0.8697684407234192,2
1152,H1,0.9014084339141846,1
1153,H1,0.8999999761581421,1
1154,H1,0.9090909361839294,1
1155,H1,0.9176470637321472,1
1156,H1,0.8911290168762207,1
1157,H1,0.9434464573860168,1
1158,H1,0.9144654273986816,1
1159,H1,0.8817891478538513,1
1160,H1,0.8009478449821472,1
1161,H1,0.29914531111717224,1
1162,H1,0.5633803009986877,1
1163,H1,0.696319043636322,1
1164,H1,0.801308274269104,2
1165,H1,0.5955082774162292,5
1166,H1,0.7793068289756775,6
1167,H1,0.8352686762809753,6
1168,H1,0.7584262490272522,6
1169,H1,0.890786349773407,6
1170,H1,0.8670102953910828,6
1171,H1,0.7467619776725769,7
1172,H1,0.7355841398239136,7
1173,H1,0.7576490044593811,7
1174,H1,0.7712418437004089,7
1175,H1,0.7927418351173401,7
1176,H1,0.7449074983596802,7
1177,H1,0.5853796601295471,8
1178,H1,0.6369233727455139,6
1179,H1,0.740858793258667,6
1180,H1,0.8523146510124207,8
1181,H1,0.8426563739776611,8
1182,H1,0.8117360472679138,8
1183,H1,0.718255341053009,7
1184,H1,0.8182999491691589,6
1185,H1,0.9343028664588928,4
1186,H1,0.9115804433822632,4
1187,H1,0.8570037484169006,4
1188,H1,0.8556391000747681,4
1189,H1,0.8945292234420776,2
1190,H1,0.864766001701355,2
1191,H1,0.9090909361839294,1
1192,H1,0.8823529481887817,1
1193,H1,0.9038461446762085,1
1194,H1,0.8039215803146362,1
1195,H1,0.8636363744735718,1
1196,H1,0.8602150678634644,1
1197,H1,0.48988765478134155,1
1198,H1,0.9016393423080444,1
1199,H1,0.719298243522644,1
1200,H1,0.7533556818962097,1
1201,H1,0.730088472366333,1
1202,H1,0.5654649138450623,1
1203,H1,0.5567659139633179,2
1204,H1,0.5500521063804626,4
1205,H1,0.7571581602096558,4
1206,H1,0.8611324429512024,4
1207,H1,0.5715017318725586,6
1208,H1,0.595235288143158,7
1209,H1,0.5250290632247925,7
1210,H1,0.5789756178855896,7
1211,H1,0.5649828910827637,7
1212,H1,0.6219136118888855,7
1213,H1,0.6627398133277893,7
1214,H1,0.6904765963554382,7
1215,H1,0.6853600740432739,7
1216,H1,0.7106180191040039,7
1217,H1,0.6921747922897339,7
1218,H1,0.6853922605514526,8
1219,H1,0.8201418519020081,7
1220,H1,0.82884281873703,7
1221,H1,0.8185829520225525,7
1222,H1,0.7714559435844421,7
1223,H1,0.7393097281455994,7
1224,H1,0.8570215106010437,5
1225,H1,0.7775807976722717,5
1226,H1,0.8178901672363281,4
1227,H1,0.9383562207221985,3
1228,H1,0.9336660504341125,3
1229,H1,0.9082305431365967,4
1230,H1,0.8787434101104736,4
1231,H1,0.84159916639328,2
1232,H1,0.8359479904174805,2
1233,H1,0.7647783160209656,2
1234,H1,0.7123287916183472,1
1235,H1,0.5514018535614014,1
1236,H1,0.7773279547691345,1
1237,H1,0.7181467413902283,1
1238,H1,0.797553539276123,1
1239,H1,0.8571428656578064,1
1240,H1,0.8289785981178284,1
1241,H1,0.8317906260490417,1
1242,H1,0.8968192338943481,1
1243,H1,0.9009672999382019,1
1244,H1,0.9370689392089844,1
1245,H1,0.920092761516571,1
1246,H1,0.8961271047592163,1
1247,H1,0.9102935194969177,1
1248,H1,0.8071377277374268,1
1249,H1,0.8105123043060303,1
1250,H1,0.7935014963150024,1
1251,H1,0.7964873909950256,1
1252,H1,0.7358708381652832,1
1253,H1,0.6942766904830933,1
1254,H1,0.5157750248908997,1
1255,H1,0.16449813544750214,1
1256,H1,0.8108108043670654,1
1257,H1,0.8909657597541809,1
1258,H1,0.943965494632721,1
1259,H1,0.9589905142784119,1
1260,H1,0.980289101600647,1
1261,H1,0.9615806937217712,1
1262,H1,0.9715909361839294,1
1263,H1,0.8628350496292114,2
1264,H1,0.9323463439941406,2
1265,H1,0.9496855735778809,2
1266,H1,0.9190798401832581,2
1267,H1,0.8831241130828857,2
1268,H1,0.8918476104736328,2
1269,H1,0.9046650528907776,2
1270,H1,0.9153141379356384,2
1271,H1,0.9393812417984009,2
1272,H1,0.9354533553123474,2
1273,H1,0.9605327248573303,2
1274,H1,0.7449755668640137,3
1275,H1,0.8945960998535156,3
1276,H1,0.9429009556770325,3
1277,H1,0.9532060623168945,3
1278,H1,0.9600856304168701,3
1279,H1,0.9477041363716125,3
1280,H1,0.7731119394302368,4
1281,H1,0.7765489816665649,4
1282,H1,0.825310230255127,4
1283,H1,0.8279382586479187,4
1284,H1,0.8285850286483765,4
1285,H1,0.8337676525115967,4
1286,H1,0.8258709907531738,4
1287,H1,0.8249224424362183,4
1288,H1,0.8110805749893188,4
1289,H1,0.8205253481864929,4
1290,H1,0.7227740287780762,5
1291,H1,0.6732927560806274,5
1292,H1,0.724885880947113,5
1293,H1,0.6012556552886963,6
1294,H1,0.5925431847572327,6
1295,H1,0.6613360047340393,6
1296,H1,0.7579678893089294,6
1297,H1,0.7790113091468811,6
1298,H1,0.6821773648262024,6
1299,H1,0.6447011828422546,6
1300,H1,0.6830358505249023,6
1301,H1,0.6883997917175293,7
1302,H1,0.6626928448677063,8
1303,H1,0.696728527545929,8
1304,H1,0.716961145401001,9
1305,H1,0.7117732167243958,9
1306,H1,0.6483899354934692,10
1307,H1,0.57976233959198,9
1308,H1,0.5877726078033447,9
1309,H1,0.5767731666564941,9
1310,H1,0.618412971496582,9
1311,H1,0.7091615200042725,9
1312,H1,0.8061281442642212,8
1313,H1,0.8336470127105713,8
1314,H1,0.7909515500068665,8
1315,H1,0.8005217909812927,8
1316,H1,0.7544103860855103,8
1317,H1,0.7577280402183533,7
1318,H1,0.6275196671485901,7
1319,H1,0.5768770575523376,7
1320,H1,0.533751368522644,7
1321,H1,0.6521736979484558,6
1322,H1,0.6244457364082336,6
1323,H1,0.4799801707267761,5
1324,H1,0.3975786864757538,5
1325,H1,0.44879427552223206,4
1326,H1,0.4775179624557495,4
1327,H1,0.4733479619026184,4
1328,H1,0.5514050722122192,4
1329,H1,0.4839961528778076,4
1330,H1,0.521706223487854,4
1331,H1,0.7053249478340149,3
1332,H1,0.6403751969337463,3
1333,H1,0.6213725209236145,3
1334,H1,0.6003574728965759,3
1335,H1,0.5931999087333679,3
1336,H1,0.5969247817993164,3
1337,H1,0.5825892090797424,3
1338,H1,0.7665247321128845,3
1339,H1,0.7581014037132263,3
1340,H1,0.6952240467071533,3
1341,H1,0.8350299000740051,3
1342,H1,0.8245518207550049,3
1343,H1,0.884808361530304,3
1344,H1,0.8040030598640442,3
1345,H1,0.8189349174499512,3
1346,H1,0.841774046421051,3
1347,H1,0.7888800501823425,3
1348,H1,0.7709943652153015,3
1349,H1,0.8240266442298889,3
1350,H1,0.7077438235282898,3
1351,H1,0.6640909314155579,3
1352,H1,0.5542709827423096,3
1353,H1,0.5145546197891235,3
1354,H1,0.6201925873756409,3
1355,H1,0.5214159488677979,3
1356,H1,0.44214436411857605,3
1357,H1,0.6120456457138062,2
1358,H1,0.6344253420829773,2
1359,H1,0.666782021522522,2
1360,H1,0.6412599086761475,2
1361,H1,0.6996724009513855,2
1362,H1,0.7017959356307983,2
1363,H1,0.7145013809204102,2
1364,H1,0.7173589468002319,2
1365,H1,0.7384663820266724,2
1366,H1,0.7869118452072144,2
1367,H1,0.7800957560539246,2
1368,H1,0.7750805020332336,2
1369,H1,0.6019509434700012,2
1370,H1,0.3571428656578064,2
1371,H1,0.3888888955116272,2
1372,H1,0.7291666865348816,1
1373,H1,0.7708333134651184,1
1374,H1,0.7954545617103577,1
1375,H1,0.9182057976722717,1
1376,H1,0.9249692559242249,1
1377,H1,0.9356814622879028,1
1378,H1,0.7676002979278564,1
1379,H1,0.6421052813529968,1
1380,H1,0.48140043020248413,1
1381,H1,0.8303248882293701,1
1382,H1,0.8436363339424133,1
1383,H1,0.8354430198669434,1
1384,H1,0.025641025975346565,1
1385,H1,0.9290780425071716,1
1386,H1,0.9752380847930908,1
1387,H1,0.8432295322418213,3
1388,H1,0.8911126852035522,4
1389,H1,0.9025416374206543,4
1390,H1,0.8035110235214233,5
1391,H1,0.8534493446350098,5
1392,H1,0.805131733417511,6
1393,H1,0.8334915637969971,6
1394,H1,0.857657253742218,6
1395,H1,0.784309446811676,7
1396,H1,0.9084377884864807,7
1397,H1,0.8251050114631653,7
1398,H1,0.8207213282585144,7
1399,H1,0.7338042855262756,7
1400,H1,0.7873355150222778,7
1401,H1,0.8161070942878723,7
1402,H1,0.8185275197029114,7
1403,H1,0.7663478851318359,8
1404,H1,0.8173683881759644,8
1405,H1,0.7599170804023743,8
1406,H1,0.8313531875610352,7
1407,H1,0.7222869396209717,8
1408,H1,0.7757238149642944,7
1409,H1,0.640627920627594,6
1410,H1,0.5865950584411621,5
1411,H1,0.6888130903244019,5
1412,H1,0.7918009161949158,3
1413,H1,0.8179656863212585,3
1414,H1,0.8513939380645752,3
1415,H1,0.9039297103881836,3
1416,H1,0.8954447507858276,4
1417,H1,0.8139865398406982,4
1418,H1,0.8872174024581909,4
1419,H1,0.8756919503211975,4
1420,H1,0.7392730712890625,3
1421,H1,0.7963943481445312,2
1422,H1,0.7442200779914856,2
1423,H1,0.7424624562263489,2
1424,H1,0.36000001430511475,1
1425,H1,9.090909136588721e-10,1
1426,H1,4.032258138497724e-10,1
1427,H1,3.6630037891782763e-10,1
1428,H1,0.016620498150587082,1
1429,H1,0.8290503025054932,1
1430,H1,0.802744448184967,1
1431,H1,0.9272727370262146,1
1432,H1,0.8428217768669128,1
1433,H1,0.8893485069274902,1
1434,H1,0.8364018797874451,1
1435,H1,0.7793065309524536,1
1436,H1,0.8748214840888977,1
1437,H1,0.7135249972343445,1
1438,H1,0.6758703589439392,1
1439,H1,0.8461538553237915,1
1440,H1,0.9594594836235046,1
1441,H1,0.9731800556182861,1
1442,H1,0.9298701286315918,1
1443,H1,0.8210922479629517,2
1444,H1,0.9490628838539124,2
1445,H1,0.946713924407959,2
1446,H1,0.9684745073318481,2
1447,H1,0.958619236946106,2
1448,H1,0.9794225096702576,2
1449,H1,0.9600146412849426,2
1450,H1,0.9787548780441284,2
1451,H1,0.9708204865455627,2
1452,H1,0.9702944159507751,2
1453,H1,0.9801338911056519,2
1454,H1,0.9567478895187378,2
1455,H1,0.8058280348777771,3
1456,H1,0.8264676928520203,3
1457,H1,0.8281390070915222,3
1458,H1,0.9153857231140137,3
1459,H1,0.8952692151069641,3
1460,H1,0.9446876645088196,3
1461,H1,0.9316415786743164,3
1462,H1,0.9058442711830139,3
1463,H1,0.6858491897583008,4
1464,H1,0.5653356909751892,5
1465,H1,0.7132977247238159,5
1466,H1,0.7265177965164185,5
1467,H1,0.7591997385025024,5
1468,H1,0.8423745036125183,5
1469,H1,0.8452910780906677,6
1470,H1,0.7499590516090393,7
1471,H1,0.7647541761398315,7
1472,H1,0.7450434565544128,7
1473,H1,0.7888931035995483,7
1474,H1,0.7723479866981506,7
1475,H1,0.8239561915397644,7
1476,H1,0.827732503414154,7
1477,H1,0.8291835784912109,7
1478,H1,0.864293098449707,7
1479,H1,0.8630377650260925,7
1480,H1,0.8312482833862305,8
1481,H1,0.8400644063949585,8
1482,H1,0.8474701642990112,8
1483,H1,0.8048011660575867,10
1484,H1,0.8022168278694153,10
1485,H1,0.7881003618240356,10
1486,H1,0.8580533862113953,10
1487,H1,0.87469083070755,10
1488,H1,0.891034722328186,10
1489,H1,0.839038074016571,10
1490,H1,0.7174064517021179,10
1491,H1,0.814448356628418,9
1492,H1,0.8335009217262268,9
1493,H1,0.803598940372467,9
1494,H1,0.7019415497779846,9
1495,H1,0.8080970048904419,7
1496,H1,0.789057731628418,7
1497,H1,0.7277876734733582,7
1498,H1,0.9168105125427246,4
1499,H1,0.9216493368148804,4
1500,H1,0.9390280842781067,3
1501,H1,0.9519397616386414,3
1502,H1,0.9442664980888367,3
1503,H1,0.9582161903381348,3
1504,H1,0.9582799077033997,3
1505,H1,0.9567176699638367,3
1506,H1,0.9643101096153259,3
1507,H1,0.9606037139892578,3
1508,H1,0.9605463147163391,3
1509,H1,0.9629947543144226,3
1510,H1,0.9533259868621826,3
1511,H1,0.9693372845649719,3
1512,H1,0.9651398658752441,3
1513,H1,0.9625339508056641,3
1514,H1,0.9634432792663574,3
1515,H1,0.8934282660484314,4
1516,H1,0.9049966335296631,4
1517,H1,0.8990699052810669,4
1518,H1,0.9241659641265869,4
1519,H1,0.9147455096244812,4
1520,H1,0.8376598954200745,4
1521,H1,0.8252909779548645,4
1522,H1,0.7554116249084473,4
1523,H1,0.8015211224555969,3
1524,H1,0.7622994780540466,3
1525,H1,0.6520381569862366,3
1526,H1,0.6353998780250549,3
1527,H1,0.6175022721290588,3
1528,H1,0.9140127301216125,2
1529,H1,0.8910549879074097,2
1530,H1,0.8406524062156677,2
1531,H1,0.8546597957611084,2
1532,H1,0.8128808736801147,2
1533,H1,0.7561971545219421,2
1534,H1,0.6117496490478516,2
1535,H1,0.4502347707748413,2
1536,H1,0.6428571343421936,1
1537,H1,0.6000000238418579,1
1538,H1,0.7368420958518982,1
1539,H1,0.7659574747085571,1
1540,H1,0.8857142925262451,1
1541,H1,0.8405796885490417,1
1542,H1,0.7352941036224365,1
1543,H1,0.8524590134620667,1
1544,H1,0.7419354915618896,1
1545,H1,0.7837837934494019,1
1546,H1,0.7397260069847107,1
1547,H1,0.5970149040222168,1
1548,H1,0.8484848737716675,1
1549,H1,0.7850467562675476,1
1550,H1,0.7962962985038757,1
1551,H1,0.76106196641922,1
1552,H1,0.6734693646430969,1
1553,H1,0.5531914830207825,1
1554,H1,0.5473684072494507,1
1555,H1,0.5483871102333069,1
1556,H1,0.5806451439857483,1
1557,H1,0.59375,1
1558,H1,0.5333333611488342,1
1559,H1,0.5822784900665283,1
1560,H1,0.7815384864807129,1
1561,H1,0.9433962106704712,1
1562,H1,0.9586330652236938,1
1563,H1,0.9630624651908875,1
1564,H1,0.9667049646377563,1
1565,H1,0.9513069987297058,1
1566,H1,0.9456868767738342,1
1567,H1,0.9389038681983948,1
1568,H1,0.875,1
1569,H1,0.9119830131530762,1
1570,H1,0.8211991190910339,1
1571,H1,0.8390304446220398,1
1572,H1,0.6566141247749329,1
1573,H1,0.7015706896781921,1
1574,H1,0.8775731325149536,1
1575,H1,0.9046980142593384,1
1576,H1,0.7795918583869934,1
1577,H1,0.8756756782531738,1
1578,H1,0.30136987566947937,1
1579,H1,0.8622221946716309,1
1580,H1,0.9166666865348816,1
1581,H1,0.9772727489471436,1
1582,H1,0.9371816515922546,1
1583,H1,0.5765911340713501,2
1584,H1,0.66525799036026,2
1585,H1,0.9343352317810059,2
1586,H1,0.9699902534484863,2
1587,H1,0.9607710838317871,2
1588,H1,0.9760450124740601,2
1589,H1,0.9674665331840515,2
1590,H1,0.9665220379829407,2
1591,H1,0.9714208841323853,2
1592,H1,0.958196759223938,2
1593,H1,0.9777843356132507,2
1594,H1,0.852141797542572,3
1595,H1,0.9052541851997375,3
1596,H1,0.8922277092933655,3
1597,H1,0.9079157710075378,3
1598,H1,0.9199681878089905,3
1599,H1,0.9234254956245422,3
1600,H1,0.9174620509147644,3
1601,H1,0.9309594035148621,3
1602,H1,0.8565030694007874,3
1603,H1,0.8974334597587585,3
1604,H1,0.8117227554321289,4
1605,H1,0.8239914774894714,5
1606,H1,0.8581510782241821,5
1607,H1,0.8720027804374695,5
1608,H1,0.8890240788459778,5
1609,H1,0.7222082018852234,6
1610,H1,0.6884453296661377,6
1611,H1,0.7568095326423645,6
1612,H1,0.7791934609413147,6
1613,H1,0.8704475164413452,7
1614,H1,0.8543387651443481,8
1615,H1,0.8610401749610901,8
1616,H1,0.847327709197998,8
1617,H1,0.85202556848526,8
1618,H1,0.8754502534866333,8
1619,H1,0.8155276775360107,8
1620,H1,0.7149837017059326,9
1621,H1,0.8097127676010132,8
1622,H1,0.7848764657974243,8
1623,H1,0.7826326489448547,8
1624,H1,0.7939916849136353,8
1625,H1,0.7347331047058105,8
1626,H1,0.768600583076477,8
1627,H1,0.8388733267784119,7
1628,H1,0.8800803422927856,7
1629,H1,0.8957119584083557,6
1630,H1,0.8590769171714783,6
1631,H1,0.8583025932312012,6
1632,H1,0.7804072499275208,6
1633,H1,0.7880114912986755,5
1634,H1,0.7491347193717957,5
1635,H1,0.7170529365539551,4
1636,H1,0.72366863489151,4
1637,H1,0.7155385613441467,4
1638,H1,0.9676886200904846,3
1639,H1,0.9635583758354187,3
1640,H1,0.9557566046714783,3
1641,H1,0.9605887532234192,3
1642,H1,0.9316596984863281,3
1643,H1,0.9543516635894775,3
1644,H1,0.957007110118866,3
1645,H1,0.9589676260948181,3
1646,H1,0.9640368819236755,3
1647,H1,0.9057396650314331,4
1648,H1,0.9362536668777466,4
1649,H1,0.9201226234436035,4
1650,H1,0.9297879934310913,4
1651,H1,0.8669782280921936,4
1652,H1,0.9335634112358093,3
1653,H1,0.9386454224586487,3
1654,H1,0.9134446978569031,3
1655,H1,0.8957319855690002,3
1656,H1,0.9261369109153748,3
1657,H1,0.8730300068855286,3
1658,H1,0.9742652177810669,2
1659,H1,0.9600645303726196,2
1660,H1,0.944970428943634,2
1661,H1,0.9731436371803284,2
1662,H1,0.9593929052352905,2
1663,H1,0.96104896068573,2
1664,H1,0.9562950134277344,2
1665,H1,0.9537124633789062,2
1666,H1,0.9426733255386353,2
1667,H1,0.9658087491989136,2
1668,H1,0.9368931651115417,2
1669,H1,0.9142385125160217,2
1670,H1,0.9520478248596191,2
1671,H1,0.9391103982925415,2
1672,H1,0.9387133717536926,2
1673,H1,0.9677090048789978,2
1674,H1,0.934700071811676,2
1675,H1,0.9433490037918091,2
1676,H1,0.9567880630493164,2
1677,H1,0.9424760341644287,2
1678,H1,0.9201970100402832,2
1679,H1,0.8543334007263184,2
1680,H1,0.9290920495986938,2
1681,H1,0.9348348379135132,2
1682,H1,0.6482051610946655,2
1683,H1,0.8533333539962769,1
1684,H1,0.7945205569267273,1
1685,H1,0.9502573013305664,1
1686,H1,0.9742574095726013,1
1687,H1,0.9828009605407715,1
1688,H1,0.9828392863273621,1
1689,H1,0.9905902743339539,1
1690,H1,0.980440080165863,1
1691,H1,0.5490196347236633,1
1692,H1,0.9718309640884399,1
1693,H1,0.9442379474639893,1
1694,H1,0.9603960514068604,1
1695,H1,0.9495048522949219,2
1696,H1,0.9701735973358154,2
1697,H1,0.944678783416748,3
1698,H1,0.9666514992713928,3
1699,H1,0.965002715587616,3
1700,H1,0.8882679343223572,4
1701,H1,0.9094297885894775,4
1702,H1,0.9197661876678467,4
1703,H1,0.8437871932983398,5
1704,H1,0.7999364733695984,5
1705,H1,0.759033739566803,7
1706,H1,0.8462726473808289,7
1707,H1,0.8771859407424927,7
1708,H1,0.9144864082336426,7
1709,H1,0.9026802182197571,7
1710,H1,0.9359429478645325,7
1711,H1,0.7048168182373047,9
1712,H1,0.744374692440033,9
1713,H1,0.8037132024765015,8
1714,H1,0.8364801406860352,9
1715,H1,0.8849765658378601,6
1716,H1,0.9127516746520996,6
1717,H1,0.9410115480422974,4
1718,H1,0.7993673086166382,4
1719,H1,0.944779098033905,3
1720,H1,0.9488692283630371,3
1721,H1,0.676926851272583,3
1722,H1,0.8641564846038818,3
1723,H1,0.900946855545044,3
1724,H1,0.9298625588417053,3
1725,H1,0.8891069293022156,3
1726,H1,0.8092164993286133,3
1727,H1,0.9113923907279968,1
1728,H1,0.9696969985961914,1
1729,H1,0.8958594799041748,1
1730,H1,0.7663755416870117,1
1731,H1,0.6183784008026123,1
1732,H1,0.3529411852359772,1
1733,H1,0.01698513887822628,1
1734,H1,0.440559446811676,2
1735,H1,0.49255889654159546,2
1736,H1,0.7493707537651062,3
1737,H1,0.8629201054573059,3
1738,H1,0.8914721012115479,3
1739,H1,0.8142206072807312,3
1740,H1,0.8102059364318848,4
1741,H1,0.812336802482605,4
1742,H1,0.7798978090286255,5
1743,H1,0.6294644474983215,6
1744,H1,0.6635401248931885,6
1745,H1,0.759455144405365,7
1746,H1,0.8387061953544617,7
1747,H1,0.8676537275314331,7
1748,H1,0.8409215211868286,8
1749,H1,0.8519202470779419,8
1750,H1,0.7873411178588867,9
1751,H1,0.7786252498626709,10
1752,H1,0.7668551206588745,10
1753,H1,0.7778328657150269,10
1754,H1,0.7765957713127136,9
1755,H1,0.8004651069641113,8
1756,H1,0.8586302995681763,5
1757,H1,0.963484525680542,3
1758,H1,0.9275409579277039,3
1759,H1,0.9370849132537842,3
1760,H1,0.9520065188407898,3
1761,H1,0.8323426246643066,4
1762,H1,0.6799520254135132,4
1763,H1,0.91531902551651,3
1764,H1,0.9031226634979248,2
1765,H1,0.9462872743606567,2
1766,H1,0.876708984375,2
1767,H1,0.8273021578788757,2
1768,H1,0.8444281816482544,2
1769,H1,0.800000011920929,1
1770,H1,0.7878788113594055,1
1771,H1,0.7096773982048035,1
1772,H1,0.5333333611488342,1
1773,H1,0.692307710647583,1
1774,H1,0.6666666865348816,1
1775,H1,0.7142857313156128,1
1776,H1,0.6363636255264282,1
1777,H1,0.782608687877655,1
1778,H1,0.8125,1
1779,H1,0.7096773982048035,1
1780,H1,0.5925925970077515,1
1781,H1,0.9047619104385376,1
1782,H1,0.5714285969734192,1
1783,H1,0.6818181872367859,1
1784,H1,0.6666666865348816,1
1785,H1,0.625,1
1786,H1,0.43478259444236755,1
1787,H1,0.6000000238418579,1
1788,H1,0.6666666865348816,1
1789,H1,0.4864864945411682,1
1790,H1,0.4000000059604645,1
1791,H1,0.3636363744735718,1
1792,H1,0.5573770403862,1
1793,H1,0.6896551847457886,1
1794,H1,0.2857142984867096,1
1795,H1,0.5116279125213623,1
1796,H1,0.7547169923782349,1
1797,H1,0.6233766078948975,1
1798,H1,0.9329608678817749,1
1799,H1,0.9278075098991394,1
1800,H1,0.8519362211227417,1
1801,H1,0.923901379108429,1
1802,H1,0.9870503544807434,1
1803,H1,0.989600419998169,1
1804,H1,0.8918660283088684,1
1805,H1,0.5914396643638611,1
1806,H1,0.9312977194786072,1
1807,H1,0.9726775884628296,1
1808,H1,0.9340996146202087,2
1809,H1,0.9809451103210449,2
1810,H1,0.9595168828964233,2
1811,H1,0.9590575098991394,2
1812,H1,0.787975013256073,3
1813,H1,0.7095699906349182,3
1814,H1,0.6042202711105347,4
1815,H1,0.5806207060813904,6
1816,H1,0.6104745864868164,6
1817,H1,0.753392219543457,7
1818,H1,0.8771175742149353,7
1819,H1,0.8884583711624146,8
1820,H1,0.8241112232208252,8
1821,H1,0.8296657800674438,8
1822,H1,0.9094781279563904,8
1823,H1,0.8200409412384033,8
1824,H1,0.8221893310546875,8
1825,H1,0.7830860614776611,8
1826,H1,0.8473974466323853,8
1827,H1,0.8297491073608398,8
1828,H1,0.7973092198371887,7
1829,H1,0.8526873588562012,6
1830,H1,0.9083317518234253,5
1831,H1,0.859366238117218,5
1832,H1,0.9452850818634033,4
1833,H1,0.8079935312271118,4
1834,H1,0.8300625681877136,4
1835,H1,0.9385861754417419,4
1836,H1,0.778965950012207,4
1837,H1,0.9398986101150513,2
1838,H1,0.7384792566299438,2
1839,H1,0.97826087474823,1
1840,H1,0.935251772403717,1
1841,H1,0.9440000057220459,1
1842,H1,0.8737863898277283,1
1843,H1,0.8541666865348816,1
1844,H1,0.8817204236984253,1
1845,H1,0.8611111044883728,1
1846,H1,0.9052224159240723,1
1847,H1,0.9522144794464111,1
1848,H1,0.9768861532211304,1
1849,H1,0.9666544795036316,1
1850,H1,0.9763412475585938,1
1851,H1,0.9763062000274658,1
1852,H1,0.9776985049247742,1
1853,H1,0.971706748008728,1
1854,H1,0.975139856338501,1
1855,H1,0.9694581031799316,1
1856,H1,0.9700644016265869,1
1857,H1,0.9217557311058044,1
1858,H1,0.9525368213653564,1
1859,H1,0.8007518649101257,1
1860,H1,0.8518518805503845,1
1861,H1,0.9529411792755127,1
1862,H1,0.9655172228813171,1
1863,H1,0.9725685715675354,1
1864,H1,0.9801587462425232,1
1865,H1,0.9572649598121643,1
1866,H1,0.7208276987075806,2
1867,H1,0.8984944224357605,3
1868,H1,0.9254736304283142,3
1869,H1,0.8948090076446533,3
1870,H1,0.9218664169311523,3
1871,H1,0.6543152332305908,4
1872,H1,0.8140052556991577,5
1873,H1,0.8728477358818054,5
1874,H1,0.9097183346748352,5
1875,H1,0.9250633120536804,5
1876,H1,0.926422119140625,5
1877,H1,0.9099863171577454,5
1878,H1,0.9524896740913391,5
1879,H1,0.9051529169082642,7
1880,H1,0.9105485677719116,7
1881,H1,0.8321847319602966,9
1882,H1,0.8436292409896851,10
1883,H1,0.8699440360069275,9
1884,H1,0.8590726256370544,9
1885,H1,0.8556073904037476,9
1886,H1,0.878383457660675,9
1887,H1,0.8553134799003601,9
1888,H1,0.8503194451332092,8
1889,H1,0.8639218807220459,6
1890,H1,0.910333514213562,4
1891,H1,0.9569473266601562,3
1892,H1,0.9648697376251221,3
1893,H1,0.9710898995399475,3
1894,H1,0.9712734222412109,3
1895,H1,0.9132513999938965,4
1896,H1,0.9085448980331421,4
1897,H1,0.894932210445404,4
1898,H1,0.9421660304069519,3
1899,H1,0.9009397029876709,3
1900,H1,0.9062000513076782,2
1901,H1,0.8157894611358643,1
1902,H1,0.8059701323509216,1
1903,H1,0.7200000286102295,1
1904,H1,0.7727272510528564,1
1905,H1,0.9333333373069763,1
1906,H1,0.930232584476471,1
1907,H1,0.6829268336296082,1
1908,H1,0.6829268336296082,1
1909,H1,0.8846153616905212,1
1910,H1,0.8214285969734192,1
1911,H1,0.5777778029441833,1
1912,H1,0.800000011920929,1
1913,H1,0.7397260069847107,1
1914,H1,0.6666666865348816,1
1915,H1,0.695652186870575,1
1916,H1,0.8461538553237915,1
1917,H1,0.8571428656578064,1
1918,H1,0.9189189076423645,1
1919,H1,0.6808510422706604,1
1920,H1,0.8571428656578064,1
1921,H1,0.8405796885490417,1
1922,H1,0.7575757503509521,1
1923,H1,0.892307698726654,1
1924,H1,0.774193525314331,1
1925,H1,0.8571428656578064,1
1926,H1,0.8108108043670654,1
1927,H1,0.75,1
1928,H1,0.6666666865348816,1
1929,H1,0.692307710647583,1
1930,H1,0.8181818127632141,1
1931,H1,0.7058823704719543,1
1932,H1,0.8518518805503845,1
1933,H1,0.7037037014961243,1
1934,H1,0.9122806787490845,1
1935,H1,0.7169811129570007,1
1936,H1,0.8380952477455139,1
1937,H1,0.8822800517082214,1
1938,H1,0.8203221559524536,1
1939,H1,0.8689057230949402,1
1940,H1,0.8209150433540344,1
1941,H1,0.21757322549819946,1
1942,H1,0.7843137383460999,1
1943,H1,0.6275510191917419,1
1944,H1,0.6722972989082336,1
1945,H1,0.6979166865348816,1
1946,H1,0.6607744097709656,2
1947,H1,0.7590597867965698,2
1948,H1,0.7825210690498352,2
1949,H1,0.568321168422699,3
1950,H1,0.6741843223571777,4
1951,H1,0.6465020179748535,5
1952,H1,0.8087318539619446,6
1953,H1,0.7607535719871521,6
1954,H1,0.7962192893028259,6
1955,H1,0.7782701849937439,7
1956,H1,0.8039079308509827,7
1957,H1,0.7968102693557739,7
1958,H1,0.762262225151062,7
1959,H1,0.7532622218132019,7
1960,H1,0.7172927260398865,8
1961,H1,0.8363349437713623,8
1962,H1,0.8070662021636963,8
1963,H1,0.8971100449562073,6
1964,H1,0.8969740271568298,6
1965,H1,0.9473667144775391,5
1966,H1,0.947482705116272,5
1967,H1,0.8826179504394531,6
1968,H1,0.9264271855354309,6
1969,H1,0.8935292363166809,6
1970,H1,0.9009611010551453,6
1971,H1,0.9169784188270569,6
1972,H1,0.925076961517334,5
1973,H1,0.825962245464325,5
1974,H1,0.8903358578681946,5
1975,H1,0.8771201968193054,5
1976,H1,0.7869319915771484,4
1977,H1,0.6601395606994629,3
1978,H1,0.9118415713310242,2
1979,H1,0.9020745754241943,2
1980,H1,0.8065485954284668,2
1981,H1,0.7669059038162231,2
1982,H1,0.5565577745437622,2
1983,H1,0.8442751169204712,2
1984,H1,0.8704081773757935,2
1985,H1,0.5973998308181763,2
1986,H1,0.75,1
1987,H1,0.5625,1
1988,H1,0.6896551847457886,1
1989,H1,0.644444465637207,1
1990,H1,0.45652174949645996,1
1991,H1,0.75,1
1992,H1,0.38461539149284363,1
1993,H1,0.5652173757553101,1
1994,H1,0.9021479487419128,1
1995,H1,0.9307605028152466,1
1996,H1,0.9136531352996826,1
1997,H1,0.8660968542098999,1
1998,H1,0.6972883343696594,1
1999,H1,0.2852664589881897,1
2000,H1,0.23853211104869843,1
2001,H1,0.25956737995147705,1
2002,H1,0.1818181872367859,1
2003,H1,2.5839794193238674e-10,1
2004,H1,2.9411764135289786e-09,1
2005,H1,1.3888888927837684e-09,1
2006,H1,0.4933333396911621,1
2007,H1,0.5916666388511658,1
2008,H1,0.5435484051704407,2
2009,H1,0.7312750816345215,3
2010,H1,0.8060550689697266,3
2011,H1,0.7987490892410278,4
2012,H1,0.8280966281890869,4
2013,H1,0.8200298547744751,4
2014,H1,0.7008795142173767,5
2015,H1,0.5229681134223938,6
2016,H1,0.5377627015113831,6
2017,H1,0.5776805877685547,6
2018,H1,0.5984636545181274,6
2019,H1,0.577199399471283,6
2020,H1,0.6282771825790405,6
2021,H1,0.6988657116889954,6
2022,H1,0.6015694737434387,6
2023,H1,0.7872245907783508,5
2024,H1,0.7369536757469177,6
2025,H1,0.822283923625946,5
2026,H1,0.8496774435043335,5
2027,H1,0.8836878538131714,5
2028,H1,0.7671715021133423,7
2029,H1,0.7642413377761841,7
2030,H1,0.8280628323554993,6
2031,H1,0.8610281944274902,5
2032,H1,0.856285810470581,4
2033,H1,0.9296507835388184,3
2034,H1,0.8978548049926758,3
2035,H1,0.8383002281188965,3
2036,H1,0.9022652506828308,3
2037,H1,0.736509382724762,4
2038,H1,0.720069944858551,3
2039,H1,0.6634024381637573,2
2040,H1,0.8184589743614197,2
2041,H1,0.6399999856948853,1
2042,H1,0.8888888955116272,1
2043,H1,0.8421052694320679,1
2044,H1,0.8618420958518982,1
2045,H1,0.9553072452545166,1
2046,H1,0.9447922706604004,1
2047,H1,0.9737072587013245,1
2048,H1,0.9740890860557556,1
2049,H1,0.9694807529449463,1
2050,H1,0.9682735800743103,1
2051,H1,0.9611005783081055,1
2052,H1,0.9349655508995056,1
2053,H1,0.8981289267539978,1
2054,H1,0.8982036113739014,1
2055,H1,0.962238609790802,2
2056,H1,0.9626986980438232,2
2057,H1,0.9662889242172241,2
2058,H1,0.9809894561767578,2
2059,H1,0.9698166847229004,2
2060,H1,0.9665498733520508,2
2061,H1,0.9223494529724121,3
2062,H1,0.8696141242980957,3
2063,H1,0.882218062877655,3
2064,H1,0.8774428367614746,4
2065,H1,0.850673496723175,5
2066,H1,0.9034804105758667,5
2067,H1,0.8525984883308411,5
2068,H1,0.9061835408210754,5
2069,H1,0.9162048101425171,5
2070,H1,0.9169625043869019,5
2071,H1,0.9290105104446411,5
2072,H1,0.8820059895515442,7
2073,H1,0.8677796125411987,7
2074,H1,0.8626028895378113,8
2075,H1,0.8377498984336853,7
2076,H1,0.6663312911987305,8
2077,H1,0.7717990279197693,7
2078,H1,0.7827038764953613,7
2079,H1,0.6654747724533081,7
2080,H1,0.7259787917137146,6
2081,H1,0.8876028060913086,4
2082,H1,0.9582815766334534,3
2083,H1,0.9613364338874817,3
2084,H1,0.9639163017272949,3
2085,H1,0.8541053533554077,4
2086,H1,0.9016899466514587,4
2087,H1,0.9356303215026855,3
2088,H1,0.9340934157371521,3
2089,H1,0.887000560760498,3
2090,H1,0.774639368057251,3
2091,H1,0.8950381278991699,2
2092,H1,0.8284541368484497,2
2093,H1,0.40697672963142395,2
2094,H1,0.8985507488250732,1
2095,H1,0.800000011920929,1
2096,H1,0.7076923251152039,1
2097,H1,0.7837837934494019,1
2098,H1,0.9552238583564758,1
2099,H1,0.800000011920929,1
2100,H1,0.7407407164573669,1
2101,H1,0.8275862336158752,1
2102,H1,0.7368420958518982,1
2103,H1,0.7777777910232544,1
2104,H1,0.7450980544090271,1
2105,H1,0.6666666865348816,1
2106,H1,0.6122449040412903,1
2107,H1,0.7058823704719543,1
2108,H1,0.7692307829856873,1
2109,H1,0.800000011920929,1
2110,H1,0.6875,1
2111,H1,0.7142857313156128,1
2112,H1,0.7123287916183472,1
2113,H1,0.800000011920929,1
2114,H1,0.4912280738353729,1
2115,H1,0.75,1
2116,H1,0.8085106611251831,1
2117,H1,0.761904776096344,1
2118,H1,0.75,1
2119,H1,0.7037037014961243,1
2120,H1,0.7547169923782349,1
2121,H1,0.4000000059604645,1
2122,H1,0.7916666865348816,1
2123,H1,0.800000011920929,1
2124,H1,0.8333333134651184,1
2125,H1,0.8510638475418091,1
2126,H1,0.7272727489471436,1
2127,H1,0.8999999761581421,1
2128,H1,0.6521739363670349,1
2129,H1,0.7169811129570007,1
2130,H1,0.5652173757553101,1
2131,H1,0.7058823704719543,1
2132,H1,0.7241379022598267,1
2133,H1,0.8928571343421936,1
2134,H1,0.9122806787490845,1
2135,H1,0.800000011920929,1
2136,H1,0.8148148059844971,1
2137,H1,0.7419354915618896,1
2138,H1,0.89552241563797,1
2139,H1,0.8999999761581421,1
2140,H1,0.978723406791687,1
2141,H1,0.9689839482307434,1
2142,H1,0.9756097793579102,1
2143,H1,0.9730961918830872,1
2144,H1,0.9822841882705688,1
2145,H1,0.9868995547294617,1
2146,H1,0.9873657822608948,1
2147,H1,0.9852061867713928,1
2148,H1,0.9901185631752014,1
2149,H1,0.9888288378715515,1
2150,H1,0.9825131893157959,1
2151,H1,0.9797646999359131,1
2152,H1,0.982758641242981,1
2153,H1,0.9805970191955566,1
2154,H1,0.9708939790725708,1
2155,H1,0.9673469662666321,1
2156,H1,0.9322034120559692,1
2157,H1,0.8915331959724426,3
2158,H1,0.9163534641265869,3
2159,H1,0.8278588652610779,3
2160,H1,0.734343945980072,4
2161,H1,0.7380915880203247,5
2162,H1,0.8059995770454407,5
2163,H1,0.8222379684448242,5
2164,H1,0.831447958946228,5
2165,H1,0.7525427341461182,6
2166,H1,0.8744382262229919,6
2167,H1,0.8081402778625488,7
2168,H1,0.840459406375885,7
2169,H1,0.9198787808418274,7
2170,H1,0.959060549736023,7
2171,H1,0.9593170881271362,7
2172,H1,0.9631074070930481,7
2173,H1,0.9184005260467529,8
2174,H1,0.9317386150360107,8
2175,H1,0.8867872357368469,10
2176,H1,0.9169881939888,10
2177,H1,0.9254941940307617,10
2178,H1,0.9008024334907532,10
2179,H1,0.8840457797050476,8
2180,H1,0.8803797960281372,7
2181,H1,0.8241898417472839,7
2182,H1,0.8949123620986938,5
2183,H1,0.8505464792251587,5
2184,H1,0.9791420102119446,3
2185,H1,0.9747111201286316,3
2186,H1,0.9780282974243164,3
2187,H1,0.9553551077842712,3
2188,H1,0.9613066911697388,4
2189,H1,0.9504837989807129,4
2190,H1,0.9534342885017395,3
2191,H1,0.9584758877754211,3
2192,H1,0.7566830515861511,3
2193,H1,0.9175959825515747,2
2194,H1,0.939760684967041,2
2195,H1,0.9601293206214905,2
2196,H1,0.9103595018386841,2
2197,H1,0.9120079278945923,2
2198,H1,0.9348577260971069,2
2199,H1,0.8608218431472778,2
2200,H1,0.7857142686843872,1
2201,H1,0.949999988079071,1
2202,H1,0.7906976938247681,1
2203,H1,0.8837209343910217,1
2204,H1,0.7272727489471436,1
2205,H1,0.7234042286872864,1
2206,H1,0.8679245114326477,1
2207,H1,0.8125,1
2208,H1,0.7945205569267273,1
2209,H1,0.7536231875419617,1
2210,H1,0.7307692170143127,1
2211,H1,0.8205128312110901,1
2212,H1,0.6909090876579285,1
2213,H1,0.48571428656578064,1
2214,H1,0.6779661178588867,1
2215,H1,0.6578947305679321,1
2216,H1,0.7540983557701111,1
2217,H1,0.8999999761581421,1
2218,H1,0.7755101919174194,1
2219,H1,0.7924528121948242,1
2220,H1,0.8235294222831726,1
2221,H1,0.7272727489471436,1
2222,H1,0.7777777910232544,1
2223,H1,0.8055555820465088,1
2224,H1,0.8307692408561707,1
2225,H1,0.8787878751754761,1
2226,H1,0.699999988079071,1
2227,H1,0.9411764740943909,1
2228,H1,0.8450704216957092,1
2229,H1,0.8695651888847351,1
2230,H1,0.8799999952316284,1
2231,H1,0.800000011920929,1
2232,H1,0.8717948794364929,1
2233,H1,0.75,1
2234,H1,0.46278315782546997,1
2235,H1,0.452873557806015,1
2236,H1,0.8315457701683044,1
2237,H1,0.8079096078872681,1
2238,H1,0.8525059819221497,1
2239,H1,0.9268085360527039,1
2240,H1,0.645432710647583,1
2241,H1,0.20555555820465088,1
2242,H1,0.7884615659713745,1
2243,H1,0.8543689250946045,1
2244,H1,0.8301886916160583,1
2245,H1,0.8681672215461731,1
2246,H1,0.6832740306854248,1
2247,H1,0.8217450380325317,2
2248,H1,0.6920976638793945,2
2249,H1,0.7816898822784424,2
2250,H1,0.4132841229438782,2
2251,H1,0.7639915347099304,3
2252,H1,0.8476359844207764,3
2253,H1,0.8759292960166931,3
2254,H1,0.9084535241127014,3
2255,H1,0.8727858662605286,3
2256,H1,0.9085659384727478,3
2257,H1,0.8837130069732666,4
2258,H1,0.9212586283683777,5
2259,H1,0.9079683423042297,5
2260,H1,0.8612371683120728,5
2261,H1,0.8774706125259399,5
2262,H1,0.8947827816009521,6
2263,H1,0.8967259526252747,6
2264,H1,0.8008847236633301,6
2265,H1,0.9189316630363464,6
2266,H1,0.8783171772956848,7
2267,H1,0.8740915060043335,7
2268,H1,0.877991795539856,7
2269,H1,0.8969157934188843,7
2270,H1,0.8941242694854736,8
2271,H1,0.9069799184799194,8
2272,H1,0.8599236011505127,9
2273,H1,0.8530036211013794,7
2274,H1,0.7920327186584473,7
2275,H1,0.878972053527832,5
2276,H1,0.8476875424385071,5
2277,H1,0.9067113995552063,5
2278,H1,0.9019485712051392,4
2279,H1,0.8870010375976562,4
2280,H1,0.8989163637161255,4
2281,H1,0.9772860407829285,3
2282,H1,0.9749433398246765,3
2283,H1,0.9665971398353577,3
2284,H1,0.8878895044326782,4
2285,H1,0.9374119639396667,4
2286,H1,0.9419959187507629,4
2287,H1,0.935722827911377,4
2288,H1,0.9338518381118774,4
2289,H1,0.8447890877723694,4
2290,H1,0.8697032332420349,2
2291,H1,0.869875431060791,2
2292,H1,0.8372092843055725,1
2293,H1,0.7469879388809204,1
2294,H1,0.8947368264198303,1
2295,H1,0.7631579041481018,1
2296,H1,0.6987951993942261,1
2297,H1,0.7368420958518982,1
2298,H1,0.7536231875419617,1
2299,H1,0.5660377144813538,1
2300,H1,0.782608687877655,1
2301,H1,0.8227334022521973,1
2302,H1,0.9355932474136353,1
2303,H1,0.9215016961097717,1
2304,H1,0.9508103728294373,1
2305,H1,0.9702871441841125,1
2306,H1,0.9551692605018616,1
2307,H1,0.9636363387107849,1
2308,H1,0.9517934918403625,1
2309,H1,0.8878751397132874,1
2310,H1,0.9800266027450562,1
2311,H1,0.9518663883209229,1
2312,H1,0.5790349245071411,1
2313,H1,0.2201591581106186,1
2314,H1,0.6942266821861267,1
2315,H1,0.6333218216896057,3
2316,H1,0.7668030858039856,3
2317,H1,0.8624182939529419,4
2318,H1,0.8236709833145142,5
2319,H1,0.8791124224662781,5
2320,H1,0.9106099009513855,5
2321,H1,0.8802756667137146,6
2322,H1,0.7657199501991272,7
2323,H1,0.8459710478782654,7
2324,H1,0.8940476179122925,7
2325,H1,0.889094352722168,7
2326,H1,0.8210750818252563,8
2327,H1,0.8490427732467651,8
2328,H1,0.8236123323440552,8
2329,H1,0.8905196785926819,8
2330,H1,0.902446448802948,8
2331,H1,0.8741105198860168,8
2332,H1,0.8210089802742004,10
2333,H1,0.7953598499298096,10
2334,H1,0.8217388987541199,9
2335,H1,0.8349123001098633,8
2336,H1,0.862976610660553,6
2337,H1,0.8702726364135742,6
2338,H1,0.6741281747817993,5
2339,H1,0.9699211120605469,3
2340,H1,0.9558014869689941,3
2341,H1,0.9541738629341125,3
2342,H1,0.9553070068359375,3
2343,H1,0.9289284348487854,4
2344,H1,0.8298633694648743,3
2345,H1,0.9259637594223022,2
2346,H1,0.9392517805099487,2
2347,H1,0.8235005140304565,2
2348,H1,0.6574721932411194,2
2349,H1,0.7727272510528564,1
2350,H1,0.8264462947845459,1
2351,H1,0.8761904835700989,1
2352,H1,0.898876428604126,1
2353,H1,0.9117646813392639,1
2354,H1,0.9589040875434875,1
2355,H1,0.8333333134651184,1
2356,H1,0.8307692408561707,1
2357,H1,0.7058823704719543,1
2358,H1,0.5245901346206665,1
2359,H1,0.581818163394928,1
2360,H1,0.5777778029441833,1
2361,H1,0.5531914830207825,1
2362,H1,0.5,1
2363,H1,0.692307710647583,1
2364,H1,0.8301886916160583,1
2365,H1,0.7666666507720947,1
2366,H1,0.8157894611358643,1
2367,H1,0.8139534592628479,1
2368,H1,0.8761904835700989,1
2369,H1,0.8602150678634644,1
2370,H1,0.8965517282485962,1
2371,H1,0.47999998927116394,1
2372,H1,0.6545454263687134,1
2373,H1,0.7924528121948242,1
2374,H1,0.7916666865348816,1
2375,H1,0.7083333134651184,1
2376,H1,0.7727272510528564,1
2377,H1,0.7916666865348816,1
2378,H1,0.8709677457809448,1
2379,H1,0.9166666865348816,1
2380,H1,0.8684210777282715,1
2381,H1,0.9156626462936401,1
2382,H1,0.8311688303947449,1
2383,H1,0.8823529481887817,1
2384,H1,0.8235294222831726,1
2385,H1,0.695652186870575,1
2386,H1,0.7605633735656738,1
2387,H1,0.7951807379722595,1
2388,H1,0.699999988079071,1
2389,H1,0.6511628031730652,1
2390,H1,0.6176470518112183,1
2391,H1,0.695652186870575,1
2392,H1,0.75,1
2393,H1,0.8135592937469482,1
2394,H1,0.7602040767669678,1
2395,H1,0.949999988079071,1
2396,H1,0.9571129679679871,1
2397,H1,0.9797468185424805,1
2398,H1,0.9809856414794922,1
2399,H1,0.9803459048271179,1
2400,H1,0.9811320900917053,1
2401,H1,0.8258503675460815,1
2402,H1,0.8848484754562378,1
2403,H1,0.454054057598114,1
2404,H1,0.9843971729278564,1
2405,H1,0.971807599067688,1
2406,H1,0.6536879539489746,2
2407,H1,0.7731559872627258,3
2408,H1,0.9135324954986572,4
2409,H1,0.9047268033027649,4
2410,H1,0.9148773550987244,4
2411,H1,0.7792441248893738,6
2412,H1,0.934991180896759,6
2413,H1,0.947249710559845,6
2414,H1,0.9424687623977661,7
2415,H1,0.9031305313110352,7
2416,H1,0.9302741289138794,7
2417,H1,0.9340340495109558,7
2418,H1,0.9261611700057983,7
2419,H1,0.9039716124534607,7
2420,H1,0.821224570274353,7
2421,H1,0.781732439994812,7
2422,H1,0.7103910446166992,7
2423,H1,0.785588264465332,6
2424,H1,0.9291888475418091,5
2425,H1,0.9354184865951538,5
2426,H1,0.9015425443649292,7
2427,H1,0.9051870703697205,7
2428,H1,0.9132381677627563,8
2429,H1,0.9347633123397827,8
2430,H1,0.8961199522018433,7
2431,H1,0.8777661919593811,7
2432,H1,0.8892191648483276,7
2433,H1,0.816268265247345,7
2434,H1,0.8462212681770325,6
2435,H1,0.8522268533706665,5
2436,H1,0.87408047914505,5
2437,H1,0.8084685802459717,4
2438,H1,0.8791419863700867,4
2439,H1,0.852022647857666,4
2440,H1,0.9043898582458496,4
2441,H1,0.9367269277572632,4
2442,H1,0.9521200060844421,4
2443,H1,0.8696451187133789,4
2444,H1,0.9313873052597046,2
2445,H1,0.9693286418914795,2
2446,H1,0.9231048822402954,2
2447,H1,0.8655970096588135,2
2448,H1,0.800000011920929,1
2449,H1,0.8360655903816223,1
2450,H1,0.7647058963775635,1
2451,H1,0.6491228342056274,1
2452,H1,0.3448275923728943,1
2453,H1,1.9230770309519585e-09,1
2454,H1,2.4390243158478597e-09,1
2455,H1,2.3255815051470563e-09,1
2456,H1,0.40625,1
2457,H1,0.375,1
2458,H1,0.30985915660858154,1
2459,H1,0.20224718749523163,1
2460,H1,1.0638298020282377e-09,1
2461,H1,0.2240000069141388,1
2462,H1,0.48051947355270386,1
2463,H1,0.6904761791229248,1
2464,H1,0.6867470145225525,1
2465,H1,0.6725663542747498,1
2466,H1,0.5846154093742371,1
2467,H1,0.59375,1
2468,H1,0.7714285850524902,1
2469,H1,0.8139534592628479,1
2470,H1,0.8372092843055725,1
2471,H1,0.8247422575950623,1
2472,H1,0.7111111283302307,1
2473,H1,0.7850467562675476,1
2474,H1,0.7706422209739685,1
2475,H1,0.7735849022865295,1
2476,H1,0.8817204236984253,1
2477,H1,0.795918345451355,1
2478,H1,0.6917293071746826,1
2479,H1,0.9215686321258545,1
2480,H1,0.8870967626571655,1
2481,H1,0.7938931584358215,1
2482,H1,0.7612903118133545,1
2483,H1,0.841269850730896,1
2484,H1,0.8296296000480652,1
2485,H1,0.7325581312179565,1
2486,H1,0.9523809552192688,1
2487,H1,0.9339407682418823,1
2488,H1,0.9609065055847168,1
2489,H1,0.9772295951843262,1
2490,H1,0.9766187071800232,1
2491,H1,0.9851438999176025,1
2492,H1,0.9758551120758057,1
2493,H1,0.9614720940589905,1
2494,H1,0.9487388134002686,1
2495,H1,0.911475419998169,1
2496,H1,0.16129031777381897,1
2497,H1,1.515151559772221e-09,1
2498,H1,0.6111111044883728,1
2499,H1,0.043062202632427216,2
2500,H1,0.3720748722553253,2
2501,H1,0.4765044152736664,3
2502,H1,0.44817113876342773,3
2503,H1,0.3222835958003998,3
2504,H1,0.3481488525867462,3
2505,H1,0.5216471552848816,4
2506,H1,0.6124002933502197,4
2507,H1,0.6396850943565369,4
2508,H1,0.5236829519271851,5
2509,H1,0.5220251679420471,5
2510,H1,0.5575699210166931,5
2511,H1,0.6053749322891235,5
2512,H1,0.5561792254447937,5
2513,H1,0.6706672310829163,6
2514,H1,0.7419688105583191,6
2515,H1,0.8472959995269775,6
2516,H1,0.6651214957237244,7
2517,H1,0.6824389100074768,7
2518,H1,0.7109971642494202,7
2519,H1,0.6869090795516968,7
2520,H1,0.6468052864074707,7
2521,H1,0.6194106340408325,7
2522,H1,0.7244085669517517,7
2523,H1,0.7363061904907227,7
2524,H1,0.777232825756073,7
2525,H1,0.8190633654594421,7
2526,H1,0.7525448799133301,6
2527,H1,0.8683847784996033,4
2528,H1,0.9633654952049255,3
2529,H1,0.9054477214813232,4
2530,H1,0.9233981966972351,4
2531,H1,0.932736873626709,4
2532,H1,0.9250036478042603,4
2533,H1,0.8933660387992859,4
2534,H1,0.6813634037971497,4
2535,H1,0.6052373051643372,3
2536,H1,0.9133723974227905,2
2537,H1,0.8574336767196655,2
2538,H1,0.9375680685043335,2
2539,H1,0.7782115936279297,2
2540,H1,0.6989392042160034,2
2541,H1,0.761398196220398,2
2542,H1,0.7027027010917664,1
2543,H1,0.4000000059604645,1
2544,H1,0.52173912525177,1
2545,H1,0.41025641560554504,1
2546,H1,0.4583333432674408,1
2547,H1,0.8834019303321838,1
2548,H1,0.9749830961227417,1
2549,H1,0.9630379676818848,1
2550,H1,0.9525885581970215,1
2551,H1,0.7964601516723633,1
2552,H1,0.341269850730896,1
2553,H1,0.6637167930603027,1
2554,H1,0.949438214302063,1
2555,H1,0.4754098355770111,2
2556,H1,0.5577166676521301,2
2557,H1,0.5996683239936829,3
2558,H1,0.5726342797279358,5
2559,H1,0.7688582539558411,5
2560,H1,0.7648067474365234,5
2561,H1,0.7656627297401428,7
2562,H1,0.896303653717041,7
2563,H1,0.9013857245445251,7
2564,H1,0.8723596930503845,7
2565,H1,0.8528527021408081,7
2566,H1,0.840160071849823,8
2567,H1,0.8742024898529053,8
2568,H1,0.8758702278137207,8
2569,H1,0.8329183459281921,8
2570,H1,0.8701430559158325,8
2571,H1,0.8656094074249268,8
2572,H1,0.9319284558296204,6
2573,H1,0.9212315678596497,6
2574,H1,0.9286015629768372,6
2575,H1,0.8667405247688293,8
2576,H1,0.8576995134353638,7
2577,H1,0.8242297172546387,6
2578,H1,0.8769598007202148,5
2579,H1,0.8154934048652649,5
2580,H1,0.962030827999115,3
2581,H1,0.96479731798172,3
2582,H1,0.9290946125984192,3
2583,H1,0.7901773452758789,3
2584,H1,0.7602136731147766,2
2585,H1,0.8828163743019104,2
2586,H1,0.8919624090194702,2
2587,H1,0.887710690498352,2
2588,H1,0.8077973127365112,2
2589,H1,0.5605493187904358,2
2590,H1,0.95652174949646,1
2591,H1,0.9090909361839294,1
2592,H1,0.8095238208770752,1
2593,H1,0.5542168617248535,1
2594,H1,0.8978102207183838,1
2595,H1,0.9161043763160706,2
2596,H1,0.8113839030265808,3
2597,H1,0.8472890853881836,3
2598,H1,0.8028335571289062,3
2599,H1,0.7688934206962585,4
2600,H1,0.7489011883735657,5
2601,H1,0.762774646282196,6
2602,H1,0.686839759349823,6
2603,H1,0.7715955376625061,6
2604,H1,0.8218007683753967,6
2605,H1,0.8280921578407288,6
2606,H1,0.8665757179260254,6
2607,H1,0.747093677520752,8
2608,H1,0.7878202795982361,8
2609,H1,0.7790066003799438,8
2610,H1,0.7534794807434082,8
2611,H1,0.7911118268966675,8
2612,H1,0.777019739151001,9
2613,H1,0.797731339931488,8
2614,H1,0.8003150224685669,8
2615,H1,0.7003490924835205,6
2616,H1,0.7876155376434326,5
2617,H1,0.6826261281967163,5
2618,H1,0.8336560130119324,3
2619,H1,0.8144309520721436,3
2620,H1,0.8369954228401184,3
2621,H1,0.6949729919433594,3
2622,H1,0.48780712485313416,2
2623,H1,0.48825982213020325,2
2624,H1,0.4887999892234802,2
2625,H1,0.49069148302078247,2
2626,H1,0.9347506761550903,2
2627,H1,0.9466506838798523,2
2628,H1,0.9055271148681641,2
2629,H1,0.9166666865348816,1
2630,H1,0.8852459192276001,1
2631,H1,0.8999999761581421,1
2632,H1,0.8376068472862244,1
2633,H1,0.8468468189239502,1
2634,H1,0.7628865838050842,1
2635,H1,0.7708333134651184,1
2636,H1,0.6436781883239746,1
2637,H1,0.6567164063453674,1
2638,H1,0.7654321193695068,1
2639,H1,0.6753246784210205,1
2640,H1,0.6760563254356384,1
2641,H1,0.6666666865348816,1
2642,H1,0.7796609997749329,1
2643,H1,0.7868852615356445,1
2644,H1,0.7631579041481018,1
2645,H1,0.8333333134651184,1
2646,H1,0.75,1
2647,H1,0.8387096524238586,1
2648,H1,0.7441860437393188,1
2649,H1,0.7906976938247681,1
2650,H1,0.7128713130950928,1
2651,H1,0.737864077091217,1
2652,H1,0.7413793206214905,1
2653,H1,0.8067227005958557,1
2654,H1,0.8907563090324402,1
2655,H1,0.752293586730957,1
2656,H1,0.699999988079071,1
2657,H1,0.7692307829856873,1
2658,H1,0.746666669845581,1
2659,H1,0.7560975551605225,1
2660,H1,0.34375,1
2661,H1,0.6976743936538696,1
2662,H1,0.7311828136444092,1
2663,H1,0.8148148059844971,1
2664,H1,0.8048780560493469,1
2665,H1,0.8764045238494873,1
2666,H1,0.8292682766914368,1
2667,H1,0.8181818127632141,1
2668,H1,0.8863636255264282,1
2669,H1,0.9411764740943909,1
2670,H1,0.8181818127632141,1
2671,H1,0.875,1
2672,H1,0.6578947305679321,1
2673,H1,0.6037735939025879,1
2674,H1,0.4864864945411682,1
2675,H1,0.782608687877655,1
2676,H1,0.9284417629241943,2
2677,H1,0.8148589134216309,3
2678,H1,0.8721408843994141,3
2679,H1,0.858015239238739,3
2680,H1,0.8205714225769043,4
2681,H1,0.8432888984680176,5
2682,H1,0.8340328931808472,5
2683,H1,0.7233586311340332,6
2684,H1,0.8112379908561707,6
2685,H1,0.8506855368614197,6
2686,H1,0.885562002658844,6
2687,H1,0.862675130367279,7
2688,H1,0.9054766893386841,7
2689,H1,0.7990832328796387,8
2690,H1,0.8310458064079285,8
2691,H1,0.797435998916626,8
2692,H1,0.8306424021720886,9
2693,H1,0.8006910085678101,9
2694,H1,0.8508493900299072,8
2695,H1,0.7688544392585754,8
2696,H1,0.8243944048881531,6
2697,H1,0.8977240324020386,4
2698,H1,0.7161519527435303,4
2699,H1,0.763695240020752,4
2700,H1,0.9042453169822693,3
2701,H1,0.8633161187171936,3
2702,H1,0.658345639705658,3
2703,H1,0.6198318600654602,3
2704,H1,0.4869479238986969,2
2705,H1,0.633050262928009,3
2706,H1,0.9492759704589844,2
2707,H1,0.9277722835540771,2
2708,H1,0.9169824123382568,2
2709,H1,0.8744029998779297,2
2710,H1,0.695652186870575,1
2711,H1,0.6804123520851135,1
2712,H1,0.8301886916160583,1
2713,H1,0.8085106611251831,1
2714,H1,0.8372092843055725,1
2715,H1,0.8571428656578064,1
2716,H1,0.8732394576072693,1
2717,H1,0.892307698726654,1
2718,H1,0.8611111044883728,1
2719,H1,0.7575757503509521,1
2720,H1,0.7457627058029175,1
2721,H1,0.8363636136054993,1
2722,H1,0.7777777910232544,1
2723,H1,0.7666666507720947,1
2724,H1,0.7536231875419617,1
2725,H1,0.89552241563797,1
2726,H1,0.746666669845581,1
2727,H1,0.692307710647583,1
2728,H1,0.7272727489471436,1
2729,H1,0.774193525314331,1
2730,H1,0.6666666865348816,1
2731,H1,0.5274725556373596,1
2732,H1,0.7216494679450989,1
2733,H1,0.6218487620353699,1
2734,H1,0.7768595218658447,1
2735,H1,0.671999990940094,1
2736,H1,0.5773195624351501,1
2737,H1,0.6233766078948975,1
2738,H1,0.7945205569267273,1
2739,H1,0.7407407164573669,1
2740,H1,0.5555555820465088,1
2741,H1,0.516853928565979,1
2742,H1,0.6410256624221802,1
2743,H1,0.760869562625885,1
2744,H1,0.6595744490623474,1
2745,H1,0.800000011920929,1
2746,H1,0.75789475440979,1
2747,H1,0.7878788113594055,1
2748,H1,0.8679245114326477,1
2749,H1,0.8571428656578064,1
2750,H1,0.8705882430076599,1
2751,H1,0.75,1
2752,H1,0.8190476298332214,1
2753,H1,0.737500011920929,1
2754,H1,0.942307710647583,1
2755,H1,0.9581304788589478,1
2756,H1,0.9590973258018494,1
2757,H1,0.967085599899292,1
2758,H1,0.9761051535606384,1
2759,H1,0.9630177617073059,1
2760,H1,0.746666669845581,1
2761,H1,0.48275861144065857,1
2762,H1,0.9455445408821106,1
2763,H1,0.9726247787475586,1
2764,H1,0.9846938848495483,1
2765,H1,0.9837398529052734,1
2766,H1,0.9635555744171143,1
2767,H1,0.48181816935539246,2
2768,H1,0.8591362833976746,3
2769,H1,0.7077032923698425,5
2770,H1,0.8478458523750305,5
2771,H1,0.7987517714500427,5
2772,H1,0.8558259010314941,5
2773,H1,0.6617365479469299,6
2774,H1,0.7091768383979797,6
2775,H1,0.7225040793418884,6
2776,H1,0.7350543141365051,6
2777,H1,0.8020628094673157,6
2778,H1,0.8334264755249023,6
2779,H1,0.8215470910072327,6
2780,H1,0.8560795187950134,6
2781,H1,0.8756689429283142,7
2782,H1,0.8503798842430115,7
2783,H1,0.8345307111740112,7
2784,H1,0.7964552640914917,8
2785,H1,0.8701005578041077,6
2786,H1,0.8117588758468628,7
2787,H1,0.8629783987998962,7
2788,H1,0.8822339177131653,7
2789,H1,0.8410167694091797,7
2790,H1,0.8715137839317322,7
2791,H1,0.8997638821601868,6
2792,H1,0.9154247641563416,6
2793,H1,0.8772802352905273,6
2794,H1,0.9433513283729553,3
2795,H1,0.9560470581054688,3
2796,H1,0.9620224833488464,3
2797,H1,0.9371617436408997,3
2798,H1,0.9247341752052307,3
2799,H1,0.816131591796875,3
2800,H1,0.6043869256973267,4
2801,H1,0.9360744953155518,4
2802,H1,0.9199090600013733,3
2803,H1,0.9546428322792053,3
2804,H1,0.9505339860916138,2
2805,H1,0.9377855062484741,2
2806,H1,0.9388696551322937,2
2807,H1,0.9431400895118713,2
2808,H1,0.9577586650848389,2
2809,H1,0.8876599669456482,2
2810,H1,0.762828528881073,2
2811,H1,0.8571428656578064,1
2812,H1,0.9642857313156128,1
2813,H1,0.688524603843689,1
2814,H1,0.7761194109916687,1
2815,H1,0.800000011920929,1
2816,H1,0.7631579041481018,1
2817,H1,0.8774193525314331,1
2818,H1,0.8651162981987,1
2819,H1,0.8498583436012268,1
2820,H1,0.8495575189590454,1
2821,H1,0.8589420914649963,1
2822,H1,0.7847800254821777,1
2823,H1,0.9460317492485046,1
2824,H1,0.6000000238418579,1
2825,H1,0.9719626307487488,1
2826,H1,0.9773755669593811,1
2827,H1,0.9732360243797302,1
2828,H1,0.9445506930351257,1
2829,H1,0.9378330111503601,1
2830,H1,0.8115459084510803,3
2831,H1,0.9536948800086975,3
2832,H1,0.9386870861053467,3
2833,H1,0.9495094418525696,3
2834,H1,0.9287149310112,3
2835,H1,0.8373353481292725,4
2836,H1,0.8065012693405151,4
2837,H1,0.8325385451316833,4
2838,H1,0.8862040638923645,4
2839,H1,0.8232948184013367,4
2840,H1,0.8610251545906067,5
2841,H1,0.8760247230529785,5
2842,H1,0.8888024091720581,7
2843,H1,0.9198822975158691,7
2844,H1,0.9065044522285461,7
2845,H1,0.8920480012893677,7
2846,H1,0.8983662724494934,7
2847,H1,0.7663010954856873,8
2848,H1,0.8531990051269531,7
2849,H1,0.8533905744552612,5
2850,H1,0.8735427856445312,5
2851,H1,0.8321590423583984,6
2852,H1,0.7422988414764404,5
2853,H1,0.9288786053657532,4
2854,H1,0.8487335443496704,5
2855,H1,0.9205496907234192,4
2856,H1,0.9494432806968689,4
2857,H1,0.9211726188659668,3
2858,H1,0.7846400141716003,3
2859,H1,0.780829668045044,2
2860,H1,0.9456352591514587,2
2861,H1,0.9625682830810547,2
2862,H1,0.969144880771637,2
2863,H1,0.9317632913589478,2
2864,H1,0.8870392441749573,2
2865,H1,0.8863993883132935,2
2866,H1,0.9366378784179688,2
2867,H1,0.8342272043228149,2
2868,H1,0.7304818630218506,2
2869,H1,0.7488207817077637,2
2870,H1,0.8095238208770752,1
2871,H1,0.7727272510528564,1
2872,H1,0.6511628031730652,1
2873,H1,0.8108108043670654,1
2874,H1,0.8837209343910217,1
2875,H1,0.6190476417541504,1
2876,H1,0.625,1
2877,H1,0.9411764740943909,1
2878,H1,0.895480215549469,1
2879,H1,0.8748728632926941,1
2880,H1,0.8807339668273926,1
2881,H1,0.9013698697090149,1
2882,H1,0.9306666851043701,1
2883,H1,0.9383561611175537,1
2884,H1,0.9395349025726318,1
2885,H1,0.8901098966598511,1
2886,H1,0.9063444137573242,1
2887,H1,0.2291666716337204,1
2888,H1,0.6315789222717285,1
2889,H1,0.9202454090118408,1
2890,H1,0.9671052694320679,1
2891,H1,0.9718309640884399,1
2892,H1,0.6216981410980225,2
2893,H1,0.9093624949455261,2
2894,H1,0.9434946775436401,2
2895,H1,0.7929964065551758,3
2896,H1,0.6993511319160461,3
2897,H1,0.8550896644592285,3
2898,H1,0.8447046279907227,3
2899,H1,0.8378307819366455,3
2900,H1,0.5737166404724121,4
2901,H1,0.6361849308013916,4
2902,H1,0.7488982081413269,5
2903,H1,0.6347541809082031,5
2904,H1,0.6503213047981262,5
2905,H1,0.6767652034759521,5
2906,H1,0.6114559769630432,6
2907,H1,0.6822788119316101,7
2908,H1,0.7868240475654602,7
2909,H1,0.8512251377105713,6
2910,H1,0.876474916934967,6
2911,H1,0.7959157228469849,7
2912,H1,0.8453787565231323,7
2913,H1,0.8005507588386536,6
2914,H1,0.7428895831108093,6
2915,H1,0.6236678957939148,5
2916,H1,0.5939747095108032,5
2917,H1,0.6210399866104126,5
2918,H1,0.7046496272087097,4
2919,H1,0.7163712382316589,4
2920,H1,0.7251947522163391,5
2921,H1,0.8705994486808777,5
2922,H1,0.7209253311157227,4
2923,H1,0.8971664309501648,3
2924,H1,0.9147555232048035,3
2925,H1,0.8878161311149597,3
2926,H1,0.8544818758964539,3
2927,H1,0.7968193292617798,2
2928,H1,0.7359499931335449,2
2929,H1,0.9274778962135315,2
2930,H1,0.9008074998855591,2
2931,H1,0.8042385578155518,2
2932,H1,0.7870787382125854,2
2933,H1,0.7839370965957642,2
2934,H1,0.6329561471939087,2
2935,H1,0.7007415294647217,2
2936,H1,0.3333333432674408,1
2937,H1,0.6569343209266663,1
2938,H1,0.8665568232536316,1
2939,H1,0.6732186675071716,1
2940,H1,0.7715665698051453,1
2941,H1,0.928719699382782,1
2942,H1,0.6948356628417969,1
2943,H1,0.29767441749572754,1
2944,H1,0.8416075706481934,1
2945,H1,0.8089005351066589,1
2946,H1,0.8240917921066284,1
2947,H1,0.8259895443916321,1
2948,H1,0.8698669672012329,1
2949,H1,0.8889871835708618,1
2950,H1,0.9279022216796875,1
2951,H1,0.907107949256897,1
2952,H1,0.9423971176147461,1
2953,H1,0.9377651810646057,1
2954,H1,0.9463968873023987,1
2955,H1,0.9448456764221191,1
2956,H1,0.8881401419639587,1
2957,H1,0.8781799077987671,2
2958,H1,0.84670090675354,3
2959,H1,0.83713299036026,4
2960,H1,0.8275375366210938,4
2961,H1,0.8494431972503662,4
2962,H1,0.78920578956604,6
2963,H1,0.8315007090568542,7
2964,H1,0.8150199055671692,7
2965,H1,0.8227922320365906,7
2966,H1,0.8334395289421082,7
2967,H1,0.847693145275116,7
2968,H1,0.8573447465896606,7
2969,H1,0.7734760642051697,7
2970,H1,0.78014075756073,7
2971,H1,0.7832310795783997,6
2972,H1,0.9127982258796692,6
2973,H1,0.8884382843971252,6
2974,H1,0.7803260684013367,8
2975,H1,0.7415326237678528,7
2976,H1,0.863516628742218,5
2977,H1,0.8505479693412781,5
2978,H1,0.7208878993988037,6
2979,H1,0.7290564179420471,6
2980,H1,0.7630654573440552,5
2981,H1,0.8581828474998474,4
2982,H1,0.9010845422744751,4
2983,H1,0.7121820449829102,4
2984,H1,0.7520831823348999,2
2985,H1,0.774193525314331,1
2986,H1,0.8360655903816223,1
2987,H1,0.8760330677032471,1
2988,H1,0.8103448152542114,1
2989,H1,0.8925619721412659,1
2990,H1,0.8653846383094788,1
2991,H1,0.9454545378684998,1
2992,H1,0.942307710647583,1
2993,H1,0.9108911156654358,1
2994,H1,0.875,1
2995,H1,0.8514851331710815,1
2996,H1,0.875,1
2997,H1,0.8172042965888977,1
2998,H1,0.8051947951316833,1
2999,H1,0.782608687877655,1
3000,H1,0.7647058963775635,1
3001,H1,0.9047619104385376,1
3002,H1,0.8571428656578064,1
3003,H1,0.8684210777282715,1
3004,H1,0.8181818127632141,1
3005,H1,0.8190476298332214,1
3006,H1,0.7083333134651184,1
3007,H1,0.7441860437393188,1
3008,H1,0.47999998927116394,1
3009,H1,0.25974026322364807,1
3010,H1,0.3414634168148041,1
3011,H1,1.587301623473536e-09,1
3012,H1,0.4399999976158142,1
3013,H1,0.800000011920929,1
3014,H1,0.7654321193695068,1
3015,H1,0.8611111044883728,1
3016,H1,0.7586206793785095,1
3017,H1,0.7931034564971924,1
3018,H1,0.8450704216957092,1
3019,H1,0.8799999952316284,1
3020,H1,0.8181818127632141,1
3021,H1,0.9117646813392639,1
3022,H1,0.8235294222831726,1
3023,H1,0.7837837934494019,1
3024,H1,0.8607594966888428,1
3025,H1,0.800000011920929,1
3026,H1,0.7777777910232544,1
3027,H1,0.8823529481887817,1
3028,H1,0.6105263233184814,1
3029,H1,0.6727272868156433,1
3030,H1,0.6499999761581421,1
3031,H1,0.7878788113594055,1
3032,H1,0.8405796885490417,1
3033,H1,0.974155068397522,1
3034,H1,0.9501187801361084,1
3035,H1,0.7505285143852234,1
3036,H1,0.2915951907634735,1
3037,H1,0.6762360334396362,1
3038,H1,0.20958083868026733,1
3039,H1,0.3669724762439728,1
3040,H1,0.504273533821106,1
3041,H1,0.6715866923332214,1
3042,H1,0.7039443850517273,3
3043,H1,0.8375044465065002,3
3044,H1,0.8622323870658875,4
3045,H1,0.8964638710021973,6
3046,H1,0.8477427363395691,7
3047,H1,0.9059930443763733,7
3048,H1,0.9056476950645447,7
3049,H1,0.8624092936515808,7
3050,H1,0.8488255739212036,7
3051,H1,0.8314536213874817,7
3052,H1,0.8465626835823059,7
3053,H1,0.8365505933761597,7
3054,H1,0.8003792762756348,8
3055,H1,0.855387270450592,7
3056,H1,0.8204469084739685,7
3057,H1,0.8702292442321777,6
3058,H1,0.9061837196350098,6
3059,H1,0.888400673866272,7
3060,H1,0.8836394548416138,7
3061,H1,0.9063388705253601,6
3062,H1,0.8151877522468567,7
3063,H1,0.7702344059944153,7
3064,H1,0.8044402003288269,7
3065,H1,0.7633240222930908,6
3066,H1,0.7978727221488953,4
3067,H1,0.7545737028121948,4
3068,H1,0.9599888324737549,3
3069,H1,0.9433334469795227,3
3070,H1,0.9078669548034668,3
3071,H1,0.9085084199905396,4
3072,H1,0.888066291809082,3
3073,H1,0.8895121812820435,2
3074,H1,0.861357569694519,2
3075,H1,0.8507936596870422,1
3076,H1,0.9198380708694458,1
3077,H1,0.951724112033844,1
3078,H1,0.9143897891044617,1
3079,H1,0.42807018756866455,1
3080,H1,0.6530612111091614,1
3081,H1,0.9306930899620056,1
3082,H1,0.9423728585243225,1
3083,H1,0.9046321511268616,1
3084,H1,0.8841215372085571,2
3085,H1,0.8251151442527771,3
3086,H1,0.8683262467384338,3
3087,H1,0.8255221843719482,3
3088,H1,0.8019171357154846,3
3089,H1,0.8149119019508362,3
3090,H1,0.7284748554229736,3
3091,H1,0.5859270691871643,4
3092,H1,0.7405676245689392,5
3093,H1,0.8560196161270142,5
3094,H1,0.8125041127204895,5
3095,H1,0.7559926509857178,5
3096,H1,0.7355231642723083,6
3097,H1,0.701522946357727,7
3098,H1,0.7989799380302429,8
3099,H1,0.8569520711898804,8
3100,H1,0.8882789611816406,8
3101,H1,0.8374337553977966,9
3102,H1,0.7631175518035889,9
3103,H1,0.7625277638435364,7
3104,H1,0.7436190843582153,8
3105,H1,0.8371874690055847,6
3106,H1,0.8616146445274353,6
3107,H1,0.9197179675102234,5
3108,H1,0.8873566389083862,5
3109,H1,0.7686404585838318,5
3110,H1,0.7439955472946167,5
3111,H1,0.8529988527297974,5
3112,H1,0.8406825065612793,5
3113,H1,0.9363833665847778,4
3114,H1,0.9159511923789978,4
3115,H1,0.70798659324646,4
3116,H1,0.6785570979118347,4
3117,H1,0.5946353077888489,3
3118,H1,0.6030769348144531,3
3119,H1,0.9206613302230835,2
3120,H1,0.7982091307640076,2
3121,H1,0.7789689302444458,2
3122,H1,0.7864910364151001,2
3123,H1,0.9798816442489624,1
3124,H1,0.9166666865348816,1
3125,H1,0.9615384340286255,1
3126,H1,0.984192430973053,1
3127,H1,0.9765674471855164,1
3128,H1,0.9658181667327881,1
3129,H1,0.6697247624397278,1
3130,H1,0.9677419066429138,1
3131,H1,0.9676458835601807,2
3132,H1,0.979215681552887,2
3133,H1,0.9878567457199097,2
3134,H1,0.8914147615432739,4
3135,H1,0.9304348230361938,4
3136,H1,0.7411412596702576,5
3137,H1,0.8452134132385254,5
3138,H1,0.9253960847854614,5
3139,H1,0.9074986577033997,6
3140,H1,0.8727368712425232,7
3141,H1,0.9130080342292786,7
3142,H1,0.8738056421279907,8
3143,H1,0.9384483098983765,8
3144,H1,0.9514540433883667,8
3145,H1,0.8853886723518372,9
3146,H1,0.9231851100921631,9
3147,H1,0.924487829208374,9
3148,H1,0.8759556412696838,9
3149,H1,0.9145845770835876,7
3150,H1,0.9179083108901978,7
3151,H1,0.7927414774894714,6
3152,H1,0.8795051574707031,4
3153,H1,0.9657076001167297,3
3154,H1,0.9616500735282898,3
3155,H1,0.9689672589302063,3
3156,H1,0.883247435092926,4
3157,H1,0.9626353979110718,4
3158,H1,0.8866783380508423,4
3159,H1,0.9230021238327026,2
3160,H1,0.9408824443817139,2
3161,H1,0.9066722393035889,2
3162,H1,0.7977550029754639,2
3163,H1,0.7674418687820435,1
3164,H1,0.8372092843055725,1
3165,H1,0.7540983557701111,1
3166,H1,0.6399999856948853,1
3167,H1,0.75,1
3168,H1,0.9199255108833313,1
3169,H1,0.9672691822052002,1
3170,H1,0.9397357106208801,1
3171,H1,0.9625868797302246,1
3172,H1,0.9497950673103333,1
3173,H1,0.9683370590209961,1
3174,H1,0.9579831957817078,1
3175,H1,0.9566996097564697,1
3176,H1,0.9185009002685547,1
3177,H1,0.6075471639633179,1
3178,H1,0.7586206793785095,1
3179,H1,0.8809523582458496,2
3180,H1,0.9080412983894348,3
3181,H1,0.9149556756019592,3
3182,H1,0.9174972176551819,3
3183,H1,0.9249093532562256,3
3184,H1,0.8905293345451355,3
3185,H1,0.8440853953361511,4
3186,H1,0.8237642049789429,5
3187,H1,0.8314571380615234,5
3188,H1,0.8813964128494263,5
3189,H1,0.8119850158691406,5
3190,H1,0.787275493144989,6
3191,H1,0.7678025364875793,7
3192,H1,0.8301582336425781,8
3193,H1,0.8714424967765808,9
3194,H1,0.8305447101593018,9
3195,H1,0.8799952864646912,9
3196,H1,0.873030424118042,9
3197,H1,0.7965530157089233,9
3198,H1,0.7985697388648987,6
3199,H1,0.9100987911224365,4
3200,H1,0.7820637822151184,4
3201,H1,0.9153263568878174,3
3202,H1,0.9404509663581848,3
3203,H1,0.9344995021820068,3
3204,H1,0.957043468952179,3
3205,H1,0.5153284668922424,2
3206,H1,0.7049039602279663,2
3207,H1,0.4845660924911499,2
3208,H1,0.6350188255310059,2
3209,H1,0.5446691513061523,2
3210,H1,0.8846495151519775,2
3211,H1,0.9328703880310059,2
3212,H1,0.8870292901992798,1
3213,H1,0.8799999952316284,1
3214,H1,0.8799999952316284,1
3215,H1,0.8476821184158325,1
3216,H1,0.6871795058250427,1
3217,H1,0.7726432681083679,1
3218,H1,0.8498467803001404,1
3219,H1,0.8606147170066833,1
3220,H1,0.9131312966346741,1
3221,H1,0.9368461966514587,1
3222,H1,0.9657345414161682,1
3223,H1,0.9749897718429565,1
3224,H1,0.9449485540390015,1
3225,H1,0.7678746581077576,1
3226,H1,0.6177294850349426,2
3227,H1,0.8213030099868774,2
3228,H1,0.7512510418891907,3
3229,H1,0.8897425532341003,3
3230,H1,0.831455409526825,3
3231,H1,0.9156305193901062,3
3232,H1,0.9250237941741943,4
3233,H1,0.886565089225769,5
3234,H1,0.8578868508338928,6
3235,H1,0.8525999188423157,6
3236,H1,0.8561951518058777,6
3237,H1,0.8779667019844055,6
3238,H1,0.8649047017097473,7
3239,H1,0.8705419898033142,7
3240,H1,0.8452100157737732,7
3241,H1,0.854094922542572,7
3242,H1,0.843744158744812,8
3243,H1,0.8676967024803162,7
3244,H1,0.8159586191177368,8
3245,H1,0.808296263217926,8
3246,H1,0.8417637944221497,7
3247,H1,0.9045543074607849,6
3248,H1,0.8952654004096985,6
3249,H1,0.8148097395896912,6
3250,H1,0.747623085975647,5
3251,H1,0.9468245506286621,3
3252,H1,0.9440373778343201,3
3253,H1,0.939784824848175,3
3254,H1,0.9620792269706726,3
3255,H1,0.9570081233978271,3
3256,H1,0.9627787470817566,3
3257,H1,0.9486210346221924,3
3258,H1,0.9079947471618652,2
3259,H1,0.8490817546844482,2
3260,H1,0.8859666585922241,2
3261,H1,0.5465546250343323,2
3262,H1,0.6666666865348816,1
3263,H1,0.84112149477005,1
3264,H1,0.8990825414657593,1
3265,H1,0.7333333492279053,1
3266,H1,0.8125,1
3267,H1,0.8064516186714172,1
3268,H1,0.800000011920929,1
3269,H1,0.75,1
3270,H1,0.6785714030265808,1
3271,H1,0.6363636255264282,1
3272,H1,0.6818181872367859,1
3273,H1,0.6206896305084229,1
3274,H1,0.9581395387649536,1
3275,H1,0.9344262480735779,1
3276,H1,0.8254847526550293,1
3277,H1,0.8617449402809143,1
3278,H1,0.5228758454322815,1
3279,H1,0.7378531098365784,2
3280,H1,0.7609742879867554,2
3281,H1,0.8491621613502502,3
3282,H1,0.9252678751945496,3
3283,H1,0.9024651646614075,4
3284,H1,0.9375052452087402,4
3285,H1,0.9520026445388794,4
3286,H1,0.9470611810684204,4
3287,H1,0.9520766735076904,4
3288,H1,0.7619461417198181,5
3289,H1,0.8402973413467407,5
3290,H1,0.9152585864067078,5
3291,H1,0.9265050888061523,5
3292,H1,0.9276657104492188,5
3293,H1,0.925703227519989,6
3294,H1,0.9102628827095032,6
3295,H1,0.8606942296028137,6
3296,H1,0.8525246381759644,7
3297,H1,0.8242059350013733,7
3298,H1,0.8108285665512085,8
3299,H1,0.7825550436973572,9
3300,H1,0.8416799306869507,9
3301,H1,0.8341714143753052,10
3302,H1,0.8459768295288086,10
3303,H1,0.8932477235794067,8
3304,H1,0.9165483117103577,7
3305,H1,0.8717533946037292,7
3306,H1,0.7862017750740051,6
3307,H1,0.8584681153297424,4
3308,H1,0.9590685367584229,3
3309,H1,0.96725994348526,3
3310,H1,0.9674010872840881,3
3311,H1,0.9646086096763611,3
3312,H1,0.9064754843711853,4
3313,H1,0.9328603744506836,4
3314,H1,0.9435408115386963,4
3315,H1,0.8256880640983582,1
3316,H1,0.90574711561203,1
3317,H1,0.9411764740943909,1
3318,H1,0.9534050226211548,1
3319,H1,0.9421157836914062,1
3320,H1,0.9494030475616455,1
3321,H1,0.9465195536613464,1
3322,H1,0.9550387859344482,1
3323,H1,0.9383538961410522,1
3324,H1,0.9671772718429565,1
3325,H1,0.9641969203948975,1
3326,H1,0.9701199531555176,1
3327,H1,0.9727236032485962,1
3328,H1,0.9517937302589417,1
3329,H1,0.9676634073257446,1
3330,H1,0.9709744453430176,1
3331,H1,0.9628880023956299,1
3332,H1,0.9690829515457153,1
3333,H1,0.9459757208824158,1
3334,H1,0.9204879999160767,1
3335,H1,0.8832387328147888,1
3336,H1,0.7968074679374695,1
3337,H1,0.9090909361839294,1
3338,H1,0.8912436962127686,1
3339,H1,0.6348501443862915,1
3340,H1,0.8083832263946533,1
3341,H1,0.9346733689308167,1
3342,H1,0.9476190209388733,1
3343,H1,0.9730639457702637,1
3344,H1,0.9558638334274292,1
3345,H1,0.9799599051475525,1
3346,H1,0.7045040130615234,2
3347,H1,0.6919422149658203,2
3348,H1,0.7608791589736938,2
3349,H1,0.835310697555542,2
3350,H1,0.8499871492385864,2
3351,H1,0.8523459434509277,2
3352,H1,0.7996373176574707,3
3353,H1,0.7917843461036682,3
3354,H1,0.7244874835014343,4
3355,H1,0.8423082828521729,4
3356,H1,0.6913337707519531,6
3357,H1,0.6946072578430176,6
3358,H1,0.8451611995697021,6
3359,H1,0.8117713928222656,7
3360,H1,0.8818799257278442,7
3361,H1,0.8574237823486328,7
3362,H1,0.8917231559753418,7
3363,H1,0.885918915271759,7
3364,H1,0.8683004379272461,7
3365,H1,0.9021344184875488,7
3366,H1,0.8812385201454163,7
3367,H1,0.8715090751647949,7
3368,H1,0.8968905210494995,7
3369,H1,0.8591943383216858,7
3370,H1,0.8558860421180725,7
3371,H1,0.8617292046546936,7
3372,H1,0.8297608494758606,7
3373,H1,0.8564270734786987,7
3374,H1,0.8617960214614868,7
3375,H1,0.8808079957962036,7
3376,H1,0.8671440482139587,7
3377,H1,0.8625978231430054,7
3378,H1,0.8835753202438354,7
3379,H1,0.8426313400268555,7
3380,H1,0.8382405042648315,7
3381,H1,0.8535000681877136,7
3382,H1,0.7801951169967651,8
3383,H1,0.8510405421257019,8
3384,H1,0.8366972208023071,8
3385,H1,0.8514951467514038,7
3386,H1,0.8830265998840332,7
3387,H1,0.8738158941268921,8
3388,H1,0.8517725467681885,9
3389,H1,0.8021886348724365,9
3390,H1,0.8647185564041138,8
3391,H1,0.8649935722351074,8
3392,H1,0.8420572280883789,8
3393,H1,0.9032602310180664,7
3394,H1,0.8627511858940125,7
3395,H1,0.806592583656311,7
3396,H1,0.8393647074699402,7
3397,H1,0.7957161664962769,7
3398,H1,0.8987486958503723,6
3399,H1,0.8935783505439758,6
3400,H1,0.8971789479255676,6
3401,H1,0.8879448771476746,6
3402,H1,0.8207712173461914,6
3403,H1,0.8207857608795166,6
3404,H1,0.831635057926178,6
3405,H1,0.7866800427436829,5
3406,H1,0.8193542957305908,4
3407,H1,0.958655834197998,3
3408,H1,0.9724100232124329,3
3409,H1,0.9703938961029053,3
3410,H1,0.8918659687042236,4
3411,H1,0.9305082559585571,4
3412,H1,0.9366707801818848,4
3413,H1,0.946809709072113,4
3414,H1,0.9290978908538818,4
3415,H1,0.9258536696434021,4
3416,H1,0.8991343379020691,4
3417,H1,0.9031054377555847,4
3418,H1,0.9061149954795837,4
3419,H1,0.9186683893203735,4
3420,H1,0.9296889901161194,4
3421,H1,0.8598669767379761,4
3422,H1,0.8837904930114746,3
3423,H1,0.8557906746864319,3
3424,H1,0.8263522982597351,3
3425,H1,0.8283909559249878,2
3426,H1,0.8355263471603394,2
3427,H1,0.8095238208770752,1
3428,H1,0.6470588445663452,1
3429,H1,0.5360824465751648,1
3430,H1,0.8735632300376892,1
3431,H1,0.9108911156654358,1
3432,H1,0.9696288108825684,1
3433,H1,0.9545454382896423,1
3434,H1,0.979050874710083,1
3435,H1,0.9860365390777588,1
3436,H1,0.9850260615348816,1
3437,H1,0.9891373515129089,1
3438,H1,0.9928692579269409,1
3439,H1,0.9847211837768555,1
3440,H1,0.9863913655281067,1
3441,H1,0.7550432085990906,1
3442,H1,0.8341231942176819,1
3443,H1,0.6060606241226196,1
3444,H1,0.9802371263504028,1
3445,H1,0.9717481136322021,2
3446,H1,0.9790762662887573,2
3447,H1,0.9749759435653687,2
3448,H1,0.9551916122436523,3
3449,H1,0.9632200598716736,3
3450,H1,0.9577815532684326,3
3451,H1,0.9482081532478333,3
3452,H1,0.8888231515884399,5
3453,H1,0.9355545043945312,5
3454,H1,0.8967569470405579,5
3455,H1,0.9105695486068726,5
3456,H1,0.9060745239257812,5
3457,H1,0.9575263261795044,5
3458,H1,0.8775070905685425,5
3459,H1,0.842534601688385,7
3460,H1,0.9195514917373657,7
3461,H1,0.9333467483520508,7
3462,H1,0.8983799815177917,7
3463,H1,0.8827911615371704,10
3464,H1,0.9132566452026367,10
3465,H1,0.8930045366287231,8
3466,H1,0.9333038926124573,7
3467,H1,0.8682044148445129,6
3468,H1,0.9456184506416321,4
3469,H1,0.9426442384719849,4
3470,H1,0.968823254108429,3
3471,H1,0.9702367782592773,3
3472,H1,0.9712707996368408,3
3473,H1,0.9284067153930664,4
3474,H1,0.9721702337265015,4
3475,H1,0.9507394433021545,4
3476,H1,0.8885372281074524,4
3477,H1,0.9227421879768372,3
3478,H1,0.8643834590911865,3
3479,H1,0.9088739156723022,2
3480,H1,0.9341365098953247,2
3481,H1,0.9703197479248047,2
3482,H1,0.955330491065979,2
3483,H1,0.9343053102493286,2
3484,H1,0.8986850380897522,2
3485,H1,0.800000011920929,1
3486,H1,0.7543859481811523,1
3487,H1,0.822429895401001,1
3488,H1,0.6666666865348816,1
3489,H1,0.6857143044471741,1
3490,H1,0.6984127163887024,1
3491,H1,0.6122449040412903,1
3492,H1,0.7599999904632568,1
3493,H1,0.6785714030265808,1
3494,H1,0.5833333134651184,1
3495,H1,0.7954545617103577,1
3496,H1,0.8865979313850403,1
3497,H1,0.8387096524238586,1
3498,H1,0.6904761791229248,1
3499,H1,0.746268630027771,1
3500,H1,0.7164179086685181,1
3501,H1,0.7096773982048035,1
3502,H1,0.7160493731498718,1
3503,H1,0.6732673048973083,1
3504,H1,0.9256198406219482,1
3505,H1,0.8440366983413696,1
3506,H1,0.8602150678634644,1
3507,H1,0.8571428656578064,1
3508,H1,0.8695651888847351,1
3509,H1,0.9189189076423645,1
3510,H1,0.7954545617103577,1
3511,H1,0.8372092843055725,1
3512,H1,0.8101266026496887,1
3513,H1,0.891566276550293,1
3514,H1,0.7368420958518982,1
3515,H1,0.8450704216957092,1
3516,H1,0.7469879388809204,1
3517,H1,0.9411764740943909,1
3518,H1,0.8444444537162781,1
3519,H1,0.8095238208770752,1
3520,H1,0.6987951993942261,1
0,H2,0.9408983588218689,1
1,H2,0.9455709457397461,1
2,H2,0.9760438203811646,1
3,H2,0.9661986231803894,1
4,H2,0.9836909770965576,1
5,H2,0.9714285731315613,1
6,H2,0.9825513958930969,1
7,H2,0.9771573543548584,1
8,H2,0.8996793627738953,1
9,H2,0.7742363810539246,1
10,H2,0.9620991349220276,1
11,H2,0.9452449679374695,1
12,H2,1.2500000146076218e-08,1
13,H2,0.9090909361839294,1
14,H2,0.9586777091026306,1
15,H2,0.7906962633132935,2
16,H2,0.9178690314292908,2
17,H2,0.7525919079780579,3
18,H2,0.8120246529579163,3
19,H2,0.823195219039917,4
20,H2,0.8204227089881897,4
21,H2,0.8734318017959595,4
22,H2,0.752437174320221,5
23,H2,0.6527779698371887,6
24,H2,0.7775518298149109,6
25,H2,0.7657254338264465,6
26,H2,0.842909574508667,6
27,H2,0.7530964016914368,7
28,H2,0.7631601691246033,7
29,H2,0.7982274889945984,7
30,H2,0.8066483736038208,7
31,H2,0.8227970004081726,7
32,H2,0.7967128753662109,8
33,H2,0.7811356782913208,8
34,H2,0.7580738067626953,6
35,H2,0.7569196820259094,7
36,H2,0.870035707950592,7
37,H2,0.8992159962654114,7
38,H2,0.8398094177246094,7
39,H2,0.7561752200126648,6
40,H2,0.6140992641448975,6
41,H2,0.7365121841430664,5
42,H2,0.7325213551521301,4
43,H2,0.9771544933319092,3
44,H2,0.8007272481918335,4
45,H2,0.8278994560241699,4
46,H2,0.949043333530426,4
47,H2,0.9180198907852173,4
48,H2,0.8177777528762817,1
49,H2,0.8120062947273254,1
50,H2,0.5263158082962036,1
51,H2,0.5062111616134644,1
52,H2,0.2830769121646881,1
53,H2,1.6722408180402937e-10,1
54,H2,1.8050541616965177e-10,1
55,H2,2.049180408691953e-10,1
56,H2,0.2662607729434967,2
57,H2,0.5399113297462463,2
58,H2,0.5986722707748413,2
59,H2,0.6552659273147583,2
60,H2,0.6440890431404114,3
61,H2,0.5410981178283691,4
62,H2,0.5988517999649048,5
63,H2,0.7615726590156555,5
64,H2,0.7297273874282837,5
65,H2,0.7423752546310425,5
66,H2,0.7512898445129395,5
67,H2,0.7704346179962158,6
68,H2,0.7025570273399353,7
69,H2,0.5875824093818665,7
70,H2,0.6400883793830872,8
71,H2,0.6846725344657898,8
72,H2,0.6933493614196777,9
73,H2,0.8155096769332886,8
74,H2,0.7986302971839905,9
75,H2,0.7422576546669006,9
76,H2,0.759514570236206,8
77,H2,0.673984169960022,7
78,H2,0.6618077158927917,6
79,H2,0.6082853078842163,5
80,H2,0.6929714679718018,4
81,H2,0.7163918614387512,4
82,H2,0.9375605583190918,3
83,H2,0.9327399134635925,3
84,H2,0.7677615284919739,4
85,H2,0.7317387461662292,4
86,H2,0.5215434432029724,3
87,H2,0.6394197940826416,2
88,H2,0.42847123742103577,2
89,H2,0.6117216348648071,2
90,H2,0.39024388790130615,2
91,H2,0.9047619104385376,1
92,H2,0.8648648858070374,1
93,H2,0.5128205418586731,1
94,H2,0.782608687877655,1
95,H2,0.6428571343421936,1
96,H2,0.5945945978164673,1
97,H2,0.3720930218696594,1
98,H2,0.4583333432674408,1
99,H2,0.4736842215061188,1
100,H2,0.5600000023841858,1
101,H2,0.4285714328289032,1
102,H2,0.24242424964904785,1
103,H2,0.375,1
104,H2,0.6857143044471741,1
105,H2,0.6499999761581421,1
106,H2,0.41860464215278625,1
107,H2,0.3333333432674408,1
108,H2,0.1538461595773697,1
109,H2,0.5600000023841858,1
110,H2,0.6086956262588501,1
111,H2,0.6086956262588501,1
112,H2,0.75,1
113,H2,0.8181818127632141,1
114,H2,0.8799999952316284,1
115,H2,0.5,1
116,H2,0.3448275923728943,1
117,H2,0.6060606241226196,1
118,H2,0.5945945978164673,1
119,H2,0.5116279125213623,1
120,H2,0.6341463327407837,1
121,H2,0.7111111283302307,1
122,H2,0.5384615659713745,1
123,H2,0.5,1
124,H2,0.7051671743392944,1
125,H2,0.40588852763175964,1
126,H2,0.6828380823135376,1
127,H2,0.9292131066322327,1
128,H2,0.9696969985961914,1
129,H2,0.9644801616668701,1
130,H2,0.968017041683197,1
131,H2,0.8567408919334412,1
132,H2,0.680579423904419,1
133,H2,0.45171257853507996,1
134,H2,0.2886543571949005,1
135,H2,0.28469568490982056,1
136,H2,0.12782874703407288,1
137,H2,0.8279480934143066,2
138,H2,0.8394705653190613,3
139,H2,0.9031167030334473,3
140,H2,0.8900484442710876,3
141,H2,0.8992938995361328,3
142,H2,0.9148590564727783,3
143,H2,0.9271965622901917,3
144,H2,0.9011130332946777,3
145,H2,0.8702451586723328,3
146,H2,0.8104397654533386,3
147,H2,0.8970525860786438,3
148,H2,0.8915812969207764,3
149,H2,0.9231635928153992,3
150,H2,0.9036440253257751,3
151,H2,0.9139803051948547,3
152,H2,0.9222996234893799,3
153,H2,0.7920955419540405,4
154,H2,0.8376474976539612,4
155,H2,0.802147388458252,4
156,H2,0.8665680289268494,6
157,H2,0.8949190974235535,6
158,H2,0.8980057835578918,6
159,H2,0.9356575012207031,6
160,H2,0.9240604043006897,6
161,H2,0.9165654182434082,6
162,H2,0.9309864640235901,6
163,H2,0.8844847679138184,6
164,H2,0.8864386677742004,6
165,H2,0.8922309279441833,6
166,H2,0.9185317158699036,6
167,H2,0.9282435774803162,6
168,H2,0.8511890769004822,7
169,H2,0.8794586062431335,7
170,H2,0.8915333151817322,7
171,H2,0.8930129408836365,7
172,H2,0.8780273795127869,7
173,H2,0.8843718767166138,7
174,H2,0.8289361000061035,7
175,H2,0.6484317183494568,8
176,H2,0.7336724996566772,8
177,H2,0.7847617268562317,8
178,H2,0.7695968747138977,9
179,H2,0.7217692732810974,9
180,H2,0.6732330918312073,9
181,H2,0.7017149329185486,8
182,H2,0.6517013311386108,8
183,H2,0.6835008263587952,6
184,H2,0.7680837512016296,5
185,H2,0.826316237449646,5
186,H2,0.8378244638442993,5
187,H2,0.8172711133956909,5
188,H2,0.7938698530197144,5
189,H2,0.8191219568252563,4
190,H2,0.7967506647109985,4
191,H2,0.8519731163978577,4
192,H2,0.8763324022293091,4
193,H2,0.852446973323822,4
194,H2,0.8209903836250305,3
195,H2,0.6429210305213928,3
196,H2,0.9563542604446411,2
197,H2,0.963310718536377,2
198,H2,0.9731786251068115,2
199,H2,0.9808075428009033,2
200,H2,0.966011643409729,2
201,H2,0.970372200012207,2
202,H2,0.9775662422180176,2
203,H2,0.9704734086990356,2
204,H2,0.9726626873016357,2
205,H2,0.9607579708099365,2
206,H2,0.9633748531341553,2
207,H2,0.9356006979942322,3
208,H2,0.8152692914009094,3
209,H2,0.6482253074645996,3
210,H2,0.6246630549430847,3
211,H2,0.953960657119751,2
212,H2,0.9635500907897949,2
213,H2,0.9477037191390991,2
214,H2,0.9840800762176514,2
215,H2,0.9369449019432068,2
216,H2,0.9505302309989929,2
217,H2,0.9531382918357849,2
218,H2,0.9482290744781494,2
219,H2,0.9405916929244995,2
220,H2,0.860075056552887,2
221,H2,0.9502359628677368,2
222,H2,0.9015740156173706,2
223,H2,0.7291747331619263,2
224,H2,0.8709677457809448,1
225,H2,0.8403361439704895,1
226,H2,0.8392857313156128,1
227,H2,0.795918345451355,1
228,H2,0.843137264251709,1
229,H2,0.9263157844543457,1
230,H2,0.8659793734550476,1
231,H2,0.7727272510528564,1
232,H2,0.8333333134651184,1
233,H2,0.9756097793579102,1
234,H2,0.9195402264595032,1
235,H2,0.8387096524238586,1
236,H2,0.8737863898277283,1
237,H2,0.8910890817642212,1
238,H2,0.9541284441947937,1
239,H2,0.9636363387107849,1
240,H2,0.9107142686843872,1
241,H2,0.2177419364452362,1
242,H2,0.43195265531539917,1
243,H2,0.5342789888381958,1
244,H2,0.601178765296936,1
245,H2,0.6467486619949341,1
246,H2,0.6934189200401306,1
247,H2,0.6688417792320251,1
248,H2,0.7559275031089783,1
249,H2,0.789340078830719,1
250,H2,0.826302707195282,1
251,H2,0.8499400019645691,1
252,H2,0.922914445400238,1
253,H2,0.9420849680900574,1
254,H2,0.9763481616973877,1
255,H2,0.9382022619247437,1
256,H2,0.9715242981910706,1
257,H2,0.9700787663459778,1
258,H2,0.9801223278045654,1
259,H2,0.9580838084220886,1
260,H2,0.9669711589813232,1
261,H2,0.9705488681793213,1
262,H2,0.9855642914772034,1
263,H2,0.9780361652374268,1
264,H2,0.9655172228813171,1
265,H2,0.9679334759712219,1
266,H2,0.9865418076515198,1
267,H2,0.9791907668113708,1
268,H2,0.9723451137542725,1
269,H2,0.9816414713859558,1
270,H2,0.9877983927726746,1
271,H2,0.9768421053886414,1
272,H2,0.9640718698501587,1
273,H2,0.9807217121124268,1
274,H2,0.9873170852661133,1
275,H2,0.9768785834312439,1
276,H2,0.9686312079429626,1
277,H2,0.9814814925193787,1
278,H2,0.9852125644683838,1
279,H2,0.974405825138092,1
280,H2,0.96756511926651,1
281,H2,0.9735159873962402,1
282,H2,0.9815837740898132,1
283,H2,0.9813953638076782,1
284,H2,0.9414682388305664,1
285,H2,0.9350780248641968,1
286,H2,0.9379727840423584,1
287,H2,0.9381965398788452,1
288,H2,0.880169689655304,1
289,H2,0.8778330683708191,1
290,H2,0.9391199350357056,1
291,H2,0.9410272836685181,1
292,H2,0.9186813235282898,1
293,H2,0.8600311279296875,1
294,H2,0.9023051857948303,1
295,H2,0.8732718825340271,1
296,H2,2.5510205059475766e-10,1
297,H2,4.608294856822681e-10,1
298,H2,1.0638298020282377e-09,1
299,H2,2.7027027282855443e-09,1
300,H2,4.999999969612645e-09,1
301,H2,4.999999969612645e-09,1
302,H2,2.1276596040564755e-09,1
303,H2,1.5384615803526458e-09,1
304,H2,0.3513513505458832,2
305,H2,0.4202898442745209,2
306,H2,0.4000000059604645,2
307,H2,0.2368421107530594,2
308,H2,0.39806708693504333,2
309,H2,0.6872779130935669,2
310,H2,0.6846345663070679,2
311,H2,0.7086078524589539,3
312,H2,0.7802078127861023,3
313,H2,0.7000148296356201,3
314,H2,0.6622676253318787,3
315,H2,0.7494518160820007,3
316,H2,0.7868543267250061,3
317,H2,0.7422642111778259,3
318,H2,0.8117232322692871,3
319,H2,0.738902747631073,4
320,H2,0.7486423850059509,4
321,H2,0.7701651453971863,4
322,H2,0.8300900459289551,4
323,H2,0.876189649105072,4
324,H2,0.7674473524093628,4
325,H2,0.8027499914169312,4
326,H2,0.8288416266441345,4
327,H2,0.8663947582244873,4
328,H2,0.8363720774650574,4
329,H2,0.8281363248825073,4
330,H2,0.8567222952842712,4
331,H2,0.8646358251571655,4
332,H2,0.8618264198303223,4
333,H2,0.8644235730171204,4
334,H2,0.8535401821136475,4
335,H2,0.8574662208557129,4
336,H2,0.8717918395996094,4
337,H2,0.8704071640968323,4
338,H2,0.816990852355957,4
339,H2,0.8186700344085693,4
340,H2,0.8743143081665039,4
341,H2,0.8632229566574097,4
342,H2,0.8673754930496216,4
343,H2,0.9105349779129028,4
344,H2,0.8911017179489136,4
345,H2,0.892277181148529,4
346,H2,0.899872899055481,4
347,H2,0.7500451803207397,5
348,H2,0.897362232208252,5
349,H2,0.9113795161247253,5
350,H2,0.8477975130081177,5
351,H2,0.9150186777114868,5
352,H2,0.9142204523086548,5
353,H2,0.896862804889679,5
354,H2,0.8738180994987488,5
355,H2,0.7172691822052002,6
356,H2,0.8641594052314758,6
357,H2,0.8269896507263184,6
358,H2,0.8115984797477722,6
359,H2,0.9154677391052246,6
360,H2,0.9433789253234863,6
361,H2,0.9282087683677673,6
362,H2,0.9062569737434387,6
363,H2,0.926093339920044,6
364,H2,0.9378235340118408,6
365,H2,0.9089086055755615,6
366,H2,0.8909117579460144,6
367,H2,0.9061591625213623,6
368,H2,0.8950915336608887,6
369,H2,0.8695337772369385,6
370,H2,0.8352063894271851,7
371,H2,0.8481466174125671,7
372,H2,0.8936707377433777,7
373,H2,0.7822092175483704,7
374,H2,0.6801753640174866,7
375,H2,0.7177335023880005,7
376,H2,0.7162458300590515,7
377,H2,0.8043704032897949,6
378,H2,0.76270991563797,6
379,H2,0.5623548626899719,7
380,H2,0.4718610346317291,8
381,H2,0.4300917983055115,8
382,H2,0.3388217091560364,8
383,H2,0.5202723145484924,6
384,H2,0.6425026655197144,6
385,H2,0.6273619532585144,6
386,H2,0.6098759174346924,6
387,H2,0.9295733571052551,4
388,H2,0.9194645881652832,4
389,H2,0.7066069841384888,4
390,H2,0.9234929084777832,3
391,H2,0.9431808590888977,3
392,H2,0.9415035843849182,3
393,H2,0.9419304728507996,3
394,H2,0.9550633430480957,3
395,H2,0.9581276774406433,3
396,H2,0.9567943215370178,3
397,H2,0.9507860541343689,3
398,H2,0.9531447291374207,3
399,H2,0.9546293616294861,3
400,H2,0.9630010724067688,3
401,H2,0.9547178149223328,3
402,H2,0.9479153156280518,3
403,H2,0.9548041820526123,3
404,H2,0.9621706008911133,3
405,H2,0.9555365443229675,3
406,H2,0.952396810054779,3
407,H2,0.8444265723228455,4
408,H2,0.8552892804145813,4
409,H2,0.8514926433563232,4
410,H2,0.8370460271835327,4
411,H2,0.9347620010375977,4
412,H2,0.9514240622520447,4
413,H2,0.9425710439682007,4
414,H2,0.9421082139015198,4
415,H2,0.9519679546356201,4
416,H2,0.9652590155601501,4
417,H2,0.9591482877731323,4
418,H2,0.9275722503662109,4
419,H2,0.9489260911941528,4
420,H2,0.9746142625808716,4
421,H2,0.9595755338668823,4
422,H2,0.9217637777328491,4
423,H2,0.9569531679153442,4
424,H2,0.9673804044723511,4
425,H2,0.937799334526062,4
426,H2,0.9028562903404236,4
427,H2,0.9004970788955688,4
428,H2,0.945819079875946,4
429,H2,0.9476748704910278,4
430,H2,0.8385496139526367,4
431,H2,0.7318008542060852,3
432,H2,0.7871623039245605,3
433,H2,0.955594539642334,2
434,H2,0.9073716998100281,2
435,H2,0.8916475772857666,2
436,H2,0.9259054660797119,2
437,H2,0.916907548904419,2
438,H2,0.858434796333313,2
439,H2,0.8635505437850952,2
440,H2,0.8695164918899536,2
441,H2,0.8158310651779175,2
442,H2,0.8094373941421509,2
443,H2,0.7126436829566956,1
444,H2,0.6428571343421936,1
445,H2,0.5,1
446,H2,0.34567901492118835,1
447,H2,0.4482758641242981,1
448,H2,0.5079365372657776,1
449,H2,0.45614033937454224,1
450,H2,0.5151515007019043,1
451,H2,0.3720930218696594,1
452,H2,0.12121212482452393,1
453,H2,0.4761904776096344,1
454,H2,0.3888888955116272,1
455,H2,0.3589743673801422,1
456,H2,0.3333333432674408,1
457,H2,0.260869562625885,1
458,H2,0.5333333611488342,1
459,H2,0.25,1
460,H2,0.25531914830207825,1
461,H2,0.2448979616165161,1
462,H2,0.2545454502105713,1
463,H2,0.17543859779834747,1
464,H2,1.999999943436137e-09,1
465,H2,2.9411764135289786e-09,1
466,H2,0.5507246255874634,1
467,H2,0.8132529854774475,1
468,H2,0.8873239159584045,1
469,H2,0.9139922857284546,1
470,H2,0.9383803009986877,1
471,H2,0.9542743563652039,1
472,H2,0.9473684430122375,1
473,H2,0.9092592597007751,1
474,H2,0.924117922782898,1
475,H2,0.7409732937812805,1
476,H2,0.8797250986099243,1
477,H2,0.606889009475708,1
478,H2,0.13861386477947235,1
479,H2,0.12974052131175995,1
480,H2,0.09195402264595032,1
481,H2,0.08604206144809723,1
482,H2,1.4836795680928105e-10,1
483,H2,9.20810303006725e-11,1
484,H2,7.763975573560344e-11,1
485,H2,7.739937857298429e-11,1
486,H2,5.952380810470004e-10,1
487,H2,0.5488371849060059,1
488,H2,0.7344262003898621,1
489,H2,0.8146341443061829,1
490,H2,0.8287526369094849,1
491,H2,0.8719611167907715,1
492,H2,0.45057767629623413,2
493,H2,0.5315572023391724,2
494,H2,0.6979259848594666,3
495,H2,0.9198750853538513,3
496,H2,0.9245684742927551,3
497,H2,0.8834388852119446,3
498,H2,0.8934318423271179,3
499,H2,0.9120883941650391,3
500,H2,0.8965137600898743,3
501,H2,0.9424626231193542,3
502,H2,0.9447721838951111,3
503,H2,0.9463977217674255,3
504,H2,0.9104356169700623,3
505,H2,0.9557116627693176,3
506,H2,0.9644082188606262,3
507,H2,0.9551522731781006,3
508,H2,0.664252758026123,5
509,H2,0.6451619863510132,5
510,H2,0.5709917545318604,6
511,H2,0.6718519330024719,6
512,H2,0.6770134568214417,6
513,H2,0.7221319675445557,6
514,H2,0.6874604821205139,7
515,H2,0.6812723875045776,7
516,H2,0.6836709976196289,7
517,H2,0.6871841549873352,7
518,H2,0.7369638681411743,7
519,H2,0.7480881810188293,7
520,H2,0.8901281356811523,7
521,H2,0.7782617211341858,7
522,H2,0.8082613348960876,7
523,H2,0.9433313608169556,7
524,H2,0.8538979291915894,8
525,H2,0.9202073216438293,9
526,H2,0.915668249130249,9
527,H2,0.8839919567108154,9
528,H2,0.9005476832389832,9
529,H2,0.9349873065948486,9
530,H2,0.934381365776062,9
531,H2,0.9374332427978516,9
532,H2,0.9126700162887573,9
533,H2,0.9167295098304749,9
534,H2,0.8957037329673767,9
535,H2,0.9132708311080933,10
536,H2,0.8739603161811829,10
537,H2,0.9187539219856262,9
538,H2,0.9271950125694275,9
539,H2,0.8920803070068359,8
540,H2,0.9372905492782593,8
541,H2,0.9072037935256958,8
542,H2,0.8718158006668091,8
543,H2,0.8552337288856506,7
544,H2,0.8488690257072449,5
545,H2,0.931191086769104,4
546,H2,0.9351527094841003,4
547,H2,0.9754381775856018,3
548,H2,0.9805633425712585,3
549,H2,0.9752015471458435,3
550,H2,0.9806395173072815,3
551,H2,0.9795158505439758,3
552,H2,0.9726535677909851,3
553,H2,0.9806420207023621,3
554,H2,0.9768178462982178,3
555,H2,0.9584063291549683,4
556,H2,0.9690395593643188,4
557,H2,0.9552544951438904,4
558,H2,0.9657058715820312,4
559,H2,0.9531204104423523,4
560,H2,0.9641528129577637,4
561,H2,0.9435637593269348,4
562,H2,0.9554541707038879,4
563,H2,0.9690852761268616,4
564,H2,0.9509985446929932,4
565,H2,0.9666156768798828,4
566,H2,0.9460225105285645,4
567,H2,0.9162436127662659,4
568,H2,0.9352065920829773,4
569,H2,0.8679283261299133,4
570,H2,0.8485598564147949,3
571,H2,0.9112057685852051,3
572,H2,0.9169795513153076,2
573,H2,0.9361810684204102,2
574,H2,0.9115595817565918,2
575,H2,0.9570393562316895,2
576,H2,0.9031476974487305,2
577,H2,0.9298285245895386,2
578,H2,0.8553726673126221,2
579,H2,0.9074074029922485,1
580,H2,0.9259259104728699,1
581,H2,0.9272727370262146,1
582,H2,0.9320388436317444,1
583,H2,0.9126213788986206,1
584,H2,0.8823529481887817,1
585,H2,0.9902912378311157,1
586,H2,0.9523809552192688,1
587,H2,0.8695651888847351,1
588,H2,0.901098906993866,1
589,H2,0.8817204236984253,1
590,H2,0.8372092843055725,1
591,H2,0.8333333134651184,1
592,H2,0.7567567825317383,1
593,H2,0.8571428656578064,1
594,H2,0.8695651888847351,1
595,H2,0.8474576473236084,1
596,H2,0.7777777910232544,1
597,H2,0.8727272748947144,1
598,H2,0.8571428656578064,1
599,H2,0.8214285969734192,1
600,H2,0.8461538553237915,1
601,H2,0.8301886916160583,1
602,H2,0.8301886916160583,1
603,H2,0.8148148059844971,1
604,H2,0.8214285969734192,1
605,H2,0.8307692408561707,1
606,H2,0.8358209133148193,1
607,H2,0.8947368264198303,1
608,H2,0.8358209133148193,1
609,H2,0.7027027010917664,1
610,H2,0.7126436829566956,1
611,H2,0.7045454382896423,1
612,H2,0.6739130616188049,1
613,H2,0.8282828330993652,1
614,H2,0.8333333134651184,1
615,H2,0.792792797088623,1
616,H2,0.9090909361839294,1
617,H2,0.8314606547355652,1
618,H2,0.7804877758026123,1
619,H2,0.5833333134651184,1
620,H2,0.5333333611488342,1
621,H2,0.5,1
622,H2,0.5555555820465088,1
623,H2,0.25641027092933655,1
624,H2,0.42553192377090454,1
625,H2,2.4999999848063226e-09,1
626,H2,0.47457626461982727,1
627,H2,0.37735849618911743,1
628,H2,0.34408602118492126,1
629,H2,0.6551724076271057,1
630,H2,0.7368420958518982,1
631,H2,0.7837837934494019,1
632,H2,0.7272727489471436,1
633,H2,0.746268630027771,1
634,H2,0.7042253613471985,1
635,H2,0.8611111044883728,1
636,H2,0.8648648858070374,1
637,H2,0.7764706015586853,1
638,H2,0.7123287916183472,1
639,H2,0.7164179086685181,1
640,H2,0.7027027010917664,1
641,H2,0.8181818127632141,1
642,H2,0.9473684430122375,1
643,H2,0.8799999952316284,1
644,H2,0.8493150472640991,1
645,H2,0.800000011920929,1
646,H2,0.78125,1
647,H2,0.8421052694320679,1
648,H2,0.7605633735656738,1
649,H2,0.701298713684082,1
650,H2,0.6904761791229248,1
651,H2,0.7142857313156128,1
652,H2,0.9156626462936401,1
653,H2,0.9473684430122375,1
654,H2,0.8363636136054993,1
655,H2,0.7524752616882324,1
656,H2,0.8073394298553467,1
657,H2,0.8785046935081482,1
658,H2,0.7692307829856873,1
659,H2,0.7642276287078857,1
660,H2,0.8166666626930237,1
661,H2,0.7777777910232544,1
662,H2,0.7164179086685181,1
663,H2,0.7680000066757202,1
664,H2,0.7910447716712952,1
665,H2,0.8032786846160889,1
666,H2,0.7241379022598267,1
667,H2,0.7142857313156128,1
668,H2,0.7865168452262878,1
669,H2,0.8101266026496887,1
670,H2,0.9156626462936401,1
671,H2,0.8888888955116272,1
672,H2,0.8219178318977356,1
673,H2,0.7951807379722595,1
674,H2,0.6966292262077332,1
675,H2,0.6478873491287231,1
676,H2,0.5574712753295898,1
677,H2,0.9041591286659241,1
678,H2,0.9598039388656616,1
679,H2,0.9739248156547546,1
680,H2,0.9855824708938599,1
681,H2,0.9861801862716675,1
682,H2,0.9883923530578613,1
683,H2,0.9805014133453369,1
684,H2,0.9807962775230408,1
685,H2,0.8405796885490417,1
686,H2,0.5301204919815063,1
687,H2,0.9800000190734863,1
688,H2,0.9694915413856506,1
689,H2,0.9819639325141907,1
690,H2,0.9772382378578186,1
691,H2,0.866240382194519,2
692,H2,0.9330012798309326,2
693,H2,0.9081467390060425,4
694,H2,0.9419465065002441,4
695,H2,0.9396651387214661,4
696,H2,0.8009775876998901,5
697,H2,0.8379047513008118,5
698,H2,0.8149223327636719,5
699,H2,0.8470557332038879,5
700,H2,0.8460447192192078,6
701,H2,0.9138975739479065,6
702,H2,0.9170559048652649,7
703,H2,0.8648095726966858,7
704,H2,0.8448232412338257,8
705,H2,0.905905544757843,10
706,H2,0.8173853754997253,10
707,H2,0.8753097057342529,9
708,H2,0.8160209059715271,7
709,H2,0.8649113774299622,6
710,H2,0.8118096590042114,4
711,H2,0.9513769149780273,3
712,H2,0.9636632800102234,3
713,H2,0.9576870799064636,3
714,H2,0.9602761268615723,3
715,H2,0.9621668457984924,3
716,H2,0.9201608300209045,4
717,H2,0.9419090747833252,4
718,H2,0.8926545977592468,3
719,H2,0.8260526061058044,3
720,H2,0.8026159405708313,3
721,H2,0.8844945430755615,2
722,H2,0.8631006479263306,2
723,H2,0.8815646171569824,2
724,H2,0.7498866319656372,2
725,H2,0.5777778029441833,1
726,H2,0.578125,1
727,H2,0.6476684212684631,1
728,H2,0.9025893807411194,1
729,H2,0.7334669232368469,1
730,H2,0.9273809790611267,1
731,H2,0.9372804760932922,1
732,H2,0.789881706237793,1
733,H2,0.9551714062690735,1
734,H2,0.8872588872909546,1
735,H2,0.9743021726608276,1
736,H2,0.9502529501914978,1
737,H2,0.9086877703666687,1
738,H2,0.9625998735427856,1
739,H2,0.9474812150001526,1
740,H2,0.9674168825149536,1
741,H2,0.9712278246879578,1
742,H2,0.959365725517273,1
743,H2,0.9741267561912537,1
744,H2,0.9765258431434631,1
745,H2,0.9721996188163757,1
746,H2,0.9782074093818665,1
747,H2,0.976568877696991,1
748,H2,0.9519959688186646,1
749,H2,0.9715566039085388,1
750,H2,0.9373642206192017,1
751,H2,0.9531365036964417,1
752,H2,0.9555720090866089,1
753,H2,0.9239868521690369,1
754,H2,0.938610315322876,1
755,H2,0.8712121248245239,1
756,H2,0.9250295162200928,1
757,H2,0.9537158012390137,1
758,H2,0.9083139300346375,1
759,H2,0.8984962701797485,1
760,H2,0.8487805128097534,1
761,H2,0.8838343024253845,1
762,H2,0.5371428728103638,1
763,H2,2.7777777855675367e-09,1
764,H2,2.2727273396583314e-09,1
765,H2,9.174311865756124e-10,1
766,H2,3.6764705169112233e-10,1
767,H2,3.086419730902179e-10,1
768,H2,0.024814506992697716,2
769,H2,0.024390242993831635,2
770,H2,0.20629370212554932,2
771,H2,0.2762369215488434,3
772,H2,0.4638575613498688,3
773,H2,0.49589288234710693,3
774,H2,0.552172064781189,3
775,H2,0.5815035700798035,3
776,H2,0.5672656893730164,3
777,H2,0.5554088950157166,3
778,H2,0.5925254225730896,3
779,H2,0.6302551627159119,3
780,H2,0.6484040021896362,3
781,H2,0.5849568247795105,3
782,H2,0.5606151819229126,4
783,H2,0.6629093885421753,5
784,H2,0.6142508387565613,6
785,H2,0.6911023259162903,6
786,H2,0.6503289937973022,6
787,H2,0.58482426404953,6
788,H2,0.677084743976593,6
789,H2,0.6830430030822754,6
790,H2,0.6912600994110107,6
791,H2,0.7326495051383972,6
792,H2,0.78935307264328,6
793,H2,0.7760979533195496,6
794,H2,0.8156878352165222,6
795,H2,0.8477322459220886,6
796,H2,0.7960588335990906,6
797,H2,0.7882425785064697,6
798,H2,0.7927546501159668,6
799,H2,0.7816305160522461,6
800,H2,0.7986037135124207,6
801,H2,0.7784712910652161,6
802,H2,0.7952134609222412,6
803,H2,0.7426792979240417,6
804,H2,0.6776179075241089,7
805,H2,0.670628547668457,7
806,H2,0.7015581130981445,7
807,H2,0.7234473824501038,7
808,H2,0.6927726864814758,7
809,H2,0.7192813158035278,7
810,H2,0.7305375337600708,7
811,H2,0.7292489409446716,8
812,H2,0.7954778671264648,8
813,H2,0.7725222110748291,8
814,H2,0.7593011856079102,8
815,H2,0.7928364276885986,9
816,H2,0.7667421698570251,9
817,H2,0.7624272704124451,10
818,H2,0.7725863456726074,10
819,H2,0.7170849442481995,10
820,H2,0.7189635634422302,10
821,H2,0.6949341297149658,10
822,H2,0.7113553881645203,9
823,H2,0.8015047311782837,8
824,H2,0.8229036331176758,7
825,H2,0.7946807146072388,7
826,H2,0.8924583792686462,6
827,H2,0.835656464099884,5
828,H2,0.8947955965995789,5
829,H2,0.9351459741592407,4
830,H2,0.9630084037780762,3
831,H2,0.9599029421806335,3
832,H2,0.9564607739448547,3
833,H2,0.9678404927253723,3
834,H2,0.9456661343574524,3
835,H2,0.9539961218833923,3
836,H2,0.9376692771911621,3
837,H2,0.9118592739105225,4
838,H2,0.8825840950012207,4
839,H2,0.910781979560852,4
840,H2,0.9329619407653809,4
841,H2,0.9355806708335876,4
842,H2,0.9216963648796082,4
843,H2,0.9292819499969482,4
844,H2,0.8684740662574768,4
845,H2,0.8625792264938354,4
846,H2,0.8851861953735352,3
847,H2,0.8069902062416077,3
848,H2,0.8553840517997742,2
849,H2,0.9205716848373413,2
850,H2,0.932407557964325,2
851,H2,0.8669816255569458,2
852,H2,0.8982784152030945,2
853,H2,0.9194031953811646,2
854,H2,0.9092621803283691,2
855,H2,0.9508807063102722,2
856,H2,0.9276772737503052,2
857,H2,0.9587822556495667,2
858,H2,0.9575120210647583,2
859,H2,0.9427593350410461,2
860,H2,0.9625745415687561,2
861,H2,0.9524242877960205,2
862,H2,0.9125065803527832,2
863,H2,0.9501846432685852,2
864,H2,0.850853443145752,2
865,H2,0.8656917810440063,2
866,H2,0.8531010150909424,2
867,H2,0.7804877758026123,1
868,H2,0.8672566413879395,1
869,H2,0.8297872543334961,1
870,H2,0.8510638475418091,1
871,H2,0.8695651888847351,1
872,H2,0.8101266026496887,1
873,H2,0.8285714387893677,1
874,H2,0.8301886916160583,1
875,H2,0.8363636136054993,1
876,H2,0.8148148059844971,1
877,H2,0.9553001523017883,1
878,H2,0.9829268455505371,1
879,H2,0.9886685609817505,1
880,H2,0.9850491285324097,1
881,H2,0.9874160885810852,1
882,H2,0.9810273051261902,1
883,H2,0.9677419066429138,1
884,H2,0.9235473871231079,1
885,H2,3.7037037881049173e-09,1
886,H2,0.916201114654541,1
887,H2,0.9734513163566589,1
888,H2,0.9707973003387451,2
889,H2,0.8290389180183411,3
890,H2,0.9404895901679993,3
891,H2,0.9457964897155762,3
892,H2,0.9613802433013916,3
893,H2,0.9608970284461975,3
894,H2,0.9017800688743591,3
895,H2,0.8421303629875183,5
896,H2,0.9169000387191772,5
897,H2,0.9470096826553345,5
898,H2,0.9167138934135437,5
899,H2,0.7883793711662292,6
900,H2,0.7853673100471497,7
901,H2,0.8926275372505188,8
902,H2,0.6827329397201538,10
903,H2,0.7455133199691772,10
904,H2,0.8416471481323242,10
905,H2,0.8535796403884888,10
906,H2,0.7002425193786621,7
907,H2,0.6683738827705383,6
908,H2,0.5273426175117493,5
909,H2,0.9119765162467957,3
910,H2,0.9443448185920715,3
911,H2,0.9446779489517212,4
912,H2,0.9608677625656128,4
913,H2,0.9475631713867188,4
914,H2,0.9681872129440308,4
915,H2,0.9720696210861206,4
916,H2,0.8446166515350342,4
917,H2,0.9387624859809875,2
918,H2,0.9556107521057129,2
919,H2,0.95102858543396,2
920,H2,0.9762623310089111,2
921,H2,0.9004051685333252,2
922,H2,0.9253731369972229,1
923,H2,0.8387096524238586,1
924,H2,0.8181818127632141,1
925,H2,0.6060606241226196,1
926,H2,0.47058823704719543,1
927,H2,0.7688022255897522,1
928,H2,0.7371428608894348,1
929,H2,0.7811861038208008,1
930,H2,0.6638115644454956,1
931,H2,0.761904776096344,1
932,H2,0.834319531917572,1
933,H2,0.796875,1
934,H2,0.04395604506134987,1
935,H2,0.5093713402748108,2
936,H2,0.8446856141090393,3
937,H2,0.9339404106140137,3
938,H2,0.9285717606544495,3
939,H2,0.9469024538993835,3
940,H2,0.8868306875228882,4
941,H2,0.8856033086776733,4
942,H2,0.9090865254402161,4
943,H2,0.9124897718429565,4
944,H2,0.9100307822227478,4
945,H2,0.8664113879203796,5
946,H2,0.9001666903495789,6
947,H2,0.9013682007789612,7
948,H2,0.8400635719299316,9
949,H2,0.9091086983680725,9
950,H2,0.9448755979537964,9
951,H2,0.9381811618804932,9
952,H2,0.9250496029853821,10
953,H2,0.8793405294418335,10
954,H2,0.8706963658332825,8
955,H2,0.9001284837722778,7
956,H2,0.8661511540412903,4
957,H2,0.9757320284843445,3
958,H2,0.9582059979438782,3
959,H2,0.9707083702087402,3
960,H2,0.9460079073905945,3
961,H2,0.8590292930603027,4
962,H2,0.8475821018218994,4
963,H2,0.8557456135749817,3
964,H2,0.9569728970527649,2
965,H2,0.9247571229934692,2
966,H2,0.9323112368583679,2
967,H2,0.9122806787490845,1
968,H2,0.7916666865348816,1
969,H2,0.875,1
970,H2,0.9545454382896423,1
971,H2,0.9047619104385376,1
972,H2,0.936170220375061,1
973,H2,0.8979591727256775,1
974,H2,0.8510638475418091,1
975,H2,0.8636363744735718,1
976,H2,0.8695651888847351,1
977,H2,0.8571428656578064,1
978,H2,0.6451612710952759,1
979,H2,0.7894737124443054,1
980,H2,0.8095238208770752,1
981,H2,0.782608687877655,1
982,H2,0.4642857015132904,1
983,H2,0.6545454263687134,1
984,H2,0.6071428656578064,1
985,H2,0.8148148059844971,1
986,H2,0.75,1
987,H2,0.9090909361839294,1
988,H2,0.7659574747085571,1
989,H2,0.6530612111091614,1
990,H2,0.6486486196517944,1
991,H2,3.846154061903917e-09,1
992,H2,0.380952388048172,1
993,H2,0.875,1
994,H2,0.7164179086685181,1
995,H2,0.7647058963775635,1
996,H2,0.75,1
997,H2,0.7234042286872864,1
998,H2,0.8333333134651184,1
999,H2,0.7450980544090271,1
1000,H2,0.8518518805503845,1
1001,H2,0.75,1
1002,H2,0.7085514664649963,1
1003,H2,0.980169951915741,1
1004,H2,0.901484489440918,1
1005,H2,0.43857330083847046,1
1006,H2,2.2727273396583314e-09,1
1007,H2,0.692307710647583,1
1008,H2,0.4632253646850586,2
1009,H2,0.48970797657966614,3
1010,H2,0.6580188274383545,3
1011,H2,0.7287771701812744,3
1012,H2,0.7563335299491882,3
1013,H2,0.8091606497764587,3
1014,H2,0.8583315014839172,3
1015,H2,0.8920025825500488,3
1016,H2,0.8187944889068604,4
1017,H2,0.8404113054275513,4
1018,H2,0.797283947467804,4
1019,H2,0.796360969543457,5
1020,H2,0.864008903503418,5
1021,H2,0.8811672329902649,5
1022,H2,0.7186932563781738,6
1023,H2,0.7612942457199097,7
1024,H2,0.8850523829460144,7
1025,H2,0.7388742566108704,8
1026,H2,0.8165528178215027,8
1027,H2,0.7866419553756714,9
1028,H2,0.7960501909255981,8
1029,H2,0.6456012725830078,7
1030,H2,0.568189263343811,7
1031,H2,0.5612503886222839,7
1032,H2,0.5711368918418884,7
1033,H2,0.44274502992630005,5
1034,H2,0.5077040791511536,3
1035,H2,0.6242615580558777,3
1036,H2,0.8944105505943298,3
1037,H2,0.892911970615387,3
1038,H2,0.8026725053787231,4
1039,H2,0.745047390460968,4
1040,H2,0.7207494974136353,4
1041,H2,0.9667184352874756,3
1042,H2,0.951366126537323,3
1043,H2,0.945582926273346,3
1044,H2,0.9343587756156921,3
1045,H2,0.8876113891601562,3
1046,H2,0.9350711107254028,2
1047,H2,0.9361873865127563,2
1048,H2,0.9442192316055298,2
1049,H2,0.768878698348999,2
1050,H2,0.8484848737716675,1
1051,H2,0.7384615540504456,1
1052,H2,0.7843137383460999,1
1053,H2,0.7547169923782349,1
1054,H2,0.6909090876579285,1
1055,H2,0.782608687877655,1
1056,H2,8.333333134658005e-09,1
1057,H2,0.7777777910232544,1
1058,H2,0.9696969985961914,1
1059,H2,0.9791816473007202,1
1060,H2,0.9889988899230957,1
1061,H2,0.9909653067588806,1
1062,H2,0.984696090221405,1
1063,H2,0.9910447597503662,1
1064,H2,0.9885864853858948,1
1065,H2,0.9910923838615417,1
1066,H2,0.9867934584617615,1
1067,H2,0.9866496920585632,1
1068,H2,0.9734815955162048,1
1069,H2,0.9220339059829712,1
1070,H2,0.688524603843689,1
1071,H2,0.9322034120559692,1
1072,H2,0.9485906362533569,2
1073,H2,0.895991861820221,3
1074,H2,0.715883731842041,4
1075,H2,0.8073126077651978,4
1076,H2,0.8929017186164856,4
1077,H2,0.9398336410522461,5
1078,H2,0.9558248519897461,5
1079,H2,0.9487948417663574,5
1080,H2,0.9333382248878479,6
1081,H2,0.9522412419319153,6
1082,H2,0.926388680934906,6
1083,H2,0.918187141418457,6
1084,H2,0.9203031659126282,6
1085,H2,0.9408192038536072,6
1086,H2,0.9218048453330994,6
1087,H2,0.8266233205795288,9
1088,H2,0.8772621154785156,9
1089,H2,0.8443940877914429,10
1090,H2,0.8751899003982544,9
1091,H2,0.8139272332191467,8
1092,H2,0.8536924123764038,8
1093,H2,0.7392975687980652,8
1094,H2,0.729235053062439,4
1095,H2,0.9755377173423767,3
1096,H2,0.9696416258811951,3
1097,H2,0.981283962726593,3
1098,H2,0.979931652545929,3
1099,H2,0.9687418937683105,3
1100,H2,0.8610327839851379,4
1101,H2,0.9487968683242798,4
1102,H2,0.9512172341346741,4
1103,H2,0.9147989749908447,4
1104,H2,0.9625958204269409,2
1105,H2,0.9719384908676147,2
1106,H2,0.8902679681777954,2
1107,H2,0.5038167834281921,1
1108,H2,0.9052863717079163,1
1109,H2,0.8893203735351562,1
1110,H2,0.9357442855834961,1
1111,H2,0.9174064993858337,1
1112,H2,0.8527891039848328,1
1113,H2,0.6870229244232178,1
1114,H2,0.7706422209739685,1
1115,H2,0.942307710647583,1
1116,H2,0.9653333425521851,1
1117,H2,0.917466402053833,1
1118,H2,0.9358081817626953,1
1119,H2,0.962469220161438,2
1120,H2,0.9686790704727173,2
1121,H2,0.6952725052833557,4
1122,H2,0.8405047655105591,5
1123,H2,0.8555215001106262,6
1124,H2,0.9063422083854675,6
1125,H2,0.9130093455314636,6
1126,H2,0.8764786124229431,7
1127,H2,0.8389613032341003,7
1128,H2,0.9002522230148315,8
1129,H2,0.8864743709564209,8
1130,H2,0.8755749464035034,8
1131,H2,0.8955750465393066,8
1132,H2,0.9094487428665161,8
1133,H2,0.8865718245506287,8
1134,H2,0.8981095552444458,8
1135,H2,0.8965342044830322,8
1136,H2,0.9280850291252136,7
1137,H2,0.9095343351364136,7
1138,H2,0.8500503301620483,8
1139,H2,0.8729696869850159,6
1140,H2,0.891034722328186,5
1141,H2,0.9678111672401428,3
1142,H2,0.9725040793418884,3
1143,H2,0.9709212183952332,3
1144,H2,0.9713265299797058,3
1145,H2,0.9693227410316467,3
1146,H2,0.9488673806190491,3
1147,H2,0.6343069076538086,4
1148,H2,0.8254610896110535,3
1149,H2,0.8990910053253174,2
1150,H2,0.9180898666381836,2
1151,H2,0.8683422803878784,2
1152,H2,0.9200000166893005,1
1153,H2,0.9219858050346375,1
1154,H2,0.918367326259613,1
1155,H2,0.875,1
1156,H2,0.884313702583313,1
1157,H2,0.9470198750495911,1
1158,H2,0.8946078419685364,1
1159,H2,0.8709338903427124,1
1160,H2,0.7877358198165894,1
1161,H2,0.1812865436077118,1
1162,H2,0.5061728358268738,1
1163,H2,0.703592836856842,1
1164,H2,0.7873656153678894,2
1165,H2,0.6574560403823853,5
1166,H2,0.7705468535423279,6
1167,H2,0.8163943290710449,6
1168,H2,0.7697844505310059,6
1169,H2,0.8401050567626953,6
1170,H2,0.8391688466072083,6
1171,H2,0.7963232398033142,7
1172,H2,0.7214569449424744,7
1173,H2,0.7992433905601501,7
1174,H2,0.7928842902183533,7
1175,H2,0.792266845703125,7
1176,H2,0.8071661591529846,7
1177,H2,0.5908324122428894,8
1178,H2,0.6899971961975098,6
1179,H2,0.8076384663581848,6
1180,H2,0.7389177083969116,8
1181,H2,0.8398235440254211,8
1182,H2,0.8066558241844177,8
1183,H2,0.8000484704971313,7
1184,H2,0.8139318823814392,6
1185,H2,0.9374242424964905,4
1186,H2,0.9068789482116699,4
1187,H2,0.8995208740234375,4
1188,H2,0.8631319999694824,4
1189,H2,0.8682539463043213,2
1190,H2,0.8808433413505554,2
1191,H2,0.9103448390960693,1
1192,H2,0.8495575189590454,1
1193,H2,0.9090909361839294,1
1194,H2,0.8623853325843811,1
1195,H2,0.9263157844543457,1
1196,H2,0.9108911156654358,1
1197,H2,0.6377708911895752,1
1198,H2,0.8602825999259949,1
1199,H2,0.9052453637123108,1
1200,H2,0.7603890299797058,1
1201,H2,0.7424460649490356,1
1202,H2,3.6900368871606304e-10,1
1203,H2,0.5743246674537659,2
1204,H2,0.7253945469856262,4
1205,H2,0.8119214177131653,4
1206,H2,0.8296331167221069,4
1207,H2,0.7018045783042908,6
1208,H2,0.6502531170845032,7
1209,H2,0.6793498396873474,7
1210,H2,0.6628627777099609,7
1211,H2,0.6432099342346191,7
1212,H2,0.5693813562393188,7
1213,H2,0.6773342490196228,7
1214,H2,0.7932259440422058,7
1215,H2,0.7274861931800842,7
1216,H2,0.7248992323875427,7
1217,H2,0.7157067060470581,7
1218,H2,0.7442785501480103,8
1219,H2,0.8529853820800781,7
1220,H2,0.8610399961471558,7
1221,H2,0.8550860285758972,7
1222,H2,0.8076396584510803,7
1223,H2,0.800449788570404,7
1224,H2,0.8493415117263794,5
1225,H2,0.8390046954154968,5
1226,H2,0.8708681464195251,4
1227,H2,0.9402726292610168,3
1228,H2,0.921917736530304,3
1229,H2,0.8939404487609863,4
1230,H2,0.8338160514831543,4
1231,H2,0.8520897030830383,2
1232,H2,0.7761844396591187,2
1233,H2,0.7927612066268921,2
1234,H2,0.8387096524238586,1
1235,H2,0.6786786913871765,1
1236,H2,0.6791045069694519,1
1237,H2,0.7313642501831055,1
1238,H2,0.6763284802436829,1
1239,H2,0.7339642643928528,1
1240,H2,0.8302399516105652,1
1241,H2,0.9209499955177307,1
1242,H2,0.9293315410614014,1
1243,H2,0.91832435131073,1
1244,H2,0.9567520022392273,1
1245,H2,0.9375538229942322,1
1246,H2,0.9553060531616211,1
1247,H2,0.9440068006515503,1
1248,H2,0.9603056907653809,1
1249,H2,0.9414079785346985,1
1250,H2,0.9430443644523621,1
1251,H2,0.9369559288024902,1
1252,H2,0.8635451793670654,1
1253,H2,0.7015834450721741,1
1254,H2,0.4928945302963257,1
1255,H2,0.2331676483154297,1
1256,H2,0.8181818127632141,1
1257,H2,0.887499988079071,1
1258,H2,0.9647576808929443,1
1259,H2,0.9602543711662292,1
1260,H2,0.9867021441459656,1
1261,H2,0.9592061638832092,1
1262,H2,0.9762583374977112,1
1263,H2,0.48776066303253174,2
1264,H2,0.49629947543144226,2
1265,H2,0.8837706446647644,2
1266,H2,0.8422504663467407,2
1267,H2,0.7023775577545166,2
1268,H2,0.8592262268066406,2
1269,H2,0.8697077631950378,2
1270,H2,0.8704635500907898,2
1271,H2,0.90177321434021,2
1272,H2,0.9126076698303223,2
1273,H2,0.9536578059196472,2
1274,H2,0.6823863983154297,3
1275,H2,0.8756115436553955,3
1276,H2,0.8607478737831116,3
1277,H2,0.8787361979484558,3
1278,H2,0.8571212887763977,3
1279,H2,0.9491980671882629,3
1280,H2,0.7325003147125244,4
1281,H2,0.7664753198623657,4
1282,H2,0.7930337190628052,4
1283,H2,0.7983583211898804,4
1284,H2,0.8163670897483826,4
1285,H2,0.8588926792144775,4
1286,H2,0.8446716070175171,4
1287,H2,0.8917731046676636,4
1288,H2,0.872427225112915,4
1289,H2,0.800743818283081,4
1290,H2,0.6744689345359802,5
1291,H2,0.6673793792724609,5
1292,H2,0.7394639253616333,5
1293,H2,0.6797859072685242,6
1294,H2,0.6039432883262634,6
1295,H2,0.6949329376220703,6
1296,H2,0.6687345504760742,6
1297,H2,0.7365924715995789,6
1298,H2,0.7195999026298523,6
1299,H2,0.7061298489570618,6
1300,H2,0.6712040901184082,6
1301,H2,0.6822496056556702,7
1302,H2,0.6858370304107666,8
1303,H2,0.5771658420562744,8
1304,H2,0.4860924482345581,9
1305,H2,0.5192373394966125,9
1306,H2,0.4196668565273285,10
1307,H2,0.5413236618041992,9
1308,H2,0.5790971517562866,9
1309,H2,0.5928797125816345,9
1310,H2,0.6518118977546692,9
1311,H2,0.6702525615692139,9
1312,H2,0.7476070523262024,8
1313,H2,0.7694453597068787,8
1314,H2,0.7043787240982056,8
1315,H2,0.6820034980773926,8
1316,H2,0.6657627820968628,8
1317,H2,0.6508626341819763,7
1318,H2,0.6005603671073914,7
1319,H2,0.6153187155723572,7
1320,H2,0.5307685732841492,7
1321,H2,0.6268082857131958,6
1322,H2,0.6679710745811462,6
1323,H2,0.5812705159187317,5
1324,H2,0.4952886998653412,5
1325,H2,0.4802386164665222,4
1326,H2,0.6031598448753357,4
1327,H2,0.589148223400116,4
1328,H2,0.5999665260314941,4
1329,H2,0.568695068359375,4
1330,H2,0.5832177996635437,4
1331,H2,0.7839756011962891,3
1332,H2,0.8583484292030334,3
1333,H2,0.8965042233467102,3
1334,H2,0.9130659699440002,3
1335,H2,0.9044647812843323,3
1336,H2,0.880081832408905,3
1337,H2,0.8155381083488464,3
1338,H2,0.8974719047546387,3
1339,H2,0.9388361573219299,3
1340,H2,0.9199777245521545,3
1341,H2,0.9209606051445007,3
1342,H2,0.9034371376037598,3
1343,H2,0.877780020236969,3
1344,H2,0.9058158993721008,3
1345,H2,0.9028212428092957,3
1346,H2,0.8857323527336121,3
1347,H2,0.848067581653595,3
1348,H2,0.8721535801887512,3
1349,H2,0.8958302140235901,3
1350,H2,0.763114869594574,3
1351,H2,0.7479655742645264,3
1352,H2,0.6056014895439148,3
1353,H2,0.6023716926574707,3
1354,H2,0.6084161400794983,3
1355,H2,0.5453770160675049,3
1356,H2,0.33712103962898254,3
1357,H2,0.6346324682235718,2
1358,H2,0.6226513385772705,2
1359,H2,0.6686604022979736,2
1360,H2,0.6883482933044434,2
1361,H2,0.6463965177536011,2
1362,H2,0.6707080602645874,2
1363,H2,0.6860040426254272,2
1364,H2,0.6743149757385254,2
1365,H2,0.7124165296554565,2
1366,H2,0.7416784763336182,2
1367,H2,0.7683339715003967,2
1368,H2,0.7458860874176025,2
1369,H2,0.6041491031646729,2
1370,H2,0.35593220591545105,2
1371,H2,0.3388429880142212,2
1372,H2,0.6725663542747498,1
1373,H2,0.7234042286872864,1
1374,H2,0.7128713130950928,1
1375,H2,0.8766404390335083,1
1376,H2,0.9495896697044373,1
1377,H2,0.9350073933601379,1
1378,H2,0.9416983723640442,1
1379,H2,0.6830466985702515,1
1380,H2,0.4817204177379608,1
1381,H2,0.8514056205749512,1
1382,H2,0.881118893623352,1
1383,H2,0.8433734774589539,1
1384,H2,0.0615384615957737,1
1385,H2,0.9462365508079529,1
1386,H2,0.9694656729698181,1
1387,H2,0.7120822072029114,3
1388,H2,0.7461252808570862,4
1389,H2,0.8502705097198486,4
1390,H2,0.9116665720939636,5
1391,H2,0.9417589902877808,5
1392,H2,0.8620923161506653,6
1393,H2,0.8671204447746277,6
1394,H2,0.8964064717292786,6
1395,H2,0.8530329465866089,7
1396,H2,0.8965082168579102,7
1397,H2,0.8569570183753967,7
1398,H2,0.8469053506851196,7
1399,H2,0.814813494682312,7
1400,H2,0.8597207069396973,7
1401,H2,0.8295643925666809,7
1402,H2,0.8985211253166199,7
1403,H2,0.8190782070159912,8
1404,H2,0.8592889308929443,8
1405,H2,0.7660917043685913,8
1406,H2,0.8541495203971863,7
1407,H2,0.7438492774963379,8
1408,H2,0.7307313084602356,7
1409,H2,0.7994663119316101,6
1410,H2,0.849500834941864,5
1411,H2,0.8761458396911621,5
1412,H2,0.8886576294898987,3
1413,H2,0.8776653409004211,3
1414,H2,0.9476878643035889,3
1415,H2,0.9535410404205322,3
1416,H2,0.9192444086074829,4
1417,H2,0.8368717432022095,4
1418,H2,0.913898229598999,4
1419,H2,0.9040000438690186,4
1420,H2,0.8293778300285339,3
1421,H2,0.7732387781143188,2
1422,H2,0.730394721031189,2
1423,H2,0.8073260188102722,2
1424,H2,0.5483871102333069,1
1425,H2,0.39416059851646423,1
1426,H2,4.950495013922307e-10,1
1427,H2,0.04301075264811516,1
1428,H2,2.865329640222569e-10,1
1429,H2,0.7557715773582458,1
1430,H2,0.8894044756889343,1
1431,H2,0.8903940916061401,1
1432,H2,0.9072494506835938,1
1433,H2,0.9257598519325256,1
1434,H2,0.9009273052215576,1
1435,H2,0.7483946084976196,1
1436,H2,0.06415094435214996,1
1437,H2,0.0852915570139885,1
1438,H2,0.04889589920639992,1
1439,H2,0.09909909963607788,1
1440,H2,0.9290322661399841,1
1441,H2,0.980988621711731,1
1442,H2,0.9333333373069763,1
1443,H2,0.9407000541687012,2
1444,H2,0.9532980918884277,2
1445,H2,0.9521389007568359,2
1446,H2,0.9683541059494019,2
1447,H2,0.958850622177124,2
1448,H2,0.9833568930625916,2
1449,H2,0.9630246162414551,2
1450,H2,0.9742730855941772,2
1451,H2,0.9732125997543335,2
1452,H2,0.9671095013618469,2
1453,H2,0.983981728553772,2
1454,H2,0.958179235458374,2
1455,H2,0.7603545784950256,3
1456,H2,0.7737429141998291,3
1457,H2,0.7721009850502014,3
1458,H2,0.8824889063835144,3
1459,H2,0.8735761642456055,3
1460,H2,0.9294285178184509,3
1461,H2,0.9114833474159241,3
1462,H2,0.8984377384185791,3
1463,H2,0.8252098560333252,4
1464,H2,0.7594554424285889,5
1465,H2,0.8188349008560181,5
1466,H2,0.8784435391426086,5
1467,H2,0.8596933484077454,5
1468,H2,0.9282848238945007,5
1469,H2,0.8847444653511047,6
1470,H2,0.7401599884033203,7
1471,H2,0.7660826444625854,7
1472,H2,0.7298902869224548,7
1473,H2,0.7647043466567993,7
1474,H2,0.7684487104415894,7
1475,H2,0.7949691414833069,7
1476,H2,0.8288901448249817,7
1477,H2,0.8987101316452026,7
1478,H2,0.8812893629074097,7
1479,H2,0.8750749826431274,7
1480,H2,0.8744516372680664,8
1481,H2,0.8612189292907715,8
1482,H2,0.8713887929916382,8
1483,H2,0.7879850268363953,10
1484,H2,0.8044872283935547,10
1485,H2,0.7958928942680359,10
1486,H2,0.8496872186660767,10
1487,H2,0.8510202169418335,10
1488,H2,0.8666849136352539,10
1489,H2,0.8637223243713379,10
1490,H2,0.7325201034545898,10
1491,H2,0.7819802761077881,9
1492,H2,0.8027997612953186,9
1493,H2,0.7888896465301514,9
1494,H2,0.6970191597938538,9
1495,H2,0.730320930480957,7
1496,H2,0.7337402701377869,7
1497,H2,0.6821494102478027,7
1498,H2,0.9379550218582153,4
1499,H2,0.7950326204299927,4
1500,H2,0.9499852657318115,3
1501,H2,0.9664046168327332,3
1502,H2,0.9453158974647522,3
1503,H2,0.9693646430969238,3
1504,H2,0.9678447842597961,3
1505,H2,0.9656545519828796,3
1506,H2,0.9725956320762634,3
1507,H2,0.9649052619934082,3
1508,H2,0.9641268849372864,3
1509,H2,0.9693069458007812,3
1510,H2,0.958204448223114,3
1511,H2,0.9724754691123962,3
1512,H2,0.970034122467041,3
1513,H2,0.9715261459350586,3
1514,H2,0.9711810946464539,3
1515,H2,0.9201116561889648,4
1516,H2,0.9332000017166138,4
1517,H2,0.9170255661010742,4
1518,H2,0.9433797001838684,4
1519,H2,0.930536150932312,4
1520,H2,0.907984733581543,4
1521,H2,0.8925073146820068,4
1522,H2,0.8499057292938232,4
1523,H2,0.9199199676513672,3
1524,H2,0.8017813563346863,3
1525,H2,0.740098774433136,3
1526,H2,0.6558826565742493,3
1527,H2,0.6437222361564636,3
1528,H2,0.9351140856742859,2
1529,H2,0.8723095059394836,2
1530,H2,0.8998178839683533,2
1531,H2,0.8892372846603394,2
1532,H2,0.8809676170349121,2
1533,H2,0.8895756006240845,2
1534,H2,0.8006535768508911,2
1535,H2,0.5792083740234375,2
1536,H2,0.7840909361839294,1
1537,H2,0.7100591659545898,1
1538,H2,0.71074378490448,1
1539,H2,0.7068965435028076,1
1540,H2,0.7674418687820435,1
1541,H2,0.7105262875556946,1
1542,H2,0.6944444179534912,1
1543,H2,0.8474576473236084,1
1544,H2,0.6101694703102112,1
1545,H2,0.5783132314682007,1
1546,H2,0.6516854166984558,1
1547,H2,0.695652186870575,1
1548,H2,0.752293586730957,1
1549,H2,0.8275862336158752,1
1550,H2,0.8771929740905762,1
1551,H2,0.8846153616905212,1
1552,H2,0.5271317958831787,1
1553,H2,0.5,1
1554,H2,0.6206896305084229,1
1555,H2,0.4675324559211731,1
1556,H2,0.4054054021835327,1
1557,H2,0.447761207818985,1
1558,H2,0.44155845046043396,1
1559,H2,0.46341463923454285,1
1560,H2,0.8090614676475525,1
1561,H2,0.9407582879066467,1
1562,H2,0.9537366628646851,1
1563,H2,0.9679999947547913,1
1564,H2,0.9612756371498108,1
1565,H2,0.9437627792358398,1
1566,H2,0.9429484009742737,1
1567,H2,0.9405306577682495,1
1568,H2,0.9394723176956177,1
1569,H2,0.9559321999549866,1
1570,H2,0.802251935005188,1
1571,H2,0.8093322515487671,1
1572,H2,0.8254847526550293,1
1573,H2,0.9422492384910583,1
1574,H2,0.9395017623901367,1
1575,H2,0.9424964785575867,1
1576,H2,0.8556430339813232,1
1577,H2,0.6433566212654114,1
1578,H2,0.22680412232875824,1
1579,H2,0.8354430198669434,1
1580,H2,0.9166666865348816,1
1581,H2,0.984054684638977,1
1582,H2,0.9413735270500183,1
1583,H2,0.49416908621788025,2
1584,H2,0.4841463267803192,2
1585,H2,0.9252668023109436,2
1586,H2,0.9716681241989136,2
1587,H2,0.9594913125038147,2
1588,H2,0.9814128279685974,2
1589,H2,0.9653443098068237,2
1590,H2,0.9617359638214111,2
1591,H2,0.9773272275924683,2
1592,H2,0.9590582847595215,2
1593,H2,0.9829181432723999,2
1594,H2,0.8362078070640564,3
1595,H2,0.8995116353034973,3
1596,H2,0.9069908261299133,3
1597,H2,0.9109563231468201,3
1598,H2,0.9198135733604431,3
1599,H2,0.9347473978996277,3
1600,H2,0.9250141978263855,3
1601,H2,0.9297067523002625,3
1602,H2,0.8744125962257385,3
1603,H2,0.9043964743614197,3
1604,H2,0.7964902520179749,4
1605,H2,0.8273060917854309,5
1606,H2,0.8981444239616394,5
1607,H2,0.7563709020614624,5
1608,H2,0.9055975079536438,5
1609,H2,0.7589476704597473,6
1610,H2,0.667058527469635,6
1611,H2,0.8044542670249939,6
1612,H2,0.8826492428779602,6
1613,H2,0.8676266074180603,7
1614,H2,0.8776320219039917,8
1615,H2,0.8472411632537842,8
1616,H2,0.848701536655426,8
1617,H2,0.8668701648712158,8
1618,H2,0.8910751342773438,8
1619,H2,0.7963868379592896,8
1620,H2,0.754673957824707,9
1621,H2,0.8184112310409546,8
1622,H2,0.8023468255996704,8
1623,H2,0.838455319404602,8
1624,H2,0.7925689220428467,8
1625,H2,0.7754640579223633,8
1626,H2,0.7712399959564209,8
1627,H2,0.8205457329750061,7
1628,H2,0.854493260383606,7
1629,H2,0.8773238062858582,6
1630,H2,0.8829380869865417,6
1631,H2,0.8431296348571777,6
1632,H2,0.7809841632843018,6
1633,H2,0.7960671186447144,5
1634,H2,0.7739042043685913,5
1635,H2,0.7217118144035339,4
1636,H2,0.7261537313461304,4
1637,H2,0.7135578393936157,4
1638,H2,0.9665217399597168,3
1639,H2,0.9634307026863098,3
1640,H2,0.9586348533630371,3
1641,H2,0.9675734043121338,3
1642,H2,0.9112634062767029,3
1643,H2,0.9517552256584167,3
1644,H2,0.9243759512901306,3
1645,H2,0.9192584156990051,3
1646,H2,0.9382898807525635,3
1647,H2,0.8982369899749756,4
1648,H2,0.9528468251228333,4
1649,H2,0.9412147402763367,4
1650,H2,0.9012542963027954,4
1651,H2,0.9321466088294983,4
1652,H2,0.9053019881248474,3
1653,H2,0.8845348358154297,3
1654,H2,0.8841076493263245,3
1655,H2,0.8794214725494385,3
1656,H2,0.845809280872345,3
1657,H2,0.8230164647102356,3
1658,H2,0.9685405492782593,2
1659,H2,0.9689685106277466,2
1660,H2,0.9680430889129639,2
1661,H2,0.9750252366065979,2
1662,H2,0.961763322353363,2
1663,H2,0.9660483002662659,2
1664,H2,0.9617025852203369,2
1665,H2,0.9397479891777039,2
1666,H2,0.9459293484687805,2
1667,H2,0.9516066312789917,2
1668,H2,0.9410921931266785,2
1669,H2,0.9314583539962769,2
1670,H2,0.9331154823303223,2
1671,H2,0.9450783729553223,2
1672,H2,0.9053314924240112,2
1673,H2,0.9297060966491699,2
1674,H2,0.9459378719329834,2
1675,H2,0.8900776505470276,2
1676,H2,0.9170007109642029,2
1677,H2,0.8700003623962402,2
1678,H2,0.9442691802978516,2
1679,H2,0.8743488192558289,2
1680,H2,0.9408026933670044,2
1681,H2,0.9534560441970825,2
1682,H2,0.68465656042099,2
1683,H2,0.925000011920929,1
1684,H2,0.8108108043670654,1
1685,H2,0.9520547986030579,1
1686,H2,0.9762375950813293,1
1687,H2,0.9811937808990479,1
1688,H2,0.9859594106674194,1
1689,H2,0.9870800971984863,1
1690,H2,0.9702970385551453,1
1691,H2,0.8115941882133484,1
1692,H2,0.9710144996643066,1
1693,H2,0.9548872113227844,1
1694,H2,0.9701492786407471,1
1695,H2,0.9555115103721619,2
1696,H2,0.971053957939148,2
1697,H2,0.9548850059509277,3
1698,H2,0.9317837357521057,3
1699,H2,0.9642993807792664,3
1700,H2,0.7518381476402283,4
1701,H2,0.8726786971092224,4
1702,H2,0.9192191362380981,4
1703,H2,0.8506148457527161,5
1704,H2,0.8591175079345703,5
1705,H2,0.7741332054138184,7
1706,H2,0.8070815205574036,7
1707,H2,0.8829935789108276,7
1708,H2,0.9046398401260376,7
1709,H2,0.9047117233276367,7
1710,H2,0.9191362261772156,7
1711,H2,0.8829286098480225,9
1712,H2,0.86976557970047,9
1713,H2,0.8375357389450073,8
1714,H2,0.8742337822914124,9
1715,H2,0.8888680934906006,6
1716,H2,0.9030225276947021,6
1717,H2,0.9516852498054504,4
1718,H2,0.8702825307846069,4
1719,H2,0.9719570279121399,3
1720,H2,0.9643352031707764,3
1721,H2,0.8683544993400574,3
1722,H2,0.9291834831237793,3
1723,H2,0.9322772026062012,3
1724,H2,0.9381918907165527,3
1725,H2,0.9094234108924866,3
1726,H2,0.935788631439209,3
1727,H2,0.9207317233085632,1
1728,H2,0.9605262875556946,1
1729,H2,0.9201520681381226,1
1730,H2,0.7939109802246094,1
1731,H2,0.5685840845108032,1
1732,H2,0.4790419042110443,1
1733,H2,0.3595505654811859,1
1734,H2,0.526442289352417,2
1735,H2,0.7675217390060425,2
1736,H2,0.7137567400932312,3
1737,H2,0.8252005577087402,3
1738,H2,0.8562924265861511,3
1739,H2,0.8565149307250977,3
1740,H2,0.7938650846481323,4
1741,H2,0.8069543838500977,4
1742,H2,0.792725145816803,5
1743,H2,0.6089693903923035,6
1744,H2,0.6933650970458984,6
1745,H2,0.7713283896446228,7
1746,H2,0.8512088656425476,7
1747,H2,0.8732198476791382,7
1748,H2,0.8296937942504883,8
1749,H2,0.8545176386833191,8
1750,H2,0.8280461430549622,9
1751,H2,0.7755426168441772,10
1752,H2,0.7309523820877075,10
1753,H2,0.7720265984535217,10
1754,H2,0.7472670078277588,9
1755,H2,0.7381983995437622,8
1756,H2,0.8746145367622375,5
1757,H2,0.9642907977104187,3
1758,H2,0.9208438992500305,3
1759,H2,0.9357317090034485,3
1760,H2,0.9356903433799744,3
1761,H2,0.8677880764007568,4
1762,H2,0.6834306716918945,4
1763,H2,0.7579486966133118,3
1764,H2,0.9005639553070068,2
1765,H2,0.9248194694519043,2
1766,H2,0.9158658385276794,2
1767,H2,0.9516283273696899,2
1768,H2,0.8846395015716553,2
1769,H2,0.8936170339584351,1
1770,H2,0.7567567825317383,1
1771,H2,0.5365853905677795,1
1772,H2,0.4444444477558136,1
1773,H2,0.8461538553237915,1
1774,H2,0.6451612710952759,1
1775,H2,0.8275862336158752,1
1776,H2,0.692307710647583,1
1777,H2,0.9629629850387573,1
1778,H2,0.8275862336158752,1
1779,H2,0.774193525314331,1
1780,H2,0.46666666865348816,1
1781,H2,0.48275861144065857,1
1782,H2,0.7843137383460999,1
1783,H2,0.7428571581840515,1
1784,H2,0.7777777910232544,1
1785,H2,0.800000011920929,1
1786,H2,0.8399999737739563,1
1787,H2,0.8205128312110901,1
1788,H2,0.5789473652839661,1
1789,H2,0.529411792755127,1
1790,H2,0.604651153087616,1
1791,H2,0.8571428656578064,1
1792,H2,0.75,1
1793,H2,0.8717948794364929,1
1794,H2,0.7936508059501648,1
1795,H2,0.7058823704719543,1
1796,H2,0.6268656849861145,1
1797,H2,0.7272727489471436,1
1798,H2,0.8975069522857666,1
1799,H2,0.9208053946495056,1
1800,H2,0.9090909361839294,1
1801,H2,0.8933781981468201,1
1802,H2,0.9859835505485535,1
1803,H2,0.9917172789573669,1
1804,H2,0.9643242955207825,1
1805,H2,0.6905829310417175,1
1806,H2,0.9384615421295166,1
1807,H2,0.9729729890823364,1
1808,H2,0.9577182531356812,2
1809,H2,0.9844297170639038,2
1810,H2,0.9724312424659729,2
1811,H2,0.9660574793815613,2
1812,H2,0.7825888991355896,3
1813,H2,0.7572083473205566,3
1814,H2,0.767453670501709,4
1815,H2,0.5732923746109009,6
1816,H2,0.613586962223053,6
1817,H2,0.727006733417511,7
1818,H2,0.8456491827964783,7
1819,H2,0.879839301109314,8
1820,H2,0.8363997936248779,8
1821,H2,0.830752968788147,8
1822,H2,0.8777090311050415,8
1823,H2,0.8272922039031982,8
1824,H2,0.7789070010185242,8
1825,H2,0.7764273881912231,8
1826,H2,0.8459027409553528,8
1827,H2,0.8472743630409241,8
1828,H2,0.8352301716804504,7
1829,H2,0.8660879135131836,6
1830,H2,0.9334742426872253,5
1831,H2,0.9013806581497192,5
1832,H2,0.9453417062759399,4
1833,H2,0.8193162679672241,4
1834,H2,0.8393775224685669,4
1835,H2,0.9347494840621948,4
1836,H2,0.6967494487762451,4
1837,H2,0.9196431636810303,2
1838,H2,0.853222131729126,2
1839,H2,0.9732620120048523,1
1840,H2,0.9411764740943909,1
1841,H2,0.8939393758773804,1
1842,H2,0.9189189076423645,1
1843,H2,0.8971962332725525,1
1844,H2,0.8712871074676514,1
1845,H2,0.8727272748947144,1
1846,H2,0.8897485733032227,1
1847,H2,0.9532820582389832,1
1848,H2,0.9699380993843079,1
1849,H2,0.972834050655365,1
1850,H2,0.9724462628364563,1
1851,H2,0.9746719598770142,1
1852,H2,0.97547847032547,1
1853,H2,0.9669522643089294,1
1854,H2,0.976860523223877,1
1855,H2,0.9770535230636597,1
1856,H2,0.973774254322052,1
1857,H2,0.9441723823547363,1
1858,H2,0.9653423428535461,1
1859,H2,0.8458498120307922,1
1860,H2,0.8888888955116272,1
1861,H2,0.9590643048286438,1
1862,H2,0.9762712121009827,1
1863,H2,0.9700000286102295,1
1864,H2,0.9723320007324219,1
1865,H2,0.9702276587486267,1
1866,H2,0.7145795822143555,2
1867,H2,0.8621369004249573,3
1868,H2,0.9363920092582703,3
1869,H2,0.8919464945793152,3
1870,H2,0.9454968571662903,3
1871,H2,0.7858877182006836,4
1872,H2,0.8857860565185547,5
1873,H2,0.9017070531845093,5
1874,H2,0.9007691144943237,5
1875,H2,0.9267045259475708,5
1876,H2,0.9172495603561401,5
1877,H2,0.934127688407898,5
1878,H2,0.8938066363334656,5
1879,H2,0.9028041958808899,7
1880,H2,0.901926577091217,7
1881,H2,0.8731105923652649,9
1882,H2,0.8585746884346008,10
1883,H2,0.8637344837188721,9
1884,H2,0.8780891299247742,9
1885,H2,0.8600736260414124,9
1886,H2,0.9029309749603271,9
1887,H2,0.8978055119514465,9
1888,H2,0.8844883441925049,8
1889,H2,0.8761734366416931,6
1890,H2,0.9361071586608887,4
1891,H2,0.9588726162910461,3
1892,H2,0.968754768371582,3
1893,H2,0.9733545184135437,3
1894,H2,0.9676213264465332,3
1895,H2,0.9156513214111328,4
1896,H2,0.9191792011260986,4
1897,H2,0.9255344867706299,4
1898,H2,0.9447424411773682,3
1899,H2,0.9292238354682922,3
1900,H2,0.92195725440979,2
1901,H2,0.8888888955116272,1
1902,H2,0.8405796885490417,1
1903,H2,0.6666666865348816,1
1904,H2,0.739130437374115,1
1905,H2,0.8461538553237915,1
1906,H2,0.9090909361839294,1
1907,H2,0.7804877758026123,1
1908,H2,0.5833333134651184,1
1909,H2,0.8627451062202454,1
1910,H2,0.7586206793785095,1
1911,H2,0.4888888895511627,1
1912,H2,0.6000000238418579,1
1913,H2,0.7222222089767456,1
1914,H2,0.7428571581840515,1
1915,H2,0.7605633735656738,1
1916,H2,0.7636363506317139,1
1917,H2,0.75,1
1918,H2,0.7317073345184326,1
1919,H2,0.7599999904632568,1
1920,H2,0.8421052694320679,1
1921,H2,0.8684210777282715,1
1922,H2,0.7692307829856873,1
1923,H2,0.84375,1
1924,H2,0.688524603843689,1
1925,H2,0.6800000071525574,1
1926,H2,0.7179487347602844,1
1927,H2,0.6666666865348816,1
1928,H2,0.604651153087616,1
1929,H2,0.6530612111091614,1
1930,H2,0.8372092843055725,1
1931,H2,0.8148148059844971,1
1932,H2,0.6415094137191772,1
1933,H2,0.7037037014961243,1
1934,H2,0.8196721076965332,1
1935,H2,0.7599999904632568,1
1936,H2,0.8070175647735596,1
1937,H2,0.9148191213607788,1
1938,H2,0.8267898559570312,1
1939,H2,0.8933333158493042,1
1940,H2,0.9381720423698425,1
1941,H2,0.682170569896698,1
1942,H2,0.013071895577013493,1
1943,H2,3.8022815451732583e-10,1
1944,H2,0.30603447556495667,1
1945,H2,0.9731876850128174,1
1946,H2,0.4850444495677948,2
1947,H2,0.8231244087219238,2
1948,H2,0.6285222768783569,2
1949,H2,0.43993309140205383,3
1950,H2,0.6350852847099304,4
1951,H2,0.6406634449958801,5
1952,H2,0.7027378082275391,6
1953,H2,0.7680194973945618,6
1954,H2,0.8246946334838867,6
1955,H2,0.8182225227355957,7
1956,H2,0.8415079116821289,7
1957,H2,0.8243659138679504,7
1958,H2,0.7608112692832947,7
1959,H2,0.6839017868041992,7
1960,H2,0.6802115440368652,8
1961,H2,0.8224225640296936,8
1962,H2,0.843204140663147,8
1963,H2,0.8958889842033386,6
1964,H2,0.9231228828430176,6
1965,H2,0.952833354473114,5
1966,H2,0.9513948559761047,5
1967,H2,0.8900411128997803,6
1968,H2,0.9192119240760803,6
1969,H2,0.8987042903900146,6
1970,H2,0.8934369683265686,6
1971,H2,0.9026672840118408,6
1972,H2,0.9437943696975708,5
1973,H2,0.9217840433120728,5
1974,H2,0.9077704548835754,5
1975,H2,0.8868196606636047,5
1976,H2,0.8220975399017334,4
1977,H2,0.8381186127662659,3
1978,H2,0.839042067527771,2
1979,H2,0.8480134606361389,2
1980,H2,0.8069407939910889,2
1981,H2,0.843345046043396,2
1982,H2,0.5910875201225281,2
1983,H2,0.866529107093811,2
1984,H2,0.8950262069702148,2
1985,H2,0.4337349534034729,2
1986,H2,0.8860759735107422,1
1987,H2,0.7733333110809326,1
1988,H2,0.6868686676025391,1
1989,H2,0.6813187003135681,1
1990,H2,0.6415094137191772,1
1991,H2,0.7339449524879456,1
1992,H2,0.8941176533699036,1
1993,H2,0.5909090638160706,1
1994,H2,0.9223300814628601,1
1995,H2,0.9348571300506592,1
1996,H2,0.9160305261611938,1
1997,H2,0.9197565317153931,1
1998,H2,0.7629427909851074,1
1999,H2,0.15546558797359467,1
2000,H2,0.2994764447212219,1
2001,H2,0.32640331983566284,1
2002,H2,0.44869565963745117,1
2003,H2,0.24376730620861053,1
2004,H2,7.142857416653214e-09,1
2005,H2,6.896551663082562e-10,1
2006,H2,0.13533835113048553,1
2007,H2,0.7988981008529663,1
2008,H2,0.4781189560890198,2
2009,H2,0.6537200808525085,3
2010,H2,0.7810223698616028,3
2011,H2,0.6551584005355835,4
2012,H2,0.7271530628204346,4
2013,H2,0.7304354906082153,4
2014,H2,0.6632639765739441,5
2015,H2,0.46158960461616516,6
2016,H2,0.6256677508354187,6
2017,H2,0.6079408526420593,6
2018,H2,0.606898844242096,6
2019,H2,0.6299267411231995,6
2020,H2,0.6649609208106995,6
2021,H2,0.6430767178535461,6
2022,H2,0.6261920928955078,6
2023,H2,0.7515915036201477,5
2024,H2,0.7352778315544128,6
2025,H2,0.8419280052185059,5
2026,H2,0.856220543384552,5
2027,H2,0.8944705128669739,5
2028,H2,0.7906776070594788,7
2029,H2,0.6733074188232422,7
2030,H2,0.7823411822319031,6
2031,H2,0.7805546522140503,5
2032,H2,0.771652340888977,4
2033,H2,0.9225451350212097,3
2034,H2,0.8824129700660706,3
2035,H2,0.840217113494873,3
2036,H2,0.8941075205802917,3
2037,H2,0.7188995480537415,4
2038,H2,0.5458590388298035,3
2039,H2,0.6904540061950684,2
2040,H2,0.8639078736305237,2
2041,H2,0.78125,1
2042,H2,0.9824561476707458,1
2043,H2,0.9285714030265808,1
2044,H2,0.9215016961097717,1
2045,H2,0.9681050777435303,1
2046,H2,0.9450801014900208,1
2047,H2,0.9683933258056641,1
2048,H2,0.9785338044166565,1
2049,H2,0.9718365669250488,1
2050,H2,0.9694215059280396,1
2051,H2,0.9571909308433533,1
2052,H2,0.9678972959518433,1
2053,H2,0.9126637578010559,1
2054,H2,0.8982036113739014,1
2055,H2,0.9485666751861572,2
2056,H2,0.9558924436569214,2
2057,H2,0.9746410250663757,2
2058,H2,0.9771150946617126,2
2059,H2,0.9645446538925171,2
2060,H2,0.9616106152534485,2
2061,H2,0.814014732837677,3
2062,H2,0.8885989189147949,3
2063,H2,0.9043044447898865,3
2064,H2,0.8967390656471252,4
2065,H2,0.864213764667511,5
2066,H2,0.9224593043327332,5
2067,H2,0.8584969639778137,5
2068,H2,0.9149551391601562,5
2069,H2,0.9266027212142944,5
2070,H2,0.9158647656440735,5
2071,H2,0.9437057375907898,5
2072,H2,0.8916195034980774,7
2073,H2,0.8935211896896362,7
2074,H2,0.8833526372909546,8
2075,H2,0.8583880066871643,7
2076,H2,0.7419412732124329,8
2077,H2,0.7947257161140442,7
2078,H2,0.8189560770988464,7
2079,H2,0.7240769267082214,7
2080,H2,0.7500596642494202,6
2081,H2,0.8760691285133362,4
2082,H2,0.9453464150428772,3
2083,H2,0.9596163630485535,3
2084,H2,0.9596360325813293,3
2085,H2,0.8473384976387024,4
2086,H2,0.8954494595527649,4
2087,H2,0.9334955215454102,3
2088,H2,0.9170344471931458,3
2089,H2,0.8897154927253723,3
2090,H2,0.7529398798942566,3
2091,H2,0.8267282843589783,2
2092,H2,0.7804958820343018,2
2093,H2,0.6311672329902649,2
2094,H2,0.8285714387893677,1
2095,H2,0.7894737124443054,1
2096,H2,0.6666666865348816,1
2097,H2,0.8450704216957092,1
2098,H2,0.9166666865348816,1
2099,H2,0.8387096524238586,1
2100,H2,0.7719298005104065,1
2101,H2,0.8813559412956238,1
2102,H2,0.7419354915618896,1
2103,H2,0.7857142686843872,1
2104,H2,0.7450980544090271,1
2105,H2,0.6938775777816772,1
2106,H2,0.6666666865348816,1
2107,H2,0.7887324094772339,1
2108,H2,0.8059701323509216,1
2109,H2,0.7647058963775635,1
2110,H2,0.6666666865348816,1
2111,H2,0.7323943376541138,1
2112,H2,0.7088607549667358,1
2113,H2,0.6835442781448364,1
2114,H2,0.5079365372657776,1
2115,H2,0.7666666507720947,1
2116,H2,0.6774193644523621,1
2117,H2,0.7894737124443054,1
2118,H2,0.7540983557701111,1
2119,H2,0.6779661178588867,1
2120,H2,0.8474576473236084,1
2121,H2,0.8301886916160583,1
2122,H2,0.8695651888847351,1
2123,H2,0.8399999737739563,1
2124,H2,0.8163265585899353,1
2125,H2,0.9090909361839294,1
2126,H2,0.761904776096344,1
2127,H2,0.8275862336158752,1
2128,H2,0.7441860437393188,1
2129,H2,0.8301886916160583,1
2130,H2,0.6829268336296082,1
2131,H2,0.807692289352417,1
2132,H2,0.7586206793785095,1
2133,H2,0.8461538553237915,1
2134,H2,0.9411764740943909,1
2135,H2,0.800000011920929,1
2136,H2,0.8571428656578064,1
2137,H2,0.8474576473236084,1
2138,H2,0.892307698726654,1
2139,H2,0.9629629850387573,1
2140,H2,0.956916093826294,1
2141,H2,0.9727463126182556,1
2142,H2,0.9674902558326721,1
2143,H2,0.9771689772605896,1
2144,H2,0.9867874383926392,1
2145,H2,0.992253303527832,1
2146,H2,0.987349808216095,1
2147,H2,0.9904943108558655,1
2148,H2,0.9900793433189392,1
2149,H2,0.9880304932594299,1
2150,H2,0.9872689843177795,1
2151,H2,0.9881235361099243,1
2152,H2,0.9889982342720032,1
2153,H2,0.9849624037742615,1
2154,H2,0.9766949415206909,1
2155,H2,0.9541666507720947,1
2156,H2,0.9553571343421936,1
2157,H2,0.7670109868049622,3
2158,H2,0.7603338360786438,3
2159,H2,0.813975989818573,3
2160,H2,0.7999671697616577,4
2161,H2,0.7296196818351746,5
2162,H2,0.7941175103187561,5
2163,H2,0.8383251428604126,5
2164,H2,0.9046473503112793,5
2165,H2,0.7953999042510986,6
2166,H2,0.9109072089195251,6
2167,H2,0.9156675934791565,7
2168,H2,0.9171701669692993,7
2169,H2,0.9506979584693909,7
2170,H2,0.9615597724914551,7
2171,H2,0.9686270952224731,7
2172,H2,0.9721918702125549,7
2173,H2,0.9421683549880981,8
2174,H2,0.9481502175331116,8
2175,H2,0.905034065246582,10
2176,H2,0.9045945405960083,10
2177,H2,0.921949565410614,10
2178,H2,0.9208099246025085,10
2179,H2,0.9126617908477783,8
2180,H2,0.8827997446060181,7
2181,H2,0.8437991738319397,7
2182,H2,0.889338493347168,5
2183,H2,0.8918782472610474,5
2184,H2,0.979378879070282,3
2185,H2,0.9773538708686829,3
2186,H2,0.9773712158203125,3
2187,H2,0.9602785706520081,3
2188,H2,0.9628238081932068,4
2189,H2,0.9514819383621216,4
2190,H2,0.960662841796875,3
2191,H2,0.9491865038871765,3
2192,H2,0.9189820289611816,3
2193,H2,0.9442729353904724,2
2194,H2,0.9600989818572998,2
2195,H2,0.9478443264961243,2
2196,H2,0.9468390941619873,2
2197,H2,0.9214470982551575,2
2198,H2,0.9453215003013611,2
2199,H2,0.87296462059021,2
2200,H2,0.8070175647735596,1
2201,H2,0.8085106611251831,1
2202,H2,0.7906976938247681,1
2203,H2,0.8444444537162781,1
2204,H2,0.8444444537162781,1
2205,H2,0.782608687877655,1
2206,H2,0.8571428656578064,1
2207,H2,0.8059701323509216,1
2208,H2,0.8333333134651184,1
2209,H2,0.6666666865348816,1
2210,H2,0.6666666865348816,1
2211,H2,0.7441860437393188,1
2212,H2,0.5964912176132202,1
2213,H2,0.465753436088562,1
2214,H2,0.7017543911933899,1
2215,H2,0.8888888955116272,1
2216,H2,0.7761194109916687,1
2217,H2,0.9538461565971375,1
2218,H2,0.75,1
2219,H2,0.8524590134620667,1
2220,H2,0.8421052694320679,1
2221,H2,0.7575757503509521,1
2222,H2,0.8831169009208679,1
2223,H2,0.8493150472640991,1
2224,H2,0.8888888955116272,1
2225,H2,0.8484848737716675,1
2226,H2,0.7714285850524902,1
2227,H2,0.8181818127632141,1
2228,H2,0.7878788113594055,1
2229,H2,0.8125,1
2230,H2,0.8285714387893677,1
2231,H2,0.800000011920929,1
2232,H2,0.9090909361839294,1
2233,H2,0.800000011920929,1
2234,H2,0.5608628392219543,1
2235,H2,0.5565217137336731,1
2236,H2,0.9144508838653564,1
2237,H2,0.9381494522094727,1
2238,H2,0.9519612193107605,1
2239,H2,0.9297945499420166,1
2240,H2,0.949406087398529,1
2241,H2,0.46709129214286804,1
2242,H2,0.8965517282485962,1
2243,H2,0.8773584961891174,1
2244,H2,0.8592057824134827,1
2245,H2,0.8478964567184448,1
2246,H2,0.5328185558319092,1
2247,H2,0.7486346364021301,2
2248,H2,0.4712643623352051,2
2249,H2,0.7091412544250488,2
2250,H2,0.5914819240570068,2
2251,H2,0.8027647137641907,3
2252,H2,0.8300618529319763,3
2253,H2,0.7336481213569641,3
2254,H2,0.7558428645133972,3
2255,H2,0.7780702710151672,3
2256,H2,0.8699355721473694,3
2257,H2,0.8710796236991882,4
2258,H2,0.9272133111953735,5
2259,H2,0.9112532734870911,5
2260,H2,0.8622797131538391,5
2261,H2,0.8760678172111511,5
2262,H2,0.8831148743629456,6
2263,H2,0.8358648419380188,6
2264,H2,0.8026509284973145,6
2265,H2,0.9060680866241455,6
2266,H2,0.8932953476905823,7
2267,H2,0.8773487210273743,7
2268,H2,0.8722115755081177,7
2269,H2,0.8556609749794006,7
2270,H2,0.9077149629592896,8
2271,H2,0.8898457288742065,8
2272,H2,0.8311478495597839,9
2273,H2,0.8342665433883667,7
2274,H2,0.7835419774055481,7
2275,H2,0.9134781956672668,5
2276,H2,0.8508766889572144,5
2277,H2,0.8999099731445312,5
2278,H2,0.9250375032424927,4
2279,H2,0.8292206525802612,4
2280,H2,0.8510938882827759,4
2281,H2,0.976161539554596,3
2282,H2,0.9723884463310242,3
2283,H2,0.969767153263092,3
2284,H2,0.8973901271820068,4
2285,H2,0.9317156672477722,4
2286,H2,0.9398841857910156,4
2287,H2,0.9438300728797913,4
2288,H2,0.9372230172157288,4
2289,H2,0.9261639714241028,4
2290,H2,0.8630505800247192,2
2291,H2,0.8495842814445496,2
2292,H2,0.8888888955116272,1
2293,H2,0.75,1
2294,H2,0.8860759735107422,1
2295,H2,0.8470588326454163,1
2296,H2,0.7857142686843872,1
2297,H2,0.7469879388809204,1
2298,H2,0.7714285850524902,1
2299,H2,2.6315789547481927e-09,1
2300,H2,0.6399999856948853,1
2301,H2,0.8383705615997314,1
2302,H2,0.9549902081489563,1
2303,H2,0.9145841002464294,1
2304,H2,0.9344124794006348,1
2305,H2,0.9559872150421143,1
2306,H2,0.9662973284721375,1
2307,H2,0.9667122960090637,1
2308,H2,0.9632558226585388,1
2309,H2,0.42977866530418396,1
2310,H2,0.11757425963878632,1
2311,H2,9.708737980229643e-11,1
2312,H2,0.7443946003913879,1
2313,H2,0.12375249713659286,1
2314,H2,0.6007462739944458,1
2315,H2,0.5889112949371338,3
2316,H2,0.8411009907722473,3
2317,H2,0.8940476775169373,4
2318,H2,0.8119209408760071,5
2319,H2,0.8509377241134644,5
2320,H2,0.9223065376281738,5
2321,H2,0.8808937072753906,6
2322,H2,0.7903555631637573,7
2323,H2,0.8942108750343323,7
2324,H2,0.8768706321716309,7
2325,H2,0.8859061002731323,7
2326,H2,0.762927234172821,8
2327,H2,0.8386164903640747,8
2328,H2,0.8736097812652588,8
2329,H2,0.8961166143417358,8
2330,H2,0.8846133947372437,8
2331,H2,0.8825197219848633,8
2332,H2,0.8466672897338867,10
2333,H2,0.8369946479797363,10
2334,H2,0.8256381154060364,9
2335,H2,0.8152186870574951,8
2336,H2,0.8850631713867188,6
2337,H2,0.833814799785614,6
2338,H2,0.5832289457321167,5
2339,H2,0.9692444205284119,3
2340,H2,0.9533424973487854,3
2341,H2,0.9577192664146423,3
2342,H2,0.9603075981140137,3
2343,H2,0.893330454826355,4
2344,H2,0.884791374206543,3
2345,H2,0.9281778335571289,2
2346,H2,0.9280718564987183,2
2347,H2,0.8486430644989014,2
2348,H2,0.5126044750213623,2
2349,H2,0.7943262457847595,1
2350,H2,0.9120000004768372,1
2351,H2,0.9203540086746216,1
2352,H2,0.8631578683853149,1
2353,H2,0.9473684430122375,1
2354,H2,0.9367088675498962,1
2355,H2,0.8571428656578064,1
2356,H2,0.7714285850524902,1
2357,H2,0.8333333134651184,1
2358,H2,0.7931034564971924,1
2359,H2,0.7017543911933899,1
2360,H2,0.7727272510528564,1
2361,H2,0.7441860437393188,1
2362,H2,0.6122449040412903,1
2363,H2,0.6545454263687134,1
2364,H2,0.7636363506317139,1
2365,H2,0.5555555820465088,1
2366,H2,0.6478873491287231,1
2367,H2,0.8192771077156067,1
2368,H2,0.8297872543334961,1
2369,H2,0.760869562625885,1
2370,H2,0.8888888955116272,1
2371,H2,0.7878788113594055,1
2372,H2,0.7936508059501648,1
2373,H2,0.9333333373069763,1
2374,H2,0.8070175647735596,1
2375,H2,0.7692307829856873,1
2376,H2,0.875,1
2377,H2,0.8301886916160583,1
2378,H2,0.9473684430122375,1
2379,H2,0.9166666865348816,1
2380,H2,0.9473684430122375,1
2381,H2,0.9411764740943909,1
2382,H2,0.891566276550293,1
2383,H2,0.7761194109916687,1
2384,H2,0.84375,1
2385,H2,0.7301587462425232,1
2386,H2,0.7692307829856873,1
2387,H2,0.8571428656578064,1
2388,H2,0.8089887499809265,1
2389,H2,0.7126436829566956,1
2390,H2,0.6567164063453674,1
2391,H2,0.8169013857841492,1
2392,H2,0.8333333134651184,1
2393,H2,0.7297297120094299,1
2394,H2,0.7673860788345337,1
2395,H2,0.9508474469184875,1
2396,H2,0.9450101852416992,1
2397,H2,0.971666693687439,1
2398,H2,0.9779497385025024,1
2399,H2,0.9723196625709534,1
2400,H2,0.9485981464385986,1
2401,H2,0.1635388731956482,1
2402,H2,3.086419730902179e-10,1
2403,H2,0.5882353186607361,1
2404,H2,0.9899857044219971,1
2405,H2,0.9833333492279053,1
2406,H2,0.49497339129447937,2
2407,H2,0.8203731179237366,3
2408,H2,0.9148133397102356,4
2409,H2,0.8775038719177246,4
2410,H2,0.9319653511047363,4
2411,H2,0.7994734644889832,6
2412,H2,0.9425093531608582,6
2413,H2,0.8980745673179626,6
2414,H2,0.9320748448371887,7
2415,H2,0.92365562915802,7
2416,H2,0.9265588521957397,7
2417,H2,0.9195629954338074,7
2418,H2,0.9296808838844299,7
2419,H2,0.9168949723243713,7
2420,H2,0.7902823090553284,7
2421,H2,0.771307110786438,7
2422,H2,0.7404616475105286,7
2423,H2,0.8151871562004089,6
2424,H2,0.9543851613998413,5
2425,H2,0.9485194087028503,5
2426,H2,0.9601688385009766,7
2427,H2,0.9510172605514526,7
2428,H2,0.9281021952629089,8
2429,H2,0.9496825933456421,8
2430,H2,0.9078453779220581,7
2431,H2,0.9255708456039429,7
2432,H2,0.9014701843261719,7
2433,H2,0.8217518925666809,7
2434,H2,0.8708789944648743,6
2435,H2,0.8585222959518433,5
2436,H2,0.8995504379272461,5
2437,H2,0.8110985159873962,4
2438,H2,0.8435252904891968,4
2439,H2,0.834834098815918,4
2440,H2,0.8383495211601257,4
2441,H2,0.853705883026123,4
2442,H2,0.9295642375946045,4
2443,H2,0.825208842754364,4
2444,H2,0.9490426778793335,2
2445,H2,0.9453487396240234,2
2446,H2,0.9258852005004883,2
2447,H2,0.868822455406189,2
2448,H2,0.8244274854660034,1
2449,H2,0.8676470518112183,1
2450,H2,0.7175572514533997,1
2451,H2,0.5233644843101501,1
2452,H2,0.6153846383094788,1
2453,H2,0.6229507923126221,1
2454,H2,0.7936508059501648,1
2455,H2,0.7384615540504456,1
2456,H2,0.6987951993942261,1
2457,H2,0.7674418687820435,1
2458,H2,0.4516128897666931,1
2459,H2,0.2409638613462448,1
2460,H2,1.1494253326915782e-09,1
2461,H2,1.0638298020282377e-09,1
2462,H2,0.09600000083446503,1
2463,H2,0.033898305147886276,1
2464,H2,0.3382352888584137,1
2465,H2,0.3870967626571655,1
2466,H2,0.5,1
2467,H2,0.6060606241226196,1
2468,H2,0.7894737124443054,1
2469,H2,0.7415730357170105,1
2470,H2,0.8095238208770752,1
2471,H2,0.808080792427063,1
2472,H2,0.7157894968986511,1
2473,H2,0.7636363506317139,1
2474,H2,0.7450980544090271,1
2475,H2,0.7307692170143127,1
2476,H2,0.8333333134651184,1
2477,H2,0.7356321811676025,1
2478,H2,0.7863247990608215,1
2479,H2,0.7526881694793701,1
2480,H2,0.8518518805503845,1
2481,H2,0.787401556968689,1
2482,H2,0.7050359845161438,1
2483,H2,0.8500000238418579,1
2484,H2,0.961240291595459,1
2485,H2,0.8014440536499023,1
2486,H2,0.9198113083839417,1
2487,H2,0.9292307496070862,1
2488,H2,0.9619966149330139,1
2489,H2,0.9818875193595886,1
2490,H2,0.9743820428848267,1
2491,H2,0.9804286956787109,1
2492,H2,0.9758307933807373,1
2493,H2,0.9502573013305664,1
2494,H2,0.9140127301216125,1
2495,H2,0.8988391160964966,1
2496,H2,0.5588235259056091,1
2497,H2,0.5633803009986877,1
2498,H2,0.6448087692260742,1
2499,H2,0.08571428805589676,2
2500,H2,0.2147316038608551,2
2501,H2,0.3805807828903198,3
2502,H2,0.34149816632270813,3
2503,H2,0.34033986926078796,3
2504,H2,0.4285305440425873,3
2505,H2,0.5627448558807373,4
2506,H2,0.6061012148857117,4
2507,H2,0.7257333993911743,4
2508,H2,0.5279784798622131,5
2509,H2,0.5532641410827637,5
2510,H2,0.5914891958236694,5
2511,H2,0.5534307360649109,5
2512,H2,0.6091543436050415,5
2513,H2,0.670475959777832,6
2514,H2,0.7829108834266663,6
2515,H2,0.7948119640350342,6
2516,H2,0.6339150667190552,7
2517,H2,0.6735523343086243,7
2518,H2,0.6755208969116211,7
2519,H2,0.6090899109840393,7
2520,H2,0.5080634951591492,7
2521,H2,0.49596723914146423,7
2522,H2,0.6249947547912598,7
2523,H2,0.6838266253471375,7
2524,H2,0.7734405398368835,7
2525,H2,0.819739043712616,7
2526,H2,0.7523916363716125,6
2527,H2,0.9078612327575684,4
2528,H2,0.9585205912590027,3
2529,H2,0.8915041089057922,4
2530,H2,0.9192121624946594,4
2531,H2,0.9219226837158203,4
2532,H2,0.918074369430542,4
2533,H2,0.9066895246505737,4
2534,H2,0.7010611295700073,4
2535,H2,0.616523265838623,3
2536,H2,0.9731723070144653,2
2537,H2,0.9516806602478027,2
2538,H2,0.9437679648399353,2
2539,H2,0.8228242993354797,2
2540,H2,0.8299717903137207,2
2541,H2,0.8749204874038696,2
2542,H2,0.6842105388641357,1
2543,H2,0.6818181872367859,1
2544,H2,0.6829268336296082,1
2545,H2,0.7567567825317383,1
2546,H2,0.7428571581840515,1
2547,H2,0.8907330632209778,1
2548,H2,0.9673985242843628,1
2549,H2,0.9691451787948608,1
2550,H2,0.8673408627510071,1
2551,H2,0.8218390941619873,1
2552,H2,2.3255815051470563e-09,1
2553,H2,0.7570621371269226,1
2554,H2,0.9054441452026367,1
2555,H2,0.5727900862693787,2
2556,H2,0.7291446924209595,2
2557,H2,0.6061293482780457,3
2558,H2,0.7718076705932617,5
2559,H2,0.8986266255378723,5
2560,H2,0.9269078969955444,5
2561,H2,0.8267316818237305,7
2562,H2,0.8571097254753113,7
2563,H2,0.8446603417396545,7
2564,H2,0.781488299369812,7
2565,H2,0.8279796242713928,7
2566,H2,0.7774896621704102,8
2567,H2,0.8333942294120789,8
2568,H2,0.8342065811157227,8
2569,H2,0.8135647177696228,8
2570,H2,0.8369313478469849,8
2571,H2,0.8575589656829834,8
2572,H2,0.9462001919746399,6
2573,H2,0.934604823589325,6
2574,H2,0.9398759007453918,6
2575,H2,0.8964070081710815,8
2576,H2,0.875855565071106,7
2577,H2,0.8768547177314758,6
2578,H2,0.8838889002799988,5
2579,H2,0.7783592939376831,5
2580,H2,0.9612118601799011,3
2581,H2,0.9683606028556824,3
2582,H2,0.92320317029953,3
2583,H2,0.9101498126983643,3
2584,H2,0.7947841882705688,2
2585,H2,0.8671762347221375,2
2586,H2,0.9265385270118713,2
2587,H2,0.9024790525436401,2
2588,H2,0.803214430809021,2
2589,H2,0.5791012644767761,2
2590,H2,0.9791666865348816,1
2591,H2,0.9622641801834106,1
2592,H2,0.8780487775802612,1
2593,H2,0.5647059082984924,1
2594,H2,0.8439716100692749,1
2595,H2,0.9353477358818054,2
2596,H2,0.7834022641181946,3
2597,H2,0.8297774195671082,3
2598,H2,0.8170471787452698,3
2599,H2,0.750455379486084,4
2600,H2,0.7547495365142822,5
2601,H2,0.7716118693351746,6
2602,H2,0.6768181920051575,6
2603,H2,0.7662296891212463,6
2604,H2,0.7708206176757812,6
2605,H2,0.8153020739555359,6
2606,H2,0.8507247567176819,6
2607,H2,0.7110851407051086,8
2608,H2,0.7407242655754089,8
2609,H2,0.7196258306503296,8
2610,H2,0.7182274460792542,8
2611,H2,0.8258564472198486,8
2612,H2,0.8069813251495361,9
2613,H2,0.8076144456863403,8
2614,H2,0.8130266666412354,8
2615,H2,0.7663491368293762,6
2616,H2,0.8186324834823608,5
2617,H2,0.6875631809234619,5
2618,H2,0.8340352177619934,3
2619,H2,0.8225954174995422,3
2620,H2,0.8482356071472168,3
2621,H2,0.7207631468772888,3
2622,H2,0.482206255197525,2
2623,H2,0.48587262630462646,2
2624,H2,0.4861914813518524,2
2625,H2,0.48497292399406433,2
2626,H2,0.9365307092666626,2
2627,H2,0.9362756013870239,2
2628,H2,0.9209807515144348,2
2629,H2,0.8701298832893372,1
2630,H2,0.8721804618835449,1
2631,H2,0.8656716346740723,1
2632,H2,0.90625,1
2633,H2,0.8999999761581421,1
2634,H2,0.747474730014801,1
2635,H2,0.7865168452262878,1
2636,H2,0.6976743936538696,1
2637,H2,0.7605633735656738,1
2638,H2,0.8192771077156067,1
2639,H2,0.6582278609275818,1
2640,H2,0.746666669845581,1
2641,H2,0.7945205569267273,1
2642,H2,0.7796609997749329,1
2643,H2,0.8125,1
2644,H2,0.7368420958518982,1
2645,H2,0.8048780560493469,1
2646,H2,0.7311828136444092,1
2647,H2,0.804347813129425,1
2648,H2,0.8148148059844971,1
2649,H2,0.7906976938247681,1
2650,H2,0.7663551568984985,1
2651,H2,0.761904776096344,1
2652,H2,0.7413793206214905,1
2653,H2,0.8709677457809448,1
2654,H2,0.9075630307197571,1
2655,H2,0.8429751992225647,1
2656,H2,0.7751938104629517,1
2657,H2,0.8910890817642212,1
2658,H2,0.761904776096344,1
2659,H2,0.761904776096344,1
2660,H2,0.37837839126586914,1
2661,H2,0.8484848737716675,1
2662,H2,0.8514851331710815,1
2663,H2,0.8505747318267822,1
2664,H2,0.7710843086242676,1
2665,H2,0.8045976758003235,1
2666,H2,0.875,1
2667,H2,0.7951807379722595,1
2668,H2,0.8131868243217468,1
2669,H2,0.9523809552192688,1
2670,H2,0.8275862336158752,1
2671,H2,0.9210526347160339,1
2672,H2,0.6944444179534912,1
2673,H2,0.5154638886451721,1
2674,H2,0.3076923191547394,1
2675,H2,0.7142857313156128,1
2676,H2,0.9462095499038696,2
2677,H2,0.7887640595436096,3
2678,H2,0.8226601481437683,3
2679,H2,0.9085810780525208,3
2680,H2,0.8517842888832092,4
2681,H2,0.8221012949943542,5
2682,H2,0.8367210626602173,5
2683,H2,0.762462854385376,6
2684,H2,0.8288424015045166,6
2685,H2,0.8350546360015869,6
2686,H2,0.8486416935920715,6
2687,H2,0.7468241453170776,7
2688,H2,0.8843288421630859,7
2689,H2,0.7992854118347168,8
2690,H2,0.8488075733184814,8
2691,H2,0.8408055901527405,8
2692,H2,0.8311361074447632,9
2693,H2,0.8393422365188599,9
2694,H2,0.8757104873657227,8
2695,H2,0.7799082398414612,8
2696,H2,0.8589947819709778,6
2697,H2,0.9155384302139282,4
2698,H2,0.7015472054481506,4
2699,H2,0.606157660484314,4
2700,H2,0.9097263216972351,3
2701,H2,0.850508987903595,3
2702,H2,0.646490752696991,3
2703,H2,0.6393656730651855,3
2704,H2,0.4922873079776764,2
2705,H2,0.636073112487793,3
2706,H2,0.935567319393158,2
2707,H2,0.9579094648361206,2
2708,H2,0.9406400918960571,2
2709,H2,0.867127537727356,2
2710,H2,0.9444444179534912,1
2711,H2,0.8495575189590454,1
2712,H2,0.9384615421295166,1
2713,H2,0.8846153616905212,1
2714,H2,0.8539325594902039,1
2715,H2,0.8571428656578064,1
2716,H2,0.8405796885490417,1
2717,H2,0.8888888955116272,1
2718,H2,0.8450704216957092,1
2719,H2,0.7575757503509521,1
2720,H2,0.7936508059501648,1
2721,H2,0.8571428656578064,1
2722,H2,0.8421052694320679,1
2723,H2,0.8253968358039856,1
2724,H2,0.8219178318977356,1
2725,H2,0.89552241563797,1
2726,H2,0.692307710647583,1
2727,H2,0.7663551568984985,1
2728,H2,0.7476635575294495,1
2729,H2,0.8282828330993652,1
2730,H2,0.695652186870575,1
2731,H2,0.6458333134651184,1
2732,H2,0.8190476298332214,1
2733,H2,0.7256637215614319,1
2734,H2,0.7256637215614319,1
2735,H2,0.7096773982048035,1
2736,H2,0.698113203048706,1
2737,H2,0.5128205418586731,1
2738,H2,0.7945205569267273,1
2739,H2,0.701298713684082,1
2740,H2,0.8598130941390991,1
2741,H2,0.8181818127632141,1
2742,H2,0.7640449404716492,1
2743,H2,0.8125,1
2744,H2,0.7291666865348816,1
2745,H2,0.8500000238418579,1
2746,H2,0.6741573214530945,1
2747,H2,0.7083333134651184,1
2748,H2,0.800000011920929,1
2749,H2,0.8440366983413696,1
2750,H2,0.8433734774589539,1
2751,H2,0.7733333110809326,1
2752,H2,0.7843137383460999,1
2753,H2,0.7360000014305115,1
2754,H2,0.95652174949646,1
2755,H2,0.9591439962387085,1
2756,H2,0.9660537242889404,1
2757,H2,0.9706410765647888,1
2758,H2,0.9714285731315613,1
2759,H2,0.9725315570831299,1
2760,H2,0.8019323945045471,1
2761,H2,0.792792797088623,1
2762,H2,0.9760765433311462,1
2763,H2,0.9741100072860718,1
2764,H2,0.9948586225509644,1
2765,H2,0.9804325699806213,1
2766,H2,0.9644128084182739,1
2767,H2,0.4814203083515167,2
2768,H2,0.7943486571311951,3
2769,H2,0.4993371367454529,5
2770,H2,0.8120244145393372,5
2771,H2,0.8028465509414673,5
2772,H2,0.8700973391532898,5
2773,H2,0.6915081143379211,6
2774,H2,0.7267062664031982,6
2775,H2,0.7816346287727356,6
2776,H2,0.7212715148925781,6
2777,H2,0.8001301288604736,6
2778,H2,0.8545656204223633,6
2779,H2,0.8975410461425781,6
2780,H2,0.9088754057884216,6
2781,H2,0.8902800679206848,7
2782,H2,0.8935459852218628,7
2783,H2,0.8470749258995056,7
2784,H2,0.82045578956604,8
2785,H2,0.9188125729560852,6
2786,H2,0.8650597929954529,7
2787,H2,0.8999758958816528,7
2788,H2,0.8760935664176941,7
2789,H2,0.818295955657959,7
2790,H2,0.8341436386108398,7
2791,H2,0.8973285555839539,6
2792,H2,0.923878014087677,6
2793,H2,0.8782922625541687,6
2794,H2,0.9549972414970398,3
2795,H2,0.9195736050605774,3
2796,H2,0.9330708384513855,3
2797,H2,0.9475992321968079,3
2798,H2,0.9413595795631409,3
2799,H2,0.9318532943725586,3
2800,H2,0.6910994648933411,4
2801,H2,0.9272995591163635,4
2802,H2,0.9331820607185364,3
2803,H2,0.9366238117218018,3
2804,H2,0.9544078707695007,2
2805,H2,0.9309345483779907,2
2806,H2,0.9425588846206665,2
2807,H2,0.8870060443878174,2
2808,H2,0.8470419049263,2
2809,H2,0.9260321855545044,2
2810,H2,0.5952380895614624,2
2811,H2,0.7777777910232544,1
2812,H2,0.9473684430122375,1
2813,H2,0.7636363506317139,1
2814,H2,0.7761194109916687,1
2815,H2,0.7096773982048035,1
2816,H2,0.7200000286102295,1
2817,H2,0.9007633328437805,1
2818,H2,0.8181818127632141,1
2819,H2,0.8231707215309143,1
2820,H2,0.8779443502426147,1
2821,H2,0.9032257795333862,1
2822,H2,0.8073394298553467,1
2823,H2,0.89552241563797,1
2824,H2,0.3944636583328247,1
2825,H2,0.9714285731315613,1
2826,H2,0.9724770784378052,1
2827,H2,0.977886974811554,1
2828,H2,0.9445506930351257,1
2829,H2,0.9373881816864014,1
2830,H2,0.88534015417099,3
2831,H2,0.9575117230415344,3
2832,H2,0.917020320892334,3
2833,H2,0.9400675892829895,3
2834,H2,0.9240923523902893,3
2835,H2,0.8894913196563721,4
2836,H2,0.8295990824699402,4
2837,H2,0.9001837968826294,4
2838,H2,0.910204291343689,4
2839,H2,0.8585422039031982,4
2840,H2,0.8119773864746094,5
2841,H2,0.873637855052948,5
2842,H2,0.9018383026123047,7
2843,H2,0.9121929407119751,7
2844,H2,0.9017000794410706,7
2845,H2,0.8597014546394348,7
2846,H2,0.8737715482711792,7
2847,H2,0.6726623773574829,8
2848,H2,0.7553727030754089,7
2849,H2,0.8626907467842102,5
2850,H2,0.9243253469467163,5
2851,H2,0.8326540589332581,6
2852,H2,0.7955669164657593,5
2853,H2,0.9318643808364868,4
2854,H2,0.8688734173774719,5
2855,H2,0.9126257300376892,4
2856,H2,0.9621302485466003,4
2857,H2,0.9379763603210449,3
2858,H2,0.8193118572235107,3
2859,H2,0.8607500791549683,2
2860,H2,0.9268487691879272,2
2861,H2,0.9630203247070312,2
2862,H2,0.9676432609558105,2
2863,H2,0.9101897478103638,2
2864,H2,0.8925482034683228,2
2865,H2,0.8609544038772583,2
2866,H2,0.894630491733551,2
2867,H2,0.9009548425674438,2
2868,H2,0.7963064312934875,2
2869,H2,0.6802159547805786,2
2870,H2,0.8571428656578064,1
2871,H2,0.7169811129570007,1
2872,H2,0.5600000023841858,1
2873,H2,0.7692307829856873,1
2874,H2,0.8571428656578064,1
2875,H2,0.6499999761581421,1
2876,H2,0.49180328845977783,1
2877,H2,0.9323671460151672,1
2878,H2,0.8842729926109314,1
2879,H2,0.8562813997268677,1
2880,H2,0.8516032695770264,1
2881,H2,0.8823133707046509,1
2882,H2,0.9225678443908691,1
2883,H2,0.9366916418075562,1
2884,H2,0.9216446876525879,1
2885,H2,0.8783186078071594,1
2886,H2,0.6060606241226196,1
2887,H2,0.8996282815933228,1
2888,H2,0.774193525314331,1
2889,H2,0.966292142868042,1
2890,H2,0.9573770761489868,1
2891,H2,0.9743589758872986,1
2892,H2,0.48224931955337524,2
2893,H2,0.9024429321289062,2
2894,H2,0.9400211572647095,2
2895,H2,0.7983120083808899,3
2896,H2,0.8046813011169434,3
2897,H2,0.8132588863372803,3
2898,H2,0.8384170532226562,3
2899,H2,0.840839684009552,3
2900,H2,0.5772433876991272,4
2901,H2,0.7077263593673706,4
2902,H2,0.7193841338157654,5
2903,H2,0.6697928309440613,5
2904,H2,0.7161279916763306,5
2905,H2,0.6506000757217407,5
2906,H2,0.5418115258216858,6
2907,H2,0.6642387509346008,7
2908,H2,0.7615348696708679,7
2909,H2,0.8415781855583191,6
2910,H2,0.8670068383216858,6
2911,H2,0.8379135727882385,7
2912,H2,0.8553574681282043,7
2913,H2,0.7677739262580872,6
2914,H2,0.7938531041145325,6
2915,H2,0.6980732679367065,5
2916,H2,0.6230238080024719,5
2917,H2,0.6600569486618042,5
2918,H2,0.7021244168281555,4
2919,H2,0.8619000911712646,4
2920,H2,0.7794761061668396,5
2921,H2,0.8082736730575562,5
2922,H2,0.6720070838928223,4
2923,H2,0.8756937980651855,3
2924,H2,0.8889760971069336,3
2925,H2,0.8585339188575745,3
2926,H2,0.7549007534980774,3
2927,H2,0.8906182050704956,2
2928,H2,0.7362513542175293,2
2929,H2,0.9150148630142212,2
2930,H2,0.9067857265472412,2
2931,H2,0.8727219104766846,2
2932,H2,0.8175174593925476,2
2933,H2,0.8071343302726746,2
2934,H2,0.8423300385475159,2
2935,H2,0.8532750606536865,2
2936,H2,0.8666666746139526,1
2937,H2,0.517241358757019,1
2938,H2,0.8782894611358643,1
2939,H2,0.6390243768692017,1
2940,H2,0.32692307233810425,1
2941,H2,0.9107648730278015,1
2942,H2,0.724252462387085,1
2943,H2,0.2666666805744171,1
2944,H2,0.8067632913589478,1
2945,H2,0.8067885041236877,1
2946,H2,0.8577114343643188,1
2947,H2,0.9270746111869812,1
2948,H2,0.9463869333267212,1
2949,H2,0.9349168539047241,1
2950,H2,0.9535472989082336,1
2951,H2,0.9388715028762817,1
2952,H2,0.9339691996574402,1
2953,H2,0.9217919707298279,1
2954,H2,0.9390243887901306,1
2955,H2,0.9315916299819946,1
2956,H2,0.8931834101676941,1
2957,H2,0.8065711855888367,2
2958,H2,0.758202075958252,3
2959,H2,0.8584795594215393,4
2960,H2,0.7780255079269409,4
2961,H2,0.8147314786911011,4
2962,H2,0.7946047782897949,6
2963,H2,0.8617586493492126,7
2964,H2,0.8345375657081604,7
2965,H2,0.8269363641738892,7
2966,H2,0.8486260175704956,7
2967,H2,0.8370257616043091,7
2968,H2,0.8831859827041626,7
2969,H2,0.8739133477210999,7
2970,H2,0.7687464952468872,7
2971,H2,0.7955110669136047,6
2972,H2,0.9118251800537109,6
2973,H2,0.8782909512519836,6
2974,H2,0.7646816968917847,8
2975,H2,0.8038520216941833,7
2976,H2,0.8973442912101746,5
2977,H2,0.8817464709281921,5
2978,H2,0.742756187915802,6
2979,H2,0.7165229320526123,6
2980,H2,0.8224300146102905,5
2981,H2,0.9156696200370789,4
2982,H2,0.9307526350021362,4
2983,H2,0.6471276879310608,4
2984,H2,0.7945064306259155,2
2985,H2,0.7916666865348816,1
2986,H2,0.8376068472862244,1
2987,H2,0.9279999732971191,1
2988,H2,0.8474576473236084,1
2989,H2,0.9473684430122375,1
2990,H2,0.8598130941390991,1
2991,H2,0.954954981803894,1
2992,H2,0.9245283007621765,1
2993,H2,0.8888888955116272,1
2994,H2,0.8947368264198303,1
2995,H2,0.8399999737739563,1
2996,H2,0.8260869383811951,1
2997,H2,0.75,1
2998,H2,0.7894737124443054,1
2999,H2,0.782608687877655,1
3000,H2,0.7575757503509521,1
3001,H2,0.8051947951316833,1
3002,H2,0.7764706015586853,1
3003,H2,0.8421052694320679,1
3004,H2,0.7749999761581421,1
3005,H2,0.8543689250946045,1
3006,H2,0.6734693646430969,1
3007,H2,0.3333333432674408,1
3008,H2,0.23157894611358643,1
3009,H2,0.22764228284358978,1
3010,H2,0.40625,1
3011,H2,0.27272728085517883,1
3012,H2,0.8214285969734192,1
3013,H2,0.84375,1
3014,H2,0.8275862336158752,1
3015,H2,0.8333333134651184,1
3016,H2,0.78125,1
3017,H2,0.7301587462425232,1
3018,H2,0.8799999952316284,1
3019,H2,0.7945205569267273,1
3020,H2,0.8045976758003235,1
3021,H2,0.9253731369972229,1
3022,H2,0.8529411554336548,1
3023,H2,0.7397260069847107,1
3024,H2,0.7894737124443054,1
3025,H2,0.7848101258277893,1
3026,H2,0.7733333110809326,1
3027,H2,0.9041095972061157,1
3028,H2,0.7799999713897705,1
3029,H2,0.5473684072494507,1
3030,H2,0.6301369667053223,1
3031,H2,0.898876428604126,1
3032,H2,0.8820512890815735,1
3033,H2,0.9590643048286438,1
3034,H2,0.9585798978805542,1
3035,H2,0.8081048727035522,1
3036,H2,0.6522678136825562,1
3037,H2,3.6101083233930353e-10,1
3038,H2,0.15294118225574493,1
3039,H2,0.21052631735801697,1
3040,H2,0.39344263076782227,1
3041,H2,0.585669755935669,1
3042,H2,0.7783586978912354,3
3043,H2,0.8858835697174072,3
3044,H2,0.9128897190093994,4
3045,H2,0.833851158618927,6
3046,H2,0.8641000390052795,7
3047,H2,0.9184772372245789,7
3048,H2,0.8846497535705566,7
3049,H2,0.8860646486282349,7
3050,H2,0.8519991040229797,7
3051,H2,0.8540152311325073,7
3052,H2,0.7966338396072388,7
3053,H2,0.7300078272819519,7
3054,H2,0.7532524466514587,8
3055,H2,0.8809882402420044,7
3056,H2,0.8576391935348511,7
3057,H2,0.8786590099334717,6
3058,H2,0.9193472862243652,6
3059,H2,0.8948750495910645,7
3060,H2,0.8890219926834106,7
3061,H2,0.9296743273735046,6
3062,H2,0.85113924741745,7
3063,H2,0.8070825934410095,7
3064,H2,0.6983833312988281,7
3065,H2,0.6120439171791077,6
3066,H2,0.760039210319519,4
3067,H2,0.7197620868682861,4
3068,H2,0.959482729434967,3
3069,H2,0.9571840763092041,3
3070,H2,0.9296601414680481,3
3071,H2,0.9031899571418762,4
3072,H2,0.9068940281867981,3
3073,H2,0.9161137342453003,2
3074,H2,0.8869661092758179,2
3075,H2,0.846875011920929,1
3076,H2,0.9324547052383423,1
3077,H2,0.9464033842086792,1
3078,H2,0.9474689364433289,1
3079,H2,0.39726027846336365,1
3080,H2,0.695652186870575,1
3081,H2,0.9207921028137207,1
3082,H2,0.8249258399009705,1
3083,H2,0.6549019813537598,1
3084,H2,0.8301920890808105,2
3085,H2,0.8433231711387634,3
3086,H2,0.8829753994941711,3
3087,H2,0.8976419568061829,3
3088,H2,0.8898437023162842,3
3089,H2,0.8845934867858887,3
3090,H2,0.8407561779022217,3
3091,H2,0.7277242541313171,4
3092,H2,0.7821865677833557,5
3093,H2,0.8237919807434082,5
3094,H2,0.8367927670478821,5
3095,H2,0.7867069840431213,5
3096,H2,0.8299978375434875,6
3097,H2,0.7800120711326599,7
3098,H2,0.8872406482696533,8
3099,H2,0.8995933532714844,8
3100,H2,0.9130318760871887,8
3101,H2,0.8111717700958252,9
3102,H2,0.7798066735267639,9
3103,H2,0.7695866823196411,7
3104,H2,0.765718936920166,8
3105,H2,0.8280856013298035,6
3106,H2,0.8667038083076477,6
3107,H2,0.8815164566040039,5
3108,H2,0.9201310873031616,5
3109,H2,0.8274363279342651,5
3110,H2,0.7395758628845215,5
3111,H2,0.8176377415657043,5
3112,H2,0.7820565104484558,5
3113,H2,0.7327779531478882,4
3114,H2,0.699932336807251,4
3115,H2,0.701138973236084,4
3116,H2,0.6729875802993774,4
3117,H2,0.596013605594635,3
3118,H2,0.5943924784660339,3
3119,H2,0.9140702486038208,2
3120,H2,0.7910313606262207,2
3121,H2,0.6953564882278442,2
3122,H2,0.7806974053382874,2
3123,H2,0.9685990214347839,1
3124,H2,0.8980582356452942,1
3125,H2,0.9740633964538574,1
3126,H2,0.9903181195259094,1
3127,H2,0.9877656102180481,1
3128,H2,0.9798657894134521,1
3129,H2,0.7713498473167419,1
3130,H2,0.9285714030265808,1
3131,H2,0.9521793127059937,2
3132,H2,0.9774024486541748,2
3133,H2,0.9885275363922119,2
3134,H2,0.9072824120521545,4
3135,H2,0.9461976885795593,4
3136,H2,0.7586758732795715,5
3137,H2,0.9331430196762085,5
3138,H2,0.9329779744148254,5
3139,H2,0.8776879906654358,6
3140,H2,0.8641800880432129,7
3141,H2,0.8532662987709045,7
3142,H2,0.8685986995697021,8
3143,H2,0.9399151802062988,8
3144,H2,0.9599343538284302,8
3145,H2,0.8822903037071228,9
3146,H2,0.9221222996711731,9
3147,H2,0.9259223937988281,9
3148,H2,0.8901789784431458,9
3149,H2,0.9280004501342773,7
3150,H2,0.930307924747467,7
3151,H2,0.8589889407157898,6
3152,H2,0.8975582122802734,4
3153,H2,0.9742974638938904,3
3154,H2,0.9765740036964417,3
3155,H2,0.9747616648674011,3
3156,H2,0.8879112005233765,4
3157,H2,0.9620066285133362,4
3158,H2,0.7293815612792969,4
3159,H2,0.9425936937332153,2
3160,H2,0.9476147890090942,2
3161,H2,0.9138695001602173,2
3162,H2,0.7735634446144104,2
3163,H2,0.7654321193695068,1
3164,H2,0.8888888955116272,1
3165,H2,0.9230769276618958,1
3166,H2,0.6399999856948853,1
3167,H2,0.5882353186607361,1
3168,H2,0.950789213180542,1
3169,H2,0.970588207244873,1
3170,H2,0.9514116644859314,1
3171,H2,0.9691441059112549,1
3172,H2,0.9475308656692505,1
3173,H2,0.9727317690849304,1
3174,H2,0.9706042408943176,1
3175,H2,0.9533153176307678,1
3176,H2,0.8405796885490417,1
3177,H2,0.1876543164253235,1
3178,H2,0.5882353186607361,1
3179,H2,0.884192705154419,2
3180,H2,0.8589534163475037,3
3181,H2,0.9330958724021912,3
3182,H2,0.9394715428352356,3
3183,H2,0.9223412871360779,3
3184,H2,0.8747425079345703,3
3185,H2,0.8628693222999573,4
3186,H2,0.8572983741760254,5
3187,H2,0.8384138345718384,5
3188,H2,0.8552501797676086,5
3189,H2,0.8753827810287476,5
3190,H2,0.8297819495201111,6
3191,H2,0.7542482614517212,7
3192,H2,0.847059965133667,8
3193,H2,0.8574364185333252,9
3194,H2,0.8470813035964966,9
3195,H2,0.8920849561691284,9
3196,H2,0.8858461380004883,9
3197,H2,0.8870847225189209,9
3198,H2,0.8088899254798889,6
3199,H2,0.9180561900138855,4
3200,H2,0.7981029152870178,4
3201,H2,0.925978422164917,3
3202,H2,0.9353621006011963,3
3203,H2,0.9485747218132019,3
3204,H2,0.9278514981269836,3
3205,H2,0.6025327444076538,2
3206,H2,0.83296799659729,2
3207,H2,0.6116853952407837,2
3208,H2,0.8712325692176819,2
3209,H2,0.749364972114563,2
3210,H2,0.738130509853363,2
3211,H2,0.8385400772094727,2
3212,H2,0.9137930870056152,1
3213,H2,0.7807486653327942,1
3214,H2,0.8488371968269348,1
3215,H2,0.8533333539962769,1
3216,H2,0.6025640964508057,1
3217,H2,0.5025125741958618,1
3218,H2,0.8855835199356079,1
3219,H2,0.9110105633735657,1
3220,H2,0.9054527282714844,1
3221,H2,0.9341040253639221,1
3222,H2,0.9673357009887695,1
3223,H2,0.9757500886917114,1
3224,H2,0.9173789024353027,1
3225,H2,0.7644787430763245,1
3226,H2,0.751088559627533,2
3227,H2,0.9180402755737305,2
3228,H2,0.7979061007499695,3
3229,H2,0.9303832054138184,3
3230,H2,0.9338350296020508,3
3231,H2,0.9189131855964661,3
3232,H2,0.9154615998268127,4
3233,H2,0.8807379603385925,5
3234,H2,0.8652734160423279,6
3235,H2,0.8455857634544373,6
3236,H2,0.8697085380554199,6
3237,H2,0.8952649235725403,6
3238,H2,0.8574562072753906,7
3239,H2,0.8608294129371643,7
3240,H2,0.8506789207458496,7
3241,H2,0.8725157976150513,7
3242,H2,0.8390251398086548,8
3243,H2,0.8665011525154114,7
3244,H2,0.8546140193939209,8
3245,H2,0.8280120491981506,8
3246,H2,0.8394188284873962,7
3247,H2,0.916181743144989,6
3248,H2,0.9087314605712891,6
3249,H2,0.851172149181366,6
3250,H2,0.7980154156684875,5
3251,H2,0.9524361491203308,3
3252,H2,0.9476620554924011,3
3253,H2,0.948302686214447,3
3254,H2,0.9633481502532959,3
3255,H2,0.9584479331970215,3
3256,H2,0.9578146934509277,3
3257,H2,0.89486163854599,3
3258,H2,0.9203914999961853,2
3259,H2,0.857854962348938,2
3260,H2,0.8300923109054565,2
3261,H2,0.6834073066711426,2
3262,H2,0.6615384817123413,1
3263,H2,0.904347836971283,1
3264,H2,0.8909090757369995,1
3265,H2,0.7472527623176575,1
3266,H2,0.8235294222831726,1
3267,H2,0.7878788113594055,1
3268,H2,0.7213114500045776,1
3269,H2,0.7200000286102295,1
3270,H2,0.6909090876579285,1
3271,H2,0.6842105388641357,1
3272,H2,0.5853658318519592,1
3273,H2,0.7837837934494019,1
3274,H2,0.9678899049758911,1
3275,H2,0.9282407164573669,1
3276,H2,0.8342644572257996,1
3277,H2,0.7933094501495361,1
3278,H2,0.6545454263687134,1
3279,H2,0.6318150758743286,2
3280,H2,0.7244089841842651,2
3281,H2,0.799731433391571,3
3282,H2,0.8775226473808289,3
3283,H2,0.9318126440048218,4
3284,H2,0.9425957798957825,4
3285,H2,0.9463699460029602,4
3286,H2,0.9438756704330444,4
3287,H2,0.9394146203994751,4
3288,H2,0.8055669069290161,5
3289,H2,0.8409162759780884,5
3290,H2,0.8499631881713867,5
3291,H2,0.856630802154541,5
3292,H2,0.8386018872261047,5
3293,H2,0.8531143069267273,6
3294,H2,0.8921131491661072,6
3295,H2,0.8786866068840027,6
3296,H2,0.8525563478469849,7
3297,H2,0.8233142495155334,7
3298,H2,0.7102417349815369,8
3299,H2,0.8092255592346191,9
3300,H2,0.8611981868743896,9
3301,H2,0.8562543988227844,10
3302,H2,0.7961515784263611,10
3303,H2,0.8725941777229309,8
3304,H2,0.9115028977394104,7
3305,H2,0.8831192255020142,7
3306,H2,0.792262613773346,6
3307,H2,0.890040934085846,4
3308,H2,0.9656297564506531,3
3309,H2,0.9716891646385193,3
3310,H2,0.9691678881645203,3
3311,H2,0.9639294743537903,3
3312,H2,0.9053912162780762,4
3313,H2,0.9469944834709167,4
3314,H2,0.9433966279029846,4
3315,H2,0.805084764957428,1
3316,H2,0.8546255230903625,1
3317,H2,0.9351620674133301,1
3318,H2,0.9467140436172485,1
3319,H2,0.9617918133735657,1
3320,H2,0.9413754343986511,1
3321,H2,0.9484797120094299,1
3322,H2,0.9627906680107117,1
3323,H2,0.9501171708106995,1
3324,H2,0.9708208441734314,1
3325,H2,0.9669893383979797,1
3326,H2,0.9794594645500183,1
3327,H2,0.9724661111831665,1
3328,H2,0.9569630026817322,1
3329,H2,0.968505322933197,1
3330,H2,0.9704714417457581,1
3331,H2,0.9611879587173462,1
3332,H2,0.9687227010726929,1
3333,H2,0.9422124624252319,1
3334,H2,0.9183630347251892,1
3335,H2,0.8834567666053772,1
3336,H2,0.8757330179214478,1
3337,H2,0.8940821886062622,1
3338,H2,0.9030988812446594,1
3339,H2,0.5379568934440613,1
3340,H2,0.8498402833938599,1
3341,H2,0.9340101480484009,1
3342,H2,0.9648711681365967,1
3343,H2,0.9614740610122681,1
3344,H2,0.9592875242233276,1
3345,H2,0.9797570705413818,1
3346,H2,0.6863777041435242,2
3347,H2,0.6992406845092773,2
3348,H2,0.754439115524292,2
3349,H2,0.7472528219223022,2
3350,H2,0.8083488941192627,2
3351,H2,0.8121068477630615,2
3352,H2,0.5809559226036072,3
3353,H2,0.6046137809753418,3
3354,H2,0.7783566117286682,4
3355,H2,0.812443733215332,4
3356,H2,0.699873149394989,6
3357,H2,0.720738410949707,6
3358,H2,0.8389375805854797,6
3359,H2,0.8178485035896301,7
3360,H2,0.894271731376648,7
3361,H2,0.8606523275375366,7
3362,H2,0.8818090558052063,7
3363,H2,0.8905047178268433,7
3364,H2,0.8599978685379028,7
3365,H2,0.8780752420425415,7
3366,H2,0.8833386301994324,7
3367,H2,0.8583341240882874,7
3368,H2,0.8416482210159302,7
3369,H2,0.8505530953407288,7
3370,H2,0.8740662336349487,7
3371,H2,0.8370809555053711,7
3372,H2,0.8193732500076294,7
3373,H2,0.8286444544792175,7
3374,H2,0.8319721817970276,7
3375,H2,0.8248242735862732,7
3376,H2,0.8194652199745178,7
3377,H2,0.7978864312171936,7
3378,H2,0.8058436512947083,7
3379,H2,0.7957381010055542,7
3380,H2,0.8253867030143738,7
3381,H2,0.8412250876426697,7
3382,H2,0.8360968232154846,8
3383,H2,0.8559008836746216,8
3384,H2,0.8577461242675781,8
3385,H2,0.8898987770080566,7
3386,H2,0.8908798098564148,7
3387,H2,0.8255290985107422,8
3388,H2,0.8451230525970459,9
3389,H2,0.8026526570320129,9
3390,H2,0.8989113569259644,8
3391,H2,0.8584415912628174,8
3392,H2,0.8484224677085876,8
3393,H2,0.8973851799964905,7
3394,H2,0.8818316459655762,7
3395,H2,0.8505936861038208,7
3396,H2,0.8266270756721497,7
3397,H2,0.83262699842453,7
3398,H2,0.9066067337989807,6
3399,H2,0.9018898606300354,6
3400,H2,0.9094612002372742,6
3401,H2,0.8882284164428711,6
3402,H2,0.8222478032112122,6
3403,H2,0.8242979645729065,6
3404,H2,0.8184893727302551,6
3405,H2,0.7783448100090027,5
3406,H2,0.8097843527793884,4
3407,H2,0.9572572708129883,3
3408,H2,0.9691687226295471,3
3409,H2,0.9691839814186096,3
3410,H2,0.8853698968887329,4
3411,H2,0.9219635725021362,4
3412,H2,0.9403587579727173,4
3413,H2,0.9576980471611023,4
3414,H2,0.9336113929748535,4
3415,H2,0.9509166479110718,4
3416,H2,0.9323292374610901,4
3417,H2,0.884278416633606,4
3418,H2,0.9448330998420715,4
3419,H2,0.9254535436630249,4
3420,H2,0.9283208847045898,4
3421,H2,0.7903507947921753,4
3422,H2,0.9130166172981262,3
3423,H2,0.8614791035652161,3
3424,H2,0.714142382144928,3
3425,H2,0.8326773643493652,2
3426,H2,0.8292629718780518,2
3427,H2,0.8478260636329651,1
3428,H2,0.6575342416763306,1
3429,H2,0.75,1
3430,H2,0.8085106611251831,1
3431,H2,0.8807339668273926,1
3432,H2,0.9311926364898682,1
3433,H2,0.9483910202980042,1
3434,H2,0.9740315079689026,1
3435,H2,0.9845823049545288,1
3436,H2,0.9872757196426392,1
3437,H2,0.9910485744476318,1
3438,H2,0.9894450306892395,1
3439,H2,0.9934840798377991,1
3440,H2,0.9862493872642517,1
3441,H2,0.6392896771430969,1
3442,H2,0.913294792175293,1
3443,H2,0.6451612710952759,1
3444,H2,0.9879518151283264,1
3445,H2,0.965723991394043,2
3446,H2,0.9799624681472778,2
3447,H2,0.9786273837089539,2
3448,H2,0.9546058773994446,3
3449,H2,0.973425567150116,3
3450,H2,0.9673183560371399,3
3451,H2,0.9636756777763367,3
3452,H2,0.8903264999389648,5
3453,H2,0.9355707168579102,5
3454,H2,0.8909492492675781,5
3455,H2,0.9227457046508789,5
3456,H2,0.9163588285446167,5
3457,H2,0.9280651211738586,5
3458,H2,0.878125786781311,5
3459,H2,0.8056127429008484,7
3460,H2,0.935928225517273,7
3461,H2,0.9437923431396484,7
3462,H2,0.9588466882705688,7
3463,H2,0.9279807209968567,10
3464,H2,0.9250129461288452,10
3465,H2,0.9168741703033447,8
3466,H2,0.902976930141449,7
3467,H2,0.8502658009529114,6
3468,H2,0.9243140816688538,4
3469,H2,0.8871650695800781,4
3470,H2,0.9758995175361633,3
3471,H2,0.9750607013702393,3
3472,H2,0.9718735814094543,3
3473,H2,0.9311789870262146,4
3474,H2,0.9658510684967041,4
3475,H2,0.9575391411781311,4
3476,H2,0.9435591697692871,4
3477,H2,0.9449921250343323,3
3478,H2,0.920265257358551,3
3479,H2,0.968991756439209,2
3480,H2,0.961322546005249,2
3481,H2,0.9501965045928955,2
3482,H2,0.9623604416847229,2
3483,H2,0.9628298878669739,2
3484,H2,0.9547872543334961,2
3485,H2,0.859375,1
3486,H2,0.8479999899864197,1
3487,H2,0.8999999761581421,1
3488,H2,0.6595744490623474,1
3489,H2,0.5479452013969421,1
3490,H2,0.6129032373428345,1
3491,H2,0.695652186870575,1
3492,H2,0.7272727489471436,1
3493,H2,0.5454545617103577,1
3494,H2,0.6133333444595337,1
3495,H2,0.8936170339584351,1
3496,H2,0.9215686321258545,1
3497,H2,0.868686854839325,1
3498,H2,0.7142857313156128,1
3499,H2,0.7272727489471436,1
3500,H2,0.7384615540504456,1
3501,H2,0.7586206793785095,1
3502,H2,0.8831169009208679,1
3503,H2,0.7096773982048035,1
3504,H2,0.75,1
3505,H2,0.8833333253860474,1
3506,H2,0.792792797088623,1
3507,H2,0.7777777910232544,1
3508,H2,0.7948718070983887,1
3509,H2,0.8607594966888428,1
3510,H2,0.8235294222831726,1
3511,H2,0.8089887499809265,1
3512,H2,0.8421052694320679,1
3513,H2,0.8101266026496887,1
3514,H2,0.7142857313156128,1
3515,H2,0.7027027010917664,1
3516,H2,0.8732394576072693,1
3517,H2,0.9024389982223511,1
3518,H2,0.7792207598686218,1
3519,H2,0.9014084339141846,1
3520,H2,0.7714285850524902,1
0,H4,0.8905472755432129,1
1,H4,0.9019607901573181,1
2,H4,0.9681697487831116,1
3,H4,0.9614791870117188,1
4,H4,0.976068377494812,1
5,H4,0.97849041223526,1
6,H4,0.9829192757606506,1
7,H4,0.979678213596344,1
8,H4,0.9316360354423523,1
9,H4,0.7565495371818542,1
10,H4,0.9403606057167053,1
11,H4,0.9418604373931885,1
12,H4,0.8571428656578064,1
13,H4,0.9285714030265808,1
14,H4,0.9728260636329651,1
15,H4,0.726266086101532,2
16,H4,0.8932065963745117,2
17,H4,0.7712910771369934,3
18,H4,0.8634520173072815,3
19,H4,0.8896966576576233,4
20,H4,0.8755127191543579,4
21,H4,0.8808791637420654,4
22,H4,0.6732468605041504,5
23,H4,0.6501281261444092,6
24,H4,0.7377509474754333,6
25,H4,0.7291650176048279,6
26,H4,0.8869038224220276,6
27,H4,0.7691758275032043,7
28,H4,0.7386258244514465,7
29,H4,0.7558256983757019,7
30,H4,0.8434133529663086,7
31,H4,0.8126254677772522,7
32,H4,0.79518723487854,8
33,H4,0.823501467704773,8
34,H4,0.8482914566993713,6
35,H4,0.7608718872070312,7
36,H4,0.8622021079063416,7
37,H4,0.8669400215148926,7
38,H4,0.8110957741737366,7
39,H4,0.8742746710777283,6
40,H4,0.7281847596168518,6
41,H4,0.6596173048019409,5
42,H4,0.7293055653572083,4
43,H4,0.9719266295433044,3
44,H4,0.8365079164505005,4
45,H4,0.808284342288971,4
46,H4,0.9145705103874207,4
47,H4,0.8887817859649658,4
48,H4,0.569767415523529,1
49,H4,0.8124030828475952,1
50,H4,0.5,1
51,H4,0.417391300201416,1
52,H4,0.024291498586535454,1
53,H4,0.10825439542531967,1
54,H4,0.002989536616951227,1
55,H4,1.63934421593126e-10,1
56,H4,0.3928571343421936,2
57,H4,0.47457626461982727,2
58,H4,0.7452206611633301,2
59,H4,0.7627441883087158,2
60,H4,0.5992318391799927,3
61,H4,0.4368910789489746,4
62,H4,0.5656259059906006,5
63,H4,0.631481945514679,5
64,H4,0.7329704165458679,5
65,H4,0.7937592267990112,5
66,H4,0.8078797459602356,5
67,H4,0.6911783218383789,6
68,H4,0.7017713785171509,7
69,H4,0.6217642426490784,7
70,H4,0.7164251804351807,8
71,H4,0.7416665554046631,8
72,H4,0.7352282404899597,9
73,H4,0.8226415514945984,8
74,H4,0.8141350746154785,9
75,H4,0.6632863283157349,9
76,H4,0.7856964468955994,8
77,H4,0.7839642763137817,7
78,H4,0.8094331622123718,6
79,H4,0.6428717970848083,5
80,H4,0.7157837152481079,4
81,H4,0.80852210521698,4
82,H4,0.934665858745575,3
83,H4,0.9475075602531433,3
84,H4,0.7682455778121948,4
85,H4,0.6874251365661621,4
86,H4,0.5271682739257812,3
87,H4,0.6620104312896729,2
88,H4,0.6147963404655457,2
89,H4,0.4375,2
90,H4,0.17391304671764374,2
91,H4,0.7804877758026123,1
92,H4,0.7368420958518982,1
93,H4,0.4000000059604645,1
94,H4,0.6451612710952759,1
95,H4,0.692307710647583,1
96,H4,0.5789473652839661,1
97,H4,0.5454545617103577,1
98,H4,7.692308123807834e-09,1
99,H4,0.4000000059604645,1
100,H4,0.6363636255264282,1
101,H4,0.6206896305084229,1
102,H4,0.7317073345184326,1
103,H4,0.5454545617103577,1
104,H4,5.5555555711350735e-09,1
105,H4,0.1666666716337204,1
106,H4,0.3636363744735718,1
107,H4,0.5,1
108,H4,8.333333134658005e-09,1
109,H4,0.6153846383094788,1
110,H4,0.7200000286102295,1
111,H4,0.4761904776096344,1
112,H4,0.42105263471603394,1
113,H4,0.4615384638309479,1
114,H4,0.6666666865348816,1
115,H4,0.6399999856948853,1
116,H4,0.5600000023841858,1
117,H4,0.7333333492279053,1
118,H4,0.6470588445663452,1
119,H4,0.6666666865348816,1
120,H4,0.6111111044883728,1
121,H4,0.5517241358757019,1
122,H4,8.333333134658005e-09,1
123,H4,8.333333134658005e-09,1
124,H4,0.6148648858070374,1
125,H4,0.3923647999763489,1
126,H4,0.6601106524467468,1
127,H4,0.9722697734832764,1
128,H4,0.9635651707649231,1
129,H4,0.9609516263008118,1
130,H4,0.9688466191291809,1
131,H4,0.8580130934715271,1
132,H4,0.7168080806732178,1
133,H4,0.5657407641410828,1
134,H4,0.39271843433380127,1
135,H4,0.28599950671195984,1
136,H4,0.12921003997325897,1
137,H4,0.9058066606521606,2
138,H4,0.8643021583557129,3
139,H4,0.9010791182518005,3
140,H4,0.9233986735343933,3
141,H4,0.9323375821113586,3
142,H4,0.9388861656188965,3
143,H4,0.9238104224205017,3
144,H4,0.9455329775810242,3
145,H4,0.8992390036582947,3
146,H4,0.907865047454834,3
147,H4,0.934276282787323,3
148,H4,0.8768056035041809,3
149,H4,0.8878729939460754,3
150,H4,0.8995947241783142,3
151,H4,0.9112668633460999,3
152,H4,0.9368796348571777,3
153,H4,0.8278513550758362,4
154,H4,0.8545434474945068,4
155,H4,0.830897331237793,4
156,H4,0.8031685948371887,6
157,H4,0.9090578556060791,6
158,H4,0.9007152915000916,6
159,H4,0.944033682346344,6
160,H4,0.9060923457145691,6
161,H4,0.9034029841423035,6
162,H4,0.9137086868286133,6
163,H4,0.8559058308601379,6
164,H4,0.9082972407341003,6
165,H4,0.8955582976341248,6
166,H4,0.9403411746025085,6
167,H4,0.9240388870239258,6
168,H4,0.8818879127502441,7
169,H4,0.9347859025001526,7
170,H4,0.9485289454460144,7
171,H4,0.9124781489372253,7
172,H4,0.9197049736976624,7
173,H4,0.8940560221672058,7
174,H4,0.8375728726387024,7
175,H4,0.6726585030555725,8
176,H4,0.68854159116745,8
177,H4,0.8579261302947998,8
178,H4,0.6979477405548096,9
179,H4,0.6769130825996399,9
180,H4,0.635924220085144,9
181,H4,0.669227659702301,8
182,H4,0.6243933439254761,8
183,H4,0.6495406031608582,6
184,H4,0.6500600576400757,5
185,H4,0.6417407989501953,5
186,H4,0.6617669463157654,5
187,H4,0.6180636286735535,5
188,H4,0.5501061677932739,5
189,H4,0.6406584978103638,4
190,H4,0.57899010181427,4
191,H4,0.7103476524353027,4
192,H4,0.7908192873001099,4
193,H4,0.8897044062614441,4
194,H4,0.845134437084198,3
195,H4,0.89833664894104,3
196,H4,0.9765195250511169,2
197,H4,0.9764108657836914,2
198,H4,0.9784142971038818,2
199,H4,0.9841588735580444,2
200,H4,0.9698913097381592,2
201,H4,0.9702799320220947,2
202,H4,0.9775515794754028,2
203,H4,0.9716620445251465,2
204,H4,0.9757410883903503,2
205,H4,0.9666182398796082,2
206,H4,0.9663501977920532,2
207,H4,0.9424490332603455,3
208,H4,0.8992583155632019,3
209,H4,0.8787165284156799,3
210,H4,0.636518657207489,3
211,H4,0.9385637044906616,2
212,H4,0.9299696087837219,2
213,H4,0.8909667730331421,2
214,H4,0.9523907899856567,2
215,H4,0.9291973114013672,2
216,H4,0.9476667642593384,2
217,H4,0.9162567853927612,2
218,H4,0.9207057356834412,2
219,H4,0.942281186580658,2
220,H4,0.8559603691101074,2
221,H4,0.9208645820617676,2
222,H4,0.8366015553474426,2
223,H4,0.7801724076271057,2
224,H4,0.8595041036605835,1
225,H4,0.8120300769805908,1
226,H4,0.8305084705352783,1
227,H4,0.7799999713897705,1
228,H4,0.8190476298332214,1
229,H4,0.8737863898277283,1
230,H4,0.8148148059844971,1
231,H4,0.6804123520851135,1
232,H4,0.75789475440979,1
233,H4,0.800000011920929,1
234,H4,0.8333333134651184,1
235,H4,0.8367347121238708,1
236,H4,0.8571428656578064,1
237,H4,0.9158878326416016,1
238,H4,0.9203540086746216,1
239,H4,0.8928571343421936,1
240,H4,0.8545454740524292,1
241,H4,0.20216606557369232,1
242,H4,0.40997231006622314,1
243,H4,0.52173912525177,1
244,H4,0.5752895474433899,1
245,H4,0.5756457448005676,1
246,H4,0.699680507183075,1
247,H4,0.6519684791564941,1
248,H4,0.7555555701255798,1
249,H4,0.7829360365867615,1
250,H4,0.8236744999885559,1
251,H4,0.8319624066352844,1
252,H4,0.9081527590751648,1
253,H4,0.920604944229126,1
254,H4,0.9753320813179016,1
255,H4,0.9390815496444702,1
256,H4,0.9747474789619446,1
257,H4,0.9669811129570007,1
258,H4,0.9815384745597839,1
259,H4,0.9533834457397461,1
260,H4,0.9646892547607422,1
261,H4,0.9693333506584167,1
262,H4,0.985602080821991,1
263,H4,0.9762057662010193,1
264,H4,0.9642416834831238,1
265,H4,0.9644128084182739,1
266,H4,0.9790453910827637,1
267,H4,0.9797804951667786,1
268,H4,0.9674572348594666,1
269,H4,0.977419376373291,1
270,H4,0.9851537942886353,1
271,H4,0.9754055738449097,1
272,H4,0.9657227993011475,1
273,H4,0.98233562707901,1
274,H4,0.9858880639076233,1
275,H4,0.9764083027839661,1
276,H4,0.9686013460159302,1
277,H4,0.9777777791023254,1
278,H4,0.9829414486885071,1
279,H4,0.9753199219703674,1
280,H4,0.9661481976509094,1
281,H4,0.9743119478225708,1
282,H4,0.9847574830055237,1
283,H4,0.9846583008766174,1
284,H4,0.9353724718093872,1
285,H4,0.9214711785316467,1
286,H4,0.9321267008781433,1
287,H4,0.9055036306381226,1
288,H4,0.8820403814315796,1
289,H4,0.8705625534057617,1
290,H4,0.9476278424263,1
291,H4,0.9348371028900146,1
292,H4,0.9428369998931885,1
293,H4,0.8459069132804871,1
294,H4,0.14859437942504883,1
295,H4,1.9417475960459285e-10,1
296,H4,2.8328611678674065e-10,1
297,H4,5.58659229987768e-10,1
298,H4,6.711409206161534e-10,1
299,H4,1.6949153192058475e-09,1
300,H4,7.092198495151081e-10,1
301,H4,7.633587650879292e-10,1
302,H4,7.751937980415846e-10,1
303,H4,7.092198495151081e-10,1
304,H4,1.1644591957349348e-09,2
305,H4,9.98376714633764e-10,2
306,H4,0.07500000298023224,2
307,H4,0.03717472031712532,2
308,H4,0.258169949054718,2
309,H4,0.31410256028175354,2
310,H4,0.32947975397109985,2
311,H4,0.4490571916103363,3
312,H4,0.5157796740531921,3
313,H4,0.3771316111087799,3
314,H4,0.4798111617565155,3
315,H4,0.6586034893989563,3
316,H4,0.681222677230835,3
317,H4,0.5966441631317139,3
318,H4,0.5796324610710144,3
319,H4,0.5528905987739563,4
320,H4,0.5554543137550354,4
321,H4,0.6353236436843872,4
322,H4,0.8100341558456421,4
323,H4,0.7644124031066895,4
324,H4,0.7596807479858398,4
325,H4,0.8287708163261414,4
326,H4,0.81015944480896,4
327,H4,0.7805449962615967,4
328,H4,0.7700952887535095,4
329,H4,0.7391632199287415,4
330,H4,0.8179689645767212,4
331,H4,0.847934365272522,4
332,H4,0.8219818472862244,4
333,H4,0.825417697429657,4
334,H4,0.8441028594970703,4
335,H4,0.8345816731452942,4
336,H4,0.8575246334075928,4
337,H4,0.8531845211982727,4
338,H4,0.8132748603820801,4
339,H4,0.7527652978897095,4
340,H4,0.78935706615448,4
341,H4,0.8349934816360474,4
342,H4,0.8682249784469604,4
343,H4,0.8797449469566345,4
344,H4,0.8782535791397095,4
345,H4,0.8584119081497192,4
346,H4,0.8375647664070129,4
347,H4,0.7781636118888855,5
348,H4,0.8487235307693481,5
349,H4,0.8651223182678223,5
350,H4,0.806359589099884,5
351,H4,0.8910130262374878,5
352,H4,0.9120184183120728,5
353,H4,0.9032993316650391,5
354,H4,0.8763600587844849,5
355,H4,0.7584055066108704,6
356,H4,0.9305543899536133,6
357,H4,0.8646839261054993,6
358,H4,0.8780753016471863,6
359,H4,0.9149942994117737,6
360,H4,0.933647632598877,6
361,H4,0.9251692891120911,6
362,H4,0.9102721810340881,6
363,H4,0.9277599453926086,6
364,H4,0.9359024167060852,6
365,H4,0.9278144836425781,6
366,H4,0.9027786254882812,6
367,H4,0.8564684987068176,6
368,H4,0.8660640716552734,6
369,H4,0.8737298846244812,6
370,H4,0.8194804191589355,7
371,H4,0.8507376909255981,7
372,H4,0.9238422513008118,7
373,H4,0.8735736012458801,7
374,H4,0.7769396901130676,7
375,H4,0.8308266401290894,7
376,H4,0.8709704279899597,7
377,H4,0.8399984240531921,6
378,H4,0.7984192967414856,6
379,H4,0.6750966310501099,7
380,H4,0.6894544363021851,8
381,H4,0.6835005879402161,8
382,H4,0.5683615207672119,8
383,H4,0.7018114924430847,6
384,H4,0.7213058471679688,6
385,H4,0.7172131538391113,6
386,H4,0.5997254848480225,6
387,H4,0.8736580610275269,4
388,H4,0.8422701358795166,4
389,H4,0.7121909856796265,4
390,H4,0.9246649742126465,3
391,H4,0.9440674781799316,3
392,H4,0.9467720985412598,3
393,H4,0.9374226927757263,3
394,H4,0.954272985458374,3
395,H4,0.9680075645446777,3
396,H4,0.974299430847168,3
397,H4,0.9588863253593445,3
398,H4,0.9490907788276672,3
399,H4,0.9523405432701111,3
400,H4,0.9623949527740479,3
401,H4,0.9605167508125305,3
402,H4,0.9513067603111267,3
403,H4,0.960719883441925,3
404,H4,0.9675241112709045,3
405,H4,0.9619191288948059,3
406,H4,0.9586674571037292,3
407,H4,0.8497238159179688,4
408,H4,0.8476335406303406,4
409,H4,0.83780837059021,4
410,H4,0.8298836350440979,4
411,H4,0.932084321975708,4
412,H4,0.9446852207183838,4
413,H4,0.93916916847229,4
414,H4,0.9357917904853821,4
415,H4,0.9341598749160767,4
416,H4,0.9498096704483032,4
417,H4,0.9609238505363464,4
418,H4,0.9373236894607544,4
419,H4,0.9442846179008484,4
420,H4,0.9665073156356812,4
421,H4,0.9468655586242676,4
422,H4,0.9245553016662598,4
423,H4,0.9451436400413513,4
424,H4,0.970104992389679,4
425,H4,0.9367255568504333,4
426,H4,0.9182577729225159,4
427,H4,0.8945181369781494,4
428,H4,0.9411850571632385,4
429,H4,0.9466242790222168,4
430,H4,0.8762211799621582,4
431,H4,0.7700424194335938,3
432,H4,0.805218517780304,3
433,H4,0.9460850954055786,2
434,H4,0.8771688938140869,2
435,H4,0.9026262760162354,2
436,H4,0.9079251289367676,2
437,H4,0.8758668899536133,2
438,H4,0.8146655559539795,2
439,H4,0.8458118438720703,2
440,H4,0.8334000706672668,2
441,H4,0.8224949836730957,2
442,H4,0.8030696511268616,2
443,H4,0.6913580298423767,1
444,H4,0.6315789222717285,1
445,H4,0.5428571701049805,1
446,H4,0.37681159377098083,1
447,H4,0.4583333432674408,1
448,H4,0.5098039507865906,1
449,H4,0.3414634168148041,1
450,H4,0.2916666567325592,1
451,H4,0.31578946113586426,1
452,H4,2.8571429666612858e-09,1
453,H4,0.3684210479259491,1
454,H4,0.23529411852359772,1
455,H4,0.22857142984867096,1
456,H4,2.9411764135289786e-09,1
457,H4,2.5641024858913397e-09,1
458,H4,0.3076923191547394,1
459,H4,0.23255814611911774,1
460,H4,0.2380952388048172,1
461,H4,2.7027027282855443e-09,1
462,H4,2.4390243158478597e-09,1
463,H4,2.4999999848063226e-09,1
464,H4,2.1276596040564755e-09,1
465,H4,3.333333387089965e-09,1
466,H4,0.5454545617103577,1
467,H4,0.82798832654953,1
468,H4,0.8950276374816895,1
469,H4,0.9172142148017883,1
470,H4,0.9538187980651855,1
471,H4,0.9562913775444031,1
472,H4,0.944474995136261,1
473,H4,0.9362319111824036,1
474,H4,0.9258098006248474,1
475,H4,0.8343023061752319,1
476,H4,0.7604532837867737,1
477,H4,0.7352834939956665,1
478,H4,0.7160794138908386,1
479,H4,0.6334928274154663,1
480,H4,0.5603864789009094,1
481,H4,0.18358208239078522,1
482,H4,1.2180267905392839e-10,1
483,H4,8.025682202150719e-11,1
484,H4,7.13266737339957e-11,1
485,H4,3.030302953010988e-10,1
486,H4,4.975124201500591e-10,1
487,H4,0.2937062978744507,1
488,H4,0.3239074647426605,1
489,H4,0.39393940567970276,1
490,H4,0.40082645416259766,1
491,H4,0.7344262003898621,1
492,H4,0.4027431309223175,2
493,H4,0.9250643253326416,2
494,H4,0.8656308650970459,3
495,H4,0.9142753481864929,3
496,H4,0.9249258041381836,3
497,H4,0.8442659378051758,3
498,H4,0.8948776125907898,3
499,H4,0.8730692863464355,3
500,H4,0.8771579265594482,3
501,H4,0.9569670557975769,3
502,H4,0.9502683281898499,3
503,H4,0.9602985978126526,3
504,H4,0.9223949313163757,3
505,H4,0.943773090839386,3
506,H4,0.9613247513771057,3
507,H4,0.951637327671051,3
508,H4,0.6088123917579651,5
509,H4,0.6971451640129089,5
510,H4,0.6545369029045105,6
511,H4,0.6055315136909485,6
512,H4,0.6178222298622131,6
513,H4,0.701794445514679,6
514,H4,0.6670972108840942,7
515,H4,0.6756079792976379,7
516,H4,0.7075510025024414,7
517,H4,0.7364654541015625,7
518,H4,0.7712827324867249,7
519,H4,0.8004366755485535,7
520,H4,0.7974629998207092,7
521,H4,0.7975313067436218,7
522,H4,0.8550457954406738,7
523,H4,0.9541895985603333,7
524,H4,0.9234978556632996,8
525,H4,0.9465842843055725,9
526,H4,0.9148699641227722,9
527,H4,0.8852996826171875,9
528,H4,0.9250664114952087,9
529,H4,0.9060909748077393,9
530,H4,0.901311457157135,9
531,H4,0.9052780866622925,9
532,H4,0.9182834625244141,9
533,H4,0.9304042458534241,9
534,H4,0.8883235454559326,9
535,H4,0.8940178751945496,10
536,H4,0.844798743724823,10
537,H4,0.9152764081954956,9
538,H4,0.9140251874923706,9
539,H4,0.8917611241340637,8
540,H4,0.9369931817054749,8
541,H4,0.895852267742157,8
542,H4,0.8791234493255615,8
543,H4,0.8809795379638672,7
544,H4,0.8531922101974487,5
545,H4,0.9428914189338684,4
546,H4,0.9215018153190613,4
547,H4,0.9803046584129333,3
548,H4,0.9835081100463867,3
549,H4,0.976599395275116,3
550,H4,0.9827788472175598,3
551,H4,0.9821470379829407,3
552,H4,0.9784480929374695,3
553,H4,0.9837668538093567,3
554,H4,0.9726939797401428,3
555,H4,0.9564041495323181,4
556,H4,0.97443687915802,4
557,H4,0.9485607743263245,4
558,H4,0.9792976975440979,4
559,H4,0.9611129760742188,4
560,H4,0.9786460995674133,4
561,H4,0.9518384337425232,4
562,H4,0.961337685585022,4
563,H4,0.9682687520980835,4
564,H4,0.9529722929000854,4
565,H4,0.9565221071243286,4
566,H4,0.9693291187286377,4
567,H4,0.9344169497489929,4
568,H4,0.9260948300361633,4
569,H4,0.8196152448654175,4
570,H4,0.8942100405693054,3
571,H4,0.9261546730995178,3
572,H4,0.9291616082191467,2
573,H4,0.9619600772857666,2
574,H4,0.9006097316741943,2
575,H4,0.9502859115600586,2
576,H4,0.9096634984016418,2
577,H4,0.9023644924163818,2
578,H4,0.8313771486282349,2
579,H4,0.9174311757087708,1
580,H4,0.9369369149208069,1
581,H4,0.9629629850387573,1
582,H4,0.9399999976158142,1
583,H4,0.9375,1
584,H4,0.9111111164093018,1
585,H4,0.9263157844543457,1
586,H4,0.9292929172515869,1
587,H4,0.800000011920929,1
588,H4,0.8095238208770752,1
589,H4,0.8395061492919922,1
590,H4,0.8157894611358643,1
591,H4,0.8695651888847351,1
592,H4,0.8823529481887817,1
593,H4,0.8823529481887817,1
594,H4,0.8695651888847351,1
595,H4,0.800000011920929,1
596,H4,0.8387096524238586,1
597,H4,0.8474576473236084,1
598,H4,0.6909090876579285,1
599,H4,0.6274510025978088,1
600,H4,0.6538461446762085,1
601,H4,0.75,1
602,H4,0.8301886916160583,1
603,H4,0.8070175647735596,1
604,H4,0.7457627058029175,1
605,H4,0.875,1
606,H4,0.7941176295280457,1
607,H4,0.8611111044883728,1
608,H4,0.7605633735656738,1
609,H4,0.6419752836227417,1
610,H4,0.7032967209815979,1
611,H4,0.6521739363670349,1
612,H4,0.699999988079071,1
613,H4,0.8679245114326477,1
614,H4,0.8760330677032471,1
615,H4,0.8888888955116272,1
616,H4,0.9032257795333862,1
617,H4,0.843137264251709,1
618,H4,0.7234042286872864,1
619,H4,0.607594907283783,1
620,H4,0.27272728085517883,1
621,H4,2.5641024858913397e-09,1
622,H4,3.030303119544442e-09,1
623,H4,2.7027027282855443e-09,1
624,H4,2.3255815051470563e-09,1
625,H4,2.3809523241880015e-09,1
626,H4,0.2181818187236786,1
627,H4,2.2222221840451084e-09,1
628,H4,0.3958333432674408,1
629,H4,0.6086956262588501,1
630,H4,0.6666666865348816,1
631,H4,0.7446808218955994,1
632,H4,0.6666666865348816,1
633,H4,0.7142857313156128,1
634,H4,0.75,1
635,H4,0.8450704216957092,1
636,H4,0.8648648858070374,1
637,H4,0.7317073345184326,1
638,H4,0.5263158082962036,1
639,H4,0.71875,1
640,H4,0.591549277305603,1
641,H4,0.767123281955719,1
642,H4,0.8837209343910217,1
643,H4,0.8395061492919922,1
644,H4,0.8101266026496887,1
645,H4,0.8533333539962769,1
646,H4,0.7878788113594055,1
647,H4,0.8461538553237915,1
648,H4,0.7894737124443054,1
649,H4,0.7250000238418579,1
650,H4,0.7654321193695068,1
651,H4,0.8292682766914368,1
652,H4,0.9195402264595032,1
653,H4,0.8712871074676514,1
654,H4,0.8468468189239502,1
655,H4,0.8037382960319519,1
656,H4,0.8037382960319519,1
657,H4,0.8571428656578064,1
658,H4,0.9440000057220459,1
659,H4,0.875,1
660,H4,0.8644067645072937,1
661,H4,0.8527131676673889,1
662,H4,0.779411792755127,1
663,H4,0.8640000224113464,1
664,H4,0.9375,1
665,H4,0.8305084705352783,1
666,H4,0.8666666746139526,1
667,H4,0.9197080135345459,1
668,H4,0.8775510191917419,1
669,H4,0.957446813583374,1
670,H4,0.9230769276618958,1
671,H4,0.774193525314331,1
672,H4,0.8500000238418579,1
673,H4,0.7045454382896423,1
674,H4,0.6097561120986938,1
675,H4,0.692307710647583,1
676,H4,0.5987654328346252,1
677,H4,0.9038112759590149,1
678,H4,0.9492998719215393,1
679,H4,0.9661129713058472,1
680,H4,0.985382616519928,1
681,H4,0.9862712621688843,1
682,H4,0.9861671328544617,1
683,H4,0.9865656495094299,1
684,H4,0.985707700252533,1
685,H4,0.9433333277702332,1
686,H4,0.7528089880943298,1
687,H4,0.9803921580314636,1
688,H4,0.9724137783050537,1
689,H4,0.975806474685669,1
690,H4,0.9770290851593018,1
691,H4,0.9085240960121155,2
692,H4,0.8317700624465942,2
693,H4,0.8569560050964355,4
694,H4,0.9615887999534607,4
695,H4,0.9628984332084656,4
696,H4,0.8148144483566284,5
697,H4,0.8799760937690735,5
698,H4,0.8948623538017273,5
699,H4,0.8348315954208374,5
700,H4,0.8092555403709412,6
701,H4,0.8738272786140442,6
702,H4,0.8545995950698853,7
703,H4,0.8960453867912292,7
704,H4,0.833832859992981,8
705,H4,0.9000402688980103,10
706,H4,0.8194959759712219,10
707,H4,0.8261834979057312,9
708,H4,0.8225920796394348,7
709,H4,0.8480036854743958,6
710,H4,0.836155116558075,4
711,H4,0.9608010649681091,3
712,H4,0.9745417237281799,3
713,H4,0.963710606098175,3
714,H4,0.9689049124717712,3
715,H4,0.9701099395751953,3
716,H4,0.9405240416526794,4
717,H4,0.9520489573478699,4
718,H4,0.9215946197509766,3
719,H4,0.8364911079406738,3
720,H4,0.5976197719573975,3
721,H4,0.8575361967086792,2
722,H4,0.6886996030807495,2
723,H4,0.7038953304290771,2
724,H4,0.7536487579345703,2
725,H4,0.5820895433425903,1
726,H4,0.5967742204666138,1
727,H4,0.7082152962684631,1
728,H4,0.8992629051208496,1
729,H4,0.719763994216919,1
730,H4,0.9222487807273865,1
731,H4,0.9194729328155518,1
732,H4,0.7676447033882141,1
733,H4,0.9326068162918091,1
734,H4,0.8697736263275146,1
735,H4,0.9596529006958008,1
736,H4,0.9430962204933167,1
737,H4,0.9079557061195374,1
738,H4,0.9622230529785156,1
739,H4,0.9442763328552246,1
740,H4,0.9678937792778015,1
741,H4,0.9654255509376526,1
742,H4,0.9579415917396545,1
743,H4,0.9629390835762024,1
744,H4,0.9702811241149902,1
745,H4,0.964349091053009,1
746,H4,0.972540020942688,1
747,H4,0.9771644473075867,1
748,H4,0.9602985978126526,1
749,H4,0.9692281484603882,1
750,H4,0.9325640201568604,1
751,H4,0.95530104637146,1
752,H4,0.9518855810165405,1
753,H4,0.9110919237136841,1
754,H4,0.9295212626457214,1
755,H4,0.8601863980293274,1
756,H4,0.9140534400939941,1
757,H4,0.9477145671844482,1
758,H4,0.9178782105445862,1
759,H4,0.8456435203552246,1
760,H4,0.7967807054519653,1
761,H4,0.8368580341339111,1
762,H4,0.17391304671764374,1
763,H4,2.7777777855675367e-09,1
764,H4,2.2727273396583314e-09,1
765,H4,9.174311865756124e-10,1
766,H4,3.6764705169112233e-10,1
767,H4,3.086419730902179e-10,1
768,H4,1.5629800786953751e-09,2
769,H4,0.3297002613544464,2
770,H4,0.46828359365463257,2
771,H4,0.5286296010017395,3
772,H4,0.4901607930660248,3
773,H4,0.5473936796188354,3
774,H4,0.40379711985588074,3
775,H4,0.3870328962802887,3
776,H4,0.3480928838253021,3
777,H4,0.335083931684494,3
778,H4,0.30871137976646423,3
779,H4,0.36740705370903015,3
780,H4,0.4418555796146393,3
781,H4,0.41687437891960144,3
782,H4,0.583346962928772,4
783,H4,0.6222192049026489,5
784,H4,0.513094425201416,6
785,H4,0.5109791159629822,6
786,H4,0.5170193314552307,6
787,H4,0.565254271030426,6
788,H4,0.6805651187896729,6
789,H4,0.698599636554718,6
790,H4,0.7213020324707031,6
791,H4,0.7098495960235596,6
792,H4,0.7165212631225586,6
793,H4,0.7441965937614441,6
794,H4,0.7566306591033936,6
795,H4,0.7785560488700867,6
796,H4,0.7553519606590271,6
797,H4,0.6828204989433289,6
798,H4,0.704345703125,6
799,H4,0.737629234790802,6
800,H4,0.7205122113227844,6
801,H4,0.6953045725822449,6
802,H4,0.7024180293083191,6
803,H4,0.6285802721977234,6
804,H4,0.5383848547935486,7
805,H4,0.5968798398971558,7
806,H4,0.5885783433914185,7
807,H4,0.6480066180229187,7
808,H4,0.6415176391601562,7
809,H4,0.643172562122345,7
810,H4,0.6747344136238098,7
811,H4,0.6977100372314453,8
812,H4,0.7311374545097351,8
813,H4,0.7407467365264893,8
814,H4,0.7357089519500732,8
815,H4,0.7678289413452148,9
816,H4,0.7595808506011963,9
817,H4,0.727081835269928,10
818,H4,0.7108081579208374,10
819,H4,0.6596164703369141,10
820,H4,0.6596343517303467,10
821,H4,0.6460598707199097,10
822,H4,0.6693661212921143,9
823,H4,0.7714581489562988,8
824,H4,0.8439546227455139,7
825,H4,0.8402723670005798,7
826,H4,0.8933754563331604,6
827,H4,0.8642406463623047,5
828,H4,0.9022268056869507,5
829,H4,0.9524012804031372,4
830,H4,0.9552991986274719,3
831,H4,0.9559456706047058,3
832,H4,0.9621689915657043,3
833,H4,0.9636695981025696,3
834,H4,0.9526975750923157,3
835,H4,0.9664502739906311,3
836,H4,0.9549058079719543,3
837,H4,0.8049504160881042,4
838,H4,0.9184013605117798,4
839,H4,0.8720151782035828,4
840,H4,0.9357612729072571,4
841,H4,0.9314281344413757,4
842,H4,0.8968330025672913,4
843,H4,0.8966842889785767,4
844,H4,0.9050173759460449,4
845,H4,0.9153320789337158,4
846,H4,0.8926436305046082,3
847,H4,0.8429649472236633,3
848,H4,0.9244786500930786,2
849,H4,0.9253782033920288,2
850,H4,0.964912474155426,2
851,H4,0.8849228620529175,2
852,H4,0.9321035146713257,2
853,H4,0.9521598815917969,2
854,H4,0.8973798155784607,2
855,H4,0.9537068009376526,2
856,H4,0.9473006725311279,2
857,H4,0.9507997035980225,2
858,H4,0.9768240451812744,2
859,H4,0.9393535852432251,2
860,H4,0.969728946685791,2
861,H4,0.9342656135559082,2
862,H4,0.920419454574585,2
863,H4,0.9718732833862305,2
864,H4,0.8512119650840759,2
865,H4,0.8591217398643494,2
866,H4,0.8573130369186401,2
867,H4,0.7768595218658447,1
868,H4,0.8888888955116272,1
869,H4,0.8125,1
870,H4,0.898876428604126,1
871,H4,0.8695651888847351,1
872,H4,0.8999999761581421,1
873,H4,0.7428571581840515,1
874,H4,0.7777777910232544,1
875,H4,0.774193525314331,1
876,H4,0.7037037014961243,1
877,H4,0.9625806212425232,1
878,H4,0.9758161902427673,1
879,H4,0.9864041209220886,1
880,H4,0.9894022941589355,1
881,H4,0.9916597008705139,1
882,H4,0.9885268211364746,1
883,H4,0.9720670580863953,1
884,H4,0.910179615020752,1
885,H4,0.9642857313156128,1
886,H4,0.9735449552536011,1
887,H4,0.9822485446929932,1
888,H4,0.9793395400047302,2
889,H4,0.7954333424568176,3
890,H4,0.9186412692070007,3
891,H4,0.8969605565071106,3
892,H4,0.9481102824211121,3
893,H4,0.88682621717453,3
894,H4,0.8352306485176086,3
895,H4,0.7084435224533081,5
896,H4,0.8644598722457886,5
897,H4,0.9367399215698242,5
898,H4,0.9193904995918274,5
899,H4,0.8079109191894531,6
900,H4,0.8772512078285217,7
901,H4,0.6928906440734863,8
902,H4,0.5848843455314636,10
903,H4,0.6943257451057434,10
904,H4,0.7864373922348022,10
905,H4,0.7261890172958374,10
906,H4,0.7874633073806763,7
907,H4,0.7415522933006287,6
908,H4,0.5188392400741577,5
909,H4,0.7650652527809143,3
910,H4,0.866020679473877,3
911,H4,0.8617880344390869,4
912,H4,0.9313007593154907,4
913,H4,0.9683202505111694,4
914,H4,0.9725795388221741,4
915,H4,0.9782078266143799,4
916,H4,0.8760967254638672,4
917,H4,0.8929535746574402,2
918,H4,0.9551430940628052,2
919,H4,0.9132381677627563,2
920,H4,0.9408613443374634,2
921,H4,0.8456991910934448,2
922,H4,0.939393937587738,1
923,H4,0.8888888955116272,1
924,H4,0.7346938848495483,1
925,H4,0.5405405163764954,1
926,H4,0.5789473652839661,1
927,H4,0.800000011920929,1
928,H4,0.7541899681091309,1
929,H4,0.8022388219833374,1
930,H4,0.7439824938774109,1
931,H4,0.7223300933837891,1
932,H4,0.6607142686843872,1
933,H4,0.32618024945259094,1
934,H4,1.2048192443714356e-09,1
935,H4,0.5968292355537415,2
936,H4,0.8494063019752502,3
937,H4,0.9120447635650635,3
938,H4,0.9565523266792297,3
939,H4,0.9515736699104309,3
940,H4,0.90077143907547,4
941,H4,0.8591406941413879,4
942,H4,0.9133610725402832,4
943,H4,0.9434282183647156,4
944,H4,0.9007284045219421,4
945,H4,0.8968626260757446,5
946,H4,0.886026918888092,6
947,H4,0.9173288941383362,7
948,H4,0.9186462759971619,9
949,H4,0.9136415123939514,9
950,H4,0.9278116226196289,9
951,H4,0.9270264506340027,9
952,H4,0.9113664627075195,10
953,H4,0.8219162225723267,10
954,H4,0.7973897457122803,8
955,H4,0.8487313985824585,7
956,H4,0.9068732261657715,4
957,H4,0.9741559028625488,3
958,H4,0.9667494893074036,3
959,H4,0.9637460708618164,3
960,H4,0.9688122868537903,3
961,H4,0.8815317153930664,4
962,H4,0.8904584050178528,4
963,H4,0.9230337738990784,3
964,H4,0.9357309341430664,2
965,H4,0.9435498714447021,2
966,H4,0.9239862561225891,2
967,H4,0.8846153616905212,1
968,H4,0.8510638475418091,1
969,H4,0.936170220375061,1
970,H4,0.9047619104385376,1
971,H4,0.8421052694320679,1
972,H4,0.9130434989929199,1
973,H4,0.7727272510528564,1
974,H4,0.8181818127632141,1
975,H4,0.8095238208770752,1
976,H4,0.8292682766914368,1
977,H4,0.7804877758026123,1
978,H4,0.7200000286102295,1
979,H4,0.7647058963775635,1
980,H4,0.6486486196517944,1
981,H4,0.6000000238418579,1
982,H4,0.5090909004211426,1
983,H4,0.6181818246841431,1
984,H4,0.6666666865348816,1
985,H4,0.800000011920929,1
986,H4,0.8333333134651184,1
987,H4,0.800000011920929,1
988,H4,0.7083333134651184,1
989,H4,0.695652186870575,1
990,H4,0.46666666865348816,1
991,H4,0.7317073345184326,1
992,H4,0.692307710647583,1
993,H4,0.8985507488250732,1
994,H4,0.8333333134651184,1
995,H4,0.8709677457809448,1
996,H4,0.7169811129570007,1
997,H4,0.6000000238418579,1
998,H4,0.7142857313156128,1
999,H4,0.8571428656578064,1
1000,H4,0.8627451062202454,1
1001,H4,0.7368420958518982,1
1002,H4,0.723842203617096,1
1003,H4,0.9822820425033569,1
1004,H4,0.9275904893875122,1
1005,H4,0.8367670178413391,1
1006,H4,0.12720848619937897,1
1007,H4,0.8181818127632141,1
1008,H4,0.42424243688583374,2
1009,H4,0.41924548149108887,3
1010,H4,0.5834808945655823,3
1011,H4,0.6626193523406982,3
1012,H4,0.682783305644989,3
1013,H4,0.721025288105011,3
1014,H4,0.8552484512329102,3
1015,H4,0.8853824734687805,3
1016,H4,0.8688348531723022,4
1017,H4,0.8395034670829773,4
1018,H4,0.8280015587806702,4
1019,H4,0.789172351360321,5
1020,H4,0.789652943611145,5
1021,H4,0.8215759992599487,5
1022,H4,0.7465426325798035,6
1023,H4,0.6667348146438599,7
1024,H4,0.6771668791770935,7
1025,H4,0.6444464325904846,8
1026,H4,0.6784849762916565,8
1027,H4,0.6974489688873291,9
1028,H4,0.7284986972808838,8
1029,H4,0.6523884534835815,7
1030,H4,0.6100010871887207,7
1031,H4,0.6188576817512512,7
1032,H4,0.614873468875885,7
1033,H4,0.5151836276054382,5
1034,H4,0.8708801865577698,3
1035,H4,0.7632257342338562,3
1036,H4,0.8762103915214539,3
1037,H4,0.7934476733207703,3
1038,H4,0.7881008386611938,4
1039,H4,0.7596259713172913,4
1040,H4,0.724174976348877,4
1041,H4,0.9640884399414062,3
1042,H4,0.9541435837745667,3
1043,H4,0.9630484580993652,3
1044,H4,0.9404720664024353,3
1045,H4,0.945772647857666,3
1046,H4,0.9489436149597168,2
1047,H4,0.9365441203117371,2
1048,H4,0.9641864895820618,2
1049,H4,0.8824345469474792,2
1050,H4,0.8115941882133484,1
1051,H4,0.6071428656578064,1
1052,H4,0.6415094137191772,1
1053,H4,0.7017543911933899,1
1054,H4,0.6785714030265808,1
1055,H4,0.7058823704719543,1
1056,H4,0.6315789222717285,1
1057,H4,0.8342857360839844,1
1058,H4,0.9577777981758118,1
1059,H4,0.974692702293396,1
1060,H4,0.9868276715278625,1
1061,H4,0.9905392527580261,1
1062,H4,0.9852302074432373,1
1063,H4,0.9906937479972839,1
1064,H4,0.9868995547294617,1
1065,H4,0.9869888424873352,1
1066,H4,0.9879518151283264,1
1067,H4,0.9924242496490479,1
1068,H4,0.980557918548584,1
1069,H4,0.9679487347602844,1
1070,H4,0.7352941036224365,1
1071,H4,0.9218106865882874,1
1072,H4,0.9361402988433838,2
1073,H4,0.9002389907836914,3
1074,H4,0.7179475426673889,4
1075,H4,0.7826642990112305,4
1076,H4,0.8601624965667725,4
1077,H4,0.9070364832878113,5
1078,H4,0.9289667010307312,5
1079,H4,0.9458122253417969,5
1080,H4,0.9230396747589111,6
1081,H4,0.9374955296516418,6
1082,H4,0.9611145853996277,6
1083,H4,0.9321629405021667,6
1084,H4,0.9313197731971741,6
1085,H4,0.9570483565330505,6
1086,H4,0.9114834666252136,6
1087,H4,0.8203134536743164,9
1088,H4,0.8984702229499817,9
1089,H4,0.8576080203056335,10
1090,H4,0.8696277141571045,9
1091,H4,0.8857364654541016,8
1092,H4,0.8880918025970459,8
1093,H4,0.8286583423614502,8
1094,H4,0.7900137305259705,4
1095,H4,0.9807161688804626,3
1096,H4,0.9698032736778259,3
1097,H4,0.9756017327308655,3
1098,H4,0.9762606620788574,3
1099,H4,0.9698407649993896,3
1100,H4,0.9090641736984253,4
1101,H4,0.9517402648925781,4
1102,H4,0.9268912672996521,4
1103,H4,0.9054652452468872,4
1104,H4,0.9554116725921631,2
1105,H4,0.9556928277015686,2
1106,H4,0.932647168636322,2
1107,H4,0.44383561611175537,1
1108,H4,0.9053319096565247,1
1109,H4,0.8794664144515991,1
1110,H4,0.9314892292022705,1
1111,H4,0.9012150168418884,1
1112,H4,0.867330014705658,1
1113,H4,0.6751298308372498,1
1114,H4,0.75,1
1115,H4,0.9398148059844971,1
1116,H4,0.9719626307487488,1
1117,H4,0.9415204524993896,1
1118,H4,0.9719626307487488,1
1119,H4,0.9631435871124268,2
1120,H4,0.9607894420623779,2
1121,H4,0.8514410257339478,4
1122,H4,0.7544184923171997,5
1123,H4,0.8557484149932861,6
1124,H4,0.9168820381164551,6
1125,H4,0.9154027104377747,6
1126,H4,0.8811435103416443,7
1127,H4,0.9015128016471863,7
1128,H4,0.9007879495620728,8
1129,H4,0.8770503997802734,8
1130,H4,0.9041928052902222,8
1131,H4,0.8821442723274231,8
1132,H4,0.9142600297927856,8
1133,H4,0.8712117075920105,8
1134,H4,0.9035457372665405,8
1135,H4,0.8968887329101562,8
1136,H4,0.9239822030067444,7
1137,H4,0.9148760437965393,7
1138,H4,0.833682656288147,8
1139,H4,0.8541622757911682,6
1140,H4,0.9006097912788391,5
1141,H4,0.9692118167877197,3
1142,H4,0.9680764675140381,3
1143,H4,0.9598439335823059,3
1144,H4,0.9652664065361023,3
1145,H4,0.9704686999320984,3
1146,H4,0.9682832360267639,3
1147,H4,0.6166213750839233,4
1148,H4,0.7929491400718689,3
1149,H4,0.9173152446746826,2
1150,H4,0.9302340745925903,2
1151,H4,0.9160373210906982,2
1152,H4,0.9645389914512634,1
1153,H4,0.9420289993286133,1
1154,H4,0.9019607901573181,1
1155,H4,0.9647058844566345,1
1156,H4,0.9055837392807007,1
1157,H4,0.9428191781044006,1
1158,H4,0.9098818898200989,1
1159,H4,0.8042843341827393,1
1160,H4,0.7780126929283142,1
1161,H4,0.23529411852359772,1
1162,H4,0.5701754093170166,1
1163,H4,0.6534351110458374,1
1164,H4,0.7679888010025024,2
1165,H4,0.7868658304214478,5
1166,H4,0.8707757592201233,6
1167,H4,0.8065893054008484,6
1168,H4,0.8903787136077881,6
1169,H4,0.8927924036979675,6
1170,H4,0.8752202987670898,6
1171,H4,0.8014088869094849,7
1172,H4,0.7575673460960388,7
1173,H4,0.8180987238883972,7
1174,H4,0.8002251386642456,7
1175,H4,0.8168745040893555,7
1176,H4,0.8092229962348938,7
1177,H4,0.6479721069335938,8
1178,H4,0.7162607312202454,6
1179,H4,0.8280121684074402,6
1180,H4,0.7519187927246094,8
1181,H4,0.7839444279670715,8
1182,H4,0.7959362864494324,8
1183,H4,0.7809678316116333,7
1184,H4,0.8695123791694641,6
1185,H4,0.9446163773536682,4
1186,H4,0.9147576689720154,4
1187,H4,0.8762691617012024,4
1188,H4,0.8657585978507996,4
1189,H4,0.9135035276412964,2
1190,H4,0.883823037147522,2
1191,H4,0.7777777910232544,1
1192,H4,0.8571428656578064,1
1193,H4,0.8367347121238708,1
1194,H4,0.7524752616882324,1
1195,H4,0.8979591727256775,1
1196,H4,0.9215686321258545,1
1197,H4,0.7216494679450989,1
1198,H4,0.8735632300376892,1
1199,H4,0.8508633971214294,1
1200,H4,0.8182665705680847,1
1201,H4,0.7532467246055603,1
1202,H4,1.6977928785077978e-10,1
1203,H4,0.6142202615737915,2
1204,H4,0.5965129137039185,4
1205,H4,0.7992241978645325,4
1206,H4,0.8687063455581665,4
1207,H4,0.5855781435966492,6
1208,H4,0.6342477798461914,7
1209,H4,0.586749255657196,7
1210,H4,0.6187090277671814,7
1211,H4,0.6195992231369019,7
1212,H4,0.623772144317627,7
1213,H4,0.5969308018684387,7
1214,H4,0.6653356552124023,7
1215,H4,0.6807717084884644,7
1216,H4,0.6961302757263184,7
1217,H4,0.7100933194160461,7
1218,H4,0.7328172922134399,8
1219,H4,0.8159685134887695,7
1220,H4,0.8279767632484436,7
1221,H4,0.8093694448471069,7
1222,H4,0.7966533303260803,7
1223,H4,0.7356268763542175,7
1224,H4,0.8473728895187378,5
1225,H4,0.6346679925918579,5
1226,H4,0.7913609743118286,4
1227,H4,0.9609304070472717,3
1228,H4,0.9332600235939026,3
1229,H4,0.8916776776313782,4
1230,H4,0.848903238773346,4
1231,H4,0.8632686138153076,2
1232,H4,0.8473981618881226,2
1233,H4,0.801082968711853,2
1234,H4,0.9523809552192688,1
1235,H4,0.6869301199913025,1
1236,H4,0.6830065250396729,1
1237,H4,0.5828144550323486,1
1238,H4,0.6731488704681396,1
1239,H4,0.7964184880256653,1
1240,H4,0.8406275510787964,1
1241,H4,0.8342048525810242,1
1242,H4,0.9086626768112183,1
1243,H4,0.9242745637893677,1
1244,H4,0.9536423683166504,1
1245,H4,0.938511312007904,1
1246,H4,0.9533745050430298,1
1247,H4,0.9482535719871521,1
1248,H4,0.9639794230461121,1
1249,H4,0.9566377401351929,1
1250,H4,0.9337002635002136,1
1251,H4,0.9329156875610352,1
1252,H4,0.8814135193824768,1
1253,H4,0.8082901835441589,1
1254,H4,0.5994420051574707,1
1255,H4,0.19160787761211395,1
1256,H4,0.8035714030265808,1
1257,H4,0.8769716024398804,1
1258,H4,0.9690265655517578,1
1259,H4,0.9634340405464172,1
1260,H4,0.9815303683280945,1
1261,H4,0.959295928478241,1
1262,H4,0.9753320813179016,1
1263,H4,0.7019049525260925,2
1264,H4,0.8870773315429688,2
1265,H4,0.9414763450622559,2
1266,H4,0.924709677696228,2
1267,H4,0.9021803140640259,2
1268,H4,0.9047096371650696,2
1269,H4,0.8990086317062378,2
1270,H4,0.8897590637207031,2
1271,H4,0.9015717506408691,2
1272,H4,0.9219235181808472,2
1273,H4,0.9610080122947693,2
1274,H4,0.690101683139801,3
1275,H4,0.9000091552734375,3
1276,H4,0.9431607723236084,3
1277,H4,0.9515132308006287,3
1278,H4,0.9629123210906982,3
1279,H4,0.9482415318489075,3
1280,H4,0.7839623689651489,4
1281,H4,0.7773839235305786,4
1282,H4,0.7785994410514832,4
1283,H4,0.7991885542869568,4
1284,H4,0.8073495626449585,4
1285,H4,0.8122955560684204,4
1286,H4,0.8210949897766113,4
1287,H4,0.8462405800819397,4
1288,H4,0.8421285152435303,4
1289,H4,0.8131154179573059,4
1290,H4,0.6955248713493347,5
1291,H4,0.6674743294715881,5
1292,H4,0.6748989224433899,5
1293,H4,0.5690592527389526,6
1294,H4,0.5371266007423401,6
1295,H4,0.5685819387435913,6
1296,H4,0.6823262572288513,6
1297,H4,0.5910799503326416,6
1298,H4,0.5707964301109314,6
1299,H4,0.5824853181838989,6
1300,H4,0.6928155422210693,6
1301,H4,0.6326990127563477,7
1302,H4,0.4686172306537628,8
1303,H4,0.5406806468963623,8
1304,H4,0.41891688108444214,9
1305,H4,0.4176294803619385,9
1306,H4,0.48480916023254395,10
1307,H4,0.4751727879047394,9
1308,H4,0.5205979347229004,9
1309,H4,0.5550044775009155,9
1310,H4,0.6389237642288208,9
1311,H4,0.7065081000328064,9
1312,H4,0.7612969875335693,8
1313,H4,0.77928626537323,8
1314,H4,0.6986931562423706,8
1315,H4,0.6738868355751038,8
1316,H4,0.6368664503097534,8
1317,H4,0.6166819334030151,7
1318,H4,0.5153709650039673,7
1319,H4,0.5637762546539307,7
1320,H4,0.5374643206596375,7
1321,H4,0.6233579516410828,6
1322,H4,0.5380091667175293,6
1323,H4,0.47313207387924194,5
1324,H4,0.4690508246421814,5
1325,H4,0.4653710722923279,4
1326,H4,0.4827197790145874,4
1327,H4,0.47451186180114746,4
1328,H4,0.5162691473960876,4
1329,H4,0.5322828888893127,4
1330,H4,0.5241890549659729,4
1331,H4,0.6342463493347168,3
1332,H4,0.6468592882156372,3
1333,H4,0.6100404858589172,3
1334,H4,0.7123000025749207,3
1335,H4,0.7851154208183289,3
1336,H4,0.7172961831092834,3
1337,H4,0.5897930264472961,3
1338,H4,0.843315839767456,3
1339,H4,0.8703585267066956,3
1340,H4,0.8503415584564209,3
1341,H4,0.8497438430786133,3
1342,H4,0.802508533000946,3
1343,H4,0.8689450621604919,3
1344,H4,0.8566645979881287,3
1345,H4,0.8603339791297913,3
1346,H4,0.8814883828163147,3
1347,H4,0.8039606213569641,3
1348,H4,0.8060936331748962,3
1349,H4,0.8147921562194824,3
1350,H4,0.6904131770133972,3
1351,H4,0.695591151714325,3
1352,H4,0.5886070132255554,3
1353,H4,0.5493437647819519,3
1354,H4,0.5563096404075623,3
1355,H4,0.502713143825531,3
1356,H4,0.4610576629638672,3
1357,H4,0.5928421020507812,2
1358,H4,0.5855787992477417,2
1359,H4,0.707918643951416,2
1360,H4,0.6708663702011108,2
1361,H4,0.7146320343017578,2
1362,H4,0.7347826361656189,2
1363,H4,0.7235453724861145,2
1364,H4,0.6053118109703064,2
1365,H4,0.6140575408935547,2
1366,H4,0.6865562796592712,2
1367,H4,0.7517915964126587,2
1368,H4,0.7491776347160339,2
1369,H4,0.6215231418609619,2
1370,H4,0.36036035418510437,2
1371,H4,0.4112149477005005,2
1372,H4,0.7307692170143127,1
1373,H4,0.8172042965888977,1
1374,H4,0.6666666865348816,1
1375,H4,0.8712328672409058,1
1376,H4,0.9476190209388733,1
1377,H4,0.9457013607025146,1
1378,H4,0.9010553956031799,1
1379,H4,0.7389749884605408,1
1380,H4,0.38155803084373474,1
1381,H4,0.8259109258651733,1
1382,H4,0.6649214625358582,1
1383,H4,0.8705882430076599,1
1384,H4,0.8148148059844971,1
1385,H4,0.9469964504241943,1
1386,H4,0.9584905505180359,1
1387,H4,0.6614076495170593,3
1388,H4,0.8998032808303833,4
1389,H4,0.9259650111198425,4
1390,H4,0.9050127863883972,5
1391,H4,0.9174381494522095,5
1392,H4,0.8309429287910461,6
1393,H4,0.8521552681922913,6
1394,H4,0.9194484353065491,6
1395,H4,0.8476952314376831,7
1396,H4,0.9147916436195374,7
1397,H4,0.8819389939308167,7
1398,H4,0.8640574812889099,7
1399,H4,0.766484260559082,7
1400,H4,0.8172702193260193,7
1401,H4,0.8572868704795837,7
1402,H4,0.8355579376220703,7
1403,H4,0.7457183003425598,8
1404,H4,0.7899580001831055,8
1405,H4,0.7502800226211548,8
1406,H4,0.8241101503372192,7
1407,H4,0.7606559991836548,8
1408,H4,0.738855242729187,7
1409,H4,0.7257137298583984,6
1410,H4,0.6858479380607605,5
1411,H4,0.6566908955574036,5
1412,H4,0.8360788822174072,3
1413,H4,0.8518120646476746,3
1414,H4,0.9384574294090271,3
1415,H4,0.9546793103218079,3
1416,H4,0.8977627754211426,4
1417,H4,0.8531241416931152,4
1418,H4,0.8942795395851135,4
1419,H4,0.8774113059043884,4
1420,H4,0.8463827967643738,3
1421,H4,0.7768898010253906,2
1422,H4,0.7525822520256042,2
1423,H4,0.7003458738327026,2
1424,H4,0.4067796468734741,1
1425,H4,0.9230769276618958,1
1426,H4,0.5011933445930481,1
1427,H4,0.7105262875556946,1
1428,H4,0.8165680766105652,1
1429,H4,0.8998968005180359,1
1430,H4,0.8892430067062378,1
1431,H4,0.9054726362228394,1
1432,H4,0.9200000166893005,1
1433,H4,0.9273392558097839,1
1434,H4,0.908203125,1
1435,H4,0.7937558889389038,1
1436,H4,0.7882011532783508,1
1437,H4,0.7811764478683472,1
1438,H4,0.8078388571739197,1
1439,H4,0.7096773982048035,1
1440,H4,0.9459459185600281,1
1441,H4,0.9763779640197754,1
1442,H4,0.9368420839309692,1
1443,H4,0.9401002526283264,2
1444,H4,0.9509983658790588,2
1445,H4,0.953816294670105,2
1446,H4,0.9735758304595947,2
1447,H4,0.95906001329422,2
1448,H4,0.9837172031402588,2
1449,H4,0.958829402923584,2
1450,H4,0.9487485289573669,2
1451,H4,0.9743005037307739,2
1452,H4,0.9677490592002869,2
1453,H4,0.9806116819381714,2
1454,H4,0.9581411480903625,2
1455,H4,0.8089794516563416,3
1456,H4,0.8275370001792908,3
1457,H4,0.813718855381012,3
1458,H4,0.9192549586296082,3
1459,H4,0.8995687365531921,3
1460,H4,0.9589510560035706,3
1461,H4,0.9566090106964111,3
1462,H4,0.9395921230316162,3
1463,H4,0.6819092035293579,4
1464,H4,0.661286473274231,5
1465,H4,0.8298736810684204,5
1466,H4,0.8600906133651733,5
1467,H4,0.8618685603141785,5
1468,H4,0.9288915395736694,5
1469,H4,0.6012429594993591,6
1470,H4,0.7012743353843689,7
1471,H4,0.749150812625885,7
1472,H4,0.7183793783187866,7
1473,H4,0.7342314124107361,7
1474,H4,0.7567229270935059,7
1475,H4,0.7834412455558777,7
1476,H4,0.7904236912727356,7
1477,H4,0.8136273622512817,7
1478,H4,0.8503187298774719,7
1479,H4,0.8245339393615723,7
1480,H4,0.8233519792556763,8
1481,H4,0.8401881456375122,8
1482,H4,0.8377529978752136,8
1483,H4,0.818282425403595,10
1484,H4,0.8232070803642273,10
1485,H4,0.8235746622085571,10
1486,H4,0.8892501592636108,10
1487,H4,0.8733747601509094,10
1488,H4,0.8600271940231323,10
1489,H4,0.85142582654953,10
1490,H4,0.726649284362793,10
1491,H4,0.8371323347091675,9
1492,H4,0.8380882740020752,9
1493,H4,0.830794095993042,9
1494,H4,0.7079855799674988,9
1495,H4,0.8453503251075745,7
1496,H4,0.8521842360496521,7
1497,H4,0.6236137747764587,7
1498,H4,0.9158453941345215,4
1499,H4,0.8845741152763367,4
1500,H4,0.9458417296409607,3
1501,H4,0.9604341387748718,3
1502,H4,0.9542570114135742,3
1503,H4,0.9660444855690002,3
1504,H4,0.9661601185798645,3
1505,H4,0.9683504700660706,3
1506,H4,0.9742037653923035,3
1507,H4,0.9678289294242859,3
1508,H4,0.9678565859794617,3
1509,H4,0.9680513739585876,3
1510,H4,0.9605934023857117,3
1511,H4,0.9695537686347961,3
1512,H4,0.9653444290161133,3
1513,H4,0.9714670777320862,3
1514,H4,0.9668416976928711,3
1515,H4,0.9054393768310547,4
1516,H4,0.9110051989555359,4
1517,H4,0.8994601964950562,4
1518,H4,0.934744119644165,4
1519,H4,0.9129717350006104,4
1520,H4,0.8867355585098267,4
1521,H4,0.8985217809677124,4
1522,H4,0.8534273505210876,4
1523,H4,0.8426604866981506,3
1524,H4,0.7884387373924255,3
1525,H4,0.7238991260528564,3
1526,H4,0.6704749464988708,3
1527,H4,0.6368311643600464,3
1528,H4,0.8378673791885376,2
1529,H4,0.8194757103919983,2
1530,H4,0.8805264234542847,2
1531,H4,0.8681252002716064,2
1532,H4,0.8228792548179626,2
1533,H4,0.8165228962898254,2
1534,H4,0.683711051940918,2
1535,H4,0.4259064197540283,2
1536,H4,0.7105262875556946,1
1537,H4,0.6577181220054626,1
1538,H4,0.7321428656578064,1
1539,H4,0.5504587292671204,1
1540,H4,0.4000000059604645,1
1541,H4,0.5054945349693298,1
1542,H4,0.5142857432365417,1
1543,H4,0.8387096524238586,1
1544,H4,0.7666666507720947,1
1545,H4,0.6857143044471741,1
1546,H4,0.824999988079071,1
1547,H4,0.824999988079071,1
1548,H4,0.8799999952316284,1
1549,H4,0.8543689250946045,1
1550,H4,0.8672566413879395,1
1551,H4,0.7433628439903259,1
1552,H4,0.7407407164573669,1
1553,H4,0.5894736647605896,1
1554,H4,0.5494505763053894,1
1555,H4,0.5454545617103577,1
1556,H4,0.6451612710952759,1
1557,H4,0.5333333611488342,1
1558,H4,0.6352941393852234,1
1559,H4,0.7311828136444092,1
1560,H4,0.8389261960983276,1
1561,H4,0.9465116262435913,1
1562,H4,0.950266420841217,1
1563,H4,0.9564635157585144,1
1564,H4,0.9563719630241394,1
1565,H4,0.9508196711540222,1
1566,H4,0.9424558281898499,1
1567,H4,0.9417080879211426,1
1568,H4,0.9118660688400269,1
1569,H4,0.9474254846572876,1
1570,H4,0.9532934427261353,1
1571,H4,0.9436523914337158,1
1572,H4,0.8434163928031921,1
1573,H4,0.8713060021400452,1
1574,H4,0.9330199956893921,1
1575,H4,0.9185580611228943,1
1576,H4,0.3643122613430023,1
1577,H4,9.999999717180685e-10,1
1578,H4,0.40740740299224854,1
1579,H4,0.9049773812294006,1
1580,H4,0.9134328365325928,1
1581,H4,0.9795918464660645,1
1582,H4,0.9457626938819885,1
1583,H4,0.49561402201652527,2
1584,H4,0.5790051221847534,2
1585,H4,0.9409651756286621,2
1586,H4,0.9775354266166687,2
1587,H4,0.9511985778808594,2
1588,H4,0.9799797534942627,2
1589,H4,0.9577125906944275,2
1590,H4,0.9633451104164124,2
1591,H4,0.9826406836509705,2
1592,H4,0.9638628959655762,2
1593,H4,0.9839321374893188,2
1594,H4,0.8374896049499512,3
1595,H4,0.8991708159446716,3
1596,H4,0.9011034369468689,3
1597,H4,0.9103538990020752,3
1598,H4,0.9164273142814636,3
1599,H4,0.9254664778709412,3
1600,H4,0.9116538166999817,3
1601,H4,0.9354169368743896,3
1602,H4,0.9067196846008301,3
1603,H4,0.9201309084892273,3
1604,H4,0.8479057550430298,4
1605,H4,0.7210503816604614,5
1606,H4,0.735531747341156,5
1607,H4,0.8543564081192017,5
1608,H4,0.9411506652832031,5
1609,H4,0.8111869692802429,6
1610,H4,0.7811987400054932,6
1611,H4,0.8735918402671814,6
1612,H4,0.901964008808136,6
1613,H4,0.8915383219718933,7
1614,H4,0.8877009153366089,8
1615,H4,0.8687379956245422,8
1616,H4,0.8665755987167358,8
1617,H4,0.8765569925308228,8
1618,H4,0.9000551700592041,8
1619,H4,0.8426411151885986,8
1620,H4,0.8473255038261414,9
1621,H4,0.8625229001045227,8
1622,H4,0.8448469638824463,8
1623,H4,0.8247786164283752,8
1624,H4,0.8032508492469788,8
1625,H4,0.7795745134353638,8
1626,H4,0.8067675828933716,8
1627,H4,0.8642845153808594,7
1628,H4,0.8000691533088684,7
1629,H4,0.8361839652061462,6
1630,H4,0.8444855809211731,6
1631,H4,0.8503220677375793,6
1632,H4,0.7761328816413879,6
1633,H4,0.7951770424842834,5
1634,H4,0.7527337670326233,5
1635,H4,0.7199761867523193,4
1636,H4,0.7405672073364258,4
1637,H4,0.718004047870636,4
1638,H4,0.9709133505821228,3
1639,H4,0.9670591950416565,3
1640,H4,0.9611436724662781,3
1641,H4,0.9692668318748474,3
1642,H4,0.9488520622253418,3
1643,H4,0.9529955387115479,3
1644,H4,0.9646027684211731,3
1645,H4,0.9512085914611816,3
1646,H4,0.9610661864280701,3
1647,H4,0.8931447863578796,4
1648,H4,0.9358426332473755,4
1649,H4,0.9111793637275696,4
1650,H4,0.9215881824493408,4
1651,H4,0.8935847282409668,4
1652,H4,0.9289818406105042,3
1653,H4,0.9344908595085144,3
1654,H4,0.9297602772712708,3
1655,H4,0.8986607193946838,3
1656,H4,0.9268814921379089,3
1657,H4,0.8923163414001465,3
1658,H4,0.9791293144226074,2
1659,H4,0.9652091264724731,2
1660,H4,0.956159234046936,2
1661,H4,0.975044846534729,2
1662,H4,0.9576520919799805,2
1663,H4,0.9594482779502869,2
1664,H4,0.9572901725769043,2
1665,H4,0.9524587392807007,2
1666,H4,0.9650219678878784,2
1667,H4,0.9418297410011292,2
1668,H4,0.9695374965667725,2
1669,H4,0.9345391988754272,2
1670,H4,0.9433687329292297,2
1671,H4,0.9385102391242981,2
1672,H4,0.9486619234085083,2
1673,H4,0.9511029124259949,2
1674,H4,0.951216995716095,2
1675,H4,0.8942590355873108,2
1676,H4,0.922195315361023,2
1677,H4,0.8908454179763794,2
1678,H4,0.9381664395332336,2
1679,H4,0.8527551889419556,2
1680,H4,0.9524962306022644,2
1681,H4,0.9477666616439819,2
1682,H4,0.6556962132453918,2
1683,H4,0.9512194991111755,1
1684,H4,0.8421052694320679,1
1685,H4,0.9214285612106323,1
1686,H4,0.984000027179718,1
1687,H4,0.9884678721427917,1
1688,H4,0.9891135096549988,1
1689,H4,0.990622341632843,1
1690,H4,0.9790382385253906,1
1691,H4,0.7105262875556946,1
1692,H4,0.978723406791687,1
1693,H4,0.9513108730316162,1
1694,H4,0.9724310636520386,1
1695,H4,0.9486792683601379,2
1696,H4,0.9722836017608643,2
1697,H4,0.9284563064575195,3
1698,H4,0.961839497089386,3
1699,H4,0.9549883008003235,3
1700,H4,0.6863967776298523,4
1701,H4,0.8358789086341858,4
1702,H4,0.9335238933563232,4
1703,H4,0.8482144474983215,5
1704,H4,0.8796626329421997,5
1705,H4,0.7894665002822876,7
1706,H4,0.7274317145347595,7
1707,H4,0.8680988550186157,7
1708,H4,0.9378122687339783,7
1709,H4,0.9206071496009827,7
1710,H4,0.9276427030563354,7
1711,H4,0.8512563705444336,9
1712,H4,0.8824123740196228,9
1713,H4,0.9027417898178101,8
1714,H4,0.8586399555206299,9
1715,H4,0.8790721297264099,6
1716,H4,0.9017234444618225,6
1717,H4,0.9630686044692993,4
1718,H4,0.8396884202957153,4
1719,H4,0.9542065262794495,3
1720,H4,0.9737488627433777,3
1721,H4,0.7115947604179382,3
1722,H4,0.8847687840461731,3
1723,H4,0.9245610237121582,3
1724,H4,0.9403700828552246,3
1725,H4,0.8806958794593811,3
1726,H4,0.8805544972419739,3
1727,H4,0.911854088306427,1
1728,H4,0.9589403867721558,1
1729,H4,0.912806510925293,1
1730,H4,0.7497291564941406,1
1731,H4,0.6573099493980408,1
1732,H4,0.3546944856643677,1
1733,H4,0.1147540956735611,1
1734,H4,0.4636015295982361,2
1735,H4,0.5391138792037964,2
1736,H4,0.5069682002067566,3
1737,H4,0.7979207634925842,3
1738,H4,0.8382372260093689,3
1739,H4,0.8711729049682617,3
1740,H4,0.825073778629303,4
1741,H4,0.7971838712692261,4
1742,H4,0.7849746942520142,5
1743,H4,0.6156952977180481,6
1744,H4,0.7271296381950378,6
1745,H4,0.7136379480361938,7
1746,H4,0.8651760220527649,7
1747,H4,0.8991284966468811,7
1748,H4,0.8473707437515259,8
1749,H4,0.8694361448287964,8
1750,H4,0.8123680949211121,9
1751,H4,0.8105169534683228,10
1752,H4,0.8052948713302612,10
1753,H4,0.7588809728622437,10
1754,H4,0.7305916547775269,9
1755,H4,0.6817848682403564,8
1756,H4,0.7288490533828735,5
1757,H4,0.9662951827049255,3
1758,H4,0.9691715240478516,3
1759,H4,0.95645672082901,3
1760,H4,0.9642131924629211,3
1761,H4,0.8300316333770752,4
1762,H4,0.7827010154724121,4
1763,H4,0.9387758374214172,3
1764,H4,0.920417070388794,2
1765,H4,0.9137651324272156,2
1766,H4,0.893599271774292,2
1767,H4,0.9144354462623596,2
1768,H4,0.8714721202850342,2
1769,H4,0.8181818127632141,1
1770,H4,0.800000011920929,1
1771,H4,0.7096773982048035,1
1772,H4,0.625,1
1773,H4,0.7857142686843872,1
1774,H4,0.7586206793785095,1
1775,H4,0.7586206793785095,1
1776,H4,0.8999999761581421,1
1777,H4,0.75,1
1778,H4,0.8148148059844971,1
1779,H4,0.8695651888847351,1
1780,H4,0.3333333432674408,1
1781,H4,0.6818181872367859,1
1782,H4,0.6530612111091614,1
1783,H4,0.6341463327407837,1
1784,H4,0.774193525314331,1
1785,H4,0.5333333611488342,1
1786,H4,0.625,1
1787,H4,0.7179487347602844,1
1788,H4,0.5714285969734192,1
1789,H4,0.7272727489471436,1
1790,H4,0.7272727489471436,1
1791,H4,0.6451612710952759,1
1792,H4,0.8500000238418579,1
1793,H4,0.9210526347160339,1
1794,H4,0.8358209133148193,1
1795,H4,0.7692307829856873,1
1796,H4,0.7407407164573669,1
1797,H4,0.6153846383094788,1
1798,H4,0.9375,1
1799,H4,0.9624478220939636,1
1800,H4,0.8602150678634644,1
1801,H4,0.887005627155304,1
1802,H4,0.9869879484176636,1
1803,H4,0.9895661473274231,1
1804,H4,0.9342916011810303,1
1805,H4,0.761904776096344,1
1806,H4,0.9465649127960205,1
1807,H4,0.9645776748657227,1
1808,H4,0.9458346366882324,2
1809,H4,0.9753779172897339,2
1810,H4,0.9669209718704224,2
1811,H4,0.9650009870529175,2
1812,H4,0.8387959599494934,3
1813,H4,0.7648722529411316,3
1814,H4,0.6887288093566895,4
1815,H4,0.5878096222877502,6
1816,H4,0.632513165473938,6
1817,H4,0.7761918306350708,7
1818,H4,0.7185393571853638,7
1819,H4,0.8761206269264221,8
1820,H4,0.9004489183425903,8
1821,H4,0.8842297196388245,8
1822,H4,0.9286357760429382,8
1823,H4,0.8892415165901184,8
1824,H4,0.7478797435760498,8
1825,H4,0.7940725684165955,8
1826,H4,0.8560690879821777,8
1827,H4,0.8364662528038025,8
1828,H4,0.8177610039710999,7
1829,H4,0.8580493927001953,6
1830,H4,0.9302684664726257,5
1831,H4,0.8693477511405945,5
1832,H4,0.9470563530921936,4
1833,H4,0.8224595785140991,4
1834,H4,0.8672989010810852,4
1835,H4,0.9358380436897278,4
1836,H4,0.6975826621055603,4
1837,H4,0.9340013861656189,2
1838,H4,0.8872874975204468,2
1839,H4,0.9354838728904724,1
1840,H4,0.9655172228813171,1
1841,H4,0.9312977194786072,1
1842,H4,0.859649121761322,1
1843,H4,0.8600000143051147,1
1844,H4,0.9215686321258545,1
1845,H4,0.8672566413879395,1
1846,H4,0.9062802195549011,1
1847,H4,0.9481654167175293,1
1848,H4,0.9678819179534912,1
1849,H4,0.9692307710647583,1
1850,H4,0.9716949462890625,1
1851,H4,0.9738760590553284,1
1852,H4,0.9810088872909546,1
1853,H4,0.9722983241081238,1
1854,H4,0.9772088527679443,1
1855,H4,0.9709571003913879,1
1856,H4,0.9712556600570679,1
1857,H4,0.9254302382469177,1
1858,H4,0.9636363387107849,1
1859,H4,0.7791741490364075,1
1860,H4,0.892307698726654,1
1861,H4,0.9590643048286438,1
1862,H4,0.975944995880127,1
1863,H4,0.9595959782600403,1
1864,H4,0.9685039520263672,1
1865,H4,0.9656357169151306,1
1866,H4,0.7384375333786011,2
1867,H4,0.7950734496116638,3
1868,H4,0.878530740737915,3
1869,H4,0.8827338814735413,3
1870,H4,0.9183587431907654,3
1871,H4,0.8118619918823242,4
1872,H4,0.8656619191169739,5
1873,H4,0.927031397819519,5
1874,H4,0.9214149713516235,5
1875,H4,0.9324224591255188,5
1876,H4,0.9301645159721375,5
1877,H4,0.9512103796005249,5
1878,H4,0.9012761116027832,5
1879,H4,0.9055545926094055,7
1880,H4,0.9246634840965271,7
1881,H4,0.8581002354621887,9
1882,H4,0.8607789278030396,10
1883,H4,0.907522439956665,9
1884,H4,0.872282862663269,9
1885,H4,0.8707892894744873,9
1886,H4,0.9020979404449463,9
1887,H4,0.8962794542312622,9
1888,H4,0.8623394966125488,8
1889,H4,0.8493234515190125,6
1890,H4,0.9076666235923767,4
1891,H4,0.9647749066352844,3
1892,H4,0.9688056111335754,3
1893,H4,0.9739564061164856,3
1894,H4,0.9729923605918884,3
1895,H4,0.9405825734138489,4
1896,H4,0.9409496188163757,4
1897,H4,0.9005634784698486,4
1898,H4,0.9193954467773438,3
1899,H4,0.9081578254699707,3
1900,H4,0.9170432686805725,2
1901,H4,0.8888888955116272,1
1902,H4,0.8055555820465088,1
1903,H4,0.692307710647583,1
1904,H4,0.7906976938247681,1
1905,H4,0.8399999737739563,1
1906,H4,0.9523809552192688,1
1907,H4,0.761904776096344,1
1908,H4,0.5833333134651184,1
1909,H4,0.7916666865348816,1
1910,H4,0.7450980544090271,1
1911,H4,0.5581395626068115,1
1912,H4,0.6129032373428345,1
1913,H4,0.7532467246055603,1
1914,H4,0.7272727489471436,1
1915,H4,0.7647058963775635,1
1916,H4,0.6538461446762085,1
1917,H4,0.7272727489471436,1
1918,H4,0.699999988079071,1
1919,H4,0.8148148059844971,1
1920,H4,0.7796609997749329,1
1921,H4,0.8684210777282715,1
1922,H4,0.6944444179534912,1
1923,H4,0.8732394576072693,1
1924,H4,0.6461538672447205,1
1925,H4,0.6274510025978088,1
1926,H4,0.7894737124443054,1
1927,H4,0.761904776096344,1
1928,H4,0.625,1
1929,H4,0.6800000071525574,1
1930,H4,0.8510638475418091,1
1931,H4,0.7307692170143127,1
1932,H4,0.6666666865348816,1
1933,H4,0.692307710647583,1
1934,H4,0.8363636136054993,1
1935,H4,0.6792452931404114,1
1936,H4,0.8430493474006653,1
1937,H4,0.9186046719551086,1
1938,H4,0.8793103694915771,1
1939,H4,0.8617710471153259,1
1940,H4,0.8414779305458069,1
1941,H4,0.7560975551605225,1
1942,H4,0.6327272653579712,1
1943,H4,0.3770115077495575,1
1944,H4,0.9571788311004639,1
1945,H4,0.9758551120758057,1
1946,H4,0.4001901149749756,2
1947,H4,0.3209090828895569,2
1948,H4,0.8730069398880005,2
1949,H4,0.7697073817253113,3
1950,H4,0.7822191715240479,4
1951,H4,0.6733366847038269,5
1952,H4,0.68790602684021,6
1953,H4,0.7397382855415344,6
1954,H4,0.8135882019996643,6
1955,H4,0.7981895804405212,7
1956,H4,0.844929039478302,7
1957,H4,0.8151882886886597,7
1958,H4,0.7964423298835754,7
1959,H4,0.7234119772911072,7
1960,H4,0.728641927242279,8
1961,H4,0.7245219945907593,8
1962,H4,0.7233589887619019,8
1963,H4,0.8979230523109436,6
1964,H4,0.8772666454315186,6
1965,H4,0.9467668533325195,5
1966,H4,0.9498797655105591,5
1967,H4,0.8906391263008118,6
1968,H4,0.9308645129203796,6
1969,H4,0.9014902710914612,6
1970,H4,0.9016558527946472,6
1971,H4,0.9428256154060364,6
1972,H4,0.9208795428276062,5
1973,H4,0.923427402973175,5
1974,H4,0.9101660847663879,5
1975,H4,0.9281123876571655,5
1976,H4,0.8547364473342896,4
1977,H4,0.8130809664726257,3
1978,H4,0.8814387321472168,2
1979,H4,0.8587040901184082,2
1980,H4,0.8467947840690613,2
1981,H4,0.7951163649559021,2
1982,H4,0.5746480226516724,2
1983,H4,0.8010338544845581,2
1984,H4,0.7891371250152588,2
1985,H4,0.36666667461395264,2
1986,H4,0.60317462682724,1
1987,H4,0.47999998927116394,1
1988,H4,0.5517241358757019,1
1989,H4,0.7710843086242676,1
1990,H4,0.6813187003135681,1
1991,H4,0.8351648449897766,1
1992,H4,0.8695651888847351,1
1993,H4,0.4727272689342499,1
1994,H4,0.8867924809455872,1
1995,H4,0.9351851940155029,1
1996,H4,0.9118312001228333,1
1997,H4,0.928224503993988,1
1998,H4,0.7462844848632812,1
1999,H4,0.13940255343914032,1
2000,H4,0.17486338317394257,1
2001,H4,0.17710095643997192,1
2002,H4,0.15366430580615997,1
2003,H4,0.01256106048822403,1
2004,H4,2.8818444852696246e-10,1
2005,H4,0.20276497304439545,1
2006,H4,0.4759206771850586,1
2007,H4,0.6230936646461487,1
2008,H4,0.5904593467712402,2
2009,H4,0.7199596762657166,3
2010,H4,0.7977960109710693,3
2011,H4,0.6981903314590454,4
2012,H4,0.7800976634025574,4
2013,H4,0.7755324840545654,4
2014,H4,0.7320684790611267,5
2015,H4,0.5893270373344421,6
2016,H4,0.6330544352531433,6
2017,H4,0.5896499752998352,6
2018,H4,0.6295063495635986,6
2019,H4,0.6500213742256165,6
2020,H4,0.6715821623802185,6
2021,H4,0.6354090571403503,6
2022,H4,0.6205286383628845,6
2023,H4,0.714664101600647,5
2024,H4,0.7113206386566162,6
2025,H4,0.8933135271072388,5
2026,H4,0.9057777523994446,5
2027,H4,0.9143951535224915,5
2028,H4,0.7892926335334778,7
2029,H4,0.7837428450584412,7
2030,H4,0.8561115860939026,6
2031,H4,0.8418709635734558,5
2032,H4,0.8175773620605469,4
2033,H4,0.939173698425293,3
2034,H4,0.8395969867706299,3
2035,H4,0.8022400736808777,3
2036,H4,0.8504114151000977,3
2037,H4,0.7150731682777405,4
2038,H4,0.6031785607337952,3
2039,H4,0.7233530282974243,2
2040,H4,0.8598334789276123,2
2041,H4,0.6388888955116272,1
2042,H4,0.8571428656578064,1
2043,H4,0.8064516186714172,1
2044,H4,0.9052631855010986,1
2045,H4,0.9641509652137756,1
2046,H4,0.9426462054252625,1
2047,H4,0.9711538553237915,1
2048,H4,0.9736308455467224,1
2049,H4,0.9706581830978394,1
2050,H4,0.9732400178909302,1
2051,H4,0.9608778357505798,1
2052,H4,0.9375481605529785,1
2053,H4,0.8962655663490295,1
2054,H4,0.8928571343421936,1
2055,H4,0.9580976366996765,2
2056,H4,0.961496114730835,2
2057,H4,0.9712686538696289,2
2058,H4,0.982187032699585,2
2059,H4,0.9698166847229004,2
2060,H4,0.9677796959877014,2
2061,H4,0.8590579032897949,3
2062,H4,0.9187275767326355,3
2063,H4,0.9254637360572815,3
2064,H4,0.8931488990783691,4
2065,H4,0.8697720766067505,5
2066,H4,0.9194169044494629,5
2067,H4,0.8721082806587219,5
2068,H4,0.897189736366272,5
2069,H4,0.9306000471115112,5
2070,H4,0.9252158403396606,5
2071,H4,0.9446766972541809,5
2072,H4,0.8601179122924805,7
2073,H4,0.8766065239906311,7
2074,H4,0.8788938522338867,8
2075,H4,0.8769620060920715,7
2076,H4,0.7085991501808167,8
2077,H4,0.7908563613891602,7
2078,H4,0.8271793723106384,7
2079,H4,0.7343512773513794,7
2080,H4,0.6524493098258972,6
2081,H4,0.9359755516052246,4
2082,H4,0.9592531323432922,3
2083,H4,0.9660829901695251,3
2084,H4,0.9696479439735413,3
2085,H4,0.8507277965545654,4
2086,H4,0.9089863300323486,4
2087,H4,0.9369108080863953,3
2088,H4,0.9369962811470032,3
2089,H4,0.866504967212677,3
2090,H4,0.8038339018821716,3
2091,H4,0.8736991882324219,2
2092,H4,0.831875205039978,2
2093,H4,0.7265917658805847,2
2094,H4,0.7945205569267273,1
2095,H4,0.7733333110809326,1
2096,H4,0.6557376980781555,1
2097,H4,0.8888888955116272,1
2098,H4,0.9411764740943909,1
2099,H4,0.8064516186714172,1
2100,H4,0.7857142686843872,1
2101,H4,0.8275862336158752,1
2102,H4,0.7586206793785095,1
2103,H4,0.7586206793785095,1
2104,H4,0.7200000286102295,1
2105,H4,0.6938775777816772,1
2106,H4,0.6938775777816772,1
2107,H4,0.6268656849861145,1
2108,H4,0.746268630027771,1
2109,H4,0.782608687877655,1
2110,H4,0.7096773982048035,1
2111,H4,0.7575757503509521,1
2112,H4,0.7222222089767456,1
2113,H4,0.6666666865348816,1
2114,H4,0.5384615659713745,1
2115,H4,0.8461538553237915,1
2116,H4,0.807692289352417,1
2117,H4,0.8333333134651184,1
2118,H4,0.7666666507720947,1
2119,H4,0.7407407164573669,1
2120,H4,0.8928571343421936,1
2121,H4,0.8363636136054993,1
2122,H4,0.7659574747085571,1
2123,H4,0.8444444537162781,1
2124,H4,0.8510638475418091,1
2125,H4,0.8936170339584351,1
2126,H4,0.7804877758026123,1
2127,H4,0.8771929740905762,1
2128,H4,0.7317073345184326,1
2129,H4,0.8461538553237915,1
2130,H4,0.699999988079071,1
2131,H4,0.8235294222831726,1
2132,H4,0.75,1
2133,H4,0.9200000166893005,1
2134,H4,0.9811320900917053,1
2135,H4,0.800000011920929,1
2136,H4,0.8799999952316284,1
2137,H4,0.7931034564971924,1
2138,H4,0.8666666746139526,1
2139,H4,0.9285714030265808,1
2140,H4,0.9669811129570007,1
2141,H4,0.9747899174690247,1
2142,H4,0.9710982441902161,1
2143,H4,0.9757658839225769,1
2144,H4,0.9826676845550537,1
2145,H4,0.9912517070770264,1
2146,H4,0.9838964343070984,1
2147,H4,0.9838760495185852,1
2148,H4,0.9868247509002686,1
2149,H4,0.9891618490219116,1
2150,H4,0.9844517111778259,1
2151,H4,0.9796305298805237,1
2152,H4,0.98392653465271,1
2153,H4,0.9792284965515137,1
2154,H4,0.942014217376709,1
2155,H4,0.9191489219665527,1
2156,H4,0.936170220375061,1
2157,H4,0.7691068649291992,3
2158,H4,0.8996967673301697,3
2159,H4,0.7989404797554016,3
2160,H4,0.7828487157821655,4
2161,H4,0.6617580652236938,5
2162,H4,0.7942821979522705,5
2163,H4,0.8751934170722961,5
2164,H4,0.8883024454116821,5
2165,H4,0.8327592015266418,6
2166,H4,0.93994140625,6
2167,H4,0.8308836221694946,7
2168,H4,0.9175814390182495,7
2169,H4,0.9232921004295349,7
2170,H4,0.9687543511390686,7
2171,H4,0.9719094038009644,7
2172,H4,0.9660950899124146,7
2173,H4,0.9269031286239624,8
2174,H4,0.9481793642044067,8
2175,H4,0.9205695390701294,10
2176,H4,0.908338189125061,10
2177,H4,0.9175642728805542,10
2178,H4,0.9169230461120605,10
2179,H4,0.8902554512023926,8
2180,H4,0.899737536907196,7
2181,H4,0.8363146781921387,7
2182,H4,0.8906418085098267,5
2183,H4,0.8826993703842163,5
2184,H4,0.9799494743347168,3
2185,H4,0.9763368964195251,3
2186,H4,0.9804313778877258,3
2187,H4,0.9682989120483398,3
2188,H4,0.9736452102661133,4
2189,H4,0.9464884996414185,4
2190,H4,0.9573637843132019,3
2191,H4,0.958859384059906,3
2192,H4,0.8854876160621643,3
2193,H4,0.9269373416900635,2
2194,H4,0.9352991580963135,2
2195,H4,0.9207807183265686,2
2196,H4,0.9024178981781006,2
2197,H4,0.9351412653923035,2
2198,H4,0.9135663509368896,2
2199,H4,0.884748101234436,2
2200,H4,0.8518518805503845,1
2201,H4,0.800000011920929,1
2202,H4,0.7692307829856873,1
2203,H4,0.8292682766914368,1
2204,H4,0.8444444537162781,1
2205,H4,0.7924528121948242,1
2206,H4,0.8070175647735596,1
2207,H4,0.8181818127632141,1
2208,H4,0.8450704216957092,1
2209,H4,0.782608687877655,1
2210,H4,0.8301886916160583,1
2211,H4,0.8648648858070374,1
2212,H4,0.875,1
2213,H4,0.8571428656578064,1
2214,H4,0.8524590134620667,1
2215,H4,0.7878788113594055,1
2216,H4,0.8358209133148193,1
2217,H4,0.939393937587738,1
2218,H4,0.7636363506317139,1
2219,H4,0.8196721076965332,1
2220,H4,0.8727272748947144,1
2221,H4,0.8333333134651184,1
2222,H4,0.8732394576072693,1
2223,H4,0.8732394576072693,1
2224,H4,0.8823529481887817,1
2225,H4,0.8358209133148193,1
2226,H4,0.8285714387893677,1
2227,H4,0.8831169009208679,1
2228,H4,0.9275362491607666,1
2229,H4,0.8732394576072693,1
2230,H4,0.8421052694320679,1
2231,H4,0.7848101258277893,1
2232,H4,0.8493150472640991,1
2233,H4,0.8333333134651184,1
2234,H4,0.41206029057502747,1
2235,H4,0.3147929012775421,1
2236,H4,0.9088824987411499,1
2237,H4,0.9336609244346619,1
2238,H4,0.9425086975097656,1
2239,H4,0.9155817031860352,1
2240,H4,0.9464912414550781,1
2241,H4,0.4549180269241333,1
2242,H4,0.6436781883239746,1
2243,H4,0.8691588640213013,1
2244,H4,0.9169435501098633,1
2245,H4,0.9203540086746216,1
2246,H4,0.9544236063957214,1
2247,H4,0.4486486613750458,2
2248,H4,0.436950147151947,2
2249,H4,0.36196109652519226,2
2250,H4,0.643097460269928,2
2251,H4,0.5711925625801086,3
2252,H4,0.6640538573265076,3
2253,H4,0.8847590088844299,3
2254,H4,0.7009968161582947,3
2255,H4,0.922964870929718,3
2256,H4,0.9416807293891907,3
2257,H4,0.8955647349357605,4
2258,H4,0.8695030212402344,5
2259,H4,0.9157655835151672,5
2260,H4,0.8591674566268921,5
2261,H4,0.897441565990448,5
2262,H4,0.9030370116233826,6
2263,H4,0.904930055141449,6
2264,H4,0.8002081513404846,6
2265,H4,0.8843174576759338,6
2266,H4,0.7765778303146362,7
2267,H4,0.8240353465080261,7
2268,H4,0.88805091381073,7
2269,H4,0.903365433216095,7
2270,H4,0.878576397895813,8
2271,H4,0.8864836692810059,8
2272,H4,0.832727313041687,9
2273,H4,0.8291098475456238,7
2274,H4,0.6965022683143616,7
2275,H4,0.9095519781112671,5
2276,H4,0.866984486579895,5
2277,H4,0.9266044497489929,5
2278,H4,0.9193572998046875,4
2279,H4,0.7869884967803955,4
2280,H4,0.7325282692909241,4
2281,H4,0.9765205383300781,3
2282,H4,0.9680318832397461,3
2283,H4,0.9669439196586609,3
2284,H4,0.8977243900299072,4
2285,H4,0.9504315853118896,4
2286,H4,0.9478278160095215,4
2287,H4,0.9351569414138794,4
2288,H4,0.9402616024017334,4
2289,H4,0.911056399345398,4
2290,H4,0.8617080450057983,2
2291,H4,0.8782795667648315,2
2292,H4,0.9113923907279968,1
2293,H4,0.8888888955116272,1
2294,H4,0.9135802388191223,1
2295,H4,0.8048780560493469,1
2296,H4,0.7749999761581421,1
2297,H4,0.6478873491287231,1
2298,H4,0.625,1
2299,H4,0.3650793731212616,1
2300,H4,0.5841121673583984,1
2301,H4,0.7283511161804199,1
2302,H4,0.9242236018180847,1
2303,H4,0.8864786624908447,1
2304,H4,0.9348980188369751,1
2305,H4,0.9595061540603638,1
2306,H4,0.9583333134651184,1
2307,H4,0.9528513550758362,1
2308,H4,0.9550665020942688,1
2309,H4,0.9277833700180054,1
2310,H4,0.9432146549224854,1
2311,H4,0.9474654197692871,1
2312,H4,0.7242948412895203,1
2313,H4,0.17709563672542572,1
2314,H4,0.5670041441917419,1
2315,H4,0.6718258857727051,3
2316,H4,0.8154716491699219,3
2317,H4,0.8945341110229492,4
2318,H4,0.8387163281440735,5
2319,H4,0.8856876492500305,5
2320,H4,0.9378296136856079,5
2321,H4,0.9244113564491272,6
2322,H4,0.7939577102661133,7
2323,H4,0.8729022145271301,7
2324,H4,0.9213285446166992,7
2325,H4,0.9192262291908264,7
2326,H4,0.8432028293609619,8
2327,H4,0.9141747951507568,8
2328,H4,0.8866943717002869,8
2329,H4,0.9320701956748962,8
2330,H4,0.9077849388122559,8
2331,H4,0.9076153635978699,8
2332,H4,0.8536130785942078,10
2333,H4,0.8556362390518188,10
2334,H4,0.8253007531166077,9
2335,H4,0.8436371088027954,8
2336,H4,0.8485243916511536,6
2337,H4,0.8713497519493103,6
2338,H4,0.636924147605896,5
2339,H4,0.9741807579994202,3
2340,H4,0.9461151957511902,3
2341,H4,0.9592914581298828,3
2342,H4,0.95787113904953,3
2343,H4,0.9195801019668579,4
2344,H4,0.8493552207946777,3
2345,H4,0.9336133003234863,2
2346,H4,0.9069474935531616,2
2347,H4,0.8848929405212402,2
2348,H4,0.3691275119781494,2
2349,H4,0.7480915784835815,1
2350,H4,0.920634925365448,1
2351,H4,0.9444444179534912,1
2352,H4,0.898876428604126,1
2353,H4,0.98591548204422,1
2354,H4,0.9210526347160339,1
2355,H4,0.8292682766914368,1
2356,H4,0.782608687877655,1
2357,H4,0.6666666865348816,1
2358,H4,0.6774193644523621,1
2359,H4,0.6530612111091614,1
2360,H4,0.5909090638160706,1
2361,H4,0.5777778029441833,1
2362,H4,0.4651162922382355,1
2363,H4,0.6428571343421936,1
2364,H4,0.7857142686843872,1
2365,H4,0.6785714030265808,1
2366,H4,0.7397260069847107,1
2367,H4,0.8387096524238586,1
2368,H4,0.8823529481887817,1
2369,H4,0.8888888955116272,1
2370,H4,0.8936170339584351,1
2371,H4,0.8450704216957092,1
2372,H4,0.7887324094772339,1
2373,H4,0.8169013857841492,1
2374,H4,0.9411764740943909,1
2375,H4,0.7755101919174194,1
2376,H4,0.7843137383460999,1
2377,H4,0.8518518805503845,1
2378,H4,0.9491525292396545,1
2379,H4,0.9589040875434875,1
2380,H4,0.9610389471054077,1
2381,H4,0.9523809552192688,1
2382,H4,0.8641975522041321,1
2383,H4,0.8985507488250732,1
2384,H4,0.89552241563797,1
2385,H4,0.8918918967247009,1
2386,H4,0.9333333373069763,1
2387,H4,0.8735632300376892,1
2388,H4,0.7865168452262878,1
2389,H4,0.7692307829856873,1
2390,H4,0.7714285850524902,1
2391,H4,0.8571428656578064,1
2392,H4,0.8285714387893677,1
2393,H4,0.8965517282485962,1
2394,H4,0.6508875489234924,1
2395,H4,0.9429280161857605,1
2396,H4,0.9045764207839966,1
2397,H4,0.9534693956375122,1
2398,H4,0.9756850600242615,1
2399,H4,0.9122165441513062,1
2400,H4,0.9517181515693665,1
2401,H4,0.7690432667732239,1
2402,H4,0.4005449712276459,1
2403,H4,0.5029940009117126,1
2404,H4,0.9843527674674988,1
2405,H4,0.9807853102684021,1
2406,H4,0.49164676666259766,2
2407,H4,0.7125685214996338,3
2408,H4,0.9123903512954712,4
2409,H4,0.9292321801185608,4
2410,H4,0.9433252811431885,4
2411,H4,0.8230811953544617,6
2412,H4,0.9341122508049011,6
2413,H4,0.9432799816131592,6
2414,H4,0.9428961873054504,7
2415,H4,0.9264202117919922,7
2416,H4,0.9410568475723267,7
2417,H4,0.9331316351890564,7
2418,H4,0.9271020889282227,7
2419,H4,0.9295210242271423,7
2420,H4,0.7756880521774292,7
2421,H4,0.8111019730567932,7
2422,H4,0.7487078905105591,7
2423,H4,0.7918384671211243,6
2424,H4,0.9489771127700806,5
2425,H4,0.9550735354423523,5
2426,H4,0.8736644983291626,7
2427,H4,0.9260435104370117,7
2428,H4,0.8984394669532776,8
2429,H4,0.9463748931884766,8
2430,H4,0.9151257872581482,7
2431,H4,0.919684112071991,7
2432,H4,0.9153337478637695,7
2433,H4,0.8626976609230042,7
2434,H4,0.8098648190498352,6
2435,H4,0.8531471490859985,5
2436,H4,0.8819904327392578,5
2437,H4,0.8532806634902954,4
2438,H4,0.9395146369934082,4
2439,H4,0.9104093313217163,4
2440,H4,0.9310976266860962,4
2441,H4,0.9509886503219604,4
2442,H4,0.9605416059494019,4
2443,H4,0.9526293873786926,4
2444,H4,0.9542841911315918,2
2445,H4,0.959888219833374,2
2446,H4,0.9490221738815308,2
2447,H4,0.9004982709884644,2
2448,H4,0.9147287011146545,1
2449,H4,0.9256198406219482,1
2450,H4,0.8484848737716675,1
2451,H4,0.7333333492279053,1
2452,H4,0.7200000286102295,1
2453,H4,0.761904776096344,1
2454,H4,0.761904776096344,1
2455,H4,0.6760563254356384,1
2456,H4,0.6585366129875183,1
2457,H4,0.6419752836227417,1
2458,H4,0.584269642829895,1
2459,H4,0.13698630034923553,1
2460,H4,1.2195121579239299e-09,1
2461,H4,9.090909136588721e-10,1
2462,H4,8.62068971763108e-10,1
2463,H4,8.849557753265458e-10,1
2464,H4,0.2857142984867096,1
2465,H4,0.3918918967247009,1
2466,H4,0.5057471394538879,1
2467,H4,0.6595744490623474,1
2468,H4,0.8470588326454163,1
2469,H4,0.8421052694320679,1
2470,H4,0.8510638475418091,1
2471,H4,0.8823529481887817,1
2472,H4,0.7526881694793701,1
2473,H4,0.8108108043670654,1
2474,H4,0.8333333134651184,1
2475,H4,0.8363636136054993,1
2476,H4,0.8936170339584351,1
2477,H4,0.800000011920929,1
2478,H4,0.7407407164573669,1
2479,H4,0.9158878326416016,1
2480,H4,0.841269850730896,1
2481,H4,0.7883211970329285,1
2482,H4,0.7407407164573669,1
2483,H4,0.8035714030265808,1
2484,H4,0.8695651888847351,1
2485,H4,0.7972028255462646,1
2486,H4,0.9145077466964722,1
2487,H4,0.9187173843383789,1
2488,H4,0.957446813583374,1
2489,H4,0.9775227308273315,1
2490,H4,0.9709172248840332,1
2491,H4,0.9782306551933289,1
2492,H4,0.9734069108963013,1
2493,H4,0.9527603983879089,1
2494,H4,0.9279493093490601,1
2495,H4,0.9046052694320679,1
2496,H4,0.6478873491287231,1
2497,H4,0.557823121547699,1
2498,H4,0.765625,1
2499,H4,0.05752212554216385,2
2500,H4,0.28913936018943787,2
2501,H4,0.4336714744567871,3
2502,H4,0.41361919045448303,3
2503,H4,0.36681032180786133,3
2504,H4,0.3483280837535858,3
2505,H4,0.5511656999588013,4
2506,H4,0.6934954524040222,4
2507,H4,0.8039067983627319,4
2508,H4,0.6719720959663391,5
2509,H4,0.6251461505889893,5
2510,H4,0.6792527437210083,5
2511,H4,0.7202739715576172,5
2512,H4,0.7252627611160278,5
2513,H4,0.7520901560783386,6
2514,H4,0.8405448794364929,6
2515,H4,0.8785274624824524,6
2516,H4,0.7224326133728027,7
2517,H4,0.77153480052948,7
2518,H4,0.8117201924324036,7
2519,H4,0.8007158041000366,7
2520,H4,0.6534732580184937,7
2521,H4,0.5325071215629578,7
2522,H4,0.760101854801178,7
2523,H4,0.7974476218223572,7
2524,H4,0.8000122904777527,7
2525,H4,0.838157594203949,7
2526,H4,0.7412455677986145,6
2527,H4,0.8832821846008301,4
2528,H4,0.9636244177818298,3
2529,H4,0.9167753458023071,4
2530,H4,0.9242374897003174,4
2531,H4,0.9331860542297363,4
2532,H4,0.9380801916122437,4
2533,H4,0.8559287786483765,4
2534,H4,0.6840142607688904,4
2535,H4,0.573582112789154,3
2536,H4,0.8664255142211914,2
2537,H4,0.92588871717453,2
2538,H4,0.9377251267433167,2
2539,H4,0.8321853876113892,2
2540,H4,0.8198492527008057,2
2541,H4,0.7728986740112305,2
2542,H4,0.5652173757553101,1
2543,H4,0.45614033937454224,1
2544,H4,0.4000000059604645,1
2545,H4,0.5925925970077515,1
2546,H4,0.17777778208255768,1
2547,H4,0.9119318127632141,1
2548,H4,0.9696969985961914,1
2549,H4,0.9563472270965576,1
2550,H4,0.9533511996269226,1
2551,H4,0.7104337811470032,1
2552,H4,0.2257217913866043,1
2553,H4,0.7425742745399475,1
2554,H4,0.8962025046348572,1
2555,H4,0.4800724685192108,2
2556,H4,0.5713421106338501,2
2557,H4,0.5371336340904236,3
2558,H4,0.7659468054771423,5
2559,H4,0.8893262147903442,5
2560,H4,0.9239288568496704,5
2561,H4,0.7338104844093323,7
2562,H4,0.831453800201416,7
2563,H4,0.8132640719413757,7
2564,H4,0.8339516520500183,7
2565,H4,0.8164747357368469,7
2566,H4,0.8138793706893921,8
2567,H4,0.8624676465988159,8
2568,H4,0.8942733407020569,8
2569,H4,0.8630094528198242,8
2570,H4,0.8962703943252563,8
2571,H4,0.9049887657165527,8
2572,H4,0.945225179195404,6
2573,H4,0.9245373606681824,6
2574,H4,0.934330940246582,6
2575,H4,0.8756795525550842,8
2576,H4,0.8611684441566467,7
2577,H4,0.8403368592262268,6
2578,H4,0.8988022804260254,5
2579,H4,0.8309168815612793,5
2580,H4,0.973488986492157,3
2581,H4,0.9664613604545593,3
2582,H4,0.9509381651878357,3
2583,H4,0.5825582146644592,3
2584,H4,0.815281867980957,2
2585,H4,0.892345666885376,2
2586,H4,0.9104846715927124,2
2587,H4,0.9261496067047119,2
2588,H4,0.8232143521308899,2
2589,H4,0.6416557431221008,2
2590,H4,0.95652174949646,1
2591,H4,0.9702970385551453,1
2592,H4,0.891566276550293,1
2593,H4,0.5652173757553101,1
2594,H4,0.8623188138008118,1
2595,H4,0.932519257068634,2
2596,H4,0.787675142288208,3
2597,H4,0.8141655921936035,3
2598,H4,0.8236579298973083,3
2599,H4,0.7402268648147583,4
2600,H4,0.7306497693061829,5
2601,H4,0.7937796711921692,6
2602,H4,0.6872780323028564,6
2603,H4,0.7415336966514587,6
2604,H4,0.7801167368888855,6
2605,H4,0.8425129055976868,6
2606,H4,0.8663497567176819,6
2607,H4,0.7478538751602173,8
2608,H4,0.7705979347229004,8
2609,H4,0.7609252333641052,8
2610,H4,0.7570433616638184,8
2611,H4,0.8473472595214844,8
2612,H4,0.7835614681243896,9
2613,H4,0.8153138160705566,8
2614,H4,0.8354589343070984,8
2615,H4,0.7509374618530273,6
2616,H4,0.827968955039978,5
2617,H4,0.7002914547920227,5
2618,H4,0.8817619681358337,3
2619,H4,0.8506255149841309,3
2620,H4,0.8568723201751709,3
2621,H4,0.6660349369049072,3
2622,H4,0.4859050512313843,2
2623,H4,0.5326372385025024,2
2624,H4,0.4806593954563141,2
2625,H4,0.4772811233997345,2
2626,H4,0.9110105037689209,2
2627,H4,0.9313681125640869,2
2628,H4,0.9192582964897156,2
2629,H4,0.887417197227478,1
2630,H4,0.8730158805847168,1
2631,H4,0.8479999899864197,1
2632,H4,0.8976377844810486,1
2633,H4,0.8793103694915771,1
2634,H4,0.7722772359848022,1
2635,H4,0.804347813129425,1
2636,H4,0.738095223903656,1
2637,H4,0.7027027010917664,1
2638,H4,0.8045976758003235,1
2639,H4,0.6966292262077332,1
2640,H4,0.8292682766914368,1
2641,H4,0.8157894611358643,1
2642,H4,0.6333333253860474,1
2643,H4,0.688524603843689,1
2644,H4,0.7341772317886353,1
2645,H4,0.7555555701255798,1
2646,H4,0.8571428656578064,1
2647,H4,0.8333333134651184,1
2648,H4,0.7435897588729858,1
2649,H4,0.891566276550293,1
2650,H4,0.7766990065574646,1
2651,H4,0.698113203048706,1
2652,H4,0.7966101765632629,1
2653,H4,0.8360655903816223,1
2654,H4,0.8943089246749878,1
2655,H4,0.885496199131012,1
2656,H4,0.8120300769805908,1
2657,H4,0.8712871074676514,1
2658,H4,0.8837209343910217,1
2659,H4,0.8913043737411499,1
2660,H4,0.7735849022865295,1
2661,H4,0.8380952477455139,1
2662,H4,0.8737863898277283,1
2663,H4,0.8636363744735718,1
2664,H4,0.898876428604126,1
2665,H4,0.9247311949729919,1
2666,H4,0.7749999761581421,1
2667,H4,0.8048780560493469,1
2668,H4,0.8863636255264282,1
2669,H4,0.9629629850387573,1
2670,H4,0.8181818127632141,1
2671,H4,0.8493150472640991,1
2672,H4,0.7222222089767456,1
2673,H4,0.7400000095367432,1
2674,H4,0.686274528503418,1
2675,H4,0.7207207083702087,1
2676,H4,0.9336400032043457,2
2677,H4,0.7837679982185364,3
2678,H4,0.8737931847572327,3
2679,H4,0.8852996826171875,3
2680,H4,0.8287948369979858,4
2681,H4,0.809312641620636,5
2682,H4,0.8348854184150696,5
2683,H4,0.7827206254005432,6
2684,H4,0.8550992608070374,6
2685,H4,0.8576202392578125,6
2686,H4,0.8929884433746338,6
2687,H4,0.8981745839118958,7
2688,H4,0.909352719783783,7
2689,H4,0.8447108864784241,8
2690,H4,0.8528584241867065,8
2691,H4,0.8373340368270874,8
2692,H4,0.8482545614242554,9
2693,H4,0.8370203971862793,9
2694,H4,0.8853898048400879,8
2695,H4,0.769019603729248,8
2696,H4,0.834943950176239,6
2697,H4,0.9248784780502319,4
2698,H4,0.7166619300842285,4
2699,H4,0.6137841939926147,4
2700,H4,0.90948086977005,3
2701,H4,0.8782823085784912,3
2702,H4,0.6512360572814941,3
2703,H4,0.6344420909881592,3
2704,H4,0.48562416434288025,2
2705,H4,0.6347686648368835,3
2706,H4,0.9457368850708008,2
2707,H4,0.9440248012542725,2
2708,H4,0.9414984583854675,2
2709,H4,0.9248059988021851,2
2710,H4,0.9370629191398621,1
2711,H4,0.7850467562675476,1
2712,H4,0.8833333253860474,1
2713,H4,0.8571428656578064,1
2714,H4,0.8505747318267822,1
2715,H4,0.8837209343910217,1
2716,H4,0.8888888955116272,1
2717,H4,0.8656716346740723,1
2718,H4,0.8974359035491943,1
2719,H4,0.7714285850524902,1
2720,H4,0.8529411554336548,1
2721,H4,0.8771929740905762,1
2722,H4,0.8571428656578064,1
2723,H4,0.7936508059501648,1
2724,H4,0.837837815284729,1
2725,H4,0.7887324094772339,1
2726,H4,0.6315789222717285,1
2727,H4,0.6464646458625793,1
2728,H4,0.6336633563041687,1
2729,H4,0.8461538553237915,1
2730,H4,0.5227272510528564,1
2731,H4,0.6734693646430969,1
2732,H4,0.8037382960319519,1
2733,H4,0.6776859760284424,1
2734,H4,0.7839999794960022,1
2735,H4,0.7286821603775024,1
2736,H4,0.7272727489471436,1
2737,H4,0.6744186282157898,1
2738,H4,0.8607594966888428,1
2739,H4,0.8541666865348816,1
2740,H4,0.8518518805503845,1
2741,H4,0.859649121761322,1
2742,H4,0.791208803653717,1
2743,H4,0.8163265585899353,1
2744,H4,0.7647058963775635,1
2745,H4,0.8333333134651184,1
2746,H4,0.8199999928474426,1
2747,H4,0.893203854560852,1
2748,H4,0.9203540086746216,1
2749,H4,0.859649121761322,1
2750,H4,0.8433734774589539,1
2751,H4,0.7894737124443054,1
2752,H4,0.8190476298332214,1
2753,H4,0.73758864402771,1
2754,H4,0.9459962844848633,1
2755,H4,0.9421800971031189,1
2756,H4,0.9621318578720093,1
2757,H4,0.9699879884719849,1
2758,H4,0.9691942930221558,1
2759,H4,0.9665210843086243,1
2760,H4,0.7083333134651184,1
2761,H4,0.834782600402832,1
2762,H4,0.8446866273880005,1
2763,H4,0.9782971739768982,1
2764,H4,0.9792208075523376,1
2765,H4,0.9751552939414978,1
2766,H4,0.9674502611160278,1
2767,H4,0.4813278019428253,2
2768,H4,0.83443284034729,3
2769,H4,0.6695199012756348,5
2770,H4,0.7976677417755127,5
2771,H4,0.775647759437561,5
2772,H4,0.8706812858581543,5
2773,H4,0.6900289058685303,6
2774,H4,0.6953522562980652,6
2775,H4,0.748216450214386,6
2776,H4,0.7519748210906982,6
2777,H4,0.785116970539093,6
2778,H4,0.8321340084075928,6
2779,H4,0.9230504035949707,6
2780,H4,0.9125514030456543,6
2781,H4,0.8157529830932617,7
2782,H4,0.8678916096687317,7
2783,H4,0.8675651550292969,7
2784,H4,0.7531766295433044,8
2785,H4,0.9151778817176819,6
2786,H4,0.8735901713371277,7
2787,H4,0.8828617334365845,7
2788,H4,0.8936207890510559,7
2789,H4,0.8263087868690491,7
2790,H4,0.8168049454689026,7
2791,H4,0.792271614074707,6
2792,H4,0.9089116454124451,6
2793,H4,0.9047639966011047,6
2794,H4,0.9550582766532898,3
2795,H4,0.9569439888000488,3
2796,H4,0.915060818195343,3
2797,H4,0.939638078212738,3
2798,H4,0.9237030148506165,3
2799,H4,0.8904812932014465,3
2800,H4,0.8295790553092957,4
2801,H4,0.8947766423225403,4
2802,H4,0.8800683617591858,3
2803,H4,0.9398356080055237,3
2804,H4,0.9489210844039917,2
2805,H4,0.9138290882110596,2
2806,H4,0.9468644857406616,2
2807,H4,0.9020498991012573,2
2808,H4,0.8556180000305176,2
2809,H4,0.8664546012878418,2
2810,H4,0.7605442404747009,2
2811,H4,0.8214285969734192,1
2812,H4,0.8852459192276001,1
2813,H4,0.7241379022598267,1
2814,H4,0.6333333253860474,1
2815,H4,0.6551724076271057,1
2816,H4,0.8163265585899353,1
2817,H4,0.9420289993286133,1
2818,H4,0.9082568883895874,1
2819,H4,0.8271604776382446,1
2820,H4,0.9188118577003479,1
2821,H4,0.8846153616905212,1
2822,H4,0.8261350989341736,1
2823,H4,0.9334741234779358,1
2824,H4,0.5659472346305847,1
2825,H4,0.9444444179534912,1
2826,H4,0.9722222089767456,1
2827,H4,0.970588207244873,1
2828,H4,0.9518304467201233,1
2829,H4,0.956204354763031,1
2830,H4,0.9138383865356445,3
2831,H4,0.948739767074585,3
2832,H4,0.9376975893974304,3
2833,H4,0.9524619579315186,3
2834,H4,0.9334797859191895,3
2835,H4,0.8415865898132324,4
2836,H4,0.8262709379196167,4
2837,H4,0.8695501685142517,4
2838,H4,0.8979940414428711,4
2839,H4,0.8993864059448242,4
2840,H4,0.9058504104614258,5
2841,H4,0.9181059002876282,5
2842,H4,0.7854667901992798,7
2843,H4,0.9130516052246094,7
2844,H4,0.9059873223304749,7
2845,H4,0.8952609896659851,7
2846,H4,0.8820362091064453,7
2847,H4,0.6796326041221619,8
2848,H4,0.726759135723114,7
2849,H4,0.7586984634399414,5
2850,H4,0.8641306161880493,5
2851,H4,0.6995058059692383,6
2852,H4,0.6963504552841187,5
2853,H4,0.9152864813804626,4
2854,H4,0.8552562594413757,5
2855,H4,0.9242435097694397,4
2856,H4,0.9551169872283936,4
2857,H4,0.9680383801460266,3
2858,H4,0.9192111492156982,3
2859,H4,0.914994478225708,2
2860,H4,0.9587744474411011,2
2861,H4,0.9076570272445679,2
2862,H4,0.9699053168296814,2
2863,H4,0.9097608327865601,2
2864,H4,0.9646345376968384,2
2865,H4,0.948296308517456,2
2866,H4,0.9052814245223999,2
2867,H4,0.8456551432609558,2
2868,H4,0.785390317440033,2
2869,H4,0.7536994218826294,2
2870,H4,0.8636363744735718,1
2871,H4,0.8292682766914368,1
2872,H4,0.699999988079071,1
2873,H4,0.7555555701255798,1
2874,H4,0.782608687877655,1
2875,H4,0.699999988079071,1
2876,H4,0.7317073345184326,1
2877,H4,0.9434889554977417,1
2878,H4,0.8956884741783142,1
2879,H4,0.8654618263244629,1
2880,H4,0.8771929740905762,1
2881,H4,0.9038854837417603,1
2882,H4,0.942683756351471,1
2883,H4,0.9505494236946106,1
2884,H4,0.9406322240829468,1
2885,H4,0.8833991885185242,1
2886,H4,0.8709256649017334,1
2887,H4,0.8808664083480835,1
2888,H4,0.6153846383094788,1
2889,H4,0.9555555582046509,1
2890,H4,0.9607843160629272,1
2891,H4,0.9699769020080566,1
2892,H4,0.6045937538146973,2
2893,H4,0.9167627096176147,2
2894,H4,0.9523853063583374,2
2895,H4,0.8497514724731445,3
2896,H4,0.6148748993873596,3
2897,H4,0.848491370677948,3
2898,H4,0.8543782830238342,3
2899,H4,0.8602522015571594,3
2900,H4,0.5304058790206909,4
2901,H4,0.5518702864646912,4
2902,H4,0.7316101789474487,5
2903,H4,0.7631171345710754,5
2904,H4,0.7875797748565674,5
2905,H4,0.6635926961898804,5
2906,H4,0.6215016841888428,6
2907,H4,0.6385359168052673,7
2908,H4,0.7313081622123718,7
2909,H4,0.8277873396873474,6
2910,H4,0.8728806376457214,6
2911,H4,0.8073315620422363,7
2912,H4,0.8644859194755554,7
2913,H4,0.8092982172966003,6
2914,H4,0.7760221362113953,6
2915,H4,0.6070598363876343,5
2916,H4,0.6196249723434448,5
2917,H4,0.5995060801506042,5
2918,H4,0.6987361907958984,4
2919,H4,0.7183326482772827,4
2920,H4,0.6947183609008789,5
2921,H4,0.8663102984428406,5
2922,H4,0.7215849161148071,4
2923,H4,0.9127728343009949,3
2924,H4,0.8953439593315125,3
2925,H4,0.8888452649116516,3
2926,H4,0.7589507699012756,3
2927,H4,0.8928060531616211,2
2928,H4,0.879130482673645,2
2929,H4,0.8812467455863953,2
2930,H4,0.8773045539855957,2
2931,H4,0.838810384273529,2
2932,H4,0.8011995553970337,2
2933,H4,0.9159858226776123,2
2934,H4,0.8812127113342285,2
2935,H4,0.8608638644218445,2
2936,H4,0.7428571581840515,1
2937,H4,0.5921052694320679,1
2938,H4,0.8973509669303894,1
2939,H4,0.7089783549308777,1
2940,H4,0.7053682804107666,1
2941,H4,0.9141347408294678,1
2942,H4,0.8723404407501221,1
2943,H4,0.4268292784690857,1
2944,H4,0.5537634491920471,1
2945,H4,0.6836283206939697,1
2946,H4,0.8484252095222473,1
2947,H4,0.8666666746139526,1
2948,H4,0.9486260414123535,1
2949,H4,0.9407832026481628,1
2950,H4,0.9410767555236816,1
2951,H4,0.9351372718811035,1
2952,H4,0.943901538848877,1
2953,H4,0.9359291791915894,1
2954,H4,0.9389132857322693,1
2955,H4,0.9271307587623596,1
2956,H4,0.9013022780418396,1
2957,H4,0.4680919051170349,2
2958,H4,0.5438011884689331,3
2959,H4,0.6582380533218384,4
2960,H4,0.7475382089614868,4
2961,H4,0.8250228762626648,4
2962,H4,0.7921631932258606,6
2963,H4,0.828307032585144,7
2964,H4,0.839052677154541,7
2965,H4,0.8374027609825134,7
2966,H4,0.866398274898529,7
2967,H4,0.8514130711555481,7
2968,H4,0.8466036915779114,7
2969,H4,0.7969992756843567,7
2970,H4,0.7856679558753967,7
2971,H4,0.7873914837837219,6
2972,H4,0.9181613922119141,6
2973,H4,0.8611078858375549,6
2974,H4,0.7231590747833252,8
2975,H4,0.806584894657135,7
2976,H4,0.8862096071243286,5
2977,H4,0.896237850189209,5
2978,H4,0.7333398461341858,6
2979,H4,0.6892521381378174,6
2980,H4,0.8075160980224609,5
2981,H4,0.900871992111206,4
2982,H4,0.9235926270484924,4
2983,H4,0.6868546605110168,4
2984,H4,0.8192386031150818,2
2985,H4,0.5974025726318359,1
2986,H4,0.8600000143051147,1
2987,H4,0.5365853905677795,1
2988,H4,0.6133333444595337,1
2989,H4,0.4615384638309479,1
2990,H4,0.8653846383094788,1
2991,H4,0.8712871074676514,1
2992,H4,0.9306930899620056,1
2993,H4,0.8999999761581421,1
2994,H4,0.8256880640983582,1
2995,H4,0.7916666865348816,1
2996,H4,0.7727272510528564,1
2997,H4,0.7640449404716492,1
2998,H4,0.8641975522041321,1
2999,H4,0.8169013857841492,1
3000,H4,0.800000011920929,1
3001,H4,0.8500000238418579,1
3002,H4,0.8571428656578064,1
3003,H4,0.8101266026496887,1
3004,H4,0.7088607549667358,1
3005,H4,0.7878788113594055,1
3006,H4,0.6236559152603149,1
3007,H4,0.30985915660858154,1
3008,H4,0.4126984179019928,1
3009,H4,0.4000000059604645,1
3010,H4,0.4000000059604645,1
3011,H4,0.2222222238779068,1
3012,H4,0.8064516186714172,1
3013,H4,0.7301587462425232,1
3014,H4,0.8421052694320679,1
3015,H4,0.7887324094772339,1
3016,H4,0.761904776096344,1
3017,H4,0.7868852615356445,1
3018,H4,0.8918918967247009,1
3019,H4,0.8918918967247009,1
3020,H4,0.8314606547355652,1
3021,H4,0.8823529481887817,1
3022,H4,0.8169013857841492,1
3023,H4,0.8048780560493469,1
3024,H4,0.8641975522041321,1
3025,H4,0.8292682766914368,1
3026,H4,0.7407407164573669,1
3027,H4,0.8055555820465088,1
3028,H4,0.5121951103210449,1
3029,H4,0.31168830394744873,1
3030,H4,0.47999998927116394,1
3031,H4,0.791208803653717,1
3032,H4,0.8600000143051147,1
3033,H4,0.9622266292572021,1
3034,H4,0.9601929783821106,1
3035,H4,0.7625570893287659,1
3036,H4,0.8730723857879639,1
3037,H4,0.8227194547653198,1
3038,H4,0.7244094610214233,1
3039,H4,0.4651162922382355,1
3040,H4,0.5352112650871277,1
3041,H4,0.5768024921417236,1
3042,H4,0.7708486914634705,3
3043,H4,0.8751634955406189,3
3044,H4,0.9058086276054382,4
3045,H4,0.8525956273078918,6
3046,H4,0.8730630874633789,7
3047,H4,0.9064265489578247,7
3048,H4,0.8919037580490112,7
3049,H4,0.8928813934326172,7
3050,H4,0.8789845705032349,7
3051,H4,0.8909830451011658,7
3052,H4,0.8786199688911438,7
3053,H4,0.8634424805641174,7
3054,H4,0.7559114694595337,8
3055,H4,0.853206217288971,7
3056,H4,0.8087568283081055,7
3057,H4,0.8813645839691162,6
3058,H4,0.9092183113098145,6
3059,H4,0.8887137174606323,7
3060,H4,0.8981029391288757,7
3061,H4,0.9208245873451233,6
3062,H4,0.8129851222038269,7
3063,H4,0.7649544477462769,7
3064,H4,0.8223759531974792,7
3065,H4,0.7997452616691589,6
3066,H4,0.8089889883995056,4
3067,H4,0.724297046661377,4
3068,H4,0.9611475467681885,3
3069,H4,0.9673566818237305,3
3070,H4,0.9247583746910095,3
3071,H4,0.9236657619476318,4
3072,H4,0.8930923342704773,3
3073,H4,0.8751113414764404,2
3074,H4,0.9062944650650024,2
3075,H4,0.8741722106933594,1
3076,H4,0.92734694480896,1
3077,H4,0.9408490061759949,1
3078,H4,0.9406220316886902,1
3079,H4,0.5596330165863037,1
3080,H4,0.695652186870575,1
3081,H4,0.9458128213882446,1
3082,H4,0.9488054513931274,1
3083,H4,0.8894878625869751,1
3084,H4,0.9286348819732666,2
3085,H4,0.8747225403785706,3
3086,H4,0.8556159138679504,3
3087,H4,0.9272794723510742,3
3088,H4,0.9001843333244324,3
3089,H4,0.8922069072723389,3
3090,H4,0.8361361026763916,3
3091,H4,0.592191219329834,4
3092,H4,0.8186624646186829,5
3093,H4,0.8565389513969421,5
3094,H4,0.8523589968681335,5
3095,H4,0.8054292798042297,5
3096,H4,0.9050066471099854,6
3097,H4,0.8303448557853699,7
3098,H4,0.7777866721153259,8
3099,H4,0.8735276460647583,8
3100,H4,0.9060397148132324,8
3101,H4,0.8348760604858398,9
3102,H4,0.7663857936859131,9
3103,H4,0.7483808398246765,7
3104,H4,0.7914330959320068,8
3105,H4,0.8551319241523743,6
3106,H4,0.8691837191581726,6
3107,H4,0.8066665530204773,5
3108,H4,0.8565183877944946,5
3109,H4,0.7329353094100952,5
3110,H4,0.8411523699760437,5
3111,H4,0.8590219616889954,5
3112,H4,0.8782337307929993,5
3113,H4,0.9252979755401611,4
3114,H4,0.9052297472953796,4
3115,H4,0.703742504119873,4
3116,H4,0.687319278717041,4
3117,H4,0.5940722823143005,3
3118,H4,0.5825223326683044,3
3119,H4,0.8789397478103638,2
3120,H4,0.7938927412033081,2
3121,H4,0.7109834551811218,2
3122,H4,0.7057990431785583,2
3123,H4,0.9834905862808228,1
3124,H4,0.8948655128479004,1
3125,H4,0.9660523533821106,1
3126,H4,0.9794801473617554,1
3127,H4,0.9853968024253845,1
3128,H4,0.969298243522644,1
3129,H4,0.6768292784690857,1
3130,H4,0.9491525292396545,1
3131,H4,0.9394264221191406,2
3132,H4,0.9804002642631531,2
3133,H4,0.9864757657051086,2
3134,H4,0.8967728614807129,4
3135,H4,0.9578719139099121,4
3136,H4,0.7506371140480042,5
3137,H4,0.9059715270996094,5
3138,H4,0.9205423593521118,5
3139,H4,0.8501271605491638,6
3140,H4,0.8846880793571472,7
3141,H4,0.928563117980957,7
3142,H4,0.8792906999588013,8
3143,H4,0.920303225517273,8
3144,H4,0.9434144496917725,8
3145,H4,0.875325083732605,9
3146,H4,0.904371976852417,9
3147,H4,0.9245124459266663,9
3148,H4,0.9030325412750244,9
3149,H4,0.9280633926391602,7
3150,H4,0.9324842691421509,7
3151,H4,0.8683989644050598,6
3152,H4,0.7614710330963135,4
3153,H4,0.9782888889312744,3
3154,H4,0.9729472994804382,3
3155,H4,0.9682552218437195,3
3156,H4,0.8814710974693298,4
3157,H4,0.9548094272613525,4
3158,H4,0.7229079604148865,4
3159,H4,0.9489333033561707,2
3160,H4,0.9538254737854004,2
3161,H4,0.9276903867721558,2
3162,H4,0.7880035638809204,2
3163,H4,0.7654321193695068,1
3164,H4,0.8372092843055725,1
3165,H4,0.8363636136054993,1
3166,H4,0.6666666865348816,1
3167,H4,0.4651162922382355,1
3168,H4,0.9063063263893127,1
3169,H4,0.9639861583709717,1
3170,H4,0.938525915145874,1
3171,H4,0.9662560224533081,1
3172,H4,0.9473143219947815,1
3173,H4,0.9729729890823364,1
3174,H4,0.9648022055625916,1
3175,H4,0.9436202049255371,1
3176,H4,0.8320610523223877,1
3177,H4,0.47081711888313293,1
3178,H4,0.7368420958518982,1
3179,H4,0.8741213083267212,2
3180,H4,0.8306446075439453,3
3181,H4,0.9118326306343079,3
3182,H4,0.937292754650116,3
3183,H4,0.9388416409492493,3
3184,H4,0.8994476199150085,3
3185,H4,0.8552783727645874,4
3186,H4,0.8544548153877258,5
3187,H4,0.853334903717041,5
3188,H4,0.8665478825569153,5
3189,H4,0.8672260046005249,5
3190,H4,0.8600136637687683,6
3191,H4,0.7806546092033386,7
3192,H4,0.820279061794281,8
3193,H4,0.8865115642547607,9
3194,H4,0.8563159108161926,9
3195,H4,0.8670603632926941,9
3196,H4,0.8559007048606873,9
3197,H4,0.8120663166046143,9
3198,H4,0.7889752984046936,6
3199,H4,0.9311612248420715,4
3200,H4,0.708754301071167,4
3201,H4,0.9259821772575378,3
3202,H4,0.9445351958274841,3
3203,H4,0.9499132037162781,3
3204,H4,0.9597029089927673,3
3205,H4,0.9383338689804077,2
3206,H4,0.8665479421615601,2
3207,H4,0.608132004737854,2
3208,H4,0.8686319589614868,2
3209,H4,0.7868120670318604,2
3210,H4,0.8018715381622314,2
3211,H4,0.9411869049072266,2
3212,H4,0.8793103694915771,1
3213,H4,0.8921568393707275,1
3214,H4,0.8965517282485962,1
3215,H4,0.8783783912658691,1
3216,H4,0.7157894968986511,1
3217,H4,0.5304136276245117,1
3218,H4,0.8305882215499878,1
3219,H4,0.8535211086273193,1
3220,H4,0.8854064345359802,1
3221,H4,0.9340532422065735,1
3222,H4,0.9567251205444336,1
3223,H4,0.975530207157135,1
3224,H4,0.9027149081230164,1
3225,H4,0.7476280927658081,1
3226,H4,0.5925405025482178,2
3227,H4,0.8287897109985352,2
3228,H4,0.7984558939933777,3
3229,H4,0.9083173274993896,3
3230,H4,0.9140130877494812,3
3231,H4,0.9368229508399963,3
3232,H4,0.9243764877319336,4
3233,H4,0.9044702649116516,5
3234,H4,0.8583772778511047,6
3235,H4,0.8334112167358398,6
3236,H4,0.814075231552124,6
3237,H4,0.8571767210960388,6
3238,H4,0.8270285725593567,7
3239,H4,0.8863311409950256,7
3240,H4,0.8641945123672485,7
3241,H4,0.8812784552574158,7
3242,H4,0.8549309968948364,8
3243,H4,0.8684064745903015,7
3244,H4,0.8361138105392456,8
3245,H4,0.8333081007003784,8
3246,H4,0.8491465449333191,7
3247,H4,0.9117910265922546,6
3248,H4,0.9076735377311707,6
3249,H4,0.853786289691925,6
3250,H4,0.7097499966621399,5
3251,H4,0.9559329152107239,3
3252,H4,0.9517714977264404,3
3253,H4,0.9519684314727783,3
3254,H4,0.9643285870552063,3
3255,H4,0.9613447785377502,3
3256,H4,0.9621244072914124,3
3257,H4,0.9161508679389954,3
3258,H4,0.9254097938537598,2
3259,H4,0.8870120048522949,2
3260,H4,0.844683051109314,2
3261,H4,0.29447853565216064,2
3262,H4,0.2954545319080353,1
3263,H4,0.739130437374115,1
3264,H4,0.8125,1
3265,H4,0.8674699068069458,1
3266,H4,0.8163265585899353,1
3267,H4,0.7868852615356445,1
3268,H4,0.7692307829856873,1
3269,H4,0.7058823704719543,1
3270,H4,0.6315789222717285,1
3271,H4,0.7027027010917664,1
3272,H4,0.699999988079071,1
3273,H4,0.6744186282157898,1
3274,H4,0.9420289993286133,1
3275,H4,0.9439252614974976,1
3276,H4,0.8274582624435425,1
3277,H4,0.8704662919044495,1
3278,H4,0.5787781476974487,1
3279,H4,0.6021758317947388,2
3280,H4,0.7150366306304932,2
3281,H4,0.8561192154884338,3
3282,H4,0.9441266059875488,3
3283,H4,0.9122712016105652,4
3284,H4,0.958737850189209,4
3285,H4,0.953849732875824,4
3286,H4,0.9592556953430176,4
3287,H4,0.9504110813140869,4
3288,H4,0.783420741558075,5
3289,H4,0.8100987672805786,5
3290,H4,0.8036209344863892,5
3291,H4,0.8562420010566711,5
3292,H4,0.8750442266464233,5
3293,H4,0.8349955677986145,6
3294,H4,0.8967905044555664,6
3295,H4,0.872281551361084,6
3296,H4,0.8611094355583191,7
3297,H4,0.7976669669151306,7
3298,H4,0.7098451852798462,8
3299,H4,0.7708180546760559,9
3300,H4,0.8615557551383972,9
3301,H4,0.8362468481063843,10
3302,H4,0.7843133807182312,10
3303,H4,0.8885599374771118,8
3304,H4,0.8908042907714844,7
3305,H4,0.8737370371818542,7
3306,H4,0.7878925204277039,6
3307,H4,0.902687668800354,4
3308,H4,0.9627335667610168,3
3309,H4,0.971193790435791,3
3310,H4,0.9735190272331238,3
3311,H4,0.9631772041320801,3
3312,H4,0.8770236968994141,4
3313,H4,0.9540634155273438,4
3314,H4,0.9277763962745667,4
3315,H4,0.8130841255187988,1
3316,H4,0.9038461446762085,1
3317,H4,0.9023809432983398,1
3318,H4,0.9331016540527344,1
3319,H4,0.9707602262496948,1
3320,H4,0.9330357313156128,1
3321,H4,0.9440000057220459,1
3322,H4,0.9600929617881775,1
3323,H4,0.9378085136413574,1
3324,H4,0.9664138555526733,1
3325,H4,0.9587348699569702,1
3326,H4,0.9460356831550598,1
3327,H4,0.9460243582725525,1
3328,H4,0.9469372630119324,1
3329,H4,0.9628729820251465,1
3330,H4,0.9667985439300537,1
3331,H4,0.9617726802825928,1
3332,H4,0.9681572914123535,1
3333,H4,0.9430598616600037,1
3334,H4,0.8959442973136902,1
3335,H4,0.8650217652320862,1
3336,H4,0.8663923144340515,1
3337,H4,0.8601073622703552,1
3338,H4,0.9354838728904724,1
3339,H4,0.6153846383094788,1
3340,H4,0.7549296021461487,1
3341,H4,0.949999988079071,1
3342,H4,0.9501187801361084,1
3343,H4,0.9629629850387573,1
3344,H4,0.9571788311004639,1
3345,H4,0.9768844246864319,1
3346,H4,0.6719430685043335,2
3347,H4,0.7048419713973999,2
3348,H4,0.7608397006988525,2
3349,H4,0.835737943649292,2
3350,H4,0.8504781723022461,2
3351,H4,0.8670195937156677,2
3352,H4,0.727398157119751,3
3353,H4,0.7854310870170593,3
3354,H4,0.8076055645942688,4
3355,H4,0.8786905407905579,4
3356,H4,0.6842005252838135,6
3357,H4,0.6927252411842346,6
3358,H4,0.8821746706962585,6
3359,H4,0.7385166883468628,7
3360,H4,0.8121089935302734,7
3361,H4,0.8603609800338745,7
3362,H4,0.8910921812057495,7
3363,H4,0.9085039496421814,7
3364,H4,0.8874899744987488,7
3365,H4,0.8986254930496216,7
3366,H4,0.8402453064918518,7
3367,H4,0.8304325342178345,7
3368,H4,0.8593287467956543,7
3369,H4,0.8353843688964844,7
3370,H4,0.8529850840568542,7
3371,H4,0.8393954634666443,7
3372,H4,0.8468452095985413,7
3373,H4,0.8583579659461975,7
3374,H4,0.8581147789955139,7
3375,H4,0.8775140047073364,7
3376,H4,0.8747367858886719,7
3377,H4,0.8274943232536316,7
3378,H4,0.8737760782241821,7
3379,H4,0.8574320673942566,7
3380,H4,0.9028235673904419,7
3381,H4,0.8690237402915955,7
3382,H4,0.8158057332038879,8
3383,H4,0.8719145655632019,8
3384,H4,0.8503178954124451,8
3385,H4,0.8704553842544556,7
3386,H4,0.8553795218467712,7
3387,H4,0.8602065443992615,8
3388,H4,0.8944672346115112,9
3389,H4,0.7605509161949158,9
3390,H4,0.9061634540557861,8
3391,H4,0.8627452850341797,8
3392,H4,0.8735852241516113,8
3393,H4,0.8910092711448669,7
3394,H4,0.8712193369865417,7
3395,H4,0.8789759278297424,7
3396,H4,0.8908204436302185,7
3397,H4,0.829833984375,7
3398,H4,0.9317700266838074,6
3399,H4,0.9091169238090515,6
3400,H4,0.9251327514648438,6
3401,H4,0.8897519707679749,6
3402,H4,0.8118858337402344,6
3403,H4,0.7856128215789795,6
3404,H4,0.8321759104728699,6
3405,H4,0.792250394821167,5
3406,H4,0.8211817741394043,4
3407,H4,0.9679811000823975,3
3408,H4,0.9716224670410156,3
3409,H4,0.9599596858024597,3
3410,H4,0.9070909023284912,4
3411,H4,0.9304068088531494,4
3412,H4,0.9393838047981262,4
3413,H4,0.9175628423690796,4
3414,H4,0.9110671877861023,4
3415,H4,0.9431349039077759,4
3416,H4,0.9340246915817261,4
3417,H4,0.901537299156189,4
3418,H4,0.9373034238815308,4
3419,H4,0.9190516471862793,4
3420,H4,0.9192913174629211,4
3421,H4,0.8315789103507996,4
3422,H4,0.8973116874694824,3
3423,H4,0.86635422706604,3
3424,H4,0.7605195045471191,3
3425,H4,0.8689594268798828,2
3426,H4,0.8689841628074646,2
3427,H4,0.7951807379722595,1
3428,H4,0.6478873491287231,1
3429,H4,0.7200000286102295,1
3430,H4,0.7727272510528564,1
3431,H4,0.8846153616905212,1
3432,H4,0.9515219926834106,1
3433,H4,0.940334141254425,1
3434,H4,0.9756514430046082,1
3435,H4,0.9892163872718811,1
3436,H4,0.9882121682167053,1
3437,H4,0.9904153347015381,1
3438,H4,0.9921954274177551,1
3439,H4,0.9923780560493469,1
3440,H4,0.9882903695106506,1
3441,H4,0.8467289805412292,1
3442,H4,0.916201114654541,1
3443,H4,0.6060606241226196,1
3444,H4,0.9765625,1
3445,H4,0.9675000905990601,2
3446,H4,0.978708803653717,2
3447,H4,0.9789762496948242,2
3448,H4,0.9587485194206238,3
3449,H4,0.9665454030036926,3
3450,H4,0.9248847365379333,3
3451,H4,0.9497732520103455,3
3452,H4,0.9160917401313782,5
3453,H4,0.9335674047470093,5
3454,H4,0.8416944742202759,5
3455,H4,0.904980480670929,5
3456,H4,0.8991154432296753,5
3457,H4,0.8913021087646484,5
3458,H4,0.8816646337509155,5
3459,H4,0.9001923203468323,7
3460,H4,0.9064452052116394,7
3461,H4,0.939961850643158,7
3462,H4,0.9514769911766052,7
3463,H4,0.939460277557373,10
3464,H4,0.9337778091430664,10
3465,H4,0.9291297793388367,8
3466,H4,0.9163161516189575,7
3467,H4,0.8483214378356934,6
3468,H4,0.9427456259727478,4
3469,H4,0.8824217319488525,4
3470,H4,0.9757132530212402,3
3471,H4,0.9737383723258972,3
3472,H4,0.9766936302185059,3
3473,H4,0.939007580280304,4
3474,H4,0.9497719407081604,4
3475,H4,0.9448531866073608,4
3476,H4,0.9258200526237488,4
3477,H4,0.9363380074501038,3
3478,H4,0.8628292083740234,3
3479,H4,0.9440593719482422,2
3480,H4,0.9621192216873169,2
3481,H4,0.9580987095832825,2
3482,H4,0.949264645576477,2
3483,H4,0.9404637813568115,2
3484,H4,0.9388377070426941,2
3485,H4,0.8548387289047241,1
3486,H4,0.8455284833908081,1
3487,H4,0.9122806787490845,1
3488,H4,0.6813187003135681,1
3489,H4,0.6315789222717285,1
3490,H4,0.6760563254356384,1
3491,H4,0.6800000071525574,1
3492,H4,0.7547169923782349,1
3493,H4,0.6779661178588867,1
3494,H4,0.692307710647583,1
3495,H4,0.8118811845779419,1
3496,H4,0.8653846383094788,1
3497,H4,0.8627451062202454,1
3498,H4,0.7126436829566956,1
3499,H4,0.8181818127632141,1
3500,H4,0.8771929740905762,1
3501,H4,0.8727272748947144,1
3502,H4,0.8311688303947449,1
3503,H4,0.7021276354789734,1
3504,H4,0.9090909361839294,1
3505,H4,0.8813559412956238,1
3506,H4,0.800000011920929,1
3507,H4,0.8235294222831726,1
3508,H4,0.7948718070983887,1
3509,H4,0.8395061492919922,1
3510,H4,0.8139534592628479,1
3511,H4,0.8181818127632141,1
3512,H4,0.8266666531562805,1
3513,H4,0.8837209343910217,1
3514,H4,0.6944444179534912,1
3515,H4,0.767123281955719,1
3516,H4,0.650602400302887,1
3517,H4,0.9113923907279968,1
3518,H4,0.9333333373069763,1
3519,H4,0.8571428656578064,1
3520,H4,0.7323943376541138,1
0,StageAdapt,0.9103773832321167,1
1,StageAdapt,0.8465845584869385,1
2,StageAdapt,0.975642740726471,1
3,StageAdapt,0.9733333587646484,1
4,StageAdapt,0.9734513163566589,1
5,StageAdapt,0.9785909056663513,1
6,StageAdapt,0.9856866598129272,1
7,StageAdapt,0.979763925075531,1
8,StageAdapt,0.9468598961830139,1
9,StageAdapt,0.2947067320346832,1
10,StageAdapt,0.9462686777114868,1
11,StageAdapt,0.9449275135993958,1
12,StageAdapt,0.6666666865348816,1
13,StageAdapt,0.9047619104385376,1
14,StageAdapt,0.9698629975318909,1
15,StageAdapt,0.6039570569992065,2
16,StageAdapt,0.8215268850326538,2
17,StageAdapt,0.745171308517456,3
18,StageAdapt,0.7646718621253967,3
19,StageAdapt,0.7706924676895142,4
20,StageAdapt,0.8163650035858154,4
21,StageAdapt,0.7950211763381958,4
22,StageAdapt,0.6831001043319702,5
23,StageAdapt,0.7138962745666504,6
24,StageAdapt,0.711186408996582,6
25,StageAdapt,0.856494128704071,6
26,StageAdapt,0.862015962600708,6
27,StageAdapt,0.7674848437309265,7
28,StageAdapt,0.863784909248352,7
29,StageAdapt,0.8220759034156799,7
30,StageAdapt,0.822357177734375,7
31,StageAdapt,0.8528134226799011,7
32,StageAdapt,0.8447825908660889,8
33,StageAdapt,0.7676968574523926,8
34,StageAdapt,0.8251569867134094,6
35,StageAdapt,0.7658432722091675,7
36,StageAdapt,0.821777880191803,7
37,StageAdapt,0.8503637909889221,7
38,StageAdapt,0.835117757320404,7
39,StageAdapt,0.8234767317771912,6
40,StageAdapt,0.6014758348464966,6
41,StageAdapt,0.5742032527923584,5
42,StageAdapt,0.7333865165710449,4
43,StageAdapt,0.9722550511360168,3
44,StageAdapt,0.8287097215652466,4
45,StageAdapt,0.8058125376701355,4
46,StageAdapt,0.8866405487060547,4
47,StageAdapt,0.9129210710525513,4
48,StageAdapt,0.6951871514320374,1
49,StageAdapt,0.7850799560546875,1
50,StageAdapt,0.5496828556060791,1
51,StageAdapt,0.2631579041481018,1
52,StageAdapt,2.1413276707349382e-10,1
53,StageAdapt,1.6638934674517714e-10,1
54,StageAdapt,2.0080322127302708e-10,1
55,StageAdapt,2.8169014343326637e-10,1
56,StageAdapt,4.417293197889194e-09,2
57,StageAdapt,0.4644808769226074,2
58,StageAdapt,0.47191011905670166,2
59,StageAdapt,0.5940568447113037,2
60,StageAdapt,0.6018261313438416,3
61,StageAdapt,0.5298281908035278,4
62,StageAdapt,0.6760841608047485,5
63,StageAdapt,0.7593105435371399,5
64,StageAdapt,0.6845385432243347,5
65,StageAdapt,0.752892017364502,5
66,StageAdapt,0.8099011182785034,5
67,StageAdapt,0.7904133796691895,6
68,StageAdapt,0.7007559537887573,7
69,StageAdapt,0.6317750811576843,7
70,StageAdapt,0.6788907051086426,8
71,StageAdapt,0.7143179178237915,8
72,StageAdapt,0.6435033082962036,9
73,StageAdapt,0.7555820941925049,8
74,StageAdapt,0.7612500786781311,9
75,StageAdapt,0.7075870037078857,9
76,StageAdapt,0.7660455107688904,8
77,StageAdapt,0.7460145950317383,7
78,StageAdapt,0.6697689890861511,6
79,StageAdapt,0.6228229403495789,5
80,StageAdapt,0.841925859451294,4
81,StageAdapt,0.6795786619186401,4
82,StageAdapt,0.9167510867118835,3
83,StageAdapt,0.9136458039283752,3
84,StageAdapt,0.7411064505577087,4
85,StageAdapt,0.7224575281143188,4
86,StageAdapt,0.5799015164375305,3
87,StageAdapt,0.5794007182121277,2
88,StageAdapt,0.6337131261825562,2
89,StageAdapt,0.3333333432674408,2
90,StageAdapt,0.1538461595773697,2
91,StageAdapt,0.3142857253551483,1
92,StageAdapt,0.3283582031726837,1
93,StageAdapt,0.22535210847854614,1
94,StageAdapt,0.27586206793785095,1
95,StageAdapt,0.30000001192092896,1
96,StageAdapt,0.3571428656578064,1
97,StageAdapt,0.3333333432674408,1
98,StageAdapt,0.1785714328289032,1
99,StageAdapt,0.3448275923728943,1
100,StageAdapt,0.34375,1
101,StageAdapt,0.3174603283405304,1
102,StageAdapt,0.5161290168762207,1
103,StageAdapt,0.5652173757553101,1
104,StageAdapt,0.4615384638309479,1
105,StageAdapt,0.5853658318519592,1
106,StageAdapt,0.5263158082962036,1
107,StageAdapt,0.6666666865348816,1
108,StageAdapt,0.800000011920929,1
109,StageAdapt,0.6666666865348816,1
110,StageAdapt,0.7647058963775635,1
111,StageAdapt,0.8275862336158752,1
112,StageAdapt,0.7333333492279053,1
113,StageAdapt,0.7200000286102295,1
114,StageAdapt,0.9230769276618958,1
115,StageAdapt,0.8148148059844971,1
116,StageAdapt,0.5333333611488342,1
117,StageAdapt,0.6315789222717285,1
118,StageAdapt,0.6190476417541504,1
119,StageAdapt,0.7142857313156128,1
120,StageAdapt,0.5714285969734192,1
121,StageAdapt,0.5,1
122,StageAdapt,0.2666666805744171,1
123,StageAdapt,0.4285714328289032,1
124,StageAdapt,0.22033898532390594,1
125,StageAdapt,0.49653807282447815,1
126,StageAdapt,0.43021583557128906,1
127,StageAdapt,0.94175785779953,1
128,StageAdapt,0.9592326283454895,1
129,StageAdapt,0.9577537178993225,1
130,StageAdapt,0.9616380333900452,1
131,StageAdapt,0.8523521423339844,1
132,StageAdapt,0.7133318185806274,1
133,StageAdapt,0.5656899809837341,1
134,StageAdapt,0.43419739603996277,1
135,StageAdapt,0.289000004529953,1
136,StageAdapt,0.12092188000679016,1
137,StageAdapt,0.6448031663894653,2
138,StageAdapt,0.719012975692749,3
139,StageAdapt,0.9433817863464355,3
140,StageAdapt,0.9258077144622803,3
141,StageAdapt,0.8903408646583557,3
142,StageAdapt,0.9217894673347473,3
143,StageAdapt,0.8634845614433289,3
144,StageAdapt,0.8795111179351807,3
145,StageAdapt,0.8271015286445618,3
146,StageAdapt,0.9109499454498291,3
147,StageAdapt,0.9317517280578613,3
148,StageAdapt,0.9158207774162292,3
149,StageAdapt,0.928245484828949,3
150,StageAdapt,0.9076411724090576,3
151,StageAdapt,0.906506359577179,3
152,StageAdapt,0.9022952914237976,3
153,StageAdapt,0.8037970066070557,4
154,StageAdapt,0.8529695868492126,4
155,StageAdapt,0.8191537857055664,4
156,StageAdapt,0.8138226866722107,6
157,StageAdapt,0.8591838479042053,6
158,StageAdapt,0.8914349675178528,6
159,StageAdapt,0.9115965962409973,6
160,StageAdapt,0.9079799056053162,6
161,StageAdapt,0.8930113315582275,6
162,StageAdapt,0.8939144611358643,6
163,StageAdapt,0.8542535901069641,6
164,StageAdapt,0.8570534586906433,6
165,StageAdapt,0.8891658186912537,6
166,StageAdapt,0.9070799946784973,6
167,StageAdapt,0.9041264653205872,6
168,StageAdapt,0.8473337292671204,7
169,StageAdapt,0.9340083003044128,7
170,StageAdapt,0.9173339605331421,7
171,StageAdapt,0.8912206292152405,7
172,StageAdapt,0.905570924282074,7
173,StageAdapt,0.8953142762184143,7
174,StageAdapt,0.8344434499740601,7
175,StageAdapt,0.638193666934967,8
176,StageAdapt,0.7431583404541016,8
177,StageAdapt,0.8671630620956421,8
178,StageAdapt,0.7885044813156128,9
179,StageAdapt,0.7551214694976807,9
180,StageAdapt,0.7000011205673218,9
181,StageAdapt,0.7908123731613159,8
182,StageAdapt,0.7905268669128418,8
183,StageAdapt,0.8020504117012024,6
184,StageAdapt,0.8345840573310852,5
185,StageAdapt,0.8046466708183289,5
186,StageAdapt,0.8525967597961426,5
187,StageAdapt,0.8059698343276978,5
188,StageAdapt,0.7302044034004211,5
189,StageAdapt,0.7625446319580078,4
190,StageAdapt,0.7710127830505371,4
191,StageAdapt,0.8192017078399658,4
192,StageAdapt,0.7798892259597778,4
193,StageAdapt,0.7962835431098938,4
194,StageAdapt,0.8295676112174988,3
195,StageAdapt,0.8663093447685242,3
196,StageAdapt,0.9594875574111938,2
197,StageAdapt,0.9718992710113525,2
198,StageAdapt,0.9732238054275513,2
199,StageAdapt,0.9761286973953247,2
200,StageAdapt,0.9637092351913452,2
201,StageAdapt,0.9661406874656677,2
202,StageAdapt,0.9790070056915283,2
203,StageAdapt,0.9728943109512329,2
204,StageAdapt,0.9750180244445801,2
205,StageAdapt,0.9627730846405029,2
206,StageAdapt,0.9602612257003784,2
207,StageAdapt,0.9380881786346436,3
208,StageAdapt,0.9224119186401367,3
209,StageAdapt,0.9335115551948547,3
210,StageAdapt,0.8137192726135254,3
211,StageAdapt,0.9414345026016235,2
212,StageAdapt,0.9289977550506592,2
213,StageAdapt,0.9362324476242065,2
214,StageAdapt,0.9766581058502197,2
215,StageAdapt,0.9404934644699097,2
216,StageAdapt,0.9338200092315674,2
217,StageAdapt,0.9532784223556519,2
218,StageAdapt,0.9072425365447998,2
219,StageAdapt,0.9276231527328491,2
220,StageAdapt,0.8586482405662537,2
221,StageAdapt,0.9117155075073242,2
222,StageAdapt,0.8366775512695312,2
223,StageAdapt,0.7027749419212341,2
224,StageAdapt,0.828125,1
225,StageAdapt,0.8031495809555054,1
226,StageAdapt,0.8316831588745117,1
227,StageAdapt,0.75,1
228,StageAdapt,0.7789473533630371,1
229,StageAdapt,0.8602150678634644,1
230,StageAdapt,0.8163265585899353,1
231,StageAdapt,0.7368420958518982,1
232,StageAdapt,0.760869562625885,1
233,StageAdapt,0.7916666865348816,1
234,StageAdapt,0.8041236996650696,1
235,StageAdapt,0.7551020383834839,1
236,StageAdapt,0.8035714030265808,1
237,StageAdapt,0.8301886916160583,1
238,StageAdapt,0.8403361439704895,1
239,StageAdapt,0.8617886304855347,1
240,StageAdapt,0.8595041036605835,1
241,StageAdapt,0.20588235557079315,1
242,StageAdapt,0.42105263471603394,1
243,StageAdapt,0.5330296158790588,1
244,StageAdapt,0.603481650352478,1
245,StageAdapt,0.6549295783042908,1
246,StageAdapt,0.7149917483329773,1
247,StageAdapt,0.8016359806060791,1
248,StageAdapt,0.7615780234336853,1
249,StageAdapt,0.8232043981552124,1
250,StageAdapt,0.8538162708282471,1
251,StageAdapt,0.8715365529060364,1
252,StageAdapt,0.9242590665817261,1
253,StageAdapt,0.9142857193946838,1
254,StageAdapt,0.9538461565971375,1
255,StageAdapt,0.9451795816421509,1
256,StageAdapt,0.9589743614196777,1
257,StageAdapt,0.9434571862220764,1
258,StageAdapt,0.9264349341392517,1
259,StageAdapt,0.9481707215309143,1
260,StageAdapt,0.9600560665130615,1
261,StageAdapt,0.9672678709030151,1
262,StageAdapt,0.9770491719245911,1
263,StageAdapt,0.9677419066429138,1
264,StageAdapt,0.9631901979446411,1
265,StageAdapt,0.9625668525695801,1
266,StageAdapt,0.9671361446380615,1
267,StageAdapt,0.9685680866241455,1
268,StageAdapt,0.9661675095558167,1
269,StageAdapt,0.9730021357536316,1
270,StageAdapt,0.9809119701385498,1
271,StageAdapt,0.9767195582389832,1
272,StageAdapt,0.9510841965675354,1
273,StageAdapt,0.9655172228813171,1
274,StageAdapt,0.9509357810020447,1
275,StageAdapt,0.9561315774917603,1
276,StageAdapt,0.9616122841835022,1
277,StageAdapt,0.9738317728042603,1
278,StageAdapt,0.9778597950935364,1
279,StageAdapt,0.968778669834137,1
280,StageAdapt,0.9662716388702393,1
281,StageAdapt,0.9743824601173401,1
282,StageAdapt,0.9742646813392639,1
283,StageAdapt,0.9707112908363342,1
284,StageAdapt,0.9308300614356995,1
285,StageAdapt,0.9208561182022095,1
286,StageAdapt,0.9185699820518494,1
287,StageAdapt,0.9096446633338928,1
288,StageAdapt,0.8524945974349976,1
289,StageAdapt,0.9005116820335388,1
290,StageAdapt,0.9296875,1
291,StageAdapt,0.909600555896759,1
292,StageAdapt,0.7581047415733337,1
293,StageAdapt,0.38596490025520325,1
294,StageAdapt,0.07554671913385391,1
295,StageAdapt,1.9342359658391928e-10,1
296,StageAdapt,2.9585800476183977e-10,1
297,StageAdapt,5.681818349145829e-10,1
298,StageAdapt,1.1494253326915782e-09,1
299,StageAdapt,2.7027027282855443e-09,1
300,StageAdapt,6.66666677417993e-09,1
301,StageAdapt,5.882352827057957e-09,1
302,StageAdapt,3.999999886872274e-09,1
303,StageAdapt,2.0833332836645013e-09,1
304,StageAdapt,0.2142857164144516,2
305,StageAdapt,0.42069241404533386,2
306,StageAdapt,0.7054488658905029,2
307,StageAdapt,0.8675589561462402,2
308,StageAdapt,0.8805313110351562,2
309,StageAdapt,0.8691296577453613,2
310,StageAdapt,0.8012468218803406,2
311,StageAdapt,0.7668744921684265,3
312,StageAdapt,0.8401206135749817,3
313,StageAdapt,0.8624889850616455,3
314,StageAdapt,0.7615711092948914,3
315,StageAdapt,0.8407748341560364,3
316,StageAdapt,0.8506827354431152,3
317,StageAdapt,0.8115943074226379,3
318,StageAdapt,0.8316965103149414,3
319,StageAdapt,0.7135106921195984,4
320,StageAdapt,0.7703737020492554,4
321,StageAdapt,0.7769079208374023,4
322,StageAdapt,0.718184769153595,4
323,StageAdapt,0.7359455227851868,4
324,StageAdapt,0.7179778218269348,4
325,StageAdapt,0.7180918455123901,4
326,StageAdapt,0.692893922328949,4
327,StageAdapt,0.7256304621696472,4
328,StageAdapt,0.7727404236793518,4
329,StageAdapt,0.7441095113754272,4
330,StageAdapt,0.8469686508178711,4
331,StageAdapt,0.8855819702148438,4
332,StageAdapt,0.8571228384971619,4
333,StageAdapt,0.868825376033783,4
334,StageAdapt,0.8535695672035217,4
335,StageAdapt,0.8462219834327698,4
336,StageAdapt,0.8881970047950745,4
337,StageAdapt,0.830014169216156,4
338,StageAdapt,0.8045644760131836,4
339,StageAdapt,0.8056057691574097,4
340,StageAdapt,0.8856990933418274,4
341,StageAdapt,0.9257689118385315,4
342,StageAdapt,0.9002203941345215,4
343,StageAdapt,0.9250878095626831,4
344,StageAdapt,0.9150069952011108,4
345,StageAdapt,0.8501477837562561,4
346,StageAdapt,0.8289041519165039,4
347,StageAdapt,0.5804522037506104,5
348,StageAdapt,0.6856352090835571,5
349,StageAdapt,0.8510688543319702,5
350,StageAdapt,0.8452686071395874,5
351,StageAdapt,0.920913577079773,5
352,StageAdapt,0.9417120218276978,5
353,StageAdapt,0.9263903498649597,5
354,StageAdapt,0.8889085054397583,5
355,StageAdapt,0.7865042090415955,6
356,StageAdapt,0.9024035334587097,6
357,StageAdapt,0.9004912376403809,6
358,StageAdapt,0.8819922804832458,6
359,StageAdapt,0.9099714159965515,6
360,StageAdapt,0.9312126040458679,6
361,StageAdapt,0.9190201163291931,6
362,StageAdapt,0.9074633717536926,6
363,StageAdapt,0.9141173362731934,6
364,StageAdapt,0.9246802926063538,6
365,StageAdapt,0.9123340249061584,6
366,StageAdapt,0.892331600189209,6
367,StageAdapt,0.9130062460899353,6
368,StageAdapt,0.8991490006446838,6
369,StageAdapt,0.8953817486763,6
370,StageAdapt,0.8340420126914978,7
371,StageAdapt,0.8447434306144714,7
372,StageAdapt,0.887965738773346,7
373,StageAdapt,0.8461753129959106,7
374,StageAdapt,0.7910572290420532,7
375,StageAdapt,0.795555591583252,7
376,StageAdapt,0.7238026857376099,7
377,StageAdapt,0.8032920360565186,6
378,StageAdapt,0.6959481239318848,6
379,StageAdapt,0.5598737001419067,7
380,StageAdapt,0.4812554121017456,8
381,StageAdapt,0.4178704023361206,8
382,StageAdapt,0.34782874584198,8
383,StageAdapt,0.4708136022090912,6
384,StageAdapt,0.44353780150413513,6
385,StageAdapt,0.5883504748344421,6
386,StageAdapt,0.5533170104026794,6
387,StageAdapt,0.8262858986854553,4
388,StageAdapt,0.7394399642944336,4
389,StageAdapt,0.7074807286262512,4
390,StageAdapt,0.9231433868408203,3
391,StageAdapt,0.9477201104164124,3
392,StageAdapt,0.9439695477485657,3
393,StageAdapt,0.9526181817054749,3
394,StageAdapt,0.9543280601501465,3
395,StageAdapt,0.9617886543273926,3
396,StageAdapt,0.9629771709442139,3
397,StageAdapt,0.9577320218086243,3
398,StageAdapt,0.9511452317237854,3
399,StageAdapt,0.952082633972168,3
400,StageAdapt,0.9583301544189453,3
401,StageAdapt,0.953188419342041,3
402,StageAdapt,0.9465913772583008,3
403,StageAdapt,0.9568798542022705,3
404,StageAdapt,0.9639182686805725,3
405,StageAdapt,0.9587469100952148,3
406,StageAdapt,0.9577028155326843,3
407,StageAdapt,0.8567734956741333,4
408,StageAdapt,0.8637175559997559,4
409,StageAdapt,0.8602578639984131,4
410,StageAdapt,0.8492251634597778,4
411,StageAdapt,0.943073034286499,4
412,StageAdapt,0.9638608694076538,4
413,StageAdapt,0.9563899040222168,4
414,StageAdapt,0.936420202255249,4
415,StageAdapt,0.9523056745529175,4
416,StageAdapt,0.9640401601791382,4
417,StageAdapt,0.958295464515686,4
418,StageAdapt,0.9260369539260864,4
419,StageAdapt,0.9471538066864014,4
420,StageAdapt,0.9743940234184265,4
421,StageAdapt,0.9478164315223694,4
422,StageAdapt,0.9268301725387573,4
423,StageAdapt,0.9507953524589539,4
424,StageAdapt,0.9461953043937683,4
425,StageAdapt,0.9121770858764648,4
426,StageAdapt,0.8910605907440186,4
427,StageAdapt,0.8810018301010132,4
428,StageAdapt,0.9428553581237793,4
429,StageAdapt,0.9410387277603149,4
430,StageAdapt,0.837086021900177,4
431,StageAdapt,0.7445431351661682,3
432,StageAdapt,0.7755956053733826,3
433,StageAdapt,0.9078580737113953,2
434,StageAdapt,0.8982455730438232,2
435,StageAdapt,0.9102054834365845,2
436,StageAdapt,0.9174578785896301,2
437,StageAdapt,0.9149496555328369,2
438,StageAdapt,0.845295786857605,2
439,StageAdapt,0.8472071886062622,2
440,StageAdapt,0.8424158692359924,2
441,StageAdapt,0.8221650123596191,2
442,StageAdapt,0.7903616428375244,2
443,StageAdapt,0.699999988079071,1
444,StageAdapt,0.699999988079071,1
445,StageAdapt,0.5555555820465088,1
446,StageAdapt,0.3888888955116272,1
447,StageAdapt,0.4583333432674408,1
448,StageAdapt,0.52173912525177,1
449,StageAdapt,0.4878048896789551,1
450,StageAdapt,0.38297873735427856,1
451,StageAdapt,0.375,1
452,StageAdapt,0.1818181872367859,1
453,StageAdapt,0.5945945978164673,1
454,StageAdapt,0.5161290168762207,1
455,StageAdapt,0.5142857432365417,1
456,StageAdapt,0.5142857432365417,1
457,StageAdapt,0.5306122303009033,1
458,StageAdapt,0.6499999761581421,1
459,StageAdapt,0.10810811072587967,1
460,StageAdapt,0.22857142984867096,1
461,StageAdapt,2.7777777855675367e-09,1
462,StageAdapt,0.17777778208255768,1
463,StageAdapt,2.0408164047580613e-09,1
464,StageAdapt,2.2727273396583314e-09,1
465,StageAdapt,3.333333387089965e-09,1
466,StageAdapt,0.6456692814826965,1
467,StageAdapt,0.8757396340370178,1
468,StageAdapt,0.9283154010772705,1
469,StageAdapt,0.9130434989929199,1
470,StageAdapt,0.9225473403930664,1
471,StageAdapt,0.9540306329727173,1
472,StageAdapt,0.9517470598220825,1
473,StageAdapt,0.9356836676597595,1
474,StageAdapt,0.8903553485870361,1
475,StageAdapt,0.8296703100204468,1
476,StageAdapt,0.8103585839271545,1
477,StageAdapt,0.7736121416091919,1
478,StageAdapt,0.9164556860923767,1
479,StageAdapt,0.9307605028152466,1
480,StageAdapt,0.24795322120189667,1
481,StageAdapt,0.2743142247200012,1
482,StageAdapt,0.02857142873108387,1
483,StageAdapt,0.06008583679795265,1
484,StageAdapt,0.2603878080844879,1
485,StageAdapt,0.16447943449020386,1
486,StageAdapt,1.4925373159613287e-09,1
487,StageAdapt,0.5454545617103577,1
488,StageAdapt,0.7583643198013306,1
489,StageAdapt,0.7696078419685364,1
490,StageAdapt,0.8266666531562805,1
491,StageAdapt,0.9069767594337463,1
492,StageAdapt,0.4644351601600647,2
493,StageAdapt,0.4410349428653717,2
494,StageAdapt,0.6853880882263184,3
495,StageAdapt,0.7291629910469055,3
496,StageAdapt,0.7571567893028259,3
497,StageAdapt,0.6715235710144043,3
498,StageAdapt,0.6609581708908081,3
499,StageAdapt,0.6845929622650146,3
500,StageAdapt,0.8532419800758362,3
501,StageAdapt,0.9256623387336731,3
502,StageAdapt,0.9222801327705383,3
503,StageAdapt,0.9625182747840881,3
504,StageAdapt,0.9086689949035645,3
505,StageAdapt,0.93585604429245,3
506,StageAdapt,0.9588295817375183,3
507,StageAdapt,0.9485374093055725,3
508,StageAdapt,0.6532131433486938,5
509,StageAdapt,0.7073730230331421,5
510,StageAdapt,0.6463038325309753,6
511,StageAdapt,0.6499412655830383,6
512,StageAdapt,0.7139105796813965,6
513,StageAdapt,0.7383878231048584,6
514,StageAdapt,0.6920322775840759,7
515,StageAdapt,0.7529787421226501,7
516,StageAdapt,0.7771161198616028,7
517,StageAdapt,0.7077823281288147,7
518,StageAdapt,0.722608745098114,7
519,StageAdapt,0.8282522559165955,7
520,StageAdapt,0.8720503449440002,7
521,StageAdapt,0.9206538796424866,7
522,StageAdapt,0.8812886476516724,7
523,StageAdapt,0.905289351940155,7
524,StageAdapt,0.8597928285598755,8
525,StageAdapt,0.8789882659912109,9
526,StageAdapt,0.8465865254402161,9
527,StageAdapt,0.8569209575653076,9
528,StageAdapt,0.8757491707801819,9
529,StageAdapt,0.9187575578689575,9
530,StageAdapt,0.94722580909729,9
531,StageAdapt,0.9255500435829163,9
532,StageAdapt,0.9048143029212952,9
533,StageAdapt,0.9257075190544128,9
534,StageAdapt,0.9114514589309692,9
535,StageAdapt,0.9219951629638672,10
536,StageAdapt,0.8294119834899902,10
537,StageAdapt,0.8969982862472534,9
538,StageAdapt,0.9192015528678894,9
539,StageAdapt,0.8939273357391357,8
540,StageAdapt,0.9450067281723022,8
541,StageAdapt,0.8962162733078003,8
542,StageAdapt,0.8858020305633545,8
543,StageAdapt,0.8777323961257935,7
544,StageAdapt,0.8469440340995789,5
545,StageAdapt,0.9400482773780823,4
546,StageAdapt,0.9222744703292847,4
547,StageAdapt,0.9783320426940918,3
548,StageAdapt,0.9847425818443298,3
549,StageAdapt,0.9776785969734192,3
550,StageAdapt,0.9833130836486816,3
551,StageAdapt,0.9809991717338562,3
552,StageAdapt,0.9785254597663879,3
553,StageAdapt,0.9825718402862549,3
554,StageAdapt,0.9755864143371582,3
555,StageAdapt,0.9504375457763672,4
556,StageAdapt,0.9556295275688171,4
557,StageAdapt,0.9424893260002136,4
558,StageAdapt,0.9628371596336365,4
559,StageAdapt,0.947733998298645,4
560,StageAdapt,0.9715609550476074,4
561,StageAdapt,0.9492099285125732,4
562,StageAdapt,0.9504783749580383,4
563,StageAdapt,0.9704363942146301,4
564,StageAdapt,0.9606737494468689,4
565,StageAdapt,0.9659075736999512,4
566,StageAdapt,0.9547816514968872,4
567,StageAdapt,0.928735613822937,4
568,StageAdapt,0.9103840589523315,4
569,StageAdapt,0.8796586990356445,4
570,StageAdapt,0.892906129360199,3
571,StageAdapt,0.6245275139808655,3
572,StageAdapt,0.9258001446723938,2
573,StageAdapt,0.9442706108093262,2
574,StageAdapt,0.8967792987823486,2
575,StageAdapt,0.9449880123138428,2
576,StageAdapt,0.8969541788101196,2
577,StageAdapt,0.9154906868934631,2
578,StageAdapt,0.8357415199279785,2
579,StageAdapt,0.852173924446106,1
580,StageAdapt,0.9090909361839294,1
581,StageAdapt,0.8828828930854797,1
582,StageAdapt,0.8971962332725525,1
583,StageAdapt,0.9306930899620056,1
584,StageAdapt,0.8979591727256775,1
585,StageAdapt,0.9504950642585754,1
586,StageAdapt,0.9292929172515869,1
587,StageAdapt,0.9318181872367859,1
588,StageAdapt,0.9213483333587646,1
589,StageAdapt,0.9176470637321472,1
590,StageAdapt,0.9230769276618958,1
591,StageAdapt,0.8947368264198303,1
592,StageAdapt,0.8823529481887817,1
593,StageAdapt,0.9090909361839294,1
594,StageAdapt,0.7761194109916687,1
595,StageAdapt,0.6666666865348816,1
596,StageAdapt,0.800000011920929,1
597,StageAdapt,0.8771929740905762,1
598,StageAdapt,0.7924528121948242,1
599,StageAdapt,0.625,1
600,StageAdapt,0.800000011920929,1
601,StageAdapt,0.8235294222831726,1
602,StageAdapt,0.9019607901573181,1
603,StageAdapt,0.7857142686843872,1
604,StageAdapt,0.7692307829856873,1
605,StageAdapt,0.8888888955116272,1
606,StageAdapt,0.8615384697914124,1
607,StageAdapt,0.8529411554336548,1
608,StageAdapt,0.8169013857841492,1
609,StageAdapt,0.7407407164573669,1
610,StageAdapt,0.8125,1
611,StageAdapt,0.7446808218955994,1
612,StageAdapt,0.6597937941551208,1
613,StageAdapt,0.8333333134651184,1
614,StageAdapt,0.8739495873451233,1
615,StageAdapt,0.8548387289047241,1
616,StageAdapt,0.9572649598121643,1
617,StageAdapt,0.868686854839325,1
618,StageAdapt,0.6756756901741028,1
619,StageAdapt,0.53125,1
620,StageAdapt,0.42553192377090454,1
621,StageAdapt,0.2637362778186798,1
622,StageAdapt,0.5925925970077515,1
623,StageAdapt,0.7755101919174194,1
624,StageAdapt,0.9166666865348816,1
625,StageAdapt,0.6399999856948853,1
626,StageAdapt,0.6666666865348816,1
627,StageAdapt,0.45614033937454224,1
628,StageAdapt,0.3913043439388275,1
629,StageAdapt,0.6363636255264282,1
630,StageAdapt,0.6197183132171631,1
631,StageAdapt,0.7250000238418579,1
632,StageAdapt,0.4307692348957062,1
633,StageAdapt,0.5625,1
634,StageAdapt,0.4761904776096344,1
635,StageAdapt,0.695652186870575,1
636,StageAdapt,0.7837837934494019,1
637,StageAdapt,0.6904761791229248,1
638,StageAdapt,0.6027397513389587,1
639,StageAdapt,0.6129032373428345,1
640,StageAdapt,0.591549277305603,1
641,StageAdapt,0.7076923251152039,1
642,StageAdapt,0.7948718070983887,1
643,StageAdapt,0.800000011920929,1
644,StageAdapt,0.7848101258277893,1
645,StageAdapt,0.8450704216957092,1
646,StageAdapt,0.8405796885490417,1
647,StageAdapt,0.8674699068069458,1
648,StageAdapt,0.8421052694320679,1
649,StageAdapt,0.7848101258277893,1
650,StageAdapt,0.8045976758003235,1
651,StageAdapt,0.8705882430076599,1
652,StageAdapt,0.8863636255264282,1
653,StageAdapt,0.9320388436317444,1
654,StageAdapt,0.8965517282485962,1
655,StageAdapt,0.7962962985038757,1
656,StageAdapt,0.8301886916160583,1
657,StageAdapt,0.8703703880310059,1
658,StageAdapt,0.8760330677032471,1
659,StageAdapt,0.8405796885490417,1
660,StageAdapt,0.8205128312110901,1
661,StageAdapt,0.7846153974533081,1
662,StageAdapt,0.7368420958518982,1
663,StageAdapt,0.8455284833908081,1
664,StageAdapt,0.9457364082336426,1
665,StageAdapt,0.8717948794364929,1
666,StageAdapt,0.7731092572212219,1
667,StageAdapt,0.796875,1
668,StageAdapt,0.8703703880310059,1
669,StageAdapt,0.8235294222831726,1
670,StageAdapt,0.8842105269432068,1
671,StageAdapt,0.8089887499809265,1
672,StageAdapt,0.8529411554336548,1
673,StageAdapt,0.8311688303947449,1
674,StageAdapt,0.7368420958518982,1
675,StageAdapt,0.7941176295280457,1
676,StageAdapt,0.577903687953949,1
677,StageAdapt,0.7971311211585999,1
678,StageAdapt,0.943121075630188,1
679,StageAdapt,0.9652662873268127,1
680,StageAdapt,0.9806157350540161,1
681,StageAdapt,0.9827160239219666,1
682,StageAdapt,0.9759907722473145,1
683,StageAdapt,0.9689440727233887,1
684,StageAdapt,0.977574348449707,1
685,StageAdapt,0.9058296084403992,1
686,StageAdapt,6.802721164156367e-10,1
687,StageAdapt,0.9263157844543457,1
688,StageAdapt,0.9720279574394226,1
689,StageAdapt,0.9713114500045776,1
690,StageAdapt,0.9815950989723206,1
691,StageAdapt,0.8883941173553467,2
692,StageAdapt,0.9465811848640442,2
693,StageAdapt,0.9267923831939697,4
694,StageAdapt,0.9491240382194519,4
695,StageAdapt,0.9524770975112915,4
696,StageAdapt,0.8297397494316101,5
697,StageAdapt,0.902737021446228,5
698,StageAdapt,0.857010006904602,5
699,StageAdapt,0.9003332257270813,5
700,StageAdapt,0.8107371926307678,6
701,StageAdapt,0.9242346286773682,6
702,StageAdapt,0.9153035879135132,7
703,StageAdapt,0.8870397806167603,7
704,StageAdapt,0.803377628326416,8
705,StageAdapt,0.8598465919494629,10
706,StageAdapt,0.789452314376831,10
707,StageAdapt,0.7028371095657349,9
708,StageAdapt,0.7521039247512817,7
709,StageAdapt,0.752020537853241,6
710,StageAdapt,0.8184318542480469,4
711,StageAdapt,0.9522998332977295,3
712,StageAdapt,0.9766039252281189,3
713,StageAdapt,0.9604002833366394,3
714,StageAdapt,0.9634749293327332,3
715,StageAdapt,0.9608052372932434,3
716,StageAdapt,0.9256729483604431,4
717,StageAdapt,0.9273328185081482,4
718,StageAdapt,0.8869433403015137,3
719,StageAdapt,0.8781402111053467,3
720,StageAdapt,0.5691582560539246,3
721,StageAdapt,0.8695096969604492,2
722,StageAdapt,0.858223557472229,2
723,StageAdapt,0.8563748002052307,2
724,StageAdapt,0.7268058061599731,2
725,StageAdapt,0.6938775777816772,1
726,StageAdapt,0.5068492889404297,1
727,StageAdapt,0.6297228932380676,1
728,StageAdapt,0.8413792848587036,1
729,StageAdapt,0.6684931516647339,1
730,StageAdapt,0.8982574343681335,1
731,StageAdapt,0.9241447448730469,1
732,StageAdapt,0.8083507418632507,1
733,StageAdapt,0.9549180269241333,1
734,StageAdapt,0.8800862431526184,1
735,StageAdapt,0.9692877531051636,1
736,StageAdapt,0.9360465407371521,1
737,StageAdapt,0.8999800086021423,1
738,StageAdapt,0.9554874897003174,1
739,StageAdapt,0.937268078327179,1
740,StageAdapt,0.9579609632492065,1
741,StageAdapt,0.9548748135566711,1
742,StageAdapt,0.9536793828010559,1
743,StageAdapt,0.960331380367279,1
744,StageAdapt,0.9668322205543518,1
745,StageAdapt,0.9626769423484802,1
746,StageAdapt,0.9759764671325684,1
747,StageAdapt,0.9753046035766602,1
748,StageAdapt,0.9660119414329529,1
749,StageAdapt,0.969342052936554,1
750,StageAdapt,0.9297394156455994,1
751,StageAdapt,0.9553340673446655,1
752,StageAdapt,0.9564729928970337,1
753,StageAdapt,0.9132972955703735,1
754,StageAdapt,0.917503297328949,1
755,StageAdapt,0.8495528697967529,1
756,StageAdapt,0.9107142686843872,1
757,StageAdapt,0.9349303841590881,1
758,StageAdapt,0.9111457467079163,1
759,StageAdapt,0.8003348708152771,1
760,StageAdapt,0.7805362343788147,1
761,StageAdapt,0.8152492642402649,1
762,StageAdapt,0.41947564482688904,1
763,StageAdapt,1.086956524787297e-09,1
764,StageAdapt,1.2820512429456699e-09,1
765,StageAdapt,8.771929849160642e-10,1
766,StageAdapt,3.5211267235268906e-10,1
767,StageAdapt,2.8571428556389833e-10,1
768,StageAdapt,0.0517241396009922,2
769,StageAdapt,0.23433242738246918,2
770,StageAdapt,0.3549920618534088,2
771,StageAdapt,0.32967498898506165,3
772,StageAdapt,0.3927195072174072,3
773,StageAdapt,0.39602360129356384,3
774,StageAdapt,0.4065866768360138,3
775,StageAdapt,0.3400746285915375,3
776,StageAdapt,0.30161651968955994,3
777,StageAdapt,0.272762268781662,3
778,StageAdapt,0.27479925751686096,3
779,StageAdapt,0.31918641924858093,3
780,StageAdapt,0.35124123096466064,3
781,StageAdapt,0.29752829670906067,3
782,StageAdapt,0.2721858024597168,4
783,StageAdapt,0.5170212388038635,5
784,StageAdapt,0.6160575747489929,6
785,StageAdapt,0.6533777713775635,6
786,StageAdapt,0.6325051784515381,6
787,StageAdapt,0.7093968987464905,6
788,StageAdapt,0.7075563073158264,6
789,StageAdapt,0.7267172932624817,6
790,StageAdapt,0.7448420524597168,6
791,StageAdapt,0.7614776492118835,6
792,StageAdapt,0.7889953255653381,6
793,StageAdapt,0.7955832481384277,6
794,StageAdapt,0.7676854133605957,6
795,StageAdapt,0.802675187587738,6
796,StageAdapt,0.7763832211494446,6
797,StageAdapt,0.7014530301094055,6
798,StageAdapt,0.754416286945343,6
799,StageAdapt,0.7650296092033386,6
800,StageAdapt,0.7871958613395691,6
801,StageAdapt,0.7665383219718933,6
802,StageAdapt,0.7339036464691162,6
803,StageAdapt,0.7004184722900391,6
804,StageAdapt,0.664733350276947,7
805,StageAdapt,0.6670224070549011,7
806,StageAdapt,0.6638360023498535,7
807,StageAdapt,0.6849846243858337,7
808,StageAdapt,0.6650688052177429,7
809,StageAdapt,0.6589432954788208,7
810,StageAdapt,0.6900919675827026,7
811,StageAdapt,0.7152444124221802,8
812,StageAdapt,0.7440383434295654,8
813,StageAdapt,0.7462077736854553,8
814,StageAdapt,0.7384023666381836,8
815,StageAdapt,0.761612594127655,9
816,StageAdapt,0.740370512008667,9
817,StageAdapt,0.7279362678527832,10
818,StageAdapt,0.6827487945556641,10
819,StageAdapt,0.6411788463592529,10
820,StageAdapt,0.5978542566299438,10
821,StageAdapt,0.6013765335083008,10
822,StageAdapt,0.6367174386978149,9
823,StageAdapt,0.7638704180717468,8
824,StageAdapt,0.844416081905365,7
825,StageAdapt,0.8327718377113342,7
826,StageAdapt,0.8260534405708313,6
827,StageAdapt,0.8679689168930054,5
828,StageAdapt,0.890917181968689,5
829,StageAdapt,0.9430937767028809,4
830,StageAdapt,0.9608051180839539,3
831,StageAdapt,0.9548308849334717,3
832,StageAdapt,0.9621116518974304,3
833,StageAdapt,0.9685840010643005,3
834,StageAdapt,0.9523071646690369,3
835,StageAdapt,0.962923526763916,3
836,StageAdapt,0.9405979514122009,3
837,StageAdapt,0.6976016759872437,4
838,StageAdapt,0.7918673157691956,4
839,StageAdapt,0.8247451782226562,4
840,StageAdapt,0.864222526550293,4
841,StageAdapt,0.904615581035614,4
842,StageAdapt,0.8618663549423218,4
843,StageAdapt,0.8621583580970764,4
844,StageAdapt,0.9150472283363342,4
845,StageAdapt,0.897078275680542,4
846,StageAdapt,0.9098796248435974,3
847,StageAdapt,0.8355777859687805,3
848,StageAdapt,0.9476253986358643,2
849,StageAdapt,0.9434982538223267,2
850,StageAdapt,0.941962480545044,2
851,StageAdapt,0.9087097644805908,2
852,StageAdapt,0.9333816766738892,2
853,StageAdapt,0.9643762111663818,2
854,StageAdapt,0.9101502895355225,2
855,StageAdapt,0.9715304970741272,2
856,StageAdapt,0.92253577709198,2
857,StageAdapt,0.9556753039360046,2
858,StageAdapt,0.960199236869812,2
859,StageAdapt,0.9471056461334229,2
860,StageAdapt,0.9470232129096985,2
861,StageAdapt,0.9362835884094238,2
862,StageAdapt,0.9252530336380005,2
863,StageAdapt,0.9575523138046265,2
864,StageAdapt,0.884908139705658,2
865,StageAdapt,0.9174214005470276,2
866,StageAdapt,0.9162071943283081,2
867,StageAdapt,0.8999999761581421,1
868,StageAdapt,0.9268292784690857,1
869,StageAdapt,0.7766990065574646,1
870,StageAdapt,0.8453608155250549,1
871,StageAdapt,0.7872340679168701,1
872,StageAdapt,0.8101266026496887,1
873,StageAdapt,0.7792207598686218,1
874,StageAdapt,0.7241379022598267,1
875,StageAdapt,0.6969696879386902,1
876,StageAdapt,0.6470588445663452,1
877,StageAdapt,0.9225092530250549,1
878,StageAdapt,0.9796407222747803,1
879,StageAdapt,0.9874243140220642,1
880,StageAdapt,0.9835789203643799,1
881,StageAdapt,0.9904683232307434,1
882,StageAdapt,0.993630588054657,1
883,StageAdapt,0.9607843160629272,1
884,StageAdapt,0.8167202472686768,1
885,StageAdapt,0.8510638475418091,1
886,StageAdapt,0.9629629850387573,1
887,StageAdapt,0.9853372573852539,1
888,StageAdapt,0.6483050584793091,2
889,StageAdapt,0.7016121745109558,3
890,StageAdapt,0.9072477221488953,3
891,StageAdapt,0.9162104725837708,3
892,StageAdapt,0.9507007002830505,3
893,StageAdapt,0.9318655133247375,3
894,StageAdapt,0.8444411158561707,3
895,StageAdapt,0.6882733106613159,5
896,StageAdapt,0.86314857006073,5
897,StageAdapt,0.9002677798271179,5
898,StageAdapt,0.9268032908439636,5
899,StageAdapt,0.8072013854980469,6
900,StageAdapt,0.8915767073631287,7
901,StageAdapt,0.8454130291938782,8
902,StageAdapt,0.7127199172973633,10
903,StageAdapt,0.865842342376709,10
904,StageAdapt,0.8754411935806274,10
905,StageAdapt,0.8410533666610718,10
906,StageAdapt,0.7205083966255188,7
907,StageAdapt,0.7255029678344727,6
908,StageAdapt,0.7079014778137207,5
909,StageAdapt,0.7655243277549744,3
910,StageAdapt,0.8714535236358643,3
911,StageAdapt,0.9051454067230225,4
912,StageAdapt,0.9582359194755554,4
913,StageAdapt,0.9540041089057922,4
914,StageAdapt,0.9642347693443298,4
915,StageAdapt,0.960343599319458,4
916,StageAdapt,0.7176935076713562,4
917,StageAdapt,0.9661650657653809,2
918,StageAdapt,0.942729115486145,2
919,StageAdapt,0.934393048286438,2
920,StageAdapt,0.9827750325202942,2
921,StageAdapt,0.8811428546905518,2
922,StageAdapt,0.9117646813392639,1
923,StageAdapt,0.800000011920929,1
924,StageAdapt,0.6808510422706604,1
925,StageAdapt,0.4761904776096344,1
926,StageAdapt,0.5,1
927,StageAdapt,0.7774648070335388,1
928,StageAdapt,0.7647058963775635,1
929,StageAdapt,0.7743270993232727,1
930,StageAdapt,0.6753246784210205,1
931,StageAdapt,0.745843231678009,1
932,StageAdapt,0.6808510422706604,1
933,StageAdapt,0.47191011905670166,1
934,StageAdapt,1.6666666935449825e-09,1
935,StageAdapt,0.5815458297729492,2
936,StageAdapt,0.856095552444458,3
937,StageAdapt,0.9259188771247864,3
938,StageAdapt,0.9647355079650879,3
939,StageAdapt,0.9247922897338867,3
940,StageAdapt,0.8877213001251221,4
941,StageAdapt,0.847970187664032,4
942,StageAdapt,0.9215479493141174,4
943,StageAdapt,0.9191656708717346,4
944,StageAdapt,0.9107590317726135,4
945,StageAdapt,0.8025552034378052,5
946,StageAdapt,0.8707268834114075,6
947,StageAdapt,0.9045624136924744,7
948,StageAdapt,0.8630126118659973,9
949,StageAdapt,0.9016417264938354,9
950,StageAdapt,0.9350355863571167,9
951,StageAdapt,0.9237687587738037,9
952,StageAdapt,0.9269136190414429,10
953,StageAdapt,0.8827763795852661,10
954,StageAdapt,0.875663161277771,8
955,StageAdapt,0.9295415878295898,7
956,StageAdapt,0.86423659324646,4
957,StageAdapt,0.9684306979179382,3
958,StageAdapt,0.9653789401054382,3
959,StageAdapt,0.9581078886985779,3
960,StageAdapt,0.9525696635246277,3
961,StageAdapt,0.8948898315429688,4
962,StageAdapt,0.8945237398147583,4
963,StageAdapt,0.8830074667930603,3
964,StageAdapt,0.945087730884552,2
965,StageAdapt,0.9319343566894531,2
966,StageAdapt,0.9492342472076416,2
967,StageAdapt,0.9152542352676392,1
968,StageAdapt,0.8085106611251831,1
969,StageAdapt,0.9047619104385376,1
970,StageAdapt,0.9047619104385376,1
971,StageAdapt,0.9473684430122375,1
972,StageAdapt,0.9583333134651184,1
973,StageAdapt,0.9387755393981934,1
974,StageAdapt,0.936170220375061,1
975,StageAdapt,0.95652174949646,1
976,StageAdapt,0.8163265585899353,1
977,StageAdapt,0.7346938848495483,1
978,StageAdapt,0.6666666865348816,1
979,StageAdapt,0.8333333134651184,1
980,StageAdapt,0.75,1
981,StageAdapt,0.7272727489471436,1
982,StageAdapt,0.4482758641242981,1
983,StageAdapt,0.6428571343421936,1
984,StageAdapt,0.6551724076271057,1
985,StageAdapt,0.7142857313156128,1
986,StageAdapt,0.8235294222831726,1
987,StageAdapt,0.7777777910232544,1
988,StageAdapt,0.782608687877655,1
989,StageAdapt,0.6521739363670349,1
990,StageAdapt,0.699999988079071,1
991,StageAdapt,0.3125,1
992,StageAdapt,3.1250000365190544e-09,1
993,StageAdapt,3.030303119544442e-09,1
994,StageAdapt,0.3913043439388275,1
995,StageAdapt,0.5490196347236633,1
996,StageAdapt,0.3913043439388275,1
997,StageAdapt,0.3870967626571655,1
998,StageAdapt,0.8979591727256775,1
999,StageAdapt,0.7407407164573669,1
1000,StageAdapt,0.8461538553237915,1
1001,StageAdapt,0.6984127163887024,1
1002,StageAdapt,0.7131011486053467,1
1003,StageAdapt,0.9739620089530945,1
1004,StageAdapt,0.8787465691566467,1
1005,StageAdapt,0.8303984999656677,1
1006,StageAdapt,0.13533835113048553,1
1007,StageAdapt,0.6206896305084229,1
1008,StageAdapt,0.45133721828460693,2
1009,StageAdapt,0.4361908435821533,3
1010,StageAdapt,0.6476058959960938,3
1011,StageAdapt,0.6585362553596497,3
1012,StageAdapt,0.6561176180839539,3
1013,StageAdapt,0.7016543745994568,3
1014,StageAdapt,0.74442058801651,3
1015,StageAdapt,0.8569801449775696,3
1016,StageAdapt,0.6246644258499146,4
1017,StageAdapt,0.6853188872337341,4
1018,StageAdapt,0.6759382486343384,4
1019,StageAdapt,0.71685791015625,5
1020,StageAdapt,0.721730649471283,5
1021,StageAdapt,0.7183830142021179,5
1022,StageAdapt,0.8050405383110046,6
1023,StageAdapt,0.647610068321228,7
1024,StageAdapt,0.6215553879737854,7
1025,StageAdapt,0.6229933500289917,8
1026,StageAdapt,0.7100379467010498,8
1027,StageAdapt,0.698702871799469,9
1028,StageAdapt,0.7883050441741943,8
1029,StageAdapt,0.7832419276237488,7
1030,StageAdapt,0.8391401171684265,7
1031,StageAdapt,0.7133194804191589,7
1032,StageAdapt,0.6670374274253845,7
1033,StageAdapt,0.6736377477645874,5
1034,StageAdapt,0.9205851554870605,3
1035,StageAdapt,0.891704797744751,3
1036,StageAdapt,0.9431127905845642,3
1037,StageAdapt,0.9270303249359131,3
1038,StageAdapt,0.906036376953125,4
1039,StageAdapt,0.8719196915626526,4
1040,StageAdapt,0.8581547141075134,4
1041,StageAdapt,0.9455032348632812,3
1042,StageAdapt,0.9459540247917175,3
1043,StageAdapt,0.9507817625999451,3
1044,StageAdapt,0.9592675566673279,3
1045,StageAdapt,0.9131627082824707,3
1046,StageAdapt,0.9502354860305786,2
1047,StageAdapt,0.9439701437950134,2
1048,StageAdapt,0.9627357721328735,2
1049,StageAdapt,0.8321428298950195,2
1050,StageAdapt,0.8474576473236084,1
1051,StageAdapt,0.6909090876579285,1
1052,StageAdapt,0.8260869383811951,1
1053,StageAdapt,0.8163265585899353,1
1054,StageAdapt,0.6551724076271057,1
1055,StageAdapt,0.7555555701255798,1
1056,StageAdapt,0.8461538553237915,1
1057,StageAdapt,0.708737850189209,1
1058,StageAdapt,0.9425785541534424,1
1059,StageAdapt,0.9821810126304626,1
1060,StageAdapt,0.9912948608398438,1
1061,StageAdapt,0.9882352948188782,1
1062,StageAdapt,0.9887348413467407,1
1063,StageAdapt,0.9890295267105103,1
1064,StageAdapt,0.9912891983985901,1
1065,StageAdapt,0.9930329918861389,1
1066,StageAdapt,0.9884575009346008,1
1067,StageAdapt,0.9874371886253357,1
1068,StageAdapt,0.9814814925193787,1
1069,StageAdapt,0.9572107791900635,1
1070,StageAdapt,0.8620689511299133,1
1071,StageAdapt,0.9256198406219482,1
1072,StageAdapt,0.9634801149368286,2
1073,StageAdapt,0.8901011347770691,3
1074,StageAdapt,0.7106583118438721,4
1075,StageAdapt,0.8180286288261414,4
1076,StageAdapt,0.8816587924957275,4
1077,StageAdapt,0.9135934710502625,5
1078,StageAdapt,0.9333532452583313,5
1079,StageAdapt,0.9378244280815125,5
1080,StageAdapt,0.8790790438652039,6
1081,StageAdapt,0.8803260922431946,6
1082,StageAdapt,0.8458383083343506,6
1083,StageAdapt,0.9003786444664001,6
1084,StageAdapt,0.9085979461669922,6
1085,StageAdapt,0.9531877636909485,6
1086,StageAdapt,0.9398325085639954,6
1087,StageAdapt,0.7738459706306458,9
1088,StageAdapt,0.865382194519043,9
1089,StageAdapt,0.829295814037323,10
1090,StageAdapt,0.8892563581466675,9
1091,StageAdapt,0.8909001350402832,8
1092,StageAdapt,0.843163251876831,8
1093,StageAdapt,0.7606568336486816,8
1094,StageAdapt,0.7272707223892212,4
1095,StageAdapt,0.9764270186424255,3
1096,StageAdapt,0.9657526016235352,3
1097,StageAdapt,0.9732241630554199,3
1098,StageAdapt,0.971419095993042,3
1099,StageAdapt,0.9717692732810974,3
1100,StageAdapt,0.9267624020576477,4
1101,StageAdapt,0.9034816026687622,4
1102,StageAdapt,0.9451895356178284,4
1103,StageAdapt,0.8830490112304688,4
1104,StageAdapt,0.9546974897384644,2
1105,StageAdapt,0.9607096910476685,2
1106,StageAdapt,0.9493389129638672,2
1107,StageAdapt,0.6004962921142578,1
1108,StageAdapt,0.889140248298645,1
1109,StageAdapt,0.855967104434967,1
1110,StageAdapt,0.9287371635437012,1
1111,StageAdapt,0.9032599925994873,1
1112,StageAdapt,0.8885125517845154,1
1113,StageAdapt,0.7407407164573669,1
1114,StageAdapt,0.75,1
1115,StageAdapt,0.9528301954269409,1
1116,StageAdapt,0.9501312375068665,1
1117,StageAdapt,0.9051643013954163,1
1118,StageAdapt,0.9432248473167419,1
1119,StageAdapt,0.9605435132980347,2
1120,StageAdapt,0.9590077996253967,2
1121,StageAdapt,0.8543531894683838,4
1122,StageAdapt,0.8974882960319519,5
1123,StageAdapt,0.8764002323150635,6
1124,StageAdapt,0.8847649693489075,6
1125,StageAdapt,0.8801997303962708,6
1126,StageAdapt,0.8699072599411011,7
1127,StageAdapt,0.8660711646080017,7
1128,StageAdapt,0.8354560136795044,8
1129,StageAdapt,0.8668522834777832,8
1130,StageAdapt,0.8623892664909363,8
1131,StageAdapt,0.9159799218177795,8
1132,StageAdapt,0.918999433517456,8
1133,StageAdapt,0.876573920249939,8
1134,StageAdapt,0.9125847816467285,8
1135,StageAdapt,0.9004757404327393,8
1136,StageAdapt,0.9295082092285156,7
1137,StageAdapt,0.9110633134841919,7
1138,StageAdapt,0.7560867071151733,8
1139,StageAdapt,0.8551325798034668,6
1140,StageAdapt,0.8020792007446289,5
1141,StageAdapt,0.9660232067108154,3
1142,StageAdapt,0.9719536304473877,3
1143,StageAdapt,0.9665428996086121,3
1144,StageAdapt,0.9594731330871582,3
1145,StageAdapt,0.9587076306343079,3
1146,StageAdapt,0.9575176239013672,3
1147,StageAdapt,0.7991473078727722,4
1148,StageAdapt,0.8285279870033264,3
1149,StageAdapt,0.9435223340988159,2
1150,StageAdapt,0.9252421855926514,2
1151,StageAdapt,0.8788731098175049,2
1152,StageAdapt,0.9420289993286133,1
1153,StageAdapt,0.885496199131012,1
1154,StageAdapt,0.9200000166893005,1
1155,StageAdapt,0.9647058844566345,1
1156,StageAdapt,0.8628193140029907,1
1157,StageAdapt,0.9238776564598083,1
1158,StageAdapt,0.8695651888847351,1
1159,StageAdapt,0.8443540334701538,1
1160,StageAdapt,0.8515815138816833,1
1161,StageAdapt,0.22641509771347046,1
1162,StageAdapt,0.6479591727256775,1
1163,StageAdapt,0.7338842749595642,1
1164,StageAdapt,0.7318840622901917,2
1165,StageAdapt,0.7070128321647644,5
1166,StageAdapt,0.8272841572761536,6
1167,StageAdapt,0.8908772468566895,6
1168,StageAdapt,0.8545101284980774,6
1169,StageAdapt,0.8726494908332825,6
1170,StageAdapt,0.8749215602874756,6
1171,StageAdapt,0.7745711207389832,7
1172,StageAdapt,0.7403931617736816,7
1173,StageAdapt,0.7620682716369629,7
1174,StageAdapt,0.7662877440452576,7
1175,StageAdapt,0.819409966468811,7
1176,StageAdapt,0.784696638584137,7
1177,StageAdapt,0.5782109498977661,8
1178,StageAdapt,0.6519263386726379,6
1179,StageAdapt,0.760016143321991,6
1180,StageAdapt,0.7176961898803711,8
1181,StageAdapt,0.8058516979217529,8
1182,StageAdapt,0.8048226237297058,8
1183,StageAdapt,0.7506510019302368,7
1184,StageAdapt,0.8407382369041443,6
1185,StageAdapt,0.9507917165756226,4
1186,StageAdapt,0.9001411199569702,4
1187,StageAdapt,0.8815597891807556,4
1188,StageAdapt,0.8396735787391663,4
1189,StageAdapt,0.8915178775787354,2
1190,StageAdapt,0.9008405804634094,2
1191,StageAdapt,0.885496199131012,1
1192,StageAdapt,0.9038461446762085,1
1193,StageAdapt,0.8952381014823914,1
1194,StageAdapt,0.8256880640983582,1
1195,StageAdapt,0.9591836929321289,1
1196,StageAdapt,0.9019607901573181,1
1197,StageAdapt,0.748344361782074,1
1198,StageAdapt,0.8811880946159363,1
1199,StageAdapt,0.5322793126106262,1
1200,StageAdapt,0.8042843341827393,1
1201,StageAdapt,0.8260427117347717,1
1202,StageAdapt,0.3306773006916046,1
1203,StageAdapt,0.571475625038147,2
1204,StageAdapt,0.5600390434265137,4
1205,StageAdapt,0.7108027338981628,4
1206,StageAdapt,0.8270835876464844,4
1207,StageAdapt,0.574322521686554,6
1208,StageAdapt,0.7167149782180786,7
1209,StageAdapt,0.587769091129303,7
1210,StageAdapt,0.6626220345497131,7
1211,StageAdapt,0.6464561820030212,7
1212,StageAdapt,0.6565755605697632,7
1213,StageAdapt,0.6990399956703186,7
1214,StageAdapt,0.6978054046630859,7
1215,StageAdapt,0.6944357752799988,7
1216,StageAdapt,0.7069730758666992,7
1217,StageAdapt,0.7407658696174622,7
1218,StageAdapt,0.7269208431243896,8
1219,StageAdapt,0.7931481599807739,7
1220,StageAdapt,0.7868371605873108,7
1221,StageAdapt,0.7225185036659241,7
1222,StageAdapt,0.8178057670593262,7
1223,StageAdapt,0.7638669013977051,7
1224,StageAdapt,0.8515623807907104,5
1225,StageAdapt,0.7260236144065857,5
1226,StageAdapt,0.8846902847290039,4
1227,StageAdapt,0.9620039463043213,3
1228,StageAdapt,0.942512035369873,3
1229,StageAdapt,0.9079926609992981,4
1230,StageAdapt,0.8762602210044861,4
1231,StageAdapt,0.8395225405693054,2
1232,StageAdapt,0.8297150135040283,2
1233,StageAdapt,0.8442012667655945,2
1234,StageAdapt,0.8571428656578064,1
1235,StageAdapt,0.6402266025543213,1
1236,StageAdapt,0.7338582873344421,1
1237,StageAdapt,0.739130437374115,1
1238,StageAdapt,0.8091482520103455,1
1239,StageAdapt,0.8002177476882935,1
1240,StageAdapt,0.8919739723205566,1
1241,StageAdapt,0.8457616567611694,1
1242,StageAdapt,0.9213542938232422,1
1243,StageAdapt,0.9181410670280457,1
1244,StageAdapt,0.952485203742981,1
1245,StageAdapt,0.926736056804657,1
1246,StageAdapt,0.9399293065071106,1
1247,StageAdapt,0.9264429807662964,1
1248,StageAdapt,0.9284689426422119,1
1249,StageAdapt,0.9070740938186646,1
1250,StageAdapt,0.8692825436592102,1
1251,StageAdapt,0.9313326478004456,1
1252,StageAdapt,0.8829135298728943,1
1253,StageAdapt,0.9415132999420166,1
1254,StageAdapt,0.9177330732345581,1
1255,StageAdapt,0.6142857074737549,1
1256,StageAdapt,0.4035874307155609,1
1257,StageAdapt,0.903030276298523,1
1258,StageAdapt,0.9501084685325623,1
1259,StageAdapt,0.953125,1
1260,StageAdapt,0.9738903641700745,1
1261,StageAdapt,0.9629629850387573,1
1262,StageAdapt,0.9784037470817566,1
1263,StageAdapt,0.6897689700126648,2
1264,StageAdapt,0.9263406991958618,2
1265,StageAdapt,0.9086683988571167,2
1266,StageAdapt,0.8321191072463989,2
1267,StageAdapt,0.8128870725631714,2
1268,StageAdapt,0.8948238492012024,2
1269,StageAdapt,0.894402265548706,2
1270,StageAdapt,0.9122977256774902,2
1271,StageAdapt,0.9336715936660767,2
1272,StageAdapt,0.9530380964279175,2
1273,StageAdapt,0.9651995897293091,2
1274,StageAdapt,0.6847794055938721,3
1275,StageAdapt,0.8959853649139404,3
1276,StageAdapt,0.9449624419212341,3
1277,StageAdapt,0.9531037211418152,3
1278,StageAdapt,0.9412240982055664,3
1279,StageAdapt,0.9407071471214294,3
1280,StageAdapt,0.7879021167755127,4
1281,StageAdapt,0.7685173153877258,4
1282,StageAdapt,0.741040825843811,4
1283,StageAdapt,0.8100736141204834,4
1284,StageAdapt,0.8093591928482056,4
1285,StageAdapt,0.751064658164978,4
1286,StageAdapt,0.8007959723472595,4
1287,StageAdapt,0.8141062259674072,4
1288,StageAdapt,0.8161039352416992,4
1289,StageAdapt,0.8034572005271912,4
1290,StageAdapt,0.6816768050193787,5
1291,StageAdapt,0.6631391644477844,5
1292,StageAdapt,0.7155925035476685,5
1293,StageAdapt,0.6296278834342957,6
1294,StageAdapt,0.6101405620574951,6
1295,StageAdapt,0.7292728424072266,6
1296,StageAdapt,0.7212112545967102,6
1297,StageAdapt,0.7181711196899414,6
1298,StageAdapt,0.7170731425285339,6
1299,StageAdapt,0.7389416694641113,6
1300,StageAdapt,0.7549123764038086,6
1301,StageAdapt,0.7617025375366211,7
1302,StageAdapt,0.6652307510375977,8
1303,StageAdapt,0.6587286591529846,8
1304,StageAdapt,0.7324813604354858,9
1305,StageAdapt,0.6532595157623291,9
1306,StageAdapt,0.5919188857078552,10
1307,StageAdapt,0.5532249808311462,9
1308,StageAdapt,0.5812627077102661,9
1309,StageAdapt,0.5752187371253967,9
1310,StageAdapt,0.6686917543411255,9
1311,StageAdapt,0.707059919834137,9
1312,StageAdapt,0.7671459913253784,8
1313,StageAdapt,0.828359067440033,8
1314,StageAdapt,0.7539841532707214,8
1315,StageAdapt,0.7369743585586548,8
1316,StageAdapt,0.7181144952774048,8
1317,StageAdapt,0.675636887550354,7
1318,StageAdapt,0.5812072157859802,7
1319,StageAdapt,0.5987766981124878,7
1320,StageAdapt,0.5687136650085449,7
1321,StageAdapt,0.622685432434082,6
1322,StageAdapt,0.5823143124580383,6
1323,StageAdapt,0.5811508893966675,5
1324,StageAdapt,0.5066825151443481,5
1325,StageAdapt,0.5808300971984863,4
1326,StageAdapt,0.5368117094039917,4
1327,StageAdapt,0.479991614818573,4
1328,StageAdapt,0.5576266646385193,4
1329,StageAdapt,0.5437505841255188,4
1330,StageAdapt,0.5820805430412292,4
1331,StageAdapt,0.7583181858062744,3
1332,StageAdapt,0.7615322470664978,3
1333,StageAdapt,0.80290287733078,3
1334,StageAdapt,0.8212461471557617,3
1335,StageAdapt,0.8524786829948425,3
1336,StageAdapt,0.7927906513214111,3
1337,StageAdapt,0.7513282299041748,3
1338,StageAdapt,0.8295393586158752,3
1339,StageAdapt,0.8598060607910156,3
1340,StageAdapt,0.8285762667655945,3
1341,StageAdapt,0.8631784319877625,3
1342,StageAdapt,0.7799987196922302,3
1343,StageAdapt,0.8142984509468079,3
1344,StageAdapt,0.8410592079162598,3
1345,StageAdapt,0.8175098299980164,3
1346,StageAdapt,0.8270742297172546,3
1347,StageAdapt,0.718802273273468,3
1348,StageAdapt,0.7783603072166443,3
1349,StageAdapt,0.7753955721855164,3
1350,StageAdapt,0.6673438549041748,3
1351,StageAdapt,0.633148193359375,3
1352,StageAdapt,0.5849958062171936,3
1353,StageAdapt,0.5220490097999573,3
1354,StageAdapt,0.6180000305175781,3
1355,StageAdapt,0.5219234824180603,3
1356,StageAdapt,0.4093993604183197,3
1357,StageAdapt,0.6345604658126831,2
1358,StageAdapt,0.6242755055427551,2
1359,StageAdapt,0.6973475217819214,2
1360,StageAdapt,0.7045964002609253,2
1361,StageAdapt,0.7115180492401123,2
1362,StageAdapt,0.6889069080352783,2
1363,StageAdapt,0.7790498733520508,2
1364,StageAdapt,0.6745309829711914,2
1365,StageAdapt,0.6579529643058777,2
1366,StageAdapt,0.7100577354431152,2
1367,StageAdapt,0.7424407005310059,2
1368,StageAdapt,0.7352684736251831,2
1369,StageAdapt,0.5797985792160034,2
1370,StageAdapt,0.347457617521286,2
1371,StageAdapt,0.3571428656578064,2
1372,StageAdapt,0.60317462682724,1
1373,StageAdapt,0.6851851940155029,1
1374,StageAdapt,0.5413534045219421,1
1375,StageAdapt,0.9090909361839294,1
1376,StageAdapt,0.9278106689453125,1
1377,StageAdapt,0.9358490705490112,1
1378,StageAdapt,0.9306803345680237,1
1379,StageAdapt,0.40480273962020874,1
1380,StageAdapt,2.638522456077652e-10,1
1381,StageAdapt,7.633587650879292e-10,1
1382,StageAdapt,6.802721164156367e-10,1
1383,StageAdapt,7.246376831915313e-10,1
1384,StageAdapt,1.587301623473536e-09,1
1385,StageAdapt,0.9432623982429504,1
1386,StageAdapt,0.9770992398262024,1
1387,StageAdapt,0.7249996066093445,3
1388,StageAdapt,0.7559327483177185,4
1389,StageAdapt,0.7613338232040405,4
1390,StageAdapt,0.862657368183136,5
1391,StageAdapt,0.9167211651802063,5
1392,StageAdapt,0.8247981071472168,6
1393,StageAdapt,0.8714345097541809,6
1394,StageAdapt,0.8623841404914856,6
1395,StageAdapt,0.7705691456794739,7
1396,StageAdapt,0.8467116951942444,7
1397,StageAdapt,0.8234024047851562,7
1398,StageAdapt,0.79143226146698,7
1399,StageAdapt,0.7703937292098999,7
1400,StageAdapt,0.8069031834602356,7
1401,StageAdapt,0.7883387207984924,7
1402,StageAdapt,0.8566665649414062,7
1403,StageAdapt,0.801158607006073,8
1404,StageAdapt,0.7916897535324097,8
1405,StageAdapt,0.7546948194503784,8
1406,StageAdapt,0.8139198422431946,7
1407,StageAdapt,0.7823257446289062,8
1408,StageAdapt,0.6826220750808716,7
1409,StageAdapt,0.8071215748786926,6
1410,StageAdapt,0.7710059285163879,5
1411,StageAdapt,0.6533108949661255,5
1412,StageAdapt,0.8135238289833069,3
1413,StageAdapt,0.8548896312713623,3
1414,StageAdapt,0.8442170023918152,3
1415,StageAdapt,0.8579668998718262,3
1416,StageAdapt,0.9224591851234436,4
1417,StageAdapt,0.8924504518508911,4
1418,StageAdapt,0.9329639673233032,4
1419,StageAdapt,0.8898776173591614,4
1420,StageAdapt,0.8035595417022705,3
1421,StageAdapt,0.7565184831619263,2
1422,StageAdapt,0.7638458013534546,2
1423,StageAdapt,0.8190383315086365,2
1424,StageAdapt,0.5,1
1425,StageAdapt,0.682634711265564,1
1426,StageAdapt,0.0875420868396759,1
1427,StageAdapt,0.7157894968986511,1
1428,StageAdapt,0.5144927501678467,1
1429,StageAdapt,0.7822497487068176,1
1430,StageAdapt,0.7491227984428406,1
1431,StageAdapt,0.8648998141288757,1
1432,StageAdapt,0.8790442943572998,1
1433,StageAdapt,0.9046478271484375,1
1434,StageAdapt,0.8772597312927246,1
1435,StageAdapt,0.8209236860275269,1
1436,StageAdapt,0.8457987308502197,1
1437,StageAdapt,0.8702749013900757,1
1438,StageAdapt,0.8141772150993347,1
1439,StageAdapt,0.11428571492433548,1
1440,StageAdapt,0.8117647171020508,1
1441,StageAdapt,0.9252669215202332,1
1442,StageAdapt,0.7531380653381348,1
1443,StageAdapt,0.6802853941917419,2
1444,StageAdapt,0.92973792552948,2
1445,StageAdapt,0.9470219612121582,2
1446,StageAdapt,0.9801934957504272,2
1447,StageAdapt,0.9650765061378479,2
1448,StageAdapt,0.9576822519302368,2
1449,StageAdapt,0.9603346586227417,2
1450,StageAdapt,0.9732077121734619,2
1451,StageAdapt,0.9772824048995972,2
1452,StageAdapt,0.9683125019073486,2
1453,StageAdapt,0.9870460033416748,2
1454,StageAdapt,0.9548965096473694,2
1455,StageAdapt,0.8607373833656311,3
1456,StageAdapt,0.7333431243896484,3
1457,StageAdapt,0.8384959101676941,3
1458,StageAdapt,0.9337050318717957,3
1459,StageAdapt,0.8766481280326843,3
1460,StageAdapt,0.9601405262947083,3
1461,StageAdapt,0.8433961868286133,3
1462,StageAdapt,0.8229042887687683,3
1463,StageAdapt,0.6096944212913513,4
1464,StageAdapt,0.5819900631904602,5
1465,StageAdapt,0.7698773741722107,5
1466,StageAdapt,0.7940182685852051,5
1467,StageAdapt,0.768744170665741,5
1468,StageAdapt,0.8719831705093384,5
1469,StageAdapt,0.8082662224769592,6
1470,StageAdapt,0.6813014149665833,7
1471,StageAdapt,0.7336405515670776,7
1472,StageAdapt,0.6931905746459961,7
1473,StageAdapt,0.7535939812660217,7
1474,StageAdapt,0.7386622428894043,7
1475,StageAdapt,0.7431694865226746,7
1476,StageAdapt,0.7785402536392212,7
1477,StageAdapt,0.7984116673469543,7
1478,StageAdapt,0.8391461968421936,7
1479,StageAdapt,0.8252567648887634,7
1480,StageAdapt,0.8148216009140015,8
1481,StageAdapt,0.7896424531936646,8
1482,StageAdapt,0.8152790069580078,8
1483,StageAdapt,0.8019987344741821,10
1484,StageAdapt,0.786650538444519,10
1485,StageAdapt,0.8077537417411804,10
1486,StageAdapt,0.8195590972900391,10
1487,StageAdapt,0.8239718675613403,10
1488,StageAdapt,0.8556230664253235,10
1489,StageAdapt,0.8553665280342102,10
1490,StageAdapt,0.7139220237731934,10
1491,StageAdapt,0.8027637004852295,9
1492,StageAdapt,0.8060531616210938,9
1493,StageAdapt,0.8203442096710205,9
1494,StageAdapt,0.6316614747047424,9
1495,StageAdapt,0.7522901892662048,7
1496,StageAdapt,0.747992217540741,7
1497,StageAdapt,0.5862797498703003,7
1498,StageAdapt,0.9006121158599854,4
1499,StageAdapt,0.9015721678733826,4
1500,StageAdapt,0.9321889281272888,3
1501,StageAdapt,0.9469209313392639,3
1502,StageAdapt,0.9412619471549988,3
1503,StageAdapt,0.9537727236747742,3
1504,StageAdapt,0.9499568939208984,3
1505,StageAdapt,0.9556453227996826,3
1506,StageAdapt,0.96519535779953,3
1507,StageAdapt,0.9610841870307922,3
1508,StageAdapt,0.9612496495246887,3
1509,StageAdapt,0.9639096856117249,3
1510,StageAdapt,0.9561935067176819,3
1511,StageAdapt,0.9717767834663391,3
1512,StageAdapt,0.963494598865509,3
1513,StageAdapt,0.9691534042358398,3
1514,StageAdapt,0.9648709297180176,3
1515,StageAdapt,0.8680003881454468,4
1516,StageAdapt,0.8937628865242004,4
1517,StageAdapt,0.9004378318786621,4
1518,StageAdapt,0.9201176166534424,4
1519,StageAdapt,0.9127911329269409,4
1520,StageAdapt,0.8443859219551086,4
1521,StageAdapt,0.872076690196991,4
1522,StageAdapt,0.8619431257247925,4
1523,StageAdapt,0.879999577999115,3
1524,StageAdapt,0.810631275177002,3
1525,StageAdapt,0.7279803156852722,3
1526,StageAdapt,0.6370853185653687,3
1527,StageAdapt,0.6319073438644409,3
1528,StageAdapt,0.9140199422836304,2
1529,StageAdapt,0.8502440452575684,2
1530,StageAdapt,0.9186038374900818,2
1531,StageAdapt,0.9268213510513306,2
1532,StageAdapt,0.9066275358200073,2
1533,StageAdapt,0.9131945371627808,2
1534,StageAdapt,0.8583739995956421,2
1535,StageAdapt,0.6161474585533142,2
1536,StageAdapt,0.6707317233085632,1
1537,StageAdapt,0.662420392036438,1
1538,StageAdapt,0.78899085521698,1
1539,StageAdapt,0.7021276354789734,1
1540,StageAdapt,0.8604651093482971,1
1541,StageAdapt,0.7674418687820435,1
1542,StageAdapt,0.6382978558540344,1
1543,StageAdapt,0.7631579041481018,1
1544,StageAdapt,0.7250000238418579,1
1545,StageAdapt,0.8051947951316833,1
1546,StageAdapt,0.790123462677002,1
1547,StageAdapt,0.5476190447807312,1
1548,StageAdapt,0.8761904835700989,1
1549,StageAdapt,0.7358490824699402,1
1550,StageAdapt,0.5098039507865906,1
1551,StageAdapt,0.5046728849411011,1
1552,StageAdapt,0.5684210658073425,1
1553,StageAdapt,0.5945945978164673,1
1554,StageAdapt,0.6595744490623474,1
1555,StageAdapt,0.7727272510528564,1
1556,StageAdapt,0.7792207598686218,1
1557,StageAdapt,0.6060606241226196,1
1558,StageAdapt,0.5783132314682007,1
1559,StageAdapt,0.5681818127632141,1
1560,StageAdapt,0.801261842250824,1
1561,StageAdapt,0.9379475116729736,1
1562,StageAdapt,0.9598572850227356,1
1563,StageAdapt,0.9640957713127136,1
1564,StageAdapt,0.9530808329582214,1
1565,StageAdapt,0.9358909726142883,1
1566,StageAdapt,0.951996386051178,1
1567,StageAdapt,0.930232584476471,1
1568,StageAdapt,0.9150197505950928,1
1569,StageAdapt,0.9396268129348755,1
1570,StageAdapt,0.9533169269561768,1
1571,StageAdapt,0.8925129771232605,1
1572,StageAdapt,0.9123103022575378,1
1573,StageAdapt,0.9332042336463928,1
1574,StageAdapt,0.9184845089912415,1
1575,StageAdapt,0.9166666865348816,1
1576,StageAdapt,0.9152542352676392,1
1577,StageAdapt,0.5190839767456055,1
1578,StageAdapt,0.7200000286102295,1
1579,StageAdapt,0.8481675386428833,1
1580,StageAdapt,0.9130434989929199,1
1581,StageAdapt,0.9838337302207947,1
1582,StageAdapt,0.9387755393981934,1
1583,StageAdapt,0.5371240973472595,2
1584,StageAdapt,0.6179581880569458,2
1585,StageAdapt,0.9420713186264038,2
1586,StageAdapt,0.9747314453125,2
1587,StageAdapt,0.9398350715637207,2
1588,StageAdapt,0.9774712324142456,2
1589,StageAdapt,0.9713994860649109,2
1590,StageAdapt,0.9580377340316772,2
1591,StageAdapt,0.9685944318771362,2
1592,StageAdapt,0.9489967823028564,2
1593,StageAdapt,0.9741132855415344,2
1594,StageAdapt,0.7745270133018494,3
1595,StageAdapt,0.8523293137550354,3
1596,StageAdapt,0.8694355487823486,3
1597,StageAdapt,0.9046413898468018,3
1598,StageAdapt,0.8863574862480164,3
1599,StageAdapt,0.8922854065895081,3
1600,StageAdapt,0.8869326710700989,3
1601,StageAdapt,0.9024562835693359,3
1602,StageAdapt,0.8744038939476013,3
1603,StageAdapt,0.915915310382843,3
1604,StageAdapt,0.8213329911231995,4
1605,StageAdapt,0.8401543498039246,5
1606,StageAdapt,0.884513258934021,5
1607,StageAdapt,0.8995627164840698,5
1608,StageAdapt,0.9093641042709351,5
1609,StageAdapt,0.8005053997039795,6
1610,StageAdapt,0.7837684750556946,6
1611,StageAdapt,0.8638989925384521,6
1612,StageAdapt,0.8986899852752686,6
1613,StageAdapt,0.9024806618690491,7
1614,StageAdapt,0.904060959815979,8
1615,StageAdapt,0.8686386346817017,8
1616,StageAdapt,0.8690556287765503,8
1617,StageAdapt,0.8634760975837708,8
1618,StageAdapt,0.8868981003761292,8
1619,StageAdapt,0.8080719709396362,8
1620,StageAdapt,0.7729892730712891,9
1621,StageAdapt,0.8266019821166992,8
1622,StageAdapt,0.8670365810394287,8
1623,StageAdapt,0.8889670372009277,8
1624,StageAdapt,0.8302486538887024,8
1625,StageAdapt,0.8040069341659546,8
1626,StageAdapt,0.8072379231452942,8
1627,StageAdapt,0.8737300038337708,7
1628,StageAdapt,0.8478227257728577,7
1629,StageAdapt,0.877528190612793,6
1630,StageAdapt,0.8926407694816589,6
1631,StageAdapt,0.8504064083099365,6
1632,StageAdapt,0.769365131855011,6
1633,StageAdapt,0.7915219068527222,5
1634,StageAdapt,0.7458324432373047,5
1635,StageAdapt,0.7153502106666565,4
1636,StageAdapt,0.7251216769218445,4
1637,StageAdapt,0.8122771978378296,4
1638,StageAdapt,0.9681459069252014,3
1639,StageAdapt,0.9655232429504395,3
1640,StageAdapt,0.9619858860969543,3
1641,StageAdapt,0.9702345728874207,3
1642,StageAdapt,0.9466260075569153,3
1643,StageAdapt,0.9569165110588074,3
1644,StageAdapt,0.9575747847557068,3
1645,StageAdapt,0.9552147388458252,3
1646,StageAdapt,0.9617762565612793,3
1647,StageAdapt,0.9024847745895386,4
1648,StageAdapt,0.9391779899597168,4
1649,StageAdapt,0.9195282459259033,4
1650,StageAdapt,0.9182417392730713,4
1651,StageAdapt,0.8604128956794739,4
1652,StageAdapt,0.9340181350708008,3
1653,StageAdapt,0.9345512986183167,3
1654,StageAdapt,0.8999576568603516,3
1655,StageAdapt,0.8909740447998047,3
1656,StageAdapt,0.9075517654418945,3
1657,StageAdapt,0.8884227871894836,3
1658,StageAdapt,0.9638299942016602,2
1659,StageAdapt,0.9590518474578857,2
1660,StageAdapt,0.9650014638900757,2
1661,StageAdapt,0.9781339168548584,2
1662,StageAdapt,0.9524252414703369,2
1663,StageAdapt,0.9633901119232178,2
1664,StageAdapt,0.9476633071899414,2
1665,StageAdapt,0.9638542532920837,2
1666,StageAdapt,0.9405592083930969,2
1667,StageAdapt,0.9704477787017822,2
1668,StageAdapt,0.9542805552482605,2
1669,StageAdapt,0.9292155504226685,2
1670,StageAdapt,0.9505583047866821,2
1671,StageAdapt,0.9484463930130005,2
1672,StageAdapt,0.9021419882774353,2
1673,StageAdapt,0.9504731893539429,2
1674,StageAdapt,0.9591637849807739,2
1675,StageAdapt,0.9100003242492676,2
1676,StageAdapt,0.9818143844604492,2
1677,StageAdapt,0.932079553604126,2
1678,StageAdapt,0.9497673511505127,2
1679,StageAdapt,0.8765334486961365,2
1680,StageAdapt,0.9516572952270508,2
1681,StageAdapt,0.9330796003341675,2
1682,StageAdapt,0.6986439824104309,2
1683,StageAdapt,0.9382715821266174,1
1684,StageAdapt,0.8219178318977356,1
1685,StageAdapt,0.9147825837135315,1
1686,StageAdapt,0.9667319059371948,1
1687,StageAdapt,0.9845653772354126,1
1688,StageAdapt,0.9845201373100281,1
1689,StageAdapt,0.9906700849533081,1
1690,StageAdapt,0.9626865386962891,1
1691,StageAdapt,0.7777777910232544,1
1692,StageAdapt,0.970588207244873,1
1693,StageAdapt,0.9694656729698181,1
1694,StageAdapt,0.9797979593276978,1
1695,StageAdapt,0.9420126080513,2
1696,StageAdapt,0.9778818488121033,2
1697,StageAdapt,0.9125456809997559,3
1698,StageAdapt,0.9610840678215027,3
1699,StageAdapt,0.9667344093322754,3
1700,StageAdapt,0.8789394497871399,4
1701,StageAdapt,0.8871707916259766,4
1702,StageAdapt,0.907504677772522,4
1703,StageAdapt,0.8479887843132019,5
1704,StageAdapt,0.8581430315971375,5
1705,StageAdapt,0.8017303347587585,7
1706,StageAdapt,0.8152709603309631,7
1707,StageAdapt,0.8823433518409729,7
1708,StageAdapt,0.9246591925621033,7
1709,StageAdapt,0.9044924974441528,7
1710,StageAdapt,0.9083690047264099,7
1711,StageAdapt,0.8640025854110718,9
1712,StageAdapt,0.8102944493293762,9
1713,StageAdapt,0.8839207887649536,8
1714,StageAdapt,0.8691728115081787,9
1715,StageAdapt,0.8770737648010254,6
1716,StageAdapt,0.8957762718200684,6
1717,StageAdapt,0.9551539421081543,4
1718,StageAdapt,0.8205896019935608,4
1719,StageAdapt,0.9679787755012512,3
1720,StageAdapt,0.9489006400108337,3
1721,StageAdapt,0.6480857729911804,3
1722,StageAdapt,0.8709705471992493,3
1723,StageAdapt,0.9185473322868347,3
1724,StageAdapt,0.9345952868461609,3
1725,StageAdapt,0.9019975066184998,3
1726,StageAdapt,0.8832533955574036,3
1727,StageAdapt,0.9207317233085632,1
1728,StageAdapt,0.9313593506813049,1
1729,StageAdapt,0.929049551486969,1
1730,StageAdapt,0.7148846983909607,1
1731,StageAdapt,0.5288007259368896,1
1732,StageAdapt,0.4223826825618744,1
1733,StageAdapt,1.5625000182595272e-09,1
1734,StageAdapt,0.25757575035095215,2
1735,StageAdapt,0.8272358179092407,2
1736,StageAdapt,0.8054265975952148,3
1737,StageAdapt,0.8659805655479431,3
1738,StageAdapt,0.890656054019928,3
1739,StageAdapt,0.8647546768188477,3
1740,StageAdapt,0.8067699670791626,4
1741,StageAdapt,0.761979877948761,4
1742,StageAdapt,0.7526158094406128,5
1743,StageAdapt,0.6338774561882019,6
1744,StageAdapt,0.7184147238731384,6
1745,StageAdapt,0.7178578972816467,7
1746,StageAdapt,0.8029608130455017,7
1747,StageAdapt,0.8188153505325317,7
1748,StageAdapt,0.8607165217399597,8
1749,StageAdapt,0.8427988290786743,8
1750,StageAdapt,0.8051688075065613,9
1751,StageAdapt,0.7764266133308411,10
1752,StageAdapt,0.7580529451370239,10
1753,StageAdapt,0.7995821833610535,10
1754,StageAdapt,0.7841923832893372,9
1755,StageAdapt,0.7569143772125244,8
1756,StageAdapt,0.8349326848983765,5
1757,StageAdapt,0.9534168839454651,3
1758,StageAdapt,0.9218573570251465,3
1759,StageAdapt,0.9431982040405273,3
1760,StageAdapt,0.9610280394554138,3
1761,StageAdapt,0.8593318462371826,4
1762,StageAdapt,0.756719708442688,4
1763,StageAdapt,0.9179832339286804,3
1764,StageAdapt,0.9204849004745483,2
1765,StageAdapt,0.9422446489334106,2
1766,StageAdapt,0.9083155393600464,2
1767,StageAdapt,0.9321892261505127,2
1768,StageAdapt,0.9052631855010986,2
1769,StageAdapt,0.9387755393981934,1
1770,StageAdapt,0.800000011920929,1
1771,StageAdapt,0.6111111044883728,1
1772,StageAdapt,0.5945945978164673,1
1773,StageAdapt,0.75,1
1774,StageAdapt,0.8387096524238586,1
1775,StageAdapt,0.9032257795333862,1
1776,StageAdapt,0.8695651888847351,1
1777,StageAdapt,0.9629629850387573,1
1778,StageAdapt,0.8387096524238586,1
1779,StageAdapt,0.9599999785423279,1
1780,StageAdapt,0.3571428656578064,1
1781,StageAdapt,0.7441860437393188,1
1782,StageAdapt,0.7169811129570007,1
1783,StageAdapt,0.6666666865348816,1
1784,StageAdapt,0.5833333134651184,1
1785,StageAdapt,0.7755101919174194,1
1786,StageAdapt,0.6779661178588867,1
1787,StageAdapt,0.7441860437393188,1
1788,StageAdapt,0.5714285969734192,1
1789,StageAdapt,0.5882353186607361,1
1790,StageAdapt,0.6829268336296082,1
1791,StageAdapt,0.800000011920929,1
1792,StageAdapt,0.6349206566810608,1
1793,StageAdapt,0.8333333134651184,1
1794,StageAdapt,0.8813559412956238,1
1795,StageAdapt,0.7868852615356445,1
1796,StageAdapt,0.7636363506317139,1
1797,StageAdapt,0.4403669834136963,1
1798,StageAdapt,0.9461756348609924,1
1799,StageAdapt,0.951724112033844,1
1800,StageAdapt,0.851739764213562,1
1801,StageAdapt,0.90530925989151,1
1802,StageAdapt,0.9842331409454346,1
1803,StageAdapt,0.9858233332633972,1
1804,StageAdapt,0.885496199131012,1
1805,StageAdapt,0.6779661178588867,1
1806,StageAdapt,0.9473684430122375,1
1807,StageAdapt,0.9756097793579102,1
1808,StageAdapt,0.8813601136207581,2
1809,StageAdapt,0.9784555435180664,2
1810,StageAdapt,0.9686667919158936,2
1811,StageAdapt,0.9633064270019531,2
1812,StageAdapt,0.7423343658447266,3
1813,StageAdapt,0.6922981142997742,3
1814,StageAdapt,0.6295468211174011,4
1815,StageAdapt,0.5632908344268799,6
1816,StageAdapt,0.580050528049469,6
1817,StageAdapt,0.7002639770507812,7
1818,StageAdapt,0.8423312306404114,7
1819,StageAdapt,0.8600815534591675,8
1820,StageAdapt,0.8801789283752441,8
1821,StageAdapt,0.8601266145706177,8
1822,StageAdapt,0.9267309308052063,8
1823,StageAdapt,0.8578107357025146,8
1824,StageAdapt,0.7943377494812012,8
1825,StageAdapt,0.8055366277694702,8
1826,StageAdapt,0.8351410031318665,8
1827,StageAdapt,0.8574547171592712,8
1828,StageAdapt,0.8262233734130859,7
1829,StageAdapt,0.8565534949302673,6
1830,StageAdapt,0.9468662142753601,5
1831,StageAdapt,0.9159186482429504,5
1832,StageAdapt,0.9436601996421814,4
1833,StageAdapt,0.8374958038330078,4
1834,StageAdapt,0.8559221625328064,4
1835,StageAdapt,0.9250134825706482,4
1836,StageAdapt,0.7060466408729553,4
1837,StageAdapt,0.9308233857154846,2
1838,StageAdapt,0.9019644260406494,2
1839,StageAdapt,0.9613259434700012,1
1840,StageAdapt,0.936170220375061,1
1841,StageAdapt,0.9172932505607605,1
1842,StageAdapt,0.8793103694915771,1
1843,StageAdapt,0.8807339668273926,1
1844,StageAdapt,0.9126213788986206,1
1845,StageAdapt,0.8907563090324402,1
1846,StageAdapt,0.9033492803573608,1
1847,StageAdapt,0.9501160383224487,1
1848,StageAdapt,0.9767032861709595,1
1849,StageAdapt,0.9693206548690796,1
1850,StageAdapt,0.970841646194458,1
1851,StageAdapt,0.9760968089103699,1
1852,StageAdapt,0.9745109677314758,1
1853,StageAdapt,0.967487096786499,1
1854,StageAdapt,0.9760943651199341,1
1855,StageAdapt,0.9727779626846313,1
1856,StageAdapt,0.9714067578315735,1
1857,StageAdapt,0.9301204681396484,1
1858,StageAdapt,0.9477124214172363,1
1859,StageAdapt,0.7805755138397217,1
1860,StageAdapt,0.8666666746139526,1
1861,StageAdapt,0.9590643048286438,1
1862,StageAdapt,0.9829351305961609,1
1863,StageAdapt,0.9725685715675354,1
1864,StageAdapt,0.9688715934753418,1
1865,StageAdapt,0.9634782671928406,1
1866,StageAdapt,0.7650957107543945,2
1867,StageAdapt,0.8491509556770325,3
1868,StageAdapt,0.9309313893318176,3
1869,StageAdapt,0.9011725783348083,3
1870,StageAdapt,0.9178867340087891,3
1871,StageAdapt,0.8110716342926025,4
1872,StageAdapt,0.8737293481826782,5
1873,StageAdapt,0.9194742441177368,5
1874,StageAdapt,0.9083245396614075,5
1875,StageAdapt,0.9404960870742798,5
1876,StageAdapt,0.9303826093673706,5
1877,StageAdapt,0.9214621782302856,5
1878,StageAdapt,0.9345915913581848,5
1879,StageAdapt,0.892810046672821,7
1880,StageAdapt,0.9110965728759766,7
1881,StageAdapt,0.8316206932067871,9
1882,StageAdapt,0.8487848043441772,10
1883,StageAdapt,0.8699508905410767,9
1884,StageAdapt,0.8724077939987183,9
1885,StageAdapt,0.8631112575531006,9
1886,StageAdapt,0.8798565864562988,9
1887,StageAdapt,0.8592803478240967,9
1888,StageAdapt,0.8332928419113159,8
1889,StageAdapt,0.8549003601074219,6
1890,StageAdapt,0.926171064376831,4
1891,StageAdapt,0.9604487419128418,3
1892,StageAdapt,0.964846134185791,3
1893,StageAdapt,0.9701372981071472,3
1894,StageAdapt,0.9725567698478699,3
1895,StageAdapt,0.9132091999053955,4
1896,StageAdapt,0.9337507486343384,4
1897,StageAdapt,0.8976644277572632,4
1898,StageAdapt,0.9616889953613281,3
1899,StageAdapt,0.9279622435569763,3
1900,StageAdapt,0.916193962097168,2
1901,StageAdapt,0.8051947951316833,1
1902,StageAdapt,0.8235294222831726,1
1903,StageAdapt,0.6428571343421936,1
1904,StageAdapt,0.7555555701255798,1
1905,StageAdapt,0.8837209343910217,1
1906,StageAdapt,0.8372092843055725,1
1907,StageAdapt,0.800000011920929,1
1908,StageAdapt,0.5882353186607361,1
1909,StageAdapt,0.7118644118309021,1
1910,StageAdapt,0.8363636136054993,1
1911,StageAdapt,0.4897959232330322,1
1912,StageAdapt,0.7301587462425232,1
1913,StageAdapt,0.7945205569267273,1
1914,StageAdapt,0.782608687877655,1
1915,StageAdapt,0.7272727489471436,1
1916,StageAdapt,0.7843137383460999,1
1917,StageAdapt,0.8444444537162781,1
1918,StageAdapt,0.7894737124443054,1
1919,StageAdapt,0.7450980544090271,1
1920,StageAdapt,0.7857142686843872,1
1921,StageAdapt,0.8767123222351074,1
1922,StageAdapt,0.6578947305679321,1
1923,StageAdapt,0.8695651888847351,1
1924,StageAdapt,0.6774193644523621,1
1925,StageAdapt,0.7037037014961243,1
1926,StageAdapt,0.6363636255264282,1
1927,StageAdapt,0.739130437374115,1
1928,StageAdapt,0.6938775777816772,1
1929,StageAdapt,0.7450980544090271,1
1930,StageAdapt,0.7843137383460999,1
1931,StageAdapt,0.7719298005104065,1
1932,StageAdapt,0.75,1
1933,StageAdapt,0.7368420958518982,1
1934,StageAdapt,0.9454545378684998,1
1935,StageAdapt,0.6415094137191772,1
1936,StageAdapt,0.7844827771186829,1
1937,StageAdapt,0.8722891807556152,1
1938,StageAdapt,0.8081263899803162,1
1939,StageAdapt,0.8790496587753296,1
1940,StageAdapt,0.9003782868385315,1
1941,StageAdapt,0.7505330443382263,1
1942,StageAdapt,0.790243923664093,1
1943,StageAdapt,0.7587822079658508,1
1944,StageAdapt,0.898511528968811,1
1945,StageAdapt,0.9698795080184937,1
1946,StageAdapt,0.4952135682106018,2
1947,StageAdapt,0.6189209222793579,2
1948,StageAdapt,0.6634236574172974,2
1949,StageAdapt,0.5452694296836853,3
1950,StageAdapt,0.7163964509963989,4
1951,StageAdapt,0.6575306057929993,5
1952,StageAdapt,0.7065688967704773,6
1953,StageAdapt,0.8156453967094421,6
1954,StageAdapt,0.8293964266777039,6
1955,StageAdapt,0.8079205751419067,7
1956,StageAdapt,0.8273337483406067,7
1957,StageAdapt,0.7849295735359192,7
1958,StageAdapt,0.7394958734512329,7
1959,StageAdapt,0.745227038860321,7
1960,StageAdapt,0.7606392502784729,8
1961,StageAdapt,0.8487221598625183,8
1962,StageAdapt,0.8079957962036133,8
1963,StageAdapt,0.9047157168388367,6
1964,StageAdapt,0.8989520072937012,6
1965,StageAdapt,0.9382327198982239,5
1966,StageAdapt,0.9441204071044922,5
1967,StageAdapt,0.8438565135002136,6
1968,StageAdapt,0.9004698395729065,6
1969,StageAdapt,0.8739448189735413,6
1970,StageAdapt,0.9174531102180481,6
1971,StageAdapt,0.9295715689659119,6
1972,StageAdapt,0.9447652697563171,5
1973,StageAdapt,0.8982828855514526,5
1974,StageAdapt,0.9269593954086304,5
1975,StageAdapt,0.9037682414054871,5
1976,StageAdapt,0.8268160820007324,4
1977,StageAdapt,0.7417495846748352,3
1978,StageAdapt,0.8611888885498047,2
1979,StageAdapt,0.8654201626777649,2
1980,StageAdapt,0.8409591913223267,2
1981,StageAdapt,0.7588932514190674,2
1982,StageAdapt,0.5843368172645569,2
1983,StageAdapt,0.920967698097229,2
1984,StageAdapt,0.8680403232574463,2
1985,StageAdapt,0.4337349534034729,2
1986,StageAdapt,0.8809523582458496,1
1987,StageAdapt,0.7560975551605225,1
1988,StageAdapt,0.739130437374115,1
1989,StageAdapt,0.6739130616188049,1
1990,StageAdapt,0.6593406796455383,1
1991,StageAdapt,0.7676767706871033,1
1992,StageAdapt,0.7692307829856873,1
1993,StageAdapt,0.6499999761581421,1
1994,StageAdapt,0.9294403791427612,1
1995,StageAdapt,0.9239904880523682,1
1996,StageAdapt,0.8894081115722656,1
1997,StageAdapt,0.9083619713783264,1
1998,StageAdapt,0.7259747385978699,1
1999,StageAdapt,0.13651315867900848,1
2000,StageAdapt,0.17445054650306702,1
2001,StageAdapt,0.1616038829088211,1
2002,StageAdapt,3.154574101937868e-10,1
2003,StageAdapt,6.578947386870482e-10,1
2004,StageAdapt,7.142857416653214e-09,1
2005,StageAdapt,0.05263157933950424,1
2006,StageAdapt,0.5494505763053894,1
2007,StageAdapt,0.6954436302185059,1
2008,StageAdapt,0.6148422956466675,2
2009,StageAdapt,0.5879165530204773,3
2010,StageAdapt,0.8034582734107971,3
2011,StageAdapt,0.6719520092010498,4
2012,StageAdapt,0.7235130071640015,4
2013,StageAdapt,0.8000218868255615,4
2014,StageAdapt,0.7694365978240967,5
2015,StageAdapt,0.5621755719184875,6
2016,StageAdapt,0.7029606699943542,6
2017,StageAdapt,0.5972878336906433,6
2018,StageAdapt,0.616226851940155,6
2019,StageAdapt,0.6042210459709167,6
2020,StageAdapt,0.6290667653083801,6
2021,StageAdapt,0.6170614957809448,6
2022,StageAdapt,0.6523116230964661,6
2023,StageAdapt,0.774953305721283,5
2024,StageAdapt,0.7135872840881348,6
2025,StageAdapt,0.8355305790901184,5
2026,StageAdapt,0.8639212846755981,5
2027,StageAdapt,0.8957676887512207,5
2028,StageAdapt,0.7000725865364075,7
2029,StageAdapt,0.5819662809371948,7
2030,StageAdapt,0.7262513041496277,6
2031,StageAdapt,0.6719635725021362,5
2032,StageAdapt,0.6831783056259155,4
2033,StageAdapt,0.9116035103797913,3
2034,StageAdapt,0.8849239945411682,3
2035,StageAdapt,0.84770268201828,3
2036,StageAdapt,0.900719940662384,3
2037,StageAdapt,0.7532864212989807,4
2038,StageAdapt,0.8136072158813477,3
2039,StageAdapt,0.7707490921020508,2
2040,StageAdapt,0.9135156869888306,2
2041,StageAdapt,0.5882353186607361,1
2042,StageAdapt,0.8529411554336548,1
2043,StageAdapt,0.8235294222831726,1
2044,StageAdapt,0.911475419998169,1
2045,StageAdapt,0.95652174949646,1
2046,StageAdapt,0.9465909004211426,1
2047,StageAdapt,0.9747166633605957,1
2048,StageAdapt,0.9767255187034607,1
2049,StageAdapt,0.9719921350479126,1
2050,StageAdapt,0.9709848761558533,1
2051,StageAdapt,0.9605700969696045,1
2052,StageAdapt,0.9248291850090027,1
2053,StageAdapt,0.8840000033378601,1
2054,StageAdapt,0.8994082808494568,1
2055,StageAdapt,0.9407869577407837,2
2056,StageAdapt,0.9615894556045532,2
2057,StageAdapt,0.9701802134513855,2
2058,StageAdapt,0.9811693429946899,2
2059,StageAdapt,0.9703049659729004,2
2060,StageAdapt,0.9608715772628784,2
2061,StageAdapt,0.8987168669700623,3
2062,StageAdapt,0.8604092597961426,3
2063,StageAdapt,0.8933860659599304,3
2064,StageAdapt,0.888200044631958,4
2065,StageAdapt,0.8627087473869324,5
2066,StageAdapt,0.9296125173568726,5
2067,StageAdapt,0.8971112966537476,5
2068,StageAdapt,0.902070164680481,5
2069,StageAdapt,0.9277939796447754,5
2070,StageAdapt,0.9180340766906738,5
2071,StageAdapt,0.9410215616226196,5
2072,StageAdapt,0.8771165609359741,7
2073,StageAdapt,0.8770977854728699,7
2074,StageAdapt,0.8487064838409424,8
2075,StageAdapt,0.8412666320800781,7
2076,StageAdapt,0.6914640665054321,8
2077,StageAdapt,0.7655730843544006,7
2078,StageAdapt,0.7458940148353577,7
2079,StageAdapt,0.7085739970207214,7
2080,StageAdapt,0.8014087677001953,6
2081,StageAdapt,0.8948192000389099,4
2082,StageAdapt,0.9614214301109314,3
2083,StageAdapt,0.9602974057197571,3
2084,StageAdapt,0.9615283012390137,3
2085,StageAdapt,0.7656354308128357,4
2086,StageAdapt,0.9040277004241943,4
2087,StageAdapt,0.9269731044769287,3
2088,StageAdapt,0.8700292706489563,3
2089,StageAdapt,0.8453316688537598,3
2090,StageAdapt,0.8512895703315735,3
2091,StageAdapt,0.8794891238212585,2
2092,StageAdapt,0.8583210706710815,2
2093,StageAdapt,0.6012930870056152,2
2094,StageAdapt,0.8985507488250732,1
2095,StageAdapt,0.8055555820465088,1
2096,StageAdapt,0.6969696879386902,1
2097,StageAdapt,0.8235294222831726,1
2098,StageAdapt,0.9428571462631226,1
2099,StageAdapt,0.8524590134620667,1
2100,StageAdapt,0.7586206793785095,1
2101,StageAdapt,0.8666666746139526,1
2102,StageAdapt,0.8333333134651184,1
2103,StageAdapt,0.8214285969734192,1
2104,StageAdapt,0.692307710647583,1
2105,StageAdapt,0.7058823704719543,1
2106,StageAdapt,0.7200000286102295,1
2107,StageAdapt,0.6764705777168274,1
2108,StageAdapt,0.8059701323509216,1
2109,StageAdapt,0.782608687877655,1
2110,StageAdapt,0.6376811861991882,1
2111,StageAdapt,0.7123287916183472,1
2112,StageAdapt,0.7200000286102295,1
2113,StageAdapt,0.7837837934494019,1
2114,StageAdapt,0.5185185074806213,1
2115,StageAdapt,0.7241379022598267,1
2116,StageAdapt,0.7037037014961243,1
2117,StageAdapt,0.8253968358039856,1
2118,StageAdapt,0.688524603843689,1
2119,StageAdapt,0.699999988079071,1
2120,StageAdapt,0.7536231875419617,1
2121,StageAdapt,0.3499999940395355,1
2122,StageAdapt,0.6428571343421936,1
2123,StageAdapt,0.8235294222831726,1
2124,StageAdapt,0.875,1
2125,StageAdapt,0.9130434989929199,1
2126,StageAdapt,0.7111111283302307,1
2127,StageAdapt,0.9333333373069763,1
2128,StageAdapt,0.695652186870575,1
2129,StageAdapt,0.8148148059844971,1
2130,StageAdapt,0.6829268336296082,1
2131,StageAdapt,0.7346938848495483,1
2132,StageAdapt,0.75,1
2133,StageAdapt,0.8888888955116272,1
2134,StageAdapt,0.9122806787490845,1
2135,StageAdapt,0.7692307829856873,1
2136,StageAdapt,0.8148148059844971,1
2137,StageAdapt,0.8196721076965332,1
2138,StageAdapt,0.89552241563797,1
2139,StageAdapt,0.8813559412956238,1
2140,StageAdapt,0.956916093826294,1
2141,StageAdapt,0.9749478101730347,1
2142,StageAdapt,0.9668616056442261,1
2143,StageAdapt,0.9775948524475098,1
2144,StageAdapt,0.985343873500824,1
2145,StageAdapt,0.9865319728851318,1
2146,StageAdapt,0.9824341535568237,1
2147,StageAdapt,0.9846057295799255,1
2148,StageAdapt,0.9862204790115356,1
2149,StageAdapt,0.9867050051689148,1
2150,StageAdapt,0.9756690859794617,1
2151,StageAdapt,0.9810246825218201,1
2152,StageAdapt,0.9799656271934509,1
2153,StageAdapt,0.9742078185081482,1
2154,StageAdapt,0.8708571195602417,1
2155,StageAdapt,0.9583333134651184,1
2156,StageAdapt,0.9691630005836487,1
2157,StageAdapt,0.6674174666404724,3
2158,StageAdapt,0.9103879928588867,3
2159,StageAdapt,0.9139549732208252,3
2160,StageAdapt,0.7163960337638855,4
2161,StageAdapt,0.7262717485427856,5
2162,StageAdapt,0.8184646368026733,5
2163,StageAdapt,0.824022114276886,5
2164,StageAdapt,0.8622899055480957,5
2165,StageAdapt,0.7451171278953552,6
2166,StageAdapt,0.859255850315094,6
2167,StageAdapt,0.8568549752235413,7
2168,StageAdapt,0.8787156343460083,7
2169,StageAdapt,0.9537478685379028,7
2170,StageAdapt,0.9640589952468872,7
2171,StageAdapt,0.9754009246826172,7
2172,StageAdapt,0.9386383295059204,7
2173,StageAdapt,0.920667290687561,8
2174,StageAdapt,0.9350361824035645,8
2175,StageAdapt,0.9023248553276062,10
2176,StageAdapt,0.9114445447921753,10
2177,StageAdapt,0.9251852035522461,10
2178,StageAdapt,0.9227121472358704,10
2179,StageAdapt,0.906960129737854,8
2180,StageAdapt,0.8980160355567932,7
2181,StageAdapt,0.8394526243209839,7
2182,StageAdapt,0.8801802396774292,5
2183,StageAdapt,0.8958194851875305,5
2184,StageAdapt,0.9810068011283875,3
2185,StageAdapt,0.9753677248954773,3
2186,StageAdapt,0.9794630408287048,3
2187,StageAdapt,0.9645934700965881,3
2188,StageAdapt,0.9726690053939819,4
2189,StageAdapt,0.9471142292022705,4
2190,StageAdapt,0.9690186381340027,3
2191,StageAdapt,0.9631946682929993,3
2192,StageAdapt,0.8869029879570007,3
2193,StageAdapt,0.9486968517303467,2
2194,StageAdapt,0.9614905118942261,2
2195,StageAdapt,0.9516884088516235,2
2196,StageAdapt,0.9518611431121826,2
2197,StageAdapt,0.9389364719390869,2
2198,StageAdapt,0.9038078784942627,2
2199,StageAdapt,0.8611781597137451,2
2200,StageAdapt,0.8301886916160583,1
2201,StageAdapt,0.8636363744735718,1
2202,StageAdapt,0.7804877758026123,1
2203,StageAdapt,0.8999999761581421,1
2204,StageAdapt,0.782608687877655,1
2205,StageAdapt,0.8181818127632141,1
2206,StageAdapt,0.8799999952316284,1
2207,StageAdapt,0.9090909361839294,1
2208,StageAdapt,0.8157894611358643,1
2209,StageAdapt,0.7714285850524902,1
2210,StageAdapt,0.8461538553237915,1
2211,StageAdapt,0.8095238208770752,1
2212,StageAdapt,0.688524603843689,1
2213,StageAdapt,0.4545454680919647,1
2214,StageAdapt,0.6206896305084229,1
2215,StageAdapt,0.6849315166473389,1
2216,StageAdapt,0.800000011920929,1
2217,StageAdapt,0.8823529481887817,1
2218,StageAdapt,0.7777777910232544,1
2219,StageAdapt,0.8387096524238586,1
2220,StageAdapt,0.695652186870575,1
2221,StageAdapt,0.695652186870575,1
2222,StageAdapt,0.8648648858070374,1
2223,StageAdapt,0.8421052694320679,1
2224,StageAdapt,0.8985507488250732,1
2225,StageAdapt,0.8285714387893677,1
2226,StageAdapt,0.7714285850524902,1
2227,StageAdapt,0.95652174949646,1
2228,StageAdapt,0.8529411554336548,1
2229,StageAdapt,0.8918918967247009,1
2230,StageAdapt,0.8421052694320679,1
2231,StageAdapt,0.8571428656578064,1
2232,StageAdapt,0.9090909361839294,1
2233,StageAdapt,0.7222222089767456,1
2234,StageAdapt,0.4137931168079376,1
2235,StageAdapt,0.23544631898403168,1
2236,StageAdapt,0.8975664973258972,1
2237,StageAdapt,0.9314796328544617,1
2238,StageAdapt,0.9309890270233154,1
2239,StageAdapt,0.9120603203773499,1
2240,StageAdapt,0.6434990763664246,1
2241,StageAdapt,0.6221248507499695,1
2242,StageAdapt,0.7524752616882324,1
2243,StageAdapt,0.8855721354484558,1
2244,StageAdapt,0.9047619104385376,1
2245,StageAdapt,0.8243243098258972,1
2246,StageAdapt,0.5403226017951965,1
2247,StageAdapt,0.3355048894882202,2
2248,StageAdapt,0.22083333134651184,2
2249,StageAdapt,0.36269527673721313,2
2250,StageAdapt,0.5855600833892822,2
2251,StageAdapt,0.6727758049964905,3
2252,StageAdapt,0.7487800121307373,3
2253,StageAdapt,0.743097722530365,3
2254,StageAdapt,0.7492036819458008,3
2255,StageAdapt,0.9186422824859619,3
2256,StageAdapt,0.9003648161888123,3
2257,StageAdapt,0.8950851559638977,4
2258,StageAdapt,0.929581344127655,5
2259,StageAdapt,0.9303703308105469,5
2260,StageAdapt,0.8647739291191101,5
2261,StageAdapt,0.9253975749015808,5
2262,StageAdapt,0.8951952457427979,6
2263,StageAdapt,0.8030585646629333,6
2264,StageAdapt,0.7662189602851868,6
2265,StageAdapt,0.9200313091278076,6
2266,StageAdapt,0.8050981760025024,7
2267,StageAdapt,0.8666303753852844,7
2268,StageAdapt,0.8607469201087952,7
2269,StageAdapt,0.8829652070999146,7
2270,StageAdapt,0.9070674180984497,8
2271,StageAdapt,0.9000238180160522,8
2272,StageAdapt,0.8471843004226685,9
2273,StageAdapt,0.7733033895492554,7
2274,StageAdapt,0.7603197693824768,7
2275,StageAdapt,0.8902870416641235,5
2276,StageAdapt,0.8479701280593872,5
2277,StageAdapt,0.9177396893501282,5
2278,StageAdapt,0.9007576704025269,4
2279,StageAdapt,0.8911375999450684,4
2280,StageAdapt,0.8934251666069031,4
2281,StageAdapt,0.9776318669319153,3
2282,StageAdapt,0.9710395932197571,3
2283,StageAdapt,0.9705756306648254,3
2284,StageAdapt,0.907105028629303,4
2285,StageAdapt,0.9364817142486572,4
2286,StageAdapt,0.9510383605957031,4
2287,StageAdapt,0.9366505742073059,4
2288,StageAdapt,0.9513625502586365,4
2289,StageAdapt,0.8881821632385254,4
2290,StageAdapt,0.8644689917564392,2
2291,StageAdapt,0.867123007774353,2
2292,StageAdapt,0.8235294222831726,1
2293,StageAdapt,0.729411780834198,1
2294,StageAdapt,0.8641975522041321,1
2295,StageAdapt,0.8433734774589539,1
2296,StageAdapt,0.7951807379722595,1
2297,StageAdapt,0.7594936490058899,1
2298,StageAdapt,0.688524603843689,1
2299,StageAdapt,0.7428571581840515,1
2300,StageAdapt,0.6510263681411743,1
2301,StageAdapt,0.8141112327575684,1
2302,StageAdapt,0.9217731356620789,1
2303,StageAdapt,0.9261643290519714,1
2304,StageAdapt,0.94549560546875,1
2305,StageAdapt,0.9599999785423279,1
2306,StageAdapt,0.9678166508674622,1
2307,StageAdapt,0.9670480489730835,1
2308,StageAdapt,0.9704363942146301,1
2309,StageAdapt,0.9670501947402954,1
2310,StageAdapt,0.951137900352478,1
2311,StageAdapt,0.9318801164627075,1
2312,StageAdapt,0.8518111705780029,1
2313,StageAdapt,0.17391304671764374,1
2314,StageAdapt,0.6094043850898743,1
2315,StageAdapt,0.8005964756011963,3
2316,StageAdapt,0.8998415470123291,3
2317,StageAdapt,0.9295908808708191,4
2318,StageAdapt,0.8488646745681763,5
2319,StageAdapt,0.938198447227478,5
2320,StageAdapt,0.9274024963378906,5
2321,StageAdapt,0.9003229141235352,6
2322,StageAdapt,0.7794556021690369,7
2323,StageAdapt,0.8709689974784851,7
2324,StageAdapt,0.8803800940513611,7
2325,StageAdapt,0.8790419697761536,7
2326,StageAdapt,0.7837876677513123,8
2327,StageAdapt,0.8608900308609009,8
2328,StageAdapt,0.841815173625946,8
2329,StageAdapt,0.879998505115509,8
2330,StageAdapt,0.8808672428131104,8
2331,StageAdapt,0.8752373456954956,8
2332,StageAdapt,0.8089936375617981,10
2333,StageAdapt,0.8238264322280884,10
2334,StageAdapt,0.8040661215782166,9
2335,StageAdapt,0.83083176612854,8
2336,StageAdapt,0.9042484164237976,6
2337,StageAdapt,0.8511161208152771,6
2338,StageAdapt,0.5850006341934204,5
2339,StageAdapt,0.9745578169822693,3
2340,StageAdapt,0.9533240795135498,3
2341,StageAdapt,0.9586296081542969,3
2342,StageAdapt,0.9627261161804199,3
2343,StageAdapt,0.9238954782485962,4
2344,StageAdapt,0.881669282913208,3
2345,StageAdapt,0.9237083196640015,2
2346,StageAdapt,0.9423476457595825,2
2347,StageAdapt,0.827980637550354,2
2348,StageAdapt,0.3496503531932831,2
2349,StageAdapt,0.7751938104629517,1
2350,StageAdapt,0.9105691313743591,1
2351,StageAdapt,0.9259259104728699,1
2352,StageAdapt,0.8602150678634644,1
2353,StageAdapt,0.9066666960716248,1
2354,StageAdapt,0.925000011920929,1
2355,StageAdapt,0.8641975522041321,1
2356,StageAdapt,0.7777777910232544,1
2357,StageAdapt,0.8387096524238586,1
2358,StageAdapt,0.8125,1
2359,StageAdapt,0.7037037014961243,1
2360,StageAdapt,0.7906976938247681,1
2361,StageAdapt,0.7804877758026123,1
2362,StageAdapt,0.6521739363670349,1
2363,StageAdapt,0.7169811129570007,1
2364,StageAdapt,0.7719298005104065,1
2365,StageAdapt,0.7540983557701111,1
2366,StageAdapt,0.7042253613471985,1
2367,StageAdapt,0.791208803653717,1
2368,StageAdapt,0.849056601524353,1
2369,StageAdapt,0.822429895401001,1
2370,StageAdapt,0.9090909361839294,1
2371,StageAdapt,0.8656716346740723,1
2372,StageAdapt,0.8484848737716675,1
2373,StageAdapt,0.8571428656578064,1
2374,StageAdapt,0.7796609997749329,1
2375,StageAdapt,0.8235294222831726,1
2376,StageAdapt,0.807692289352417,1
2377,StageAdapt,0.800000011920929,1
2378,StageAdapt,0.9032257795333862,1
2379,StageAdapt,0.9459459185600281,1
2380,StageAdapt,0.9629629850387573,1
2381,StageAdapt,0.9135802388191223,1
2382,StageAdapt,0.875,1
2383,StageAdapt,0.8918918967247009,1
2384,StageAdapt,0.8684210777282715,1
2385,StageAdapt,0.7837837934494019,1
2386,StageAdapt,0.7945205569267273,1
2387,StageAdapt,0.8297872543334961,1
2388,StageAdapt,0.7472527623176575,1
2389,StageAdapt,0.7252747416496277,1
2390,StageAdapt,0.5882353186607361,1
2391,StageAdapt,0.7936508059501648,1
2392,StageAdapt,0.7777777910232544,1
2393,StageAdapt,0.8125,1
2394,StageAdapt,0.7028199434280396,1
2395,StageAdapt,0.939983069896698,1
2396,StageAdapt,0.9332664608955383,1
2397,StageAdapt,0.9573851823806763,1
2398,StageAdapt,0.9699769020080566,1
2399,StageAdapt,0.9614197611808777,1
2400,StageAdapt,0.9764918684959412,1
2401,StageAdapt,0.6585551500320435,1
2402,StageAdapt,0.6501128673553467,1
2403,StageAdapt,0.4444444477558136,1
2404,StageAdapt,0.9842632412910461,1
2405,StageAdapt,0.9807531237602234,1
2406,StageAdapt,0.49378329515457153,2
2407,StageAdapt,0.8908305168151855,3
2408,StageAdapt,0.9030614495277405,4
2409,StageAdapt,0.8954964280128479,4
2410,StageAdapt,0.8300197720527649,4
2411,StageAdapt,0.7464774250984192,6
2412,StageAdapt,0.9435186982154846,6
2413,StageAdapt,0.9297054409980774,6
2414,StageAdapt,0.9458652138710022,7
2415,StageAdapt,0.8976979851722717,7
2416,StageAdapt,0.929011344909668,7
2417,StageAdapt,0.9249703288078308,7
2418,StageAdapt,0.9222793579101562,7
2419,StageAdapt,0.8962787389755249,7
2420,StageAdapt,0.7727627158164978,7
2421,StageAdapt,0.7728516459465027,7
2422,StageAdapt,0.7215678095817566,7
2423,StageAdapt,0.7742581367492676,6
2424,StageAdapt,0.9325200319290161,5
2425,StageAdapt,0.9402666091918945,5
2426,StageAdapt,0.9181756973266602,7
2427,StageAdapt,0.9450341463088989,7
2428,StageAdapt,0.9325856566429138,8
2429,StageAdapt,0.935175895690918,8
2430,StageAdapt,0.8746711015701294,7
2431,StageAdapt,0.9314314723014832,7
2432,StageAdapt,0.9161831736564636,7
2433,StageAdapt,0.787007212638855,7
2434,StageAdapt,0.8089051246643066,6
2435,StageAdapt,0.8601154088973999,5
2436,StageAdapt,0.876483142375946,5
2437,StageAdapt,0.8331979513168335,4
2438,StageAdapt,0.8838648796081543,4
2439,StageAdapt,0.8611847162246704,4
2440,StageAdapt,0.8910317420959473,4
2441,StageAdapt,0.8986122608184814,4
2442,StageAdapt,0.9607815146446228,4
2443,StageAdapt,0.9476040601730347,4
2444,StageAdapt,0.9604754447937012,2
2445,StageAdapt,0.9465879797935486,2
2446,StageAdapt,0.9423296451568604,2
2447,StageAdapt,0.9062008857727051,2
2448,StageAdapt,0.8702290058135986,1
2449,StageAdapt,0.9078013896942139,1
2450,StageAdapt,0.8082191944122314,1
2451,StageAdapt,0.7092198729515076,1
2452,StageAdapt,0.7160493731498718,1
2453,StageAdapt,0.6746987700462341,1
2454,StageAdapt,0.746268630027771,1
2455,StageAdapt,0.7352941036224365,1
2456,StageAdapt,0.5866666436195374,1
2457,StageAdapt,0.6153846383094788,1
2458,StageAdapt,0.4810126721858978,1
2459,StageAdapt,0.40909090638160706,1
2460,StageAdapt,1.1363636698291657e-09,1
2461,StageAdapt,0.21374045312404633,1
2462,StageAdapt,0.04918032884597778,1
2463,StageAdapt,8.849557753265458e-10,1
2464,StageAdapt,0.27067670226097107,1
2465,StageAdapt,0.3478260934352875,1
2466,StageAdapt,0.3174603283405304,1
2467,StageAdapt,0.5454545617103577,1
2468,StageAdapt,0.8311688303947449,1
2469,StageAdapt,0.8659793734550476,1
2470,StageAdapt,0.8351648449897766,1
2471,StageAdapt,0.8247422575950623,1
2472,StageAdapt,0.7586206793785095,1
2473,StageAdapt,0.8318583965301514,1
2474,StageAdapt,0.7818182110786438,1
2475,StageAdapt,0.8035714030265808,1
2476,StageAdapt,0.8712871074676514,1
2477,StageAdapt,0.8468468189239502,1
2478,StageAdapt,0.7945205569267273,1
2479,StageAdapt,0.8717948794364929,1
2480,StageAdapt,0.8837209343910217,1
2481,StageAdapt,0.7943262457847595,1
2482,StageAdapt,0.8251748085021973,1
2483,StageAdapt,0.8392857313156128,1
2484,StageAdapt,0.9312977194786072,1
2485,StageAdapt,0.7725856900215149,1
2486,StageAdapt,0.9290012121200562,1
2487,StageAdapt,0.936267077922821,1
2488,StageAdapt,0.9514779448509216,1
2489,StageAdapt,0.9745762944221497,1
2490,StageAdapt,0.9737193584442139,1
2491,StageAdapt,0.9783509969711304,1
2492,StageAdapt,0.9646590352058411,1
2493,StageAdapt,0.9343891143798828,1
2494,StageAdapt,0.7720465660095215,1
2495,StageAdapt,0.7657142877578735,1
2496,StageAdapt,0.6222222447395325,1
2497,StageAdapt,0.5476190447807312,1
2498,StageAdapt,0.752293586730957,1
2499,StageAdapt,0.06018518656492233,2
2500,StageAdapt,0.35087719559669495,2
2501,StageAdapt,0.17790593206882477,3
2502,StageAdapt,0.5052906274795532,3
2503,StageAdapt,0.5257030129432678,3
2504,StageAdapt,0.6541938185691833,3
2505,StageAdapt,0.7591782808303833,4
2506,StageAdapt,0.8684524297714233,4
2507,StageAdapt,0.8716703653335571,4
2508,StageAdapt,0.6522740125656128,5
2509,StageAdapt,0.6410053372383118,5
2510,StageAdapt,0.6512101888656616,5
2511,StageAdapt,0.6921926736831665,5
2512,StageAdapt,0.6936346888542175,5
2513,StageAdapt,0.7303714752197266,6
2514,StageAdapt,0.8705894351005554,6
2515,StageAdapt,0.8814219832420349,6
2516,StageAdapt,0.6630152463912964,7
2517,StageAdapt,0.5881306529045105,7
2518,StageAdapt,0.6250119805335999,7
2519,StageAdapt,0.6136011481285095,7
2520,StageAdapt,0.5269813537597656,7
2521,StageAdapt,0.5016805529594421,7
2522,StageAdapt,0.6972439885139465,7
2523,StageAdapt,0.7608627676963806,7
2524,StageAdapt,0.8086339831352234,7
2525,StageAdapt,0.8330350518226624,7
2526,StageAdapt,0.7675759196281433,6
2527,StageAdapt,0.8818990588188171,4
2528,StageAdapt,0.969689130783081,3
2529,StageAdapt,0.9266259670257568,4
2530,StageAdapt,0.9309191703796387,4
2531,StageAdapt,0.9207577109336853,4
2532,StageAdapt,0.929084300994873,4
2533,StageAdapt,0.9125190377235413,4
2534,StageAdapt,0.6577420830726624,4
2535,StageAdapt,0.6315553784370422,3
2536,StageAdapt,0.943222165107727,2
2537,StageAdapt,0.914638876914978,2
2538,StageAdapt,0.9106020927429199,2
2539,StageAdapt,0.7400583624839783,2
2540,StageAdapt,0.6641078591346741,2
2541,StageAdapt,0.7936464548110962,2
2542,StageAdapt,0.5909090638160706,1
2543,StageAdapt,0.48148149251937866,1
2544,StageAdapt,0.4727272689342499,1
2545,StageAdapt,0.4390243887901306,1
2546,StageAdapt,0.380952388048172,1
2547,StageAdapt,0.8575233221054077,1
2548,StageAdapt,0.9548133611679077,1
2549,StageAdapt,0.9574361443519592,1
2550,StageAdapt,0.9498111009597778,1
2551,StageAdapt,0.6884779334068298,1
2552,StageAdapt,0.3928571343421936,1
2553,StageAdapt,0.6944444179534912,1
2554,StageAdapt,0.8947368264198303,1
2555,StageAdapt,0.6018115878105164,2
2556,StageAdapt,0.4802631437778473,2
2557,StageAdapt,0.4071938991546631,3
2558,StageAdapt,0.6043066382408142,5
2559,StageAdapt,0.8857420682907104,5
2560,StageAdapt,0.933062732219696,5
2561,StageAdapt,0.8357617259025574,7
2562,StageAdapt,0.9012473821640015,7
2563,StageAdapt,0.8880558013916016,7
2564,StageAdapt,0.8593288660049438,7
2565,StageAdapt,0.8334688544273376,7
2566,StageAdapt,0.8510209918022156,8
2567,StageAdapt,0.8823016881942749,8
2568,StageAdapt,0.8961775302886963,8
2569,StageAdapt,0.8729733824729919,8
2570,StageAdapt,0.8807332515716553,8
2571,StageAdapt,0.8850353956222534,8
2572,StageAdapt,0.9481183886528015,6
2573,StageAdapt,0.9391734004020691,6
2574,StageAdapt,0.9421202540397644,6
2575,StageAdapt,0.8553413152694702,8
2576,StageAdapt,0.8689054846763611,7
2577,StageAdapt,0.8403705954551697,6
2578,StageAdapt,0.8667566180229187,5
2579,StageAdapt,0.8348532915115356,5
2580,StageAdapt,0.9654603004455566,3
2581,StageAdapt,0.9646199345588684,3
2582,StageAdapt,0.9437605738639832,3
2583,StageAdapt,0.9419212341308594,3
2584,StageAdapt,0.8530257940292358,2
2585,StageAdapt,0.8925521373748779,2
2586,StageAdapt,0.9124249815940857,2
2587,StageAdapt,0.8921805620193481,2
2588,StageAdapt,0.8264271020889282,2
2589,StageAdapt,0.6530864238739014,2
2590,StageAdapt,0.9247311949729919,1
2591,StageAdapt,0.9494949579238892,1
2592,StageAdapt,0.8354430198669434,1
2593,StageAdapt,0.5652173757553101,1
2594,StageAdapt,0.89552241563797,1
2595,StageAdapt,0.9234941601753235,2
2596,StageAdapt,0.8492789268493652,3
2597,StageAdapt,0.8741338849067688,3
2598,StageAdapt,0.8425424695014954,3
2599,StageAdapt,0.8059372901916504,4
2600,StageAdapt,0.7683490514755249,5
2601,StageAdapt,0.8206639289855957,6
2602,StageAdapt,0.7685264945030212,6
2603,StageAdapt,0.839530885219574,6
2604,StageAdapt,0.8551412224769592,6
2605,StageAdapt,0.8442946076393127,6
2606,StageAdapt,0.8537799715995789,6
2607,StageAdapt,0.7669672966003418,8
2608,StageAdapt,0.7849363088607788,8
2609,StageAdapt,0.814949095249176,8
2610,StageAdapt,0.8083800077438354,8
2611,StageAdapt,0.8722842931747437,8
2612,StageAdapt,0.7967560291290283,9
2613,StageAdapt,0.7990086674690247,8
2614,StageAdapt,0.7773188948631287,8
2615,StageAdapt,0.7241750359535217,6
2616,StageAdapt,0.8162218332290649,5
2617,StageAdapt,0.7037296295166016,5
2618,StageAdapt,0.8803228735923767,3
2619,StageAdapt,0.8489670753479004,3
2620,StageAdapt,0.865764856338501,3
2621,StageAdapt,0.626902163028717,3
2622,StageAdapt,0.5612934231758118,2
2623,StageAdapt,0.5692505836486816,2
2624,StageAdapt,0.48594802618026733,2
2625,StageAdapt,0.48896852135658264,2
2626,StageAdapt,0.9310674667358398,2
2627,StageAdapt,0.9312422275543213,2
2628,StageAdapt,0.9234272241592407,2
2629,StageAdapt,0.8441558480262756,1
2630,StageAdapt,0.8550724387168884,1
2631,StageAdapt,0.8721804618835449,1
2632,StageAdapt,0.9193548560142517,1
2633,StageAdapt,0.8907563090324402,1
2634,StageAdapt,0.7346938848495483,1
2635,StageAdapt,0.800000011920929,1
2636,StageAdapt,0.6590909361839294,1
2637,StageAdapt,0.7042253613471985,1
2638,StageAdapt,0.7749999761581421,1
2639,StageAdapt,0.6753246784210205,1
2640,StageAdapt,0.7692307829856873,1
2641,StageAdapt,0.7777777910232544,1
2642,StageAdapt,0.7333333492279053,1
2643,StageAdapt,0.7796609997749329,1
2644,StageAdapt,0.6486486196517944,1
2645,StageAdapt,0.6835442781448364,1
2646,StageAdapt,0.7346938848495483,1
2647,StageAdapt,0.7529411911964417,1
2648,StageAdapt,0.6216216087341309,1
2649,StageAdapt,0.8101266026496887,1
2650,StageAdapt,0.7307692170143127,1
2651,StageAdapt,0.7428571581840515,1
2652,StageAdapt,0.7419354915618896,1
2653,StageAdapt,0.8095238208770752,1
2654,StageAdapt,0.7839999794960022,1
2655,StageAdapt,0.875,1
2656,StageAdapt,0.8208954930305481,1
2657,StageAdapt,0.8799999952316284,1
2658,StageAdapt,0.699999988079071,1
2659,StageAdapt,0.8181818127632141,1
2660,StageAdapt,0.7446808218955994,1
2661,StageAdapt,0.8333333134651184,1
2662,StageAdapt,0.822429895401001,1
2663,StageAdapt,0.782608687877655,1
2664,StageAdapt,0.8139534592628479,1
2665,StageAdapt,0.9052631855010986,1
2666,StageAdapt,0.8333333134651184,1
2667,StageAdapt,0.8048780560493469,1
2668,StageAdapt,0.9111111164093018,1
2669,StageAdapt,0.930232584476471,1
2670,StageAdapt,0.8222222328186035,1
2671,StageAdapt,0.9090909361839294,1
2672,StageAdapt,0.7027027010917664,1
2673,StageAdapt,0.6857143044471741,1
2674,StageAdapt,0.6391752362251282,1
2675,StageAdapt,0.7755101919174194,1
2676,StageAdapt,0.9502482414245605,2
2677,StageAdapt,0.8149418830871582,3
2678,StageAdapt,0.8736527562141418,3
2679,StageAdapt,0.8699841499328613,3
2680,StageAdapt,0.8590737581253052,4
2681,StageAdapt,0.8004940748214722,5
2682,StageAdapt,0.8546212911605835,5
2683,StageAdapt,0.8276998996734619,6
2684,StageAdapt,0.8467817306518555,6
2685,StageAdapt,0.8398311734199524,6
2686,StageAdapt,0.8854489326477051,6
2687,StageAdapt,0.8614152073860168,7
2688,StageAdapt,0.9105897545814514,7
2689,StageAdapt,0.8469685316085815,8
2690,StageAdapt,0.8536648154258728,8
2691,StageAdapt,0.8753013610839844,8
2692,StageAdapt,0.8382847309112549,9
2693,StageAdapt,0.8157965540885925,9
2694,StageAdapt,0.862517237663269,8
2695,StageAdapt,0.8070657253265381,8
2696,StageAdapt,0.772290050983429,6
2697,StageAdapt,0.9141986966133118,4
2698,StageAdapt,0.7390929460525513,4
2699,StageAdapt,0.593980073928833,4
2700,StageAdapt,0.9136211276054382,3
2701,StageAdapt,0.8379303812980652,3
2702,StageAdapt,0.6627100110054016,3
2703,StageAdapt,0.6684215664863586,3
2704,StageAdapt,0.4890792667865753,2
2705,StageAdapt,0.6311230063438416,3
2706,StageAdapt,0.9721938371658325,2
2707,StageAdapt,0.9478089809417725,2
2708,StageAdapt,0.9370541572570801,2
2709,StageAdapt,0.9520851969718933,2
2710,StageAdapt,0.9668874144554138,1
2711,StageAdapt,0.9032257795333862,1
2712,StageAdapt,0.9160305261611938,1
2713,StageAdapt,0.8653846383094788,1
2714,StageAdapt,0.8723404407501221,1
2715,StageAdapt,0.8865979313850403,1
2716,StageAdapt,0.9512194991111755,1
2717,StageAdapt,0.9117646813392639,1
2718,StageAdapt,0.8799999952316284,1
2719,StageAdapt,0.7887324094772339,1
2720,StageAdapt,0.8615384697914124,1
2721,StageAdapt,0.8571428656578064,1
2722,StageAdapt,0.8070175647735596,1
2723,StageAdapt,0.774193525314331,1
2724,StageAdapt,0.7123287916183472,1
2725,StageAdapt,0.5806451439857483,1
2726,StageAdapt,0.5979381203651428,1
2727,StageAdapt,0.6153846383094788,1
2728,StageAdapt,0.6078431606292725,1
2729,StageAdapt,0.8155339956283569,1
2730,StageAdapt,0.6600000262260437,1
2731,StageAdapt,0.6796116232872009,1
2732,StageAdapt,0.75,1
2733,StageAdapt,0.6554622054100037,1
2734,StageAdapt,0.75,1
2735,StageAdapt,0.734375,1
2736,StageAdapt,0.7090908885002136,1
2737,StageAdapt,0.5609756112098694,1
2738,StageAdapt,0.8500000238418579,1
2739,StageAdapt,0.7872340679168701,1
2740,StageAdapt,0.8288288116455078,1
2741,StageAdapt,0.834782600402832,1
2742,StageAdapt,0.717391312122345,1
2743,StageAdapt,0.8484848737716675,1
2744,StageAdapt,0.761904776096344,1
2745,StageAdapt,0.8470588326454163,1
2746,StageAdapt,0.843137264251709,1
2747,StageAdapt,0.8349514603614807,1
2748,StageAdapt,0.9655172228813171,1
2749,StageAdapt,0.8793103694915771,1
2750,StageAdapt,0.8705882430076599,1
2751,StageAdapt,0.800000011920929,1
2752,StageAdapt,0.8148148059844971,1
2753,StageAdapt,0.7866666913032532,1
2754,StageAdapt,0.9248554706573486,1
2755,StageAdapt,0.9421800971031189,1
2756,StageAdapt,0.9658060073852539,1
2757,StageAdapt,0.9683582186698914,1
2758,StageAdapt,0.9623529314994812,1
2759,StageAdapt,0.9633967876434326,1
2760,StageAdapt,0.7319148778915405,1
2761,StageAdapt,0.7857142686843872,1
2762,StageAdapt,0.9607843160629272,1
2763,StageAdapt,0.970588207244873,1
2764,StageAdapt,0.9909443855285645,1
2765,StageAdapt,0.9795918464660645,1
2766,StageAdapt,0.9669937491416931,1
2767,StageAdapt,0.5788381695747375,2
2768,StageAdapt,0.8575580716133118,3
2769,StageAdapt,0.8718959093093872,5
2770,StageAdapt,0.83995121717453,5
2771,StageAdapt,0.797402560710907,5
2772,StageAdapt,0.857759952545166,5
2773,StageAdapt,0.6771209239959717,6
2774,StageAdapt,0.7137293219566345,6
2775,StageAdapt,0.7375993728637695,6
2776,StageAdapt,0.7742471098899841,6
2777,StageAdapt,0.8480857014656067,6
2778,StageAdapt,0.7742362022399902,6
2779,StageAdapt,0.8833143711090088,6
2780,StageAdapt,0.9208738803863525,6
2781,StageAdapt,0.8928101658821106,7
2782,StageAdapt,0.8959534764289856,7
2783,StageAdapt,0.8297238945960999,7
2784,StageAdapt,0.7621750831604004,8
2785,StageAdapt,0.8861233592033386,6
2786,StageAdapt,0.8545989394187927,7
2787,StageAdapt,0.9160048365592957,7
2788,StageAdapt,0.898422122001648,7
2789,StageAdapt,0.8346245884895325,7
2790,StageAdapt,0.9027621150016785,7
2791,StageAdapt,0.9055833220481873,6
2792,StageAdapt,0.9195896983146667,6
2793,StageAdapt,0.8629266619682312,6
2794,StageAdapt,0.9519374966621399,3
2795,StageAdapt,0.9640148282051086,3
2796,StageAdapt,0.9604323506355286,3
2797,StageAdapt,0.9547874331474304,3
2798,StageAdapt,0.9500873684883118,3
2799,StageAdapt,0.8496001362800598,3
2800,StageAdapt,0.7399408221244812,4
2801,StageAdapt,0.9222146272659302,4
2802,StageAdapt,0.9214625358581543,3
2803,StageAdapt,0.9430897831916809,3
2804,StageAdapt,0.9549205303192139,2
2805,StageAdapt,0.926080584526062,2
2806,StageAdapt,0.895197868347168,2
2807,StageAdapt,0.8350772261619568,2
2808,StageAdapt,0.8775927424430847,2
2809,StageAdapt,0.9208477735519409,2
2810,StageAdapt,0.7489740252494812,2
2811,StageAdapt,0.75,1
2812,StageAdapt,0.7924528121948242,1
2813,StageAdapt,0.65625,1
2814,StageAdapt,0.6666666865348816,1
2815,StageAdapt,0.6779661178588867,1
2816,StageAdapt,0.6666666865348816,1
2817,StageAdapt,0.9054054021835327,1
2818,StageAdapt,0.8744588494300842,1
2819,StageAdapt,0.8771929740905762,1
2820,StageAdapt,0.8991596698760986,1
2821,StageAdapt,0.8521303534507751,1
2822,StageAdapt,0.8139534592628479,1
2823,StageAdapt,0.8964143395423889,1
2824,StageAdapt,0.5454545617103577,1
2825,StageAdapt,0.9399999976158142,1
2826,StageAdapt,0.9532710313796997,1
2827,StageAdapt,0.9825436472892761,1
2828,StageAdapt,0.953125,1
2829,StageAdapt,0.9471766948699951,1
2830,StageAdapt,0.8907346725463867,3
2831,StageAdapt,0.9512331485748291,3
2832,StageAdapt,0.9368992447853088,3
2833,StageAdapt,0.9462185502052307,3
2834,StageAdapt,0.9454078674316406,3
2835,StageAdapt,0.7928423881530762,4
2836,StageAdapt,0.8205535411834717,4
2837,StageAdapt,0.873752772808075,4
2838,StageAdapt,0.8981733322143555,4
2839,StageAdapt,0.8822290301322937,4
2840,StageAdapt,0.8636981844902039,5
2841,StageAdapt,0.910932183265686,5
2842,StageAdapt,0.8898994326591492,7
2843,StageAdapt,0.903523862361908,7
2844,StageAdapt,0.9088506102561951,7
2845,StageAdapt,0.9093953371047974,7
2846,StageAdapt,0.8904617428779602,7
2847,StageAdapt,0.6749001145362854,8
2848,StageAdapt,0.8062272667884827,7
2849,StageAdapt,0.7964125871658325,5
2850,StageAdapt,0.8461298942565918,5
2851,StageAdapt,0.740260124206543,6
2852,StageAdapt,0.7412315607070923,5
2853,StageAdapt,0.9282034039497375,4
2854,StageAdapt,0.8162093162536621,5
2855,StageAdapt,0.9093363881111145,4
2856,StageAdapt,0.9584481120109558,4
2857,StageAdapt,0.8727574944496155,3
2858,StageAdapt,0.8096527457237244,3
2859,StageAdapt,0.9058667421340942,2
2860,StageAdapt,0.9320366382598877,2
2861,StageAdapt,0.9403197765350342,2
2862,StageAdapt,0.9470030069351196,2
2863,StageAdapt,0.948790967464447,2
2864,StageAdapt,0.8746435046195984,2
2865,StageAdapt,0.8607594966888428,2
2866,StageAdapt,0.9036621451377869,2
2867,StageAdapt,0.8342031240463257,2
2868,StageAdapt,0.7027777433395386,2
2869,StageAdapt,0.6657980680465698,2
2870,StageAdapt,0.8780487775802612,1
2871,StageAdapt,0.8444444537162781,1
2872,StageAdapt,0.6530612111091614,1
2873,StageAdapt,0.7555555701255798,1
2874,StageAdapt,0.8636363744735718,1
2875,StageAdapt,0.6153846383094788,1
2876,StageAdapt,0.5925925970077515,1
2877,StageAdapt,0.9689737558364868,1
2878,StageAdapt,0.9039039015769958,1
2879,StageAdapt,0.8955532312393188,1
2880,StageAdapt,0.8454976081848145,1
2881,StageAdapt,0.9204545617103577,1
2882,StageAdapt,0.9295003414154053,1
2883,StageAdapt,0.9465649127960205,1
2884,StageAdapt,0.880334734916687,1
2885,StageAdapt,0.8810871839523315,1
2886,StageAdapt,0.022160664200782776,1
2887,StageAdapt,0.844357967376709,1
2888,StageAdapt,0.774193525314331,1
2889,StageAdapt,0.7870370149612427,1
2890,StageAdapt,0.9698996543884277,1
2891,StageAdapt,0.9671361446380615,1
2892,StageAdapt,0.534955620765686,2
2893,StageAdapt,0.8974430561065674,2
2894,StageAdapt,0.9514087438583374,2
2895,StageAdapt,0.7876960635185242,3
2896,StageAdapt,0.8077990412712097,3
2897,StageAdapt,0.822987973690033,3
2898,StageAdapt,0.8435661792755127,3
2899,StageAdapt,0.8573320508003235,3
2900,StageAdapt,0.5518046617507935,4
2901,StageAdapt,0.7306997776031494,4
2902,StageAdapt,0.6472374200820923,5
2903,StageAdapt,0.6567404866218567,5
2904,StageAdapt,0.7221401929855347,5
2905,StageAdapt,0.8020397424697876,5
2906,StageAdapt,0.6663339138031006,6
2907,StageAdapt,0.7258901596069336,7
2908,StageAdapt,0.7924723029136658,7
2909,StageAdapt,0.8544891476631165,6
2910,StageAdapt,0.8735909461975098,6
2911,StageAdapt,0.8294215798377991,7
2912,StageAdapt,0.8121269941329956,7
2913,StageAdapt,0.8104557991027832,6
2914,StageAdapt,0.8090927600860596,6
2915,StageAdapt,0.6753548383712769,5
2916,StageAdapt,0.6211177110671997,5
2917,StageAdapt,0.6424746513366699,5
2918,StageAdapt,0.6987035274505615,4
2919,StageAdapt,0.7388082146644592,4
2920,StageAdapt,0.6183627247810364,5
2921,StageAdapt,0.718234658241272,5
2922,StageAdapt,0.655258297920227,4
2923,StageAdapt,0.8648173809051514,3
2924,StageAdapt,0.8936140537261963,3
2925,StageAdapt,0.9241943359375,3
2926,StageAdapt,0.7773687839508057,3
2927,StageAdapt,0.8741344213485718,2
2928,StageAdapt,0.9310363531112671,2
2929,StageAdapt,0.9351154565811157,2
2930,StageAdapt,0.9110794067382812,2
2931,StageAdapt,0.8306437134742737,2
2932,StageAdapt,0.8444045782089233,2
2933,StageAdapt,0.8219178318977356,2
2934,StageAdapt,0.8728417158126831,2
2935,StageAdapt,0.8988639712333679,2
2936,StageAdapt,0.52173912525177,1
2937,StageAdapt,0.5696202516555786,1
2938,StageAdapt,0.8827361464500427,1
2939,StageAdapt,0.4266054928302765,1
2940,StageAdapt,0.601783037185669,1
2941,StageAdapt,0.9212707281112671,1
2942,StageAdapt,0.7251655459403992,1
2943,StageAdapt,0.42937853932380676,1
2944,StageAdapt,0.8037825226783752,1
2945,StageAdapt,0.8753541111946106,1
2946,StageAdapt,0.8495049476623535,1
2947,StageAdapt,0.8748018741607666,1
2948,StageAdapt,0.9255813956260681,1
2949,StageAdapt,0.8726801872253418,1
2950,StageAdapt,0.9320629835128784,1
2951,StageAdapt,0.933803379535675,1
2952,StageAdapt,0.9427852034568787,1
2953,StageAdapt,0.945441484451294,1
2954,StageAdapt,0.9383490085601807,1
2955,StageAdapt,0.9070063829421997,1
2956,StageAdapt,0.8778794407844543,1
2957,StageAdapt,0.8952240943908691,2
2958,StageAdapt,0.8449966311454773,3
2959,StageAdapt,0.801908016204834,4
2960,StageAdapt,0.769461989402771,4
2961,StageAdapt,0.8278249502182007,4
2962,StageAdapt,0.7862586975097656,6
2963,StageAdapt,0.8098664879798889,7
2964,StageAdapt,0.8308241963386536,7
2965,StageAdapt,0.832433819770813,7
2966,StageAdapt,0.8316174745559692,7
2967,StageAdapt,0.8488660454750061,7
2968,StageAdapt,0.8384129405021667,7
2969,StageAdapt,0.8397597074508667,7
2970,StageAdapt,0.7840103507041931,7
2971,StageAdapt,0.7929056286811829,6
2972,StageAdapt,0.9014320373535156,6
2973,StageAdapt,0.8664959073066711,6
2974,StageAdapt,0.8019694089889526,8
2975,StageAdapt,0.7032175660133362,7
2976,StageAdapt,0.8979613184928894,5
2977,StageAdapt,0.8654345273971558,5
2978,StageAdapt,0.7365822196006775,6
2979,StageAdapt,0.7066364884376526,6
2980,StageAdapt,0.799667477607727,5
2981,StageAdapt,0.8837814331054688,4
2982,StageAdapt,0.9095250368118286,4
2983,StageAdapt,0.7678476572036743,4
2984,StageAdapt,0.7815577983856201,2
2985,StageAdapt,0.7126436829566956,1
2986,StageAdapt,0.9009009003639221,1
2987,StageAdapt,0.8333333134651184,1
2988,StageAdapt,0.8952381014823914,1
2989,StageAdapt,0.9655172228813171,1
2990,StageAdapt,0.8623853325843811,1
2991,StageAdapt,0.9059829115867615,1
2992,StageAdapt,0.9189189076423645,1
2993,StageAdapt,0.9454545378684998,1
2994,StageAdapt,0.9333333373069763,1
2995,StageAdapt,0.9357798099517822,1
2996,StageAdapt,0.8541666865348816,1
2997,StageAdapt,0.75789475440979,1
2998,StageAdapt,0.8192771077156067,1
2999,StageAdapt,0.8648648858070374,1
3000,StageAdapt,0.8285714387893677,1
3001,StageAdapt,0.8780487775802612,1
3002,StageAdapt,0.8817204236984253,1
3003,StageAdapt,0.7948718070983887,1
3004,StageAdapt,0.6734693646430969,1
3005,StageAdapt,0.7777777910232544,1
3006,StageAdapt,0.6881720423698425,1
3007,StageAdapt,0.4941176474094391,1
3008,StageAdapt,0.39393940567970276,1
3009,StageAdapt,0.3684210479259491,1
3010,StageAdapt,0.3595505654811859,1
3011,StageAdapt,0.37974682450294495,1
3012,StageAdapt,0.5970149040222168,1
3013,StageAdapt,0.7352941036224365,1
3014,StageAdapt,0.8602150678634644,1
3015,StageAdapt,0.8684210777282715,1
3016,StageAdapt,0.8709677457809448,1
3017,StageAdapt,0.8524590134620667,1
3018,StageAdapt,0.8235294222831726,1
3019,StageAdapt,0.8947368264198303,1
3020,StageAdapt,0.8421052694320679,1
3021,StageAdapt,0.8888888955116272,1
3022,StageAdapt,0.8285714387893677,1
3023,StageAdapt,0.7594936490058899,1
3024,StageAdapt,0.8500000238418579,1
3025,StageAdapt,0.8235294222831726,1
3026,StageAdapt,0.707317054271698,1
3027,StageAdapt,0.7341772317886353,1
3028,StageAdapt,0.7090908885002136,1
3029,StageAdapt,0.5591397881507874,1
3030,StageAdapt,0.5609756112098694,1
3031,StageAdapt,0.6412213444709778,1
3032,StageAdapt,0.8877550959587097,1
3033,StageAdapt,0.9546350836753845,1
3034,StageAdapt,0.968137264251709,1
3035,StageAdapt,0.44155845046043396,1
3036,StageAdapt,2.673796739571799e-10,1
3037,StageAdapt,0.059405941516160965,1
3038,StageAdapt,7.246376831915313e-10,1
3039,StageAdapt,0.38461539149284363,1
3040,StageAdapt,0.5086206793785095,1
3041,StageAdapt,0.6643109321594238,1
3042,StageAdapt,0.5037487149238586,3
3043,StageAdapt,0.8560811877250671,3
3044,StageAdapt,0.8552287220954895,4
3045,StageAdapt,0.8791329264640808,6
3046,StageAdapt,0.8526881337165833,7
3047,StageAdapt,0.9029678702354431,7
3048,StageAdapt,0.9148064851760864,7
3049,StageAdapt,0.9094131588935852,7
3050,StageAdapt,0.9075182676315308,7
3051,StageAdapt,0.8669489622116089,7
3052,StageAdapt,0.8700678944587708,7
3053,StageAdapt,0.8001828789710999,7
3054,StageAdapt,0.7887284159660339,8
3055,StageAdapt,0.8579147458076477,7
3056,StageAdapt,0.7845034599304199,7
3057,StageAdapt,0.869289219379425,6
3058,StageAdapt,0.9001727104187012,6
3059,StageAdapt,0.8672513961791992,7
3060,StageAdapt,0.8730952143669128,7
3061,StageAdapt,0.9119756817817688,6
3062,StageAdapt,0.8467472791671753,7
3063,StageAdapt,0.8225412368774414,7
3064,StageAdapt,0.7729467153549194,7
3065,StageAdapt,0.7886486053466797,6
3066,StageAdapt,0.8453809022903442,4
3067,StageAdapt,0.8190103769302368,4
3068,StageAdapt,0.972374677658081,3
3069,StageAdapt,0.9648967385292053,3
3070,StageAdapt,0.9394078254699707,3
3071,StageAdapt,0.9140064120292664,4
3072,StageAdapt,0.8929421305656433,3
3073,StageAdapt,0.8949741125106812,2
3074,StageAdapt,0.9113175868988037,2
3075,StageAdapt,0.8374999761581421,1
3076,StageAdapt,0.9139179587364197,1
3077,StageAdapt,0.9446749687194824,1
3078,StageAdapt,0.9385474920272827,1
3079,StageAdapt,0.49193549156188965,1
3080,StageAdapt,0.7111111283302307,1
3081,StageAdapt,0.9435897469520569,1
3082,StageAdapt,0.9550173282623291,1
3083,StageAdapt,0.9352112412452698,1
3084,StageAdapt,0.9111111164093018,2
3085,StageAdapt,0.8932900428771973,3
3086,StageAdapt,0.8845598697662354,3
3087,StageAdapt,0.9442095756530762,3
3088,StageAdapt,0.8928272128105164,3
3089,StageAdapt,0.8864092230796814,3
3090,StageAdapt,0.782943069934845,3
3091,StageAdapt,0.6461295485496521,4
3092,StageAdapt,0.7725486755371094,5
3093,StageAdapt,0.8300920724868774,5
3094,StageAdapt,0.8649446368217468,5
3095,StageAdapt,0.8001980781555176,5
3096,StageAdapt,0.8877299427986145,6
3097,StageAdapt,0.7602077722549438,7
3098,StageAdapt,0.902131974697113,8
3099,StageAdapt,0.8944913148880005,8
3100,StageAdapt,0.9064337015151978,8
3101,StageAdapt,0.8697613477706909,9
3102,StageAdapt,0.8489491939544678,9
3103,StageAdapt,0.8114587068557739,7
3104,StageAdapt,0.8210018873214722,8
3105,StageAdapt,0.8343439102172852,6
3106,StageAdapt,0.8861033320426941,6
3107,StageAdapt,0.8566350936889648,5
3108,StageAdapt,0.8720160722732544,5
3109,StageAdapt,0.7373777627944946,5
3110,StageAdapt,0.7507804036140442,5
3111,StageAdapt,0.8210280537605286,5
3112,StageAdapt,0.7792495489120483,5
3113,StageAdapt,0.923086941242218,4
3114,StageAdapt,0.814475417137146,4
3115,StageAdapt,0.6983078718185425,4
3116,StageAdapt,0.6744000315666199,4
3117,StageAdapt,0.6096863150596619,3
3118,StageAdapt,0.6110100150108337,3
3119,StageAdapt,0.9063315391540527,2
3120,StageAdapt,0.8306263089179993,2
3121,StageAdapt,0.7496598958969116,2
3122,StageAdapt,0.7920030951499939,2
3123,StageAdapt,0.973621129989624,1
3124,StageAdapt,0.9148418307304382,1
3125,StageAdapt,0.9742612242698669,1
3126,StageAdapt,0.9808481335639954,1
3127,StageAdapt,0.9829221963882446,1
3128,StageAdapt,0.9680696725845337,1
3129,StageAdapt,0.6853147149085999,1
3130,StageAdapt,0.9152542352676392,1
3131,StageAdapt,0.9238269329071045,2
3132,StageAdapt,0.9798710942268372,2
3133,StageAdapt,0.986254870891571,2
3134,StageAdapt,0.9101050496101379,4
3135,StageAdapt,0.9591374397277832,4
3136,StageAdapt,0.7523442506790161,5
3137,StageAdapt,0.9175785779953003,5
3138,StageAdapt,0.9068974256515503,5
3139,StageAdapt,0.8703753352165222,6
3140,StageAdapt,0.9050561189651489,7
3141,StageAdapt,0.908383309841156,7
3142,StageAdapt,0.8812904357910156,8
3143,StageAdapt,0.9470154047012329,8
3144,StageAdapt,0.9536677598953247,8
3145,StageAdapt,0.8823188543319702,9
3146,StageAdapt,0.9019453525543213,9
3147,StageAdapt,0.9203611016273499,9
3148,StageAdapt,0.8990646004676819,9
3149,StageAdapt,0.8963342308998108,7
3150,StageAdapt,0.9191803932189941,7
3151,StageAdapt,0.7795405387878418,6
3152,StageAdapt,0.8789727687835693,4
3153,StageAdapt,0.9715846180915833,3
3154,StageAdapt,0.9747402667999268,3
3155,StageAdapt,0.9795569777488708,3
3156,StageAdapt,0.9210150241851807,4
3157,StageAdapt,0.9570561051368713,4
3158,StageAdapt,0.8147943019866943,4
3159,StageAdapt,0.9365431070327759,2
3160,StageAdapt,0.9615139961242676,2
3161,StageAdapt,0.9541918635368347,2
3162,StageAdapt,0.875212550163269,2
3163,StageAdapt,0.8192771077156067,1
3164,StageAdapt,0.8636363744735718,1
3165,StageAdapt,0.9056603908538818,1
3166,StageAdapt,0.6296296119689941,1
3167,StageAdapt,0.4651162922382355,1
3168,StageAdapt,0.9110047817230225,1
3169,StageAdapt,0.9535783529281616,1
3170,StageAdapt,0.9346092343330383,1
3171,StageAdapt,0.9590643048286438,1
3172,StageAdapt,0.9646127223968506,1
3173,StageAdapt,0.9679661989212036,1
3174,StageAdapt,0.9634279608726501,1
3175,StageAdapt,0.9279308915138245,1
3176,StageAdapt,0.784370481967926,1
3177,StageAdapt,0.7122736573219299,1
3178,StageAdapt,0.6415094137191772,1
3179,StageAdapt,0.8874619007110596,2
3180,StageAdapt,0.893399715423584,3
3181,StageAdapt,0.9343891739845276,3
3182,StageAdapt,0.8937459588050842,3
3183,StageAdapt,0.8965867161750793,3
3184,StageAdapt,0.867207944393158,3
3185,StageAdapt,0.8486933708190918,4
3186,StageAdapt,0.7907198071479797,5
3187,StageAdapt,0.8171541094779968,5
3188,StageAdapt,0.8716028332710266,5
3189,StageAdapt,0.8986913561820984,5
3190,StageAdapt,0.8725028038024902,6
3191,StageAdapt,0.78265780210495,7
3192,StageAdapt,0.8539160490036011,8
3193,StageAdapt,0.8512646555900574,9
3194,StageAdapt,0.8406515121459961,9
3195,StageAdapt,0.8786129355430603,9
3196,StageAdapt,0.8821576833724976,9
3197,StageAdapt,0.7702263593673706,9
3198,StageAdapt,0.7539031505584717,6
3199,StageAdapt,0.8943044543266296,4
3200,StageAdapt,0.7906270027160645,4
3201,StageAdapt,0.9356513023376465,3
3202,StageAdapt,0.9425562024116516,3
3203,StageAdapt,0.9326775670051575,3
3204,StageAdapt,0.9298386573791504,3
3205,StageAdapt,0.7334116697311401,2
3206,StageAdapt,0.7688355445861816,2
3207,StageAdapt,0.5350703597068787,2
3208,StageAdapt,0.937929093837738,2
3209,StageAdapt,0.8926547765731812,2
3210,StageAdapt,0.9188972115516663,2
3211,StageAdapt,0.9238481521606445,2
3212,StageAdapt,0.8709677457809448,1
3213,StageAdapt,0.9194312691688538,1
3214,StageAdapt,0.9213483333587646,1
3215,StageAdapt,0.8974359035491943,1
3216,StageAdapt,0.2539682686328888,1
3217,StageAdapt,0.5429234504699707,1
3218,StageAdapt,0.8612334728240967,1
3219,StageAdapt,0.8425472378730774,1
3220,StageAdapt,0.8792600035667419,1
3221,StageAdapt,0.924434244632721,1
3222,StageAdapt,0.9508323669433594,1
3223,StageAdapt,0.9705288410186768,1
3224,StageAdapt,0.8982957601547241,1
3225,StageAdapt,0.7543185949325562,1
3226,StageAdapt,0.739130437374115,2
3227,StageAdapt,0.8132875561714172,2
3228,StageAdapt,0.8404790759086609,3
3229,StageAdapt,0.8956997394561768,3
3230,StageAdapt,0.7830689549446106,3
3231,StageAdapt,0.9039844870567322,3
3232,StageAdapt,0.9072928428649902,4
3233,StageAdapt,0.8143677711486816,5
3234,StageAdapt,0.8591087460517883,6
3235,StageAdapt,0.851732075214386,6
3236,StageAdapt,0.8495960235595703,6
3237,StageAdapt,0.8473832011222839,6
3238,StageAdapt,0.8497534990310669,7
3239,StageAdapt,0.8707000017166138,7
3240,StageAdapt,0.8478021621704102,7
3241,StageAdapt,0.87535160779953,7
3242,StageAdapt,0.8178197741508484,8
3243,StageAdapt,0.8015297055244446,7
3244,StageAdapt,0.8105827569961548,8
3245,StageAdapt,0.8104420304298401,8
3246,StageAdapt,0.8377904891967773,7
3247,StageAdapt,0.9050914645195007,6
3248,StageAdapt,0.9062525629997253,6
3249,StageAdapt,0.8314138054847717,6
3250,StageAdapt,0.6727958917617798,5
3251,StageAdapt,0.9581387639045715,3
3252,StageAdapt,0.9543793201446533,3
3253,StageAdapt,0.9501877427101135,3
3254,StageAdapt,0.9647252559661865,3
3255,StageAdapt,0.9634602069854736,3
3256,StageAdapt,0.9585141539573669,3
3257,StageAdapt,0.9055106043815613,3
3258,StageAdapt,0.936713457107544,2
3259,StageAdapt,0.8871355652809143,2
3260,StageAdapt,0.8705109357833862,2
3261,StageAdapt,0.44723618030548096,2
3262,StageAdapt,0.6865671873092651,1
3263,StageAdapt,0.8448275923728943,1
3264,StageAdapt,0.8793103694915771,1
3265,StageAdapt,0.7628865838050842,1
3266,StageAdapt,0.8623853325843811,1
3267,StageAdapt,0.7878788113594055,1
3268,StageAdapt,0.6769230961799622,1
3269,StageAdapt,0.6800000071525574,1
3270,StageAdapt,0.7142857313156128,1
3271,StageAdapt,0.6511628031730652,1
3272,StageAdapt,0.6666666865348816,1
3273,StageAdapt,0.6236559152603149,1
3274,StageAdapt,0.9744779467582703,1
3275,StageAdapt,0.9299655556678772,1
3276,StageAdapt,0.8262476921081543,1
3277,StageAdapt,0.8924418687820435,1
3278,StageAdapt,0.09589041024446487,1
3279,StageAdapt,0.42157307267189026,2
3280,StageAdapt,0.6200087070465088,2
3281,StageAdapt,0.5239160656929016,3
3282,StageAdapt,0.8823235034942627,3
3283,StageAdapt,0.8862727880477905,4
3284,StageAdapt,0.924098014831543,4
3285,StageAdapt,0.9596463441848755,4
3286,StageAdapt,0.9617763757705688,4
3287,StageAdapt,0.9526247978210449,4
3288,StageAdapt,0.9043113589286804,5
3289,StageAdapt,0.9336387515068054,5
3290,StageAdapt,0.9277204275131226,5
3291,StageAdapt,0.9344462156295776,5
3292,StageAdapt,0.9324666857719421,5
3293,StageAdapt,0.9106621742248535,6
3294,StageAdapt,0.9115964770317078,6
3295,StageAdapt,0.8639889359474182,6
3296,StageAdapt,0.8554438352584839,7
3297,StageAdapt,0.8576703071594238,7
3298,StageAdapt,0.7871562242507935,8
3299,StageAdapt,0.8138900399208069,9
3300,StageAdapt,0.8962270021438599,9
3301,StageAdapt,0.876761794090271,10
3302,StageAdapt,0.7982013821601868,10
3303,StageAdapt,0.8955731391906738,8
3304,StageAdapt,0.9268115162849426,7
3305,StageAdapt,0.8948944807052612,7
3306,StageAdapt,0.7992582321166992,6
3307,StageAdapt,0.8803638815879822,4
3308,StageAdapt,0.9646151661872864,3
3309,StageAdapt,0.974122941493988,3
3310,StageAdapt,0.9637866020202637,3
3311,StageAdapt,0.9678953289985657,3
3312,StageAdapt,0.9304345846176147,4
3313,StageAdapt,0.9163982272148132,4
3314,StageAdapt,0.9519222378730774,4
3315,StageAdapt,0.6865671873092651,1
3316,StageAdapt,0.9153317809104919,1
3317,StageAdapt,0.8966318368911743,1
3318,StageAdapt,0.939130425453186,1
3319,StageAdapt,0.9648894667625427,1
3320,StageAdapt,0.9318559765815735,1
3321,StageAdapt,0.955937922000885,1
3322,StageAdapt,0.9600614309310913,1
3323,StageAdapt,0.9410990476608276,1
3324,StageAdapt,0.9706999659538269,1
3325,StageAdapt,0.9626168012619019,1
3326,StageAdapt,0.979556679725647,1
3327,StageAdapt,0.9716354608535767,1
3328,StageAdapt,0.9620253443717957,1
3329,StageAdapt,0.9673704504966736,1
3330,StageAdapt,0.96746426820755,1
3331,StageAdapt,0.9603658318519592,1
3332,StageAdapt,0.971024751663208,1
3333,StageAdapt,0.945354163646698,1
3334,StageAdapt,0.9155518412590027,1
3335,StageAdapt,0.8742045760154724,1
3336,StageAdapt,0.8779661059379578,1
3337,StageAdapt,0.8501966595649719,1
3338,StageAdapt,0.8897550106048584,1
3339,StageAdapt,0.5877550840377808,1
3340,StageAdapt,0.08510638028383255,1
3341,StageAdapt,0.949999988079071,1
3342,StageAdapt,0.9648711681365967,1
3343,StageAdapt,0.9700000286102295,1
3344,StageAdapt,0.9534591436386108,1
3345,StageAdapt,0.9798792600631714,1
3346,StageAdapt,0.6982235312461853,2
3347,StageAdapt,0.7128275036811829,2
3348,StageAdapt,0.7508502006530762,2
3349,StageAdapt,0.8360205888748169,2
3350,StageAdapt,0.876788318157196,2
3351,StageAdapt,0.8964532613754272,2
3352,StageAdapt,0.6611563563346863,3
3353,StageAdapt,0.6882449984550476,3
3354,StageAdapt,0.7023079991340637,4
3355,StageAdapt,0.7636325359344482,4
3356,StageAdapt,0.6892403960227966,6
3357,StageAdapt,0.8037716746330261,6
3358,StageAdapt,0.8490250706672668,6
3359,StageAdapt,0.8021665215492249,7
3360,StageAdapt,0.8634594678878784,7
3361,StageAdapt,0.8448325395584106,7
3362,StageAdapt,0.892389714717865,7
3363,StageAdapt,0.8955721855163574,7
3364,StageAdapt,0.8758454918861389,7
3365,StageAdapt,0.9007934927940369,7
3366,StageAdapt,0.8695971369743347,7
3367,StageAdapt,0.873214602470398,7
3368,StageAdapt,0.8886440396308899,7
3369,StageAdapt,0.8536561727523804,7
3370,StageAdapt,0.8586145043373108,7
3371,StageAdapt,0.839777946472168,7
3372,StageAdapt,0.8517776727676392,7
3373,StageAdapt,0.8772396445274353,7
3374,StageAdapt,0.8098746538162231,7
3375,StageAdapt,0.8458056449890137,7
3376,StageAdapt,0.8503299951553345,7
3377,StageAdapt,0.8408030271530151,7
3378,StageAdapt,0.8554027676582336,7
3379,StageAdapt,0.8650856018066406,7
3380,StageAdapt,0.8564205169677734,7
3381,StageAdapt,0.8328495025634766,7
3382,StageAdapt,0.8461451530456543,8
3383,StageAdapt,0.8457379937171936,8
3384,StageAdapt,0.865623950958252,8
3385,StageAdapt,0.8862923979759216,7
3386,StageAdapt,0.9002381563186646,7
3387,StageAdapt,0.8822387456893921,8
3388,StageAdapt,0.886673629283905,9
3389,StageAdapt,0.8094279766082764,9
3390,StageAdapt,0.8837872743606567,8
3391,StageAdapt,0.8422517776489258,8
3392,StageAdapt,0.856590747833252,8
3393,StageAdapt,0.9020901918411255,7
3394,StageAdapt,0.8805922269821167,7
3395,StageAdapt,0.8541487455368042,7
3396,StageAdapt,0.8703091740608215,7
3397,StageAdapt,0.8540481328964233,7
3398,StageAdapt,0.932205855846405,6
3399,StageAdapt,0.9310892224311829,6
3400,StageAdapt,0.9440853595733643,6
3401,StageAdapt,0.8604916930198669,6
3402,StageAdapt,0.8400833010673523,6
3403,StageAdapt,0.8563744425773621,6
3404,StageAdapt,0.8206637501716614,6
3405,StageAdapt,0.8126804232597351,5
3406,StageAdapt,0.8031301498413086,4
3407,StageAdapt,0.9634842276573181,3
3408,StageAdapt,0.9724556803703308,3
3409,StageAdapt,0.9586922526359558,3
3410,StageAdapt,0.8655234575271606,4
3411,StageAdapt,0.9311721324920654,4
3412,StageAdapt,0.9310286045074463,4
3413,StageAdapt,0.9364092350006104,4
3414,StageAdapt,0.92024165391922,4
3415,StageAdapt,0.941105842590332,4
3416,StageAdapt,0.9309865236282349,4
3417,StageAdapt,0.9105409383773804,4
3418,StageAdapt,0.9436764121055603,4
3419,StageAdapt,0.9134646654129028,4
3420,StageAdapt,0.9334472417831421,4
3421,StageAdapt,0.8055599927902222,4
3422,StageAdapt,0.9057912230491638,3
3423,StageAdapt,0.8806993365287781,3
3424,StageAdapt,0.7871009707450867,3
3425,StageAdapt,0.8661761283874512,2
3426,StageAdapt,0.8523308038711548,2
3427,StageAdapt,0.8048780560493469,1
3428,StageAdapt,0.6268656849861145,1
3429,StageAdapt,0.7042253613471985,1
3430,StageAdapt,0.7529411911964417,1
3431,StageAdapt,0.8737863898277283,1
3432,StageAdapt,0.9433962106704712,1
3433,StageAdapt,0.9465020298957825,1
3434,StageAdapt,0.9692112803459167,1
3435,StageAdapt,0.9849677681922913,1
3436,StageAdapt,0.9860615730285645,1
3437,StageAdapt,0.9847908616065979,1
3438,StageAdapt,0.9858204126358032,1
3439,StageAdapt,0.9901290535926819,1
3440,StageAdapt,0.9809744954109192,1
3441,StageAdapt,0.6652451753616333,1
3442,StageAdapt,0.945652186870575,1
3443,StageAdapt,0.6666666865348816,1
3444,StageAdapt,0.9837398529052734,1
3445,StageAdapt,0.9735192060470581,2
3446,StageAdapt,0.9796967506408691,2
3447,StageAdapt,0.9815244674682617,2
3448,StageAdapt,0.9682340621948242,3
3449,StageAdapt,0.9550900459289551,3
3450,StageAdapt,0.9651075005531311,3
3451,StageAdapt,0.9236741065979004,3
3452,StageAdapt,0.8905504941940308,5
3453,StageAdapt,0.9416219592094421,5
3454,StageAdapt,0.9065202474594116,5
3455,StageAdapt,0.935043215751648,5
3456,StageAdapt,0.9337404370307922,5
3457,StageAdapt,0.9421807527542114,5
3458,StageAdapt,0.9186561703681946,5
3459,StageAdapt,0.8009899854660034,7
3460,StageAdapt,0.9279071092605591,7
3461,StageAdapt,0.9410046339035034,7
3462,StageAdapt,0.935310423374176,7
3463,StageAdapt,0.906224250793457,10
3464,StageAdapt,0.926054835319519,10
3465,StageAdapt,0.9102083444595337,8
3466,StageAdapt,0.893740713596344,7
3467,StageAdapt,0.8110213875770569,6
3468,StageAdapt,0.9533599615097046,4
3469,StageAdapt,0.920947253704071,4
3470,StageAdapt,0.9721901416778564,3
3471,StageAdapt,0.9716820120811462,3
3472,StageAdapt,0.9662317633628845,3
3473,StageAdapt,0.951989471912384,4
3474,StageAdapt,0.9624060988426208,4
3475,StageAdapt,0.9422357678413391,4
3476,StageAdapt,0.9409753680229187,4
3477,StageAdapt,0.9315803647041321,3
3478,StageAdapt,0.8994056582450867,3
3479,StageAdapt,0.9481351375579834,2
3480,StageAdapt,0.9600565433502197,2
3481,StageAdapt,0.9641932249069214,2
3482,StageAdapt,0.9724876880645752,2
3483,StageAdapt,0.9761074781417847,2
3484,StageAdapt,0.9442930221557617,2
3485,StageAdapt,0.8888888955116272,1
3486,StageAdapt,0.8960000276565552,1
3487,StageAdapt,0.9059829115867615,1
3488,StageAdapt,0.8131868243217468,1
3489,StageAdapt,0.8695651888847351,1
3490,StageAdapt,0.89552241563797,1
3491,StageAdapt,0.739130437374115,1
3492,StageAdapt,0.8333333134651184,1
3493,StageAdapt,0.7777777910232544,1
3494,StageAdapt,0.7605633735656738,1
3495,StageAdapt,0.8631578683853149,1
3496,StageAdapt,0.8712871074676514,1
3497,StageAdapt,0.8695651888847351,1
3498,StageAdapt,0.7631579041481018,1
3499,StageAdapt,0.8524590134620667,1
3500,StageAdapt,0.9090909361839294,1
3501,StageAdapt,0.7843137383460999,1
3502,StageAdapt,0.8266666531562805,1
3503,StageAdapt,0.7191011309623718,1
3504,StageAdapt,0.9090909361839294,1
3505,StageAdapt,0.8907563090324402,1
3506,StageAdapt,0.843137264251709,1
3507,StageAdapt,0.8433734774589539,1
3508,StageAdapt,0.8157894611358643,1
3509,StageAdapt,0.8571428656578064,1
3510,StageAdapt,0.8235294222831726,1
3511,StageAdapt,0.8181818127632141,1
3512,StageAdapt,0.7631579041481018,1
3513,StageAdapt,0.8863636255264282,1
3514,StageAdapt,0.7605633735656738,1
3515,StageAdapt,0.7160493731498718,1
3516,StageAdapt,0.7948718070983887,1
3517,StageAdapt,0.9069767594337463,1
3518,StageAdapt,0.9024389982223511,1
3519,StageAdapt,0.8947368264198303,1
3520,StageAdapt,0.7532467246055603,1
0,Hproj2,0.9278846383094788,1
1,Hproj2,0.9275675415992737,1
2,Hproj2,0.9764543175697327,1
3,Hproj2,0.9599999785423279,1
4,Hproj2,0.9831387996673584,1
5,Hproj2,0.9889415502548218,1
6,Hproj2,0.9890109896659851,1
7,Hproj2,0.9829059839248657,1
8,Hproj2,0.9490695595741272,1
9,Hproj2,0.9749582409858704,1
10,Hproj2,0.9682996869087219,1
11,Hproj2,0.9476743936538696,1
12,Hproj2,1.2500000146076218e-08,1
13,Hproj2,0.9192546606063843,1
14,Hproj2,0.9696969985961914,1
15,Hproj2,0.8444343209266663,2
16,Hproj2,0.8703427314758301,2
17,Hproj2,0.7822290062904358,3
18,Hproj2,0.8453660607337952,3
19,Hproj2,0.826450526714325,4
20,Hproj2,0.8727896213531494,4
21,Hproj2,0.9011706113815308,4
22,Hproj2,0.8248659372329712,5
23,Hproj2,0.7247298359870911,6
24,Hproj2,0.6816428303718567,6
25,Hproj2,0.8072302341461182,6
26,Hproj2,0.8451547622680664,6
27,Hproj2,0.8503041863441467,7
28,Hproj2,0.7855696082115173,7
29,Hproj2,0.807957649230957,7
30,Hproj2,0.8725094199180603,7
31,Hproj2,0.884307324886322,7
32,Hproj2,0.8359887003898621,8
33,Hproj2,0.8395354747772217,8
34,Hproj2,0.798909604549408,6
35,Hproj2,0.7681172490119934,7
36,Hproj2,0.8774386048316956,7
37,Hproj2,0.8829558491706848,7
38,Hproj2,0.8453472256660461,7
39,Hproj2,0.9026956558227539,6
40,Hproj2,0.7035865187644958,6
41,Hproj2,0.5779517292976379,5
42,Hproj2,0.7335606813430786,4
43,Hproj2,0.9769515991210938,3
44,Hproj2,0.8166085481643677,4
45,Hproj2,0.8118648529052734,4
46,Hproj2,0.9122675657272339,4
47,Hproj2,0.9128872752189636,4
48,Hproj2,0.6008583903312683,1
49,Hproj2,0.7853736281394958,1
50,Hproj2,0.23255814611911774,1
51,Hproj2,3.703703732593766e-10,1
52,Hproj2,2.1141649542144592e-10,1
53,Hproj2,1.9685039709393948e-10,1
54,Hproj2,1.9685039709393948e-10,1
55,Hproj2,6.578947386870482e-10,1
56,Hproj2,0.1865486204624176,2
57,Hproj2,0.5907738208770752,2
58,Hproj2,0.6326465606689453,2
59,Hproj2,0.6477671265602112,2
60,Hproj2,0.36613020300865173,3
61,Hproj2,0.5396771430969238,4
62,Hproj2,0.6156202554702759,5
63,Hproj2,0.5740714073181152,5
64,Hproj2,0.7408480048179626,5
65,Hproj2,0.8178504109382629,5
66,Hproj2,0.7738499641418457,5
67,Hproj2,0.7081541419029236,6
68,Hproj2,0.6047455668449402,7
69,Hproj2,0.5772414803504944,7
70,Hproj2,0.6860668659210205,8
71,Hproj2,0.7348164319992065,8
72,Hproj2,0.7427615523338318,9
73,Hproj2,0.8454235196113586,8
74,Hproj2,0.80861896276474,9
75,Hproj2,0.6523339152336121,9
76,Hproj2,0.8063434362411499,8
77,Hproj2,0.6948760151863098,7
78,Hproj2,0.8099263310432434,6
79,Hproj2,0.7959480285644531,5
80,Hproj2,0.9239466190338135,4
81,Hproj2,0.6884315013885498,4
82,Hproj2,0.9132261276245117,3
83,Hproj2,0.7250533699989319,3
84,Hproj2,0.5054896473884583,4
85,Hproj2,0.5161807537078857,4
86,Hproj2,0.5068251490592957,3
87,Hproj2,0.6113483905792236,2
88,Hproj2,0.6076492071151733,2
89,Hproj2,0.564082682132721,2
90,Hproj2,0.1666666716337204,2
91,Hproj2,0.4642857015132904,1
92,Hproj2,0.4150943458080292,1
93,Hproj2,0.24137930572032928,1
94,Hproj2,0.3396226465702057,1
95,Hproj2,0.38297873735427856,1
96,Hproj2,0.529411792755127,1
97,Hproj2,0.5600000023841858,1
98,Hproj2,0.52173912525177,1
99,Hproj2,0.5161290168762207,1
100,Hproj2,0.6842105388641357,1
101,Hproj2,0.6486486196517944,1
102,Hproj2,0.739130437374115,1
103,Hproj2,0.7272727489471436,1
104,Hproj2,0.5945945978164673,1
105,Hproj2,0.5641025900840759,1
106,Hproj2,0.6315789222717285,1
107,Hproj2,0.6451612710952759,1
108,Hproj2,0.6666666865348816,1
109,Hproj2,0.9142857193946838,1
110,Hproj2,0.8205128312110901,1
111,Hproj2,0.8965517282485962,1
112,Hproj2,0.8275862336158752,1
113,Hproj2,0.5405405163764954,1
114,Hproj2,0.6875,1
115,Hproj2,0.7096773982048035,1
116,Hproj2,0.5454545617103577,1
117,Hproj2,0.6857143044471741,1
118,Hproj2,0.6842105388641357,1
119,Hproj2,0.75,1
120,Hproj2,0.6818181872367859,1
121,Hproj2,0.6451612710952759,1
122,Hproj2,0.4848484992980957,1
123,Hproj2,0.6399999856948853,1
124,Hproj2,0.2347826063632965,1
125,Hproj2,0.3503808379173279,1
126,Hproj2,0.5116918683052063,1
127,Hproj2,0.9600840210914612,1
128,Hproj2,0.9715335369110107,1
129,Hproj2,0.9723381996154785,1
130,Hproj2,0.9739297032356262,1
131,Hproj2,0.8595624566078186,1
132,Hproj2,0.7222222089767456,1
133,Hproj2,0.5655563473701477,1
134,Hproj2,0.3783924877643585,1
135,Hproj2,0.2017618715763092,1
136,Hproj2,0.10098176449537277,1
137,Hproj2,0.9154855608940125,2
138,Hproj2,0.9082575440406799,3
139,Hproj2,0.9392651915550232,3
140,Hproj2,0.8846326470375061,3
141,Hproj2,0.8985098004341125,3
142,Hproj2,0.9253025650978088,3
143,Hproj2,0.9289994239807129,3
144,Hproj2,0.9022541046142578,3
145,Hproj2,0.8761681914329529,3
146,Hproj2,0.8362340927124023,3
147,Hproj2,0.8930349946022034,3
148,Hproj2,0.9066855311393738,3
149,Hproj2,0.9233329892158508,3
150,Hproj2,0.8919536471366882,3
151,Hproj2,0.8914632797241211,3
152,Hproj2,0.9283861517906189,3
153,Hproj2,0.8389290571212769,4
154,Hproj2,0.8407987952232361,4
155,Hproj2,0.8015036582946777,4
156,Hproj2,0.820412814617157,6
157,Hproj2,0.9215187430381775,6
158,Hproj2,0.8829855918884277,6
159,Hproj2,0.9250268340110779,6
160,Hproj2,0.9239654541015625,6
161,Hproj2,0.8988826870918274,6
162,Hproj2,0.8742693066596985,6
163,Hproj2,0.8519218564033508,6
164,Hproj2,0.9343936443328857,6
165,Hproj2,0.9218573570251465,6
166,Hproj2,0.9168279767036438,6
167,Hproj2,0.9143457412719727,6
168,Hproj2,0.8738377690315247,7
169,Hproj2,0.915710985660553,7
170,Hproj2,0.9319761991500854,7
171,Hproj2,0.9130961298942566,7
172,Hproj2,0.9297484159469604,7
173,Hproj2,0.9189509749412537,7
174,Hproj2,0.9095506072044373,7
175,Hproj2,0.6772449612617493,8
176,Hproj2,0.7574447393417358,8
177,Hproj2,0.7965158224105835,8
178,Hproj2,0.8147080540657043,9
179,Hproj2,0.771159291267395,9
180,Hproj2,0.6393759846687317,9
181,Hproj2,0.7642810940742493,8
182,Hproj2,0.8103950619697571,8
183,Hproj2,0.8000841736793518,6
184,Hproj2,0.7984108328819275,5
185,Hproj2,0.8046420216560364,5
186,Hproj2,0.8242565393447876,5
187,Hproj2,0.8473469018936157,5
188,Hproj2,0.6930063962936401,5
189,Hproj2,0.8322291374206543,4
190,Hproj2,0.8105347156524658,4
191,Hproj2,0.8446732759475708,4
192,Hproj2,0.842964768409729,4
193,Hproj2,0.8126385807991028,4
194,Hproj2,0.8420454859733582,3
195,Hproj2,0.6979240775108337,3
196,Hproj2,0.9580325484275818,2
197,Hproj2,0.9656980037689209,2
198,Hproj2,0.9752469062805176,2
199,Hproj2,0.9823480844497681,2
200,Hproj2,0.9670032858848572,2
201,Hproj2,0.9731366634368896,2
202,Hproj2,0.9759992361068726,2
203,Hproj2,0.9684667587280273,2
204,Hproj2,0.9716551303863525,2
205,Hproj2,0.9590160250663757,2
206,Hproj2,0.962943971157074,2
207,Hproj2,0.8941051363945007,3
208,Hproj2,0.850994884967804,3
209,Hproj2,0.9099256992340088,3
210,Hproj2,0.7900964617729187,3
211,Hproj2,0.9275128841400146,2
212,Hproj2,0.9476689100265503,2
213,Hproj2,0.9557608962059021,2
214,Hproj2,0.9701524972915649,2
215,Hproj2,0.9284671545028687,2
216,Hproj2,0.953433632850647,2
217,Hproj2,0.9670770764350891,2
218,Hproj2,0.9478700160980225,2
219,Hproj2,0.9637836217880249,2
220,Hproj2,0.8686524629592896,2
221,Hproj2,0.9486232399940491,2
222,Hproj2,0.8758183717727661,2
223,Hproj2,0.6905968189239502,2
224,Hproj2,0.7272727489471436,1
225,Hproj2,0.6962025165557861,1
226,Hproj2,0.7368420958518982,1
227,Hproj2,0.694915235042572,1
228,Hproj2,0.8181818127632141,1
229,Hproj2,0.8333333134651184,1
230,Hproj2,0.778761088848114,1
231,Hproj2,0.7070707082748413,1
232,Hproj2,0.75,1
233,Hproj2,0.7843137383460999,1
234,Hproj2,0.8039215803146362,1
235,Hproj2,0.7884615659713745,1
236,Hproj2,0.8571428656578064,1
237,Hproj2,0.8545454740524292,1
238,Hproj2,0.8983050584793091,1
239,Hproj2,0.8760330677032471,1
240,Hproj2,0.8947368264198303,1
241,Hproj2,0.13333334028720856,1
242,Hproj2,0.4216524362564087,1
243,Hproj2,0.5342789888381958,1
244,Hproj2,0.6240000128746033,1
245,Hproj2,0.8838527202606201,1
246,Hproj2,0.9032257795333862,1
247,Hproj2,0.8898488283157349,1
248,Hproj2,0.9100169539451599,1
249,Hproj2,0.9060605764389038,1
250,Hproj2,0.8979591727256775,1
251,Hproj2,0.9039692878723145,1
252,Hproj2,0.9585666060447693,1
253,Hproj2,0.9564336538314819,1
254,Hproj2,0.9719806909561157,1
255,Hproj2,0.955195426940918,1
256,Hproj2,0.9760273694992065,1
257,Hproj2,0.9674344658851624,1
258,Hproj2,0.9829192757606506,1
259,Hproj2,0.9610389471054077,1
260,Hproj2,0.9699570536613464,1
261,Hproj2,0.970310389995575,1
262,Hproj2,0.9841059446334839,1
263,Hproj2,0.98046875,1
264,Hproj2,0.9706066250801086,1
265,Hproj2,0.9692586064338684,1
266,Hproj2,0.9845605492591858,1
267,Hproj2,0.9794721603393555,1
268,Hproj2,0.9725182056427002,1
269,Hproj2,0.9776322841644287,1
270,Hproj2,0.985991358757019,1
271,Hproj2,0.979200005531311,1
272,Hproj2,0.9682619571685791,1
273,Hproj2,0.9830677509307861,1
274,Hproj2,0.9901283383369446,1
275,Hproj2,0.9819247722625732,1
276,Hproj2,0.9778420329093933,1
277,Hproj2,0.9878048896789551,1
278,Hproj2,0.9897674322128296,1
279,Hproj2,0.9796860814094543,1
280,Hproj2,0.9741697311401367,1
281,Hproj2,0.9823911190032959,1
282,Hproj2,0.9920597672462463,1
283,Hproj2,0.9853566288948059,1
284,Hproj2,0.9561271071434021,1
285,Hproj2,0.9532133936882019,1
286,Hproj2,0.9630400538444519,1
287,Hproj2,0.9560209512710571,1
288,Hproj2,0.895844578742981,1
289,Hproj2,0.9420803785324097,1
290,Hproj2,0.9436964392662048,1
291,Hproj2,0.910163938999176,1
292,Hproj2,0.9256899952888489,1
293,Hproj2,0.8236092329025269,1
294,Hproj2,0.6686976552009583,1
295,Hproj2,0.683563768863678,1
296,Hproj2,0.8243021368980408,1
297,Hproj2,0.8259109258651733,1
298,Hproj2,0.7634408473968506,1
299,Hproj2,0.5396825671195984,1
300,Hproj2,7.142857416653214e-09,1
301,Hproj2,5.882352827057957e-09,1
302,Hproj2,4.347826099149188e-09,1
303,Hproj2,2.0833332836645013e-09,1
304,Hproj2,0.3103448152542114,2
305,Hproj2,0.3035714328289032,2
306,Hproj2,0.41803279519081116,2
307,Hproj2,0.4170854389667511,2
308,Hproj2,0.4280821979045868,2
309,Hproj2,0.47999998927116394,2
310,Hproj2,0.4850574731826782,2
311,Hproj2,0.6090003252029419,3
312,Hproj2,0.7466529011726379,3
313,Hproj2,0.7561829090118408,3
314,Hproj2,0.7489579319953918,3
315,Hproj2,0.8381163477897644,3
316,Hproj2,0.8561548590660095,3
317,Hproj2,0.8519973754882812,3
318,Hproj2,0.828014612197876,3
319,Hproj2,0.7402104139328003,4
320,Hproj2,0.7373149991035461,4
321,Hproj2,0.7563580274581909,4
322,Hproj2,0.7763305902481079,4
323,Hproj2,0.7406905889511108,4
324,Hproj2,0.6911774277687073,4
325,Hproj2,0.8252118229866028,4
326,Hproj2,0.7980415225028992,4
327,Hproj2,0.7827707529067993,4
328,Hproj2,0.787378191947937,4
329,Hproj2,0.743742048740387,4
330,Hproj2,0.7887232899665833,4
331,Hproj2,0.8355419039726257,4
332,Hproj2,0.854607105255127,4
333,Hproj2,0.8726490139961243,4
334,Hproj2,0.8624022006988525,4
335,Hproj2,0.8522312641143799,4
336,Hproj2,0.8790989518165588,4
337,Hproj2,0.8498724699020386,4
338,Hproj2,0.8519182205200195,4
339,Hproj2,0.8424990177154541,4
340,Hproj2,0.8572304248809814,4
341,Hproj2,0.8580237627029419,4
342,Hproj2,0.9097800254821777,4
343,Hproj2,0.8625518679618835,4
344,Hproj2,0.8553686738014221,4
345,Hproj2,0.8388232588768005,4
346,Hproj2,0.8029661178588867,4
347,Hproj2,0.6174629926681519,5
348,Hproj2,0.7246983051300049,5
349,Hproj2,0.8502358198165894,5
350,Hproj2,0.8209946751594543,5
351,Hproj2,0.8984835743904114,5
352,Hproj2,0.9070825576782227,5
353,Hproj2,0.9010764956474304,5
354,Hproj2,0.8772827386856079,5
355,Hproj2,0.7081837058067322,6
356,Hproj2,0.875901997089386,6
357,Hproj2,0.6648311018943787,6
358,Hproj2,0.7872411608695984,6
359,Hproj2,0.892876148223877,6
360,Hproj2,0.9227177500724792,6
361,Hproj2,0.891880989074707,6
362,Hproj2,0.8702192902565002,6
363,Hproj2,0.9045407772064209,6
364,Hproj2,0.9138115048408508,6
365,Hproj2,0.9031427502632141,6
366,Hproj2,0.8805102705955505,6
367,Hproj2,0.8952590823173523,6
368,Hproj2,0.8645221590995789,6
369,Hproj2,0.874316394329071,6
370,Hproj2,0.8190540671348572,7
371,Hproj2,0.8313738703727722,7
372,Hproj2,0.8986703157424927,7
373,Hproj2,0.8253296613693237,7
374,Hproj2,0.7692574262619019,7
375,Hproj2,0.7705763578414917,7
376,Hproj2,0.7698974609375,7
377,Hproj2,0.8022387623786926,6
378,Hproj2,0.7078402638435364,6
379,Hproj2,0.6436735987663269,7
380,Hproj2,0.6144578456878662,8
381,Hproj2,0.6185553669929504,8
382,Hproj2,0.5047535300254822,8
383,Hproj2,0.6794916987419128,6
384,Hproj2,0.7552828788757324,6
385,Hproj2,0.7012494206428528,6
386,Hproj2,0.5731754302978516,6
387,Hproj2,0.6977283954620361,4
388,Hproj2,0.7066787481307983,4
389,Hproj2,0.709251880645752,4
390,Hproj2,0.9212987422943115,3
391,Hproj2,0.9496394991874695,3
392,Hproj2,0.9447600245475769,3
393,Hproj2,0.9485654830932617,3
394,Hproj2,0.9535916447639465,3
395,Hproj2,0.9482056498527527,3
396,Hproj2,0.9325030446052551,3
397,Hproj2,0.9212833046913147,3
398,Hproj2,0.9299373030662537,3
399,Hproj2,0.9371346831321716,3
400,Hproj2,0.9572884440422058,3
401,Hproj2,0.9615940451622009,3
402,Hproj2,0.9527698159217834,3
403,Hproj2,0.9592428803443909,3
404,Hproj2,0.9663645625114441,3
405,Hproj2,0.9600827097892761,3
406,Hproj2,0.9605647921562195,3
407,Hproj2,0.8446707129478455,4
408,Hproj2,0.8490121364593506,4
409,Hproj2,0.8381336331367493,4
410,Hproj2,0.8321530818939209,4
411,Hproj2,0.9310755133628845,4
412,Hproj2,0.9509092569351196,4
413,Hproj2,0.9441297054290771,4
414,Hproj2,0.9423446655273438,4
415,Hproj2,0.9535573124885559,4
416,Hproj2,0.9757318496704102,4
417,Hproj2,0.9573402404785156,4
418,Hproj2,0.9412920475006104,4
419,Hproj2,0.9541174173355103,4
420,Hproj2,0.9580392837524414,4
421,Hproj2,0.9410143494606018,4
422,Hproj2,0.9140603542327881,4
423,Hproj2,0.9615488648414612,4
424,Hproj2,0.977971076965332,4
425,Hproj2,0.9607343673706055,4
426,Hproj2,0.9299875497817993,4
427,Hproj2,0.9071352481842041,4
428,Hproj2,0.9388081431388855,4
429,Hproj2,0.953896701335907,4
430,Hproj2,0.8774999976158142,4
431,Hproj2,0.797259509563446,3
432,Hproj2,0.6365345120429993,3
433,Hproj2,0.8912198543548584,2
434,Hproj2,0.9041445255279541,2
435,Hproj2,0.877685010433197,2
436,Hproj2,0.8894855976104736,2
437,Hproj2,0.8798466920852661,2
438,Hproj2,0.8333998322486877,2
439,Hproj2,0.7966514825820923,2
440,Hproj2,0.8287774920463562,2
441,Hproj2,0.7980023622512817,2
442,Hproj2,0.7637437582015991,2
443,Hproj2,0.7654321193695068,1
444,Hproj2,0.6666666865348816,1
445,Hproj2,0.5897436141967773,1
446,Hproj2,0.4109589159488678,1
447,Hproj2,0.47999998927116394,1
448,Hproj2,0.5714285969734192,1
449,Hproj2,0.4897959232330322,1
450,Hproj2,0.5517241358757019,1
451,Hproj2,0.5,1
452,Hproj2,0.22857142984867096,1
453,Hproj2,0.6382978558540344,1
454,Hproj2,0.44999998807907104,1
455,Hproj2,0.5306122303009033,1
456,Hproj2,0.43478259444236755,1
457,Hproj2,0.42105263471603394,1
458,Hproj2,0.6428571343421936,1
459,Hproj2,0.2222222238779068,1
460,Hproj2,0.375,1
461,Hproj2,0.37037035822868347,1
462,Hproj2,0.4137931168079376,1
463,Hproj2,0.21052631735801697,1
464,Hproj2,0.11999999731779099,1
465,Hproj2,3.030303119544442e-09,1
466,Hproj2,0.6386554837226868,1
467,Hproj2,0.8478964567184448,1
468,Hproj2,0.8733459115028381,1
469,Hproj2,0.9320905208587646,1
470,Hproj2,0.9418181777000427,1
471,Hproj2,0.9583333134651184,1
472,Hproj2,0.9643059372901917,1
473,Hproj2,0.9510489702224731,1
474,Hproj2,0.894130527973175,1
475,Hproj2,0.89747554063797,1
476,Hproj2,0.906356155872345,1
477,Hproj2,0.8022847175598145,1
478,Hproj2,0.8138527870178223,1
479,Hproj2,0.7153002023696899,1
480,Hproj2,0.41004183888435364,1
481,Hproj2,0.10485436767339706,1
482,Hproj2,0.0059523810632526875,1
483,Hproj2,1.0718113896412973e-10,1
484,Hproj2,0.003016591304913163,1
485,Hproj2,7.639419652427648e-11,1
486,Hproj2,9.43396250008277e-10,1
487,Hproj2,0.5769230723381042,1
488,Hproj2,0.7872340679168701,1
489,Hproj2,0.7785888314247131,1
490,Hproj2,0.8641425371170044,1
491,Hproj2,0.8470588326454163,1
492,Hproj2,0.4536784887313843,2
493,Hproj2,0.5963274836540222,2
494,Hproj2,0.7410450577735901,3
495,Hproj2,0.8764737248420715,3
496,Hproj2,0.9097716808319092,3
497,Hproj2,0.7735101580619812,3
498,Hproj2,0.7503232359886169,3
499,Hproj2,0.8617603182792664,3
500,Hproj2,0.8662741780281067,3
501,Hproj2,0.9089061617851257,3
502,Hproj2,0.8744514584541321,3
503,Hproj2,0.9026574492454529,3
504,Hproj2,0.8636667728424072,3
505,Hproj2,0.9189736843109131,3
506,Hproj2,0.9431385397911072,3
507,Hproj2,0.9309265613555908,3
508,Hproj2,0.6223153471946716,5
509,Hproj2,0.6762799620628357,5
510,Hproj2,0.4864342510700226,6
511,Hproj2,0.64694744348526,6
512,Hproj2,0.7145553231239319,6
513,Hproj2,0.7245054841041565,6
514,Hproj2,0.7099090218544006,7
515,Hproj2,0.7942599058151245,7
516,Hproj2,0.8262134194374084,7
517,Hproj2,0.7463890314102173,7
518,Hproj2,0.7710980176925659,7
519,Hproj2,0.7902507185935974,7
520,Hproj2,0.8931424021720886,7
521,Hproj2,0.9269479513168335,7
522,Hproj2,0.8800662755966187,7
523,Hproj2,0.9337544441223145,7
524,Hproj2,0.8973860144615173,8
525,Hproj2,0.9227049946784973,9
526,Hproj2,0.9140326976776123,9
527,Hproj2,0.8706395626068115,9
528,Hproj2,0.8911037445068359,9
529,Hproj2,0.9115367531776428,9
530,Hproj2,0.9200263619422913,9
531,Hproj2,0.9050291776657104,9
532,Hproj2,0.9074427485466003,9
533,Hproj2,0.9054657816886902,9
534,Hproj2,0.9172303080558777,9
535,Hproj2,0.9202781915664673,10
536,Hproj2,0.8630359768867493,10
537,Hproj2,0.9164773225784302,9
538,Hproj2,0.9378262758255005,9
539,Hproj2,0.8943465948104858,8
540,Hproj2,0.9411712884902954,8
541,Hproj2,0.9000855684280396,8
542,Hproj2,0.88399738073349,8
543,Hproj2,0.904904305934906,7
544,Hproj2,0.8916862607002258,5
545,Hproj2,0.941024124622345,4
546,Hproj2,0.9264401197433472,4
547,Hproj2,0.979869544506073,3
548,Hproj2,0.9845584034919739,3
549,Hproj2,0.9782781600952148,3
550,Hproj2,0.9819087982177734,3
551,Hproj2,0.9814391136169434,3
552,Hproj2,0.9760925769805908,3
553,Hproj2,0.9828011989593506,3
554,Hproj2,0.9737430214881897,3
555,Hproj2,0.9655914306640625,4
556,Hproj2,0.9707695841789246,4
557,Hproj2,0.9546054005622864,4
558,Hproj2,0.969144880771637,4
559,Hproj2,0.9547001123428345,4
560,Hproj2,0.9760541915893555,4
561,Hproj2,0.9410258531570435,4
562,Hproj2,0.9545778036117554,4
563,Hproj2,0.9616777300834656,4
564,Hproj2,0.9550362825393677,4
565,Hproj2,0.9668058156967163,4
566,Hproj2,0.956159770488739,4
567,Hproj2,0.9076489806175232,4
568,Hproj2,0.9062971472740173,4
569,Hproj2,0.8240904808044434,4
570,Hproj2,0.8897852897644043,3
571,Hproj2,0.8888759613037109,3
572,Hproj2,0.8866209387779236,2
573,Hproj2,0.8840955495834351,2
574,Hproj2,0.8885774612426758,2
575,Hproj2,0.9378839135169983,2
576,Hproj2,0.8888320922851562,2
577,Hproj2,0.8924424648284912,2
578,Hproj2,0.8218040466308594,2
579,Hproj2,0.8909090757369995,1
580,Hproj2,0.8421052694320679,1
581,Hproj2,0.9174311757087708,1
582,Hproj2,0.8888888955116272,1
583,Hproj2,0.9038461446762085,1
584,Hproj2,0.8952381014823914,1
585,Hproj2,0.9622641801834106,1
586,Hproj2,0.8761904835700989,1
587,Hproj2,0.8913043737411499,1
588,Hproj2,0.8723404407501221,1
589,Hproj2,0.898876428604126,1
590,Hproj2,0.8470588326454163,1
591,Hproj2,0.8674699068069458,1
592,Hproj2,0.8695651888847351,1
593,Hproj2,0.89552241563797,1
594,Hproj2,0.8219178318977356,1
595,Hproj2,0.7761194109916687,1
596,Hproj2,0.8125,1
597,Hproj2,0.8813559412956238,1
598,Hproj2,0.8387096524238586,1
599,Hproj2,0.8125,1
600,Hproj2,0.8474576473236084,1
601,Hproj2,0.8196721076965332,1
602,Hproj2,0.7301587462425232,1
603,Hproj2,0.6969696879386902,1
604,Hproj2,0.71875,1
605,Hproj2,0.8115941882133484,1
606,Hproj2,0.7887324094772339,1
607,Hproj2,0.9333333373069763,1
608,Hproj2,0.8717948794364929,1
609,Hproj2,0.7472527623176575,1
610,Hproj2,0.8514851331710815,1
611,Hproj2,0.8399999737739563,1
612,Hproj2,0.849056601524353,1
613,Hproj2,0.9217391014099121,1
614,Hproj2,0.8595041036605835,1
615,Hproj2,0.8818897604942322,1
616,Hproj2,0.9180327653884888,1
617,Hproj2,0.8349514603614807,1
618,Hproj2,0.8484848737716675,1
619,Hproj2,0.8791208863258362,1
620,Hproj2,0.8656716346740723,1
621,Hproj2,0.9180327653884888,1
622,Hproj2,0.7547169923782349,1
623,Hproj2,0.6511628031730652,1
624,Hproj2,0.5098039507865906,1
625,Hproj2,0.21052631735801697,1
626,Hproj2,0.45614033937454224,1
627,Hproj2,0.42307692766189575,1
628,Hproj2,0.6410256624221802,1
629,Hproj2,0.6984127163887024,1
630,Hproj2,0.8615384697914124,1
631,Hproj2,0.8505747318267822,1
632,Hproj2,0.8461538553237915,1
633,Hproj2,0.8571428656578064,1
634,Hproj2,0.8354430198669434,1
635,Hproj2,0.9350649118423462,1
636,Hproj2,0.8717948794364929,1
637,Hproj2,0.8409090638160706,1
638,Hproj2,0.6933333277702332,1
639,Hproj2,0.59375,1
640,Hproj2,0.5633803009986877,1
641,Hproj2,0.6666666865348816,1
642,Hproj2,0.7250000238418579,1
643,Hproj2,0.7848101258277893,1
644,Hproj2,0.75,1
645,Hproj2,0.7631579041481018,1
646,Hproj2,0.8169013857841492,1
647,Hproj2,0.8433734774589539,1
648,Hproj2,0.8266666531562805,1
649,Hproj2,0.7272727489471436,1
650,Hproj2,0.8354430198669434,1
651,Hproj2,0.8735632300376892,1
652,Hproj2,0.737864077091217,1
653,Hproj2,0.8392857313156128,1
654,Hproj2,0.8833333253860474,1
655,Hproj2,0.747826099395752,1
656,Hproj2,0.7894737124443054,1
657,Hproj2,0.8666666746139526,1
658,Hproj2,0.921875,1
659,Hproj2,0.8413792848587036,1
660,Hproj2,0.841269850730896,1
661,Hproj2,0.8527131676673889,1
662,Hproj2,0.8260869383811951,1
663,Hproj2,0.8730158805847168,1
664,Hproj2,0.8721804618835449,1
665,Hproj2,0.7480915784835815,1
666,Hproj2,0.6178861856460571,1
667,Hproj2,0.6190476417541504,1
668,Hproj2,0.6888889074325562,1
669,Hproj2,0.8314606547355652,1
670,Hproj2,0.8333333134651184,1
671,Hproj2,0.8571428656578064,1
672,Hproj2,0.6769230961799622,1
673,Hproj2,0.6966292262077332,1
674,Hproj2,0.54347825050354,1
675,Hproj2,0.5617977380752563,1
676,Hproj2,0.5564738512039185,1
677,Hproj2,0.8983200788497925,1
678,Hproj2,0.957373857498169,1
679,Hproj2,0.9774030447006226,1
680,Hproj2,0.9861111044883728,1
681,Hproj2,0.988052248954773,1
682,Hproj2,0.9883245825767517,1
683,Hproj2,0.97826087474823,1
684,Hproj2,0.9765037298202515,1
685,Hproj2,0.9218884110450745,1
686,Hproj2,0.5609284043312073,1
687,Hproj2,0.9807692170143127,1
688,Hproj2,0.9797297120094299,1
689,Hproj2,0.9724409580230713,1
690,Hproj2,0.9771689772605896,1
691,Hproj2,0.8573825359344482,2
692,Hproj2,0.9229636192321777,2
693,Hproj2,0.8610841631889343,4
694,Hproj2,0.9526317715644836,4
695,Hproj2,0.9607629776000977,4
696,Hproj2,0.8585120439529419,5
697,Hproj2,0.9093591570854187,5
698,Hproj2,0.908232569694519,5
699,Hproj2,0.877182126045227,5
700,Hproj2,0.8401525616645813,6
701,Hproj2,0.8619473576545715,6
702,Hproj2,0.8537696003913879,7
703,Hproj2,0.9129787087440491,7
704,Hproj2,0.8003668785095215,8
705,Hproj2,0.9166952967643738,10
706,Hproj2,0.8363374471664429,10
707,Hproj2,0.8739995956420898,9
708,Hproj2,0.7930424809455872,7
709,Hproj2,0.761974036693573,6
710,Hproj2,0.8457794189453125,4
711,Hproj2,0.8809137940406799,3
712,Hproj2,0.9667391777038574,3
713,Hproj2,0.958770751953125,3
714,Hproj2,0.9573293328285217,3
715,Hproj2,0.9592238068580627,3
716,Hproj2,0.9231402277946472,4
717,Hproj2,0.9380472898483276,4
718,Hproj2,0.9073519706726074,3
719,Hproj2,0.906099259853363,3
720,Hproj2,0.8354387283325195,3
721,Hproj2,0.8095110654830933,2
722,Hproj2,0.7656036615371704,2
723,Hproj2,0.7809653282165527,2
724,Hproj2,0.742180347442627,2
725,Hproj2,0.6338028311729431,1
726,Hproj2,0.6491228342056274,1
727,Hproj2,0.6578947305679321,1
728,Hproj2,0.9161452054977417,1
729,Hproj2,0.7052023410797119,1
730,Hproj2,0.9149064421653748,1
731,Hproj2,0.9492567777633667,1
732,Hproj2,0.8186046481132507,1
733,Hproj2,0.970535159111023,1
734,Hproj2,0.8950397372245789,1
735,Hproj2,0.9751176834106445,1
736,Hproj2,0.961776614189148,1
737,Hproj2,0.914401650428772,1
738,Hproj2,0.968201756477356,1
739,Hproj2,0.9539568424224854,1
740,Hproj2,0.968908429145813,1
741,Hproj2,0.9736090302467346,1
742,Hproj2,0.9623236656188965,1
743,Hproj2,0.9733397960662842,1
744,Hproj2,0.9729207158088684,1
745,Hproj2,0.9706840515136719,1
746,Hproj2,0.9729998111724854,1
747,Hproj2,0.9731253981590271,1
748,Hproj2,0.9628227353096008,1
749,Hproj2,0.9745910167694092,1
750,Hproj2,0.9474647641181946,1
751,Hproj2,0.9672686457633972,1
752,Hproj2,0.9569562077522278,1
753,Hproj2,0.9373890161514282,1
754,Hproj2,0.961002767086029,1
755,Hproj2,0.8922056555747986,1
756,Hproj2,0.9630769491195679,1
757,Hproj2,0.9330191612243652,1
758,Hproj2,0.9455587267875671,1
759,Hproj2,0.9260891079902649,1
760,Hproj2,0.884529173374176,1
761,Hproj2,0.8937605619430542,1
762,Hproj2,0.5799573659896851,1
763,Hproj2,9.615385154759792e-10,1
764,Hproj2,1.0309278986042614e-09,1
765,Hproj2,8.62068971763108e-10,1
766,Hproj2,0.3764044940471649,1
767,Hproj2,0.1221374049782753,1
768,Hproj2,0.17825311422348022,2
769,Hproj2,0.36177098751068115,2
770,Hproj2,2.9885727226286463e-10,2
771,Hproj2,0.2456762045621872,3
772,Hproj2,0.4317663609981537,3
773,Hproj2,0.47911134362220764,3
774,Hproj2,0.46951472759246826,3
775,Hproj2,0.4008467197418213,3
776,Hproj2,0.4113074839115143,3
777,Hproj2,0.43424785137176514,3
778,Hproj2,0.3036181330680847,3
779,Hproj2,0.29390376806259155,3
780,Hproj2,0.42193999886512756,3
781,Hproj2,0.4498269259929657,3
782,Hproj2,0.5989476442337036,4
783,Hproj2,0.6015450358390808,5
784,Hproj2,0.6145866513252258,6
785,Hproj2,0.5716762542724609,6
786,Hproj2,0.5829299688339233,6
787,Hproj2,0.6166828274726868,6
788,Hproj2,0.7238937020301819,6
789,Hproj2,0.7218134999275208,6
790,Hproj2,0.7068584561347961,6
791,Hproj2,0.7509880661964417,6
792,Hproj2,0.788046658039093,6
793,Hproj2,0.7575693130493164,6
794,Hproj2,0.773402988910675,6
795,Hproj2,0.8242397904396057,6
796,Hproj2,0.7013298869132996,6
797,Hproj2,0.7689477801322937,6
798,Hproj2,0.7930192947387695,6
799,Hproj2,0.7717370986938477,6
800,Hproj2,0.7750754356384277,6
801,Hproj2,0.7699880599975586,6
802,Hproj2,0.7529245018959045,6
803,Hproj2,0.714165210723877,6
804,Hproj2,0.5952754020690918,7
805,Hproj2,0.6249814629554749,7
806,Hproj2,0.6334511041641235,7
807,Hproj2,0.6761799454689026,7
808,Hproj2,0.6192503571510315,7
809,Hproj2,0.6529697775840759,7
810,Hproj2,0.6632705330848694,7
811,Hproj2,0.673477292060852,8
812,Hproj2,0.7282997369766235,8
813,Hproj2,0.7371516227722168,8
814,Hproj2,0.7199203968048096,8
815,Hproj2,0.7621095180511475,9
816,Hproj2,0.7469422817230225,9
817,Hproj2,0.7557324767112732,10
818,Hproj2,0.7527191638946533,10
819,Hproj2,0.7146857976913452,10
820,Hproj2,0.6744319796562195,10
821,Hproj2,0.6438627243041992,10
822,Hproj2,0.6562569737434387,9
823,Hproj2,0.7515276670455933,8
824,Hproj2,0.8247993588447571,7
825,Hproj2,0.817256510257721,7
826,Hproj2,0.8630781769752502,6
827,Hproj2,0.8428381085395813,5
828,Hproj2,0.845870852470398,5
829,Hproj2,0.925381600856781,4
830,Hproj2,0.9078865647315979,3
831,Hproj2,0.9304471015930176,3
832,Hproj2,0.9369638562202454,3
833,Hproj2,0.9408537745475769,3
834,Hproj2,0.9476406574249268,3
835,Hproj2,0.9620981216430664,3
836,Hproj2,0.9458981156349182,3
837,Hproj2,0.8012638092041016,4
838,Hproj2,0.8544300198554993,4
839,Hproj2,0.8955217599868774,4
840,Hproj2,0.9268923997879028,4
841,Hproj2,0.9433104395866394,4
842,Hproj2,0.9154053330421448,4
843,Hproj2,0.9148681163787842,4
844,Hproj2,0.9089111089706421,4
845,Hproj2,0.9049941897392273,4
846,Hproj2,0.884515106678009,3
847,Hproj2,0.8055315017700195,3
848,Hproj2,0.899242639541626,2
849,Hproj2,0.9144391417503357,2
850,Hproj2,0.9189507961273193,2
851,Hproj2,0.8533025979995728,2
852,Hproj2,0.9047025442123413,2
853,Hproj2,0.9211184978485107,2
854,Hproj2,0.9300171136856079,2
855,Hproj2,0.9477649927139282,2
856,Hproj2,0.906359076499939,2
857,Hproj2,0.9568048715591431,2
858,Hproj2,0.9646083116531372,2
859,Hproj2,0.9504474401473999,2
860,Hproj2,0.9552758932113647,2
861,Hproj2,0.9442987442016602,2
862,Hproj2,0.9503806829452515,2
863,Hproj2,0.9629595279693604,2
864,Hproj2,0.8792149424552917,2
865,Hproj2,0.9527624845504761,2
866,Hproj2,0.9089992642402649,2
867,Hproj2,0.8403361439704895,1
868,Hproj2,0.9473684430122375,1
869,Hproj2,0.7708333134651184,1
870,Hproj2,0.8791208863258362,1
871,Hproj2,0.8045976758003235,1
872,Hproj2,0.6896551847457886,1
873,Hproj2,0.8648648858070374,1
874,Hproj2,0.807692289352417,1
875,Hproj2,0.8510638475418091,1
876,Hproj2,0.800000011920929,1
877,Hproj2,0.9712041616439819,1
878,Hproj2,0.9803197979927063,1
879,Hproj2,0.9877474308013916,1
880,Hproj2,0.9880647659301758,1
881,Hproj2,0.9899581670761108,1
882,Hproj2,0.9833333492279053,1
883,Hproj2,0.9726637005805969,1
884,Hproj2,0.8410596251487732,1
885,Hproj2,0.7727272510528564,1
886,Hproj2,0.9680851101875305,1
887,Hproj2,0.976331353187561,1
888,Hproj2,0.9612873196601868,2
889,Hproj2,0.7736790180206299,3
890,Hproj2,0.911970853805542,3
891,Hproj2,0.9103694558143616,3
892,Hproj2,0.95009446144104,3
893,Hproj2,0.9638838768005371,3
894,Hproj2,0.9012576937675476,3
895,Hproj2,0.8097102046012878,5
896,Hproj2,0.8603242635726929,5
897,Hproj2,0.8589643239974976,5
898,Hproj2,0.8836687803268433,5
899,Hproj2,0.8294780850410461,6
900,Hproj2,0.7818372845649719,7
901,Hproj2,0.7895249128341675,8
902,Hproj2,0.6438695192337036,10
903,Hproj2,0.7086092233657837,10
904,Hproj2,0.8134942054748535,10
905,Hproj2,0.8316426277160645,10
906,Hproj2,0.7848833799362183,7
907,Hproj2,0.6789988875389099,6
908,Hproj2,0.7913339734077454,5
909,Hproj2,0.9133283495903015,3
910,Hproj2,0.9636657238006592,3
911,Hproj2,0.9606571793556213,4
912,Hproj2,0.9616156816482544,4
913,Hproj2,0.9539281725883484,4
914,Hproj2,0.9468829035758972,4
915,Hproj2,0.9662641286849976,4
916,Hproj2,0.783978283405304,4
917,Hproj2,0.9472179412841797,2
918,Hproj2,0.9368394613265991,2
919,Hproj2,0.925423264503479,2
920,Hproj2,0.9376368522644043,2
921,Hproj2,0.8946999907493591,2
922,Hproj2,0.8611111044883728,1
923,Hproj2,0.8169013857841492,1
924,Hproj2,0.6315789222717285,1
925,Hproj2,0.4000000059604645,1
926,Hproj2,0.5,1
927,Hproj2,0.8165680766105652,1
928,Hproj2,0.6851851940155029,1
929,Hproj2,0.5311653017997742,1
930,Hproj2,0.5165562629699707,1
931,Hproj2,0.6828193664550781,1
932,Hproj2,0.6835442781448364,1
933,Hproj2,0.6111111044883728,1
934,Hproj2,1.6393443269535624e-09,1
935,Hproj2,0.4675136208534241,2
936,Hproj2,0.837016761302948,3
937,Hproj2,0.9288955330848694,3
938,Hproj2,0.9420576095581055,3
939,Hproj2,0.9571874141693115,3
940,Hproj2,0.8647916913032532,4
941,Hproj2,0.8401886224746704,4
942,Hproj2,0.9028263688087463,4
943,Hproj2,0.924761176109314,4
944,Hproj2,0.9437930583953857,4
945,Hproj2,0.8993786573410034,5
946,Hproj2,0.8879511952400208,6
947,Hproj2,0.9128578305244446,7
948,Hproj2,0.8959963321685791,9
949,Hproj2,0.8929519653320312,9
950,Hproj2,0.938206672668457,9
951,Hproj2,0.9352198839187622,9
952,Hproj2,0.9062768816947937,10
953,Hproj2,0.8365944027900696,10
954,Hproj2,0.8119978308677673,8
955,Hproj2,0.85882169008255,7
956,Hproj2,0.8780093193054199,4
957,Hproj2,0.9737074971199036,3
958,Hproj2,0.9185681343078613,3
959,Hproj2,0.9572553038597107,3
960,Hproj2,0.8008794784545898,3
961,Hproj2,0.7985458374023438,4
962,Hproj2,0.7101391553878784,4
963,Hproj2,0.8593595027923584,3
964,Hproj2,0.9447529315948486,2
965,Hproj2,0.9391441345214844,2
966,Hproj2,0.947875440120697,2
967,Hproj2,0.8135592937469482,1
968,Hproj2,0.7599999904632568,1
969,Hproj2,0.8936170339584351,1
970,Hproj2,0.9130434989929199,1
971,Hproj2,0.7906976938247681,1
972,Hproj2,0.8461538553237915,1
973,Hproj2,0.8163265585899353,1
974,Hproj2,0.8571428656578064,1
975,Hproj2,0.8837209343910217,1
976,Hproj2,0.9166666865348816,1
977,Hproj2,0.7659574747085571,1
978,Hproj2,0.6666666865348816,1
979,Hproj2,0.8205128312110901,1
980,Hproj2,0.8095238208770752,1
981,Hproj2,0.8085106611251831,1
982,Hproj2,0.5428571701049805,1
983,Hproj2,0.6557376980781555,1
984,Hproj2,0.7111111283302307,1
985,Hproj2,0.782608687877655,1
986,Hproj2,0.7843137383460999,1
987,Hproj2,0.7272727489471436,1
988,Hproj2,0.6792452931404114,1
989,Hproj2,0.7755101919174194,1
990,Hproj2,0.6315789222717285,1
991,Hproj2,0.2857142984867096,1
992,Hproj2,0.5161290168762207,1
993,Hproj2,0.40816327929496765,1
994,Hproj2,0.2448979616165161,1
995,Hproj2,0.2978723347187042,1
996,Hproj2,0.42553192377090454,1
997,Hproj2,0.3888888955116272,1
998,Hproj2,0.5365853905677795,1
999,Hproj2,0.7307692170143127,1
1000,Hproj2,0.7307692170143127,1
1001,Hproj2,0.6153846383094788,1
1002,Hproj2,0.7190226912498474,1
1003,Hproj2,0.9763779640197754,1
1004,Hproj2,0.9325153231620789,1
1005,Hproj2,0.8999064564704895,1
1006,Hproj2,0.14814814925193787,1
1007,Hproj2,0.375,1
1008,Hproj2,0.46405228972435,2
1009,Hproj2,0.44243893027305603,3
1010,Hproj2,0.6694452166557312,3
1011,Hproj2,0.6720564365386963,3
1012,Hproj2,0.6474975943565369,3
1013,Hproj2,0.7487914562225342,3
1014,Hproj2,0.819305956363678,3
1015,Hproj2,0.877475917339325,3
1016,Hproj2,0.6501448154449463,4
1017,Hproj2,0.8555408716201782,4
1018,Hproj2,0.7553849816322327,4
1019,Hproj2,0.6679831147193909,5
1020,Hproj2,0.784644603729248,5
1021,Hproj2,0.8740354776382446,5
1022,Hproj2,0.8265898823738098,6
1023,Hproj2,0.6837101578712463,7
1024,Hproj2,0.8020356297492981,7
1025,Hproj2,0.6288228034973145,8
1026,Hproj2,0.6855918169021606,8
1027,Hproj2,0.7748796939849854,9
1028,Hproj2,0.7479756474494934,8
1029,Hproj2,0.7125101089477539,7
1030,Hproj2,0.681630551815033,7
1031,Hproj2,0.5155764818191528,7
1032,Hproj2,0.5820279121398926,7
1033,Hproj2,0.5526452660560608,5
1034,Hproj2,0.5564107298851013,3
1035,Hproj2,0.5703699588775635,3
1036,Hproj2,0.839261531829834,3
1037,Hproj2,0.9390552639961243,3
1038,Hproj2,0.9196758270263672,4
1039,Hproj2,0.910779595375061,4
1040,Hproj2,0.8075065016746521,4
1041,Hproj2,0.9757561087608337,3
1042,Hproj2,0.9531064033508301,3
1043,Hproj2,0.9463858604431152,3
1044,Hproj2,0.9575398564338684,3
1045,Hproj2,0.8906092047691345,3
1046,Hproj2,0.9442542791366577,2
1047,Hproj2,0.9474407434463501,2
1048,Hproj2,0.9674922227859497,2
1049,Hproj2,0.7494726181030273,2
1050,Hproj2,0.8695651888847351,1
1051,Hproj2,0.7936508059501648,1
1052,Hproj2,0.6909090876579285,1
1053,Hproj2,0.7142857313156128,1
1054,Hproj2,0.5846154093742371,1
1055,Hproj2,0.7200000286102295,1
1056,Hproj2,0.6470588445663452,1
1057,Hproj2,0.7692307829856873,1
1058,Hproj2,0.9728506803512573,1
1059,Hproj2,0.9649634957313538,1
1060,Hproj2,0.9862410426139832,1
1061,Hproj2,0.9895138144493103,1
1062,Hproj2,0.9882044792175293,1
1063,Hproj2,0.9923338890075684,1
1064,Hproj2,0.9903593063354492,1
1065,Hproj2,0.9882903695106506,1
1066,Hproj2,0.9867934584617615,1
1067,Hproj2,0.98534095287323,1
1068,Hproj2,0.9707903861999512,1
1069,Hproj2,0.9592169523239136,1
1070,Hproj2,0.8771929740905762,1
1071,Hproj2,0.945147693157196,1
1072,Hproj2,0.9309440851211548,2
1073,Hproj2,0.7748201489448547,3
1074,Hproj2,0.70735102891922,4
1075,Hproj2,0.8533132076263428,4
1076,Hproj2,0.9331414699554443,4
1077,Hproj2,0.956236720085144,5
1078,Hproj2,0.9536008834838867,5
1079,Hproj2,0.9486573338508606,5
1080,Hproj2,0.905066967010498,6
1081,Hproj2,0.9009121060371399,6
1082,Hproj2,0.8777204155921936,6
1083,Hproj2,0.8963522911071777,6
1084,Hproj2,0.9070119857788086,6
1085,Hproj2,0.9463123679161072,6
1086,Hproj2,0.9396681189537048,6
1087,Hproj2,0.8125381469726562,9
1088,Hproj2,0.880187451839447,9
1089,Hproj2,0.8505805134773254,10
1090,Hproj2,0.9017969965934753,9
1091,Hproj2,0.8416993618011475,8
1092,Hproj2,0.8477442860603333,8
1093,Hproj2,0.7629834413528442,8
1094,Hproj2,0.720112681388855,4
1095,Hproj2,0.9742959141731262,3
1096,Hproj2,0.9683990478515625,3
1097,Hproj2,0.979896068572998,3
1098,Hproj2,0.9775931239128113,3
1099,Hproj2,0.970926821231842,3
1100,Hproj2,0.8915244936943054,4
1101,Hproj2,0.9540244936943054,4
1102,Hproj2,0.9348129034042358,4
1103,Hproj2,0.9167649745941162,4
1104,Hproj2,0.9538202285766602,2
1105,Hproj2,0.9675931334495544,2
1106,Hproj2,0.9268441200256348,2
1107,Hproj2,0.41999998688697815,1
1108,Hproj2,0.8175519704818726,1
1109,Hproj2,0.9243270754814148,1
1110,Hproj2,0.9412928819656372,1
1111,Hproj2,0.9429363012313843,1
1112,Hproj2,0.9110527634620667,1
1113,Hproj2,0.762734591960907,1
1114,Hproj2,0.7692307829856873,1
1115,Hproj2,0.9411764740943909,1
1116,Hproj2,0.9667110443115234,1
1117,Hproj2,0.9362934231758118,1
1118,Hproj2,0.960629940032959,1
1119,Hproj2,0.954330563545227,2
1120,Hproj2,0.9615681767463684,2
1121,Hproj2,0.9181423783302307,4
1122,Hproj2,0.9014531970024109,5
1123,Hproj2,0.8991239666938782,6
1124,Hproj2,0.9268856048583984,6
1125,Hproj2,0.8552051186561584,6
1126,Hproj2,0.8636175990104675,7
1127,Hproj2,0.8573970794677734,7
1128,Hproj2,0.8897903561592102,8
1129,Hproj2,0.8598979115486145,8
1130,Hproj2,0.8711409568786621,8
1131,Hproj2,0.9086376428604126,8
1132,Hproj2,0.8771219253540039,8
1133,Hproj2,0.8820309042930603,8
1134,Hproj2,0.9169450402259827,8
1135,Hproj2,0.9376959204673767,8
1136,Hproj2,0.946260929107666,7
1137,Hproj2,0.9067531228065491,7
1138,Hproj2,0.8295459151268005,8
1139,Hproj2,0.8792662620544434,6
1140,Hproj2,0.8954904675483704,5
1141,Hproj2,0.9585735201835632,3
1142,Hproj2,0.9696798324584961,3
1143,Hproj2,0.9616954326629639,3
1144,Hproj2,0.9617246985435486,3
1145,Hproj2,0.9634916186332703,3
1146,Hproj2,0.9625527262687683,3
1147,Hproj2,0.7926803827285767,4
1148,Hproj2,0.7805485725402832,3
1149,Hproj2,0.9002590179443359,2
1150,Hproj2,0.8655775785446167,2
1151,Hproj2,0.8931136131286621,2
1152,Hproj2,0.9790209531784058,1
1153,Hproj2,0.9655172228813171,1
1154,Hproj2,0.8653846383094788,1
1155,Hproj2,0.7948718070983887,1
1156,Hproj2,0.8982528448104858,1
1157,Hproj2,0.9573459625244141,1
1158,Hproj2,0.9239543676376343,1
1159,Hproj2,0.8767417073249817,1
1160,Hproj2,0.8337129950523376,1
1161,Hproj2,0.2656826674938202,1
1162,Hproj2,0.5470459461212158,1
1163,Hproj2,0.7746243476867676,1
1164,Hproj2,0.7580481767654419,2
1165,Hproj2,0.6582856178283691,5
1166,Hproj2,0.7514383792877197,6
1167,Hproj2,0.7634782195091248,6
1168,Hproj2,0.7290382385253906,6
1169,Hproj2,0.8757146000862122,6
1170,Hproj2,0.8642427325248718,6
1171,Hproj2,0.8130111694335938,7
1172,Hproj2,0.7705591917037964,7
1173,Hproj2,0.7836257219314575,7
1174,Hproj2,0.759852945804596,7
1175,Hproj2,0.7863804697990417,7
1176,Hproj2,0.8169171214103699,7
1177,Hproj2,0.5897001624107361,8
1178,Hproj2,0.6925749182701111,6
1179,Hproj2,0.8276419639587402,6
1180,Hproj2,0.755987286567688,8
1181,Hproj2,0.8605197072029114,8
1182,Hproj2,0.8507276773452759,8
1183,Hproj2,0.8045040965080261,7
1184,Hproj2,0.8024187088012695,6
1185,Hproj2,0.9364638924598694,4
1186,Hproj2,0.9197525978088379,4
1187,Hproj2,0.896836519241333,4
1188,Hproj2,0.875110387802124,4
1189,Hproj2,0.8543217182159424,2
1190,Hproj2,0.776713490486145,2
1191,Hproj2,0.8918918967247009,1
1192,Hproj2,0.8318583965301514,1
1193,Hproj2,0.8648648858070374,1
1194,Hproj2,0.8181818127632141,1
1195,Hproj2,0.8952381014823914,1
1196,Hproj2,0.9158878326416016,1
1197,Hproj2,0.5849581956863403,1
1198,Hproj2,0.9246575236320496,1
1199,Hproj2,0.69305020570755,1
1200,Hproj2,0.7346570491790771,1
1201,Hproj2,0.7177615761756897,1
1202,Hproj2,0.6047903895378113,1
1203,Hproj2,0.5842563509941101,2
1204,Hproj2,0.6869875192642212,4
1205,Hproj2,0.7671602368354797,4
1206,Hproj2,0.8537434339523315,4
1207,Hproj2,0.6132604479789734,6
1208,Hproj2,0.6377162933349609,7
1209,Hproj2,0.5547841787338257,7
1210,Hproj2,0.582051157951355,7
1211,Hproj2,0.5429388880729675,7
1212,Hproj2,0.5460788607597351,7
1213,Hproj2,0.5742955207824707,7
1214,Hproj2,0.7648853659629822,7
1215,Hproj2,0.6869063377380371,7
1216,Hproj2,0.7030314803123474,7
1217,Hproj2,0.6998557448387146,7
1218,Hproj2,0.6454644203186035,8
1219,Hproj2,0.7151002883911133,7
1220,Hproj2,0.7703357338905334,7
1221,Hproj2,0.7291680574417114,7
1222,Hproj2,0.8011512756347656,7
1223,Hproj2,0.7075729966163635,7
1224,Hproj2,0.8373304605484009,5
1225,Hproj2,0.8856499791145325,5
1226,Hproj2,0.8491303324699402,4
1227,Hproj2,0.95579594373703,3
1228,Hproj2,0.9321652054786682,3
1229,Hproj2,0.8978993892669678,4
1230,Hproj2,0.8509361743927002,4
1231,Hproj2,0.8771951198577881,2
1232,Hproj2,0.8006664514541626,2
1233,Hproj2,0.7814629673957825,2
1234,Hproj2,0.90625,1
1235,Hproj2,0.4988962411880493,1
1236,Hproj2,0.7922534942626953,1
1237,Hproj2,0.7584269642829895,1
1238,Hproj2,0.7924217581748962,1
1239,Hproj2,0.839175283908844,1
1240,Hproj2,0.9181527495384216,1
1241,Hproj2,0.9112101197242737,1
1242,Hproj2,0.9349794387817383,1
1243,Hproj2,0.9331416487693787,1
1244,Hproj2,0.9679180979728699,1
1245,Hproj2,0.9528611898422241,1
1246,Hproj2,0.9610165953636169,1
1247,Hproj2,0.9445399641990662,1
1248,Hproj2,0.958306610584259,1
1249,Hproj2,0.9483378529548645,1
1250,Hproj2,0.952552855014801,1
1251,Hproj2,0.9239701628684998,1
1252,Hproj2,0.8830496072769165,1
1253,Hproj2,0.6896306872367859,1
1254,Hproj2,0.40779945254325867,1
1255,Hproj2,0.38759690523147583,1
1256,Hproj2,0.8035714030265808,1
1257,Hproj2,0.8805031180381775,1
1258,Hproj2,0.9605262875556946,1
1259,Hproj2,0.9712460041046143,1
1260,Hproj2,0.9867374300956726,1
1261,Hproj2,0.9493392109870911,1
1262,Hproj2,0.9685414433479309,1
1263,Hproj2,0.6497120261192322,2
1264,Hproj2,0.6158322095870972,2
1265,Hproj2,0.8912698030471802,2
1266,Hproj2,0.940403938293457,2
1267,Hproj2,0.9072397947311401,2
1268,Hproj2,0.911435067653656,2
1269,Hproj2,0.8948863744735718,2
1270,Hproj2,0.903164803981781,2
1271,Hproj2,0.9408167004585266,2
1272,Hproj2,0.9465095400810242,2
1273,Hproj2,0.9712336659431458,2
1274,Hproj2,0.6758360862731934,3
1275,Hproj2,0.9067606925964355,3
1276,Hproj2,0.9474381804466248,3
1277,Hproj2,0.9495890736579895,3
1278,Hproj2,0.964942455291748,3
1279,Hproj2,0.9530899524688721,3
1280,Hproj2,0.7913533449172974,4
1281,Hproj2,0.7811236381530762,4
1282,Hproj2,0.8043541312217712,4
1283,Hproj2,0.8033077716827393,4
1284,Hproj2,0.8131656646728516,4
1285,Hproj2,0.7965090274810791,4
1286,Hproj2,0.7840719223022461,4
1287,Hproj2,0.8345909118652344,4
1288,Hproj2,0.7743682861328125,4
1289,Hproj2,0.7814065217971802,4
1290,Hproj2,0.6828991174697876,5
1291,Hproj2,0.6447319984436035,5
1292,Hproj2,0.6767483949661255,5
1293,Hproj2,0.6158697009086609,6
1294,Hproj2,0.5956965088844299,6
1295,Hproj2,0.693251371383667,6
1296,Hproj2,0.7671010494232178,6
1297,Hproj2,0.8650036454200745,6
1298,Hproj2,0.8222842812538147,6
1299,Hproj2,0.8545374274253845,6
1300,Hproj2,0.8833968639373779,6
1301,Hproj2,0.7666980028152466,7
1302,Hproj2,0.6813337802886963,8
1303,Hproj2,0.703410267829895,8
1304,Hproj2,0.634778618812561,9
1305,Hproj2,0.6288253664970398,9
1306,Hproj2,0.5514539480209351,10
1307,Hproj2,0.6199648976325989,9
1308,Hproj2,0.5867010354995728,9
1309,Hproj2,0.6061570644378662,9
1310,Hproj2,0.6338900327682495,9
1311,Hproj2,0.6711384654045105,9
1312,Hproj2,0.7933297157287598,8
1313,Hproj2,0.8058833479881287,8
1314,Hproj2,0.7424811720848083,8
1315,Hproj2,0.7429823875427246,8
1316,Hproj2,0.7118134498596191,8
1317,Hproj2,0.6490412354469299,7
1318,Hproj2,0.5865630507469177,7
1319,Hproj2,0.5966118574142456,7
1320,Hproj2,0.5581909418106079,7
1321,Hproj2,0.6200218796730042,6
1322,Hproj2,0.608532190322876,6
1323,Hproj2,0.6189481616020203,5
1324,Hproj2,0.4352706968784332,5
1325,Hproj2,0.4548647105693817,4
1326,Hproj2,0.45391008257865906,4
1327,Hproj2,0.45013508200645447,4
1328,Hproj2,0.5730376839637756,4
1329,Hproj2,0.4441906213760376,4
1330,Hproj2,0.44274598360061646,4
1331,Hproj2,0.6149546504020691,3
1332,Hproj2,0.5879347324371338,3
1333,Hproj2,0.6643610000610352,3
1334,Hproj2,0.5724021792411804,3
1335,Hproj2,0.7304028868675232,3
1336,Hproj2,0.7392759323120117,3
1337,Hproj2,0.5661652088165283,3
1338,Hproj2,0.7701864838600159,3
1339,Hproj2,0.8188630938529968,3
1340,Hproj2,0.7017118334770203,3
1341,Hproj2,0.7540022730827332,3
1342,Hproj2,0.6757671236991882,3
1343,Hproj2,0.7839031219482422,3
1344,Hproj2,0.7113445401191711,3
1345,Hproj2,0.7041844725608826,3
1346,Hproj2,0.7696196436882019,3
1347,Hproj2,0.6397895216941833,3
1348,Hproj2,0.4832984507083893,3
1349,Hproj2,0.6196931004524231,3
1350,Hproj2,0.6384109854698181,3
1351,Hproj2,0.70514315366745,3
1352,Hproj2,0.5592026114463806,3
1353,Hproj2,0.5926709771156311,3
1354,Hproj2,0.6736204624176025,3
1355,Hproj2,0.5809386372566223,3
1356,Hproj2,0.35965073108673096,3
1357,Hproj2,0.6108792424201965,2
1358,Hproj2,0.6075220108032227,2
1359,Hproj2,0.6301859617233276,2
1360,Hproj2,0.6492632627487183,2
1361,Hproj2,0.6553394794464111,2
1362,Hproj2,0.6706492900848389,2
1363,Hproj2,0.6631594896316528,2
1364,Hproj2,0.678992509841919,2
1365,Hproj2,0.6800607442855835,2
1366,Hproj2,0.6919549703598022,2
1367,Hproj2,0.7032973766326904,2
1368,Hproj2,0.6690924167633057,2
1369,Hproj2,0.5488383769989014,2
1370,Hproj2,0.2978723347187042,2
1371,Hproj2,0.3435114622116089,2
1372,Hproj2,0.6079999804496765,1
1373,Hproj2,0.6725663542747498,1
1374,Hproj2,0.52173912525177,1
1375,Hproj2,0.8392370343208313,1
1376,Hproj2,0.9307411909103394,1
1377,Hproj2,0.9307984709739685,1
1378,Hproj2,0.8732008337974548,1
1379,Hproj2,0.6703600883483887,1
1380,Hproj2,0.49344977736473083,1
1381,Hproj2,0.7970479726791382,1
1382,Hproj2,0.8679245114326477,1
1383,Hproj2,0.7149321436882019,1
1384,Hproj2,1.587301623473536e-09,1
1385,Hproj2,0.9534050226211548,1
1386,Hproj2,0.9655172228813171,1
1387,Hproj2,0.6313443779945374,3
1388,Hproj2,0.7581561803817749,4
1389,Hproj2,0.8982904553413391,4
1390,Hproj2,0.8606338500976562,5
1391,Hproj2,0.8736473917961121,5
1392,Hproj2,0.815634548664093,6
1393,Hproj2,0.8287687301635742,6
1394,Hproj2,0.850456953048706,6
1395,Hproj2,0.8085587620735168,7
1396,Hproj2,0.9083401560783386,7
1397,Hproj2,0.8525616526603699,7
1398,Hproj2,0.8389472961425781,7
1399,Hproj2,0.7493698000907898,7
1400,Hproj2,0.7892213463783264,7
1401,Hproj2,0.7846435904502869,7
1402,Hproj2,0.8275232911109924,7
1403,Hproj2,0.7264900207519531,8
1404,Hproj2,0.850253701210022,8
1405,Hproj2,0.7613276243209839,8
1406,Hproj2,0.7926194071769714,7
1407,Hproj2,0.8013031482696533,8
1408,Hproj2,0.8274016976356506,7
1409,Hproj2,0.6757715344429016,6
1410,Hproj2,0.6750617027282715,5
1411,Hproj2,0.6953065991401672,5
1412,Hproj2,0.8289080262184143,3
1413,Hproj2,0.8639140129089355,3
1414,Hproj2,0.9063849449157715,3
1415,Hproj2,0.8681699633598328,3
1416,Hproj2,0.8813972473144531,4
1417,Hproj2,0.8288285136222839,4
1418,Hproj2,0.8882343173027039,4
1419,Hproj2,0.8839993476867676,4
1420,Hproj2,0.7993327975273132,3
1421,Hproj2,0.7670280933380127,2
1422,Hproj2,0.793059766292572,2
1423,Hproj2,0.8574500679969788,2
1424,Hproj2,0.6349206566810608,1
1425,Hproj2,9.090909136588721e-10,1
1426,Hproj2,4.950495013922307e-10,1
1427,Hproj2,0.68544602394104,1
1428,Hproj2,0.7113884687423706,1
1429,Hproj2,0.8769230842590332,1
1430,Hproj2,0.8459616899490356,1
1431,Hproj2,0.874235212802887,1
1432,Hproj2,0.949999988079071,1
1433,Hproj2,0.9476495981216431,1
1434,Hproj2,0.9153061509132385,1
1435,Hproj2,0.8353123664855957,1
1436,Hproj2,0.8169733881950378,1
1437,Hproj2,0.8471177816390991,1
1438,Hproj2,0.5924479365348816,1
1439,Hproj2,0.19819819927215576,1
1440,Hproj2,0.9536423683166504,1
1441,Hproj2,0.9844961166381836,1
1442,Hproj2,0.9298701286315918,1
1443,Hproj2,0.9517510533332825,2
1444,Hproj2,0.9569538831710815,2
1445,Hproj2,0.9499140977859497,2
1446,Hproj2,0.973084568977356,2
1447,Hproj2,0.9600102305412292,2
1448,Hproj2,0.9842894077301025,2
1449,Hproj2,0.9626995325088501,2
1450,Hproj2,0.9826988577842712,2
1451,Hproj2,0.9724652767181396,2
1452,Hproj2,0.9671317338943481,2
1453,Hproj2,0.9838763475418091,2
1454,Hproj2,0.9599593877792358,2
1455,Hproj2,0.7805399894714355,3
1456,Hproj2,0.8155046105384827,3
1457,Hproj2,0.7983109354972839,3
1458,Hproj2,0.9192106127738953,3
1459,Hproj2,0.8929012417793274,3
1460,Hproj2,0.9518038630485535,3
1461,Hproj2,0.9544317126274109,3
1462,Hproj2,0.9438617825508118,3
1463,Hproj2,0.71152263879776,4
1464,Hproj2,0.5972020030021667,5
1465,Hproj2,0.8141677975654602,5
1466,Hproj2,0.8831762075424194,5
1467,Hproj2,0.8372821807861328,5
1468,Hproj2,0.9269775152206421,5
1469,Hproj2,0.8714380264282227,6
1470,Hproj2,0.7383972406387329,7
1471,Hproj2,0.8155338168144226,7
1472,Hproj2,0.7732823491096497,7
1473,Hproj2,0.9032201766967773,7
1474,Hproj2,0.843587338924408,7
1475,Hproj2,0.9009944200515747,7
1476,Hproj2,0.9100151062011719,7
1477,Hproj2,0.903167724609375,7
1478,Hproj2,0.9242106676101685,7
1479,Hproj2,0.8982797265052795,7
1480,Hproj2,0.8530392050743103,8
1481,Hproj2,0.8402889966964722,8
1482,Hproj2,0.8483601808547974,8
1483,Hproj2,0.7818571329116821,10
1484,Hproj2,0.7354217767715454,10
1485,Hproj2,0.7517166137695312,10
1486,Hproj2,0.8401690721511841,10
1487,Hproj2,0.8527318835258484,10
1488,Hproj2,0.8470169305801392,10
1489,Hproj2,0.8357257843017578,10
1490,Hproj2,0.7176663279533386,10
1491,Hproj2,0.8365659713745117,9
1492,Hproj2,0.8399439454078674,9
1493,Hproj2,0.8379537463188171,9
1494,Hproj2,0.7146296501159668,9
1495,Hproj2,0.8501242399215698,7
1496,Hproj2,0.8267586827278137,7
1497,Hproj2,0.6716951727867126,7
1498,Hproj2,0.936713695526123,4
1499,Hproj2,0.926071047782898,4
1500,Hproj2,0.9396302700042725,3
1501,Hproj2,0.9538643956184387,3
1502,Hproj2,0.9460660815238953,3
1503,Hproj2,0.9634003043174744,3
1504,Hproj2,0.9622983932495117,3
1505,Hproj2,0.959524929523468,3
1506,Hproj2,0.9685182571411133,3
1507,Hproj2,0.9669297337532043,3
1508,Hproj2,0.9656501412391663,3
1509,Hproj2,0.966780960559845,3
1510,Hproj2,0.9611363410949707,3
1511,Hproj2,0.9745891690254211,3
1512,Hproj2,0.9670512676239014,3
1513,Hproj2,0.9734082818031311,3
1514,Hproj2,0.966291606426239,3
1515,Hproj2,0.8811923861503601,4
1516,Hproj2,0.8950608968734741,4
1517,Hproj2,0.8959928750991821,4
1518,Hproj2,0.9416368007659912,4
1519,Hproj2,0.9166638255119324,4
1520,Hproj2,0.9228014945983887,4
1521,Hproj2,0.928076982498169,4
1522,Hproj2,0.8628374338150024,4
1523,Hproj2,0.8534284234046936,3
1524,Hproj2,0.7957947254180908,3
1525,Hproj2,0.7657945156097412,3
1526,Hproj2,0.6949746012687683,3
1527,Hproj2,0.6496585011482239,3
1528,Hproj2,0.8709723949432373,2
1529,Hproj2,0.8996003866195679,2
1530,Hproj2,0.9191138744354248,2
1531,Hproj2,0.9174489974975586,2
1532,Hproj2,0.9293047189712524,2
1533,Hproj2,0.9139741063117981,2
1534,Hproj2,0.8504626750946045,2
1535,Hproj2,0.7032949924468994,2
1536,Hproj2,0.7356321811676025,1
1537,Hproj2,0.6971428394317627,1
1538,Hproj2,0.6762589812278748,1
1539,Hproj2,0.646616518497467,1
1540,Hproj2,0.48175182938575745,1
1541,Hproj2,0.8433734774589539,1
1542,Hproj2,0.800000011920929,1
1543,Hproj2,0.7733333110809326,1
1544,Hproj2,0.7532467246055603,1
1545,Hproj2,0.8292682766914368,1
1546,Hproj2,0.8433734774589539,1
1547,Hproj2,0.7529411911964417,1
1548,Hproj2,0.8695651888847351,1
1549,Hproj2,0.739130437374115,1
1550,Hproj2,0.800000011920929,1
1551,Hproj2,0.7433628439903259,1
1552,Hproj2,0.5346534848213196,1
1553,Hproj2,0.7415730357170105,1
1554,Hproj2,0.7631579041481018,1
1555,Hproj2,0.7532467246055603,1
1556,Hproj2,0.8505747318267822,1
1557,Hproj2,0.824999988079071,1
1558,Hproj2,0.8440366983413696,1
1559,Hproj2,0.8380952477455139,1
1560,Hproj2,0.8305647969245911,1
1561,Hproj2,0.9452381134033203,1
1562,Hproj2,0.9645131826400757,1
1563,Hproj2,0.9531568288803101,1
1564,Hproj2,0.962920069694519,1
1565,Hproj2,0.9583333134651184,1
1566,Hproj2,0.9289055466651917,1
1567,Hproj2,0.9314814805984497,1
1568,Hproj2,0.8759571313858032,1
1569,Hproj2,0.9432902932167053,1
1570,Hproj2,0.5714285969734192,1
1571,Hproj2,0.6684831976890564,1
1572,Hproj2,0.8624191880226135,1
1573,Hproj2,0.9216494560241699,1
1574,Hproj2,0.9518072009086609,1
1575,Hproj2,0.9411764740943909,1
1576,Hproj2,0.604651153087616,1
1577,Hproj2,0.04040404036641121,1
1578,Hproj2,0.7692307829856873,1
1579,Hproj2,0.8500000238418579,1
1580,Hproj2,0.9063444137573242,1
1581,Hproj2,0.9770641922950745,1
1582,Hproj2,0.9385665655136108,1
1583,Hproj2,0.49561402201652527,2
1584,Hproj2,0.48533007502555847,2
1585,Hproj2,0.7284514904022217,2
1586,Hproj2,0.9812765121459961,2
1587,Hproj2,0.9573193788528442,2
1588,Hproj2,0.9803652763366699,2
1589,Hproj2,0.9611911773681641,2
1590,Hproj2,0.9654935002326965,2
1591,Hproj2,0.9756406545639038,2
1592,Hproj2,0.9586554169654846,2
1593,Hproj2,0.9797846078872681,2
1594,Hproj2,0.846137285232544,3
1595,Hproj2,0.9050673842430115,3
1596,Hproj2,0.9017014503479004,3
1597,Hproj2,0.9245467185974121,3
1598,Hproj2,0.8865302205085754,3
1599,Hproj2,0.8920659422874451,3
1600,Hproj2,0.8751594424247742,3
1601,Hproj2,0.9132830500602722,3
1602,Hproj2,0.9047179222106934,3
1603,Hproj2,0.9369771480560303,3
1604,Hproj2,0.832512378692627,4
1605,Hproj2,0.8659427762031555,5
1606,Hproj2,0.9022538065910339,5
1607,Hproj2,0.9149801135063171,5
1608,Hproj2,0.9334335327148438,5
1609,Hproj2,0.8066102862358093,6
1610,Hproj2,0.7565481066703796,6
1611,Hproj2,0.8464207053184509,6
1612,Hproj2,0.8662827014923096,6
1613,Hproj2,0.8761212229728699,7
1614,Hproj2,0.900478720664978,8
1615,Hproj2,0.8712164163589478,8
1616,Hproj2,0.8585326671600342,8
1617,Hproj2,0.8691755533218384,8
1618,Hproj2,0.8735953569412231,8
1619,Hproj2,0.8260390758514404,8
1620,Hproj2,0.7921531796455383,9
1621,Hproj2,0.8390277624130249,8
1622,Hproj2,0.8342468738555908,8
1623,Hproj2,0.8448348045349121,8
1624,Hproj2,0.8142168521881104,8
1625,Hproj2,0.7969132661819458,8
1626,Hproj2,0.8534625768661499,8
1627,Hproj2,0.8623828291893005,7
1628,Hproj2,0.883696436882019,7
1629,Hproj2,0.8614171147346497,6
1630,Hproj2,0.8767333626747131,6
1631,Hproj2,0.841325044631958,6
1632,Hproj2,0.7237021923065186,6
1633,Hproj2,0.7930654287338257,5
1634,Hproj2,0.750074028968811,5
1635,Hproj2,0.7205215692520142,4
1636,Hproj2,0.7261003851890564,4
1637,Hproj2,0.7362130284309387,4
1638,Hproj2,0.9722900986671448,3
1639,Hproj2,0.9674108624458313,3
1640,Hproj2,0.9603506922721863,3
1641,Hproj2,0.9652277827262878,3
1642,Hproj2,0.9511644244194031,3
1643,Hproj2,0.9613361358642578,3
1644,Hproj2,0.9637776017189026,3
1645,Hproj2,0.9586521983146667,3
1646,Hproj2,0.9689145684242249,3
1647,Hproj2,0.898033857345581,4
1648,Hproj2,0.9295634031295776,4
1649,Hproj2,0.9311760067939758,4
1650,Hproj2,0.9274324178695679,4
1651,Hproj2,0.8802772164344788,4
1652,Hproj2,0.9500344395637512,3
1653,Hproj2,0.9288824200630188,3
1654,Hproj2,0.9037896990776062,3
1655,Hproj2,0.9153504967689514,3
1656,Hproj2,0.9340014457702637,3
1657,Hproj2,0.9004595279693604,3
1658,Hproj2,0.9732059240341187,2
1659,Hproj2,0.9629113078117371,2
1660,Hproj2,0.9585744142532349,2
1661,Hproj2,0.9664416313171387,2
1662,Hproj2,0.9649252891540527,2
1663,Hproj2,0.959036648273468,2
1664,Hproj2,0.9528422355651855,2
1665,Hproj2,0.968816339969635,2
1666,Hproj2,0.9587653279304504,2
1667,Hproj2,0.9323922991752625,2
1668,Hproj2,0.9339722394943237,2
1669,Hproj2,0.9138780832290649,2
1670,Hproj2,0.9399256706237793,2
1671,Hproj2,0.9261497259140015,2
1672,Hproj2,0.9272831678390503,2
1673,Hproj2,0.9326517581939697,2
1674,Hproj2,0.9267650246620178,2
1675,Hproj2,0.8737002611160278,2
1676,Hproj2,0.9356608986854553,2
1677,Hproj2,0.9221742153167725,2
1678,Hproj2,0.9586997032165527,2
1679,Hproj2,0.8973674774169922,2
1680,Hproj2,0.9582388401031494,2
1681,Hproj2,0.9698453545570374,2
1682,Hproj2,0.6829965710639954,2
1683,Hproj2,0.9382715821266174,1
1684,Hproj2,0.8533333539962769,1
1685,Hproj2,0.9634782671928406,1
1686,Hproj2,0.9795501232147217,1
1687,Hproj2,0.9850993156433105,1
1688,Hproj2,0.9881423115730286,1
1689,Hproj2,0.9844290614128113,1
1690,Hproj2,0.9661229848861694,1
1691,Hproj2,0.7088607549667358,1
1692,Hproj2,0.9784172773361206,1
1693,Hproj2,0.9548872113227844,1
1694,Hproj2,0.9748743772506714,1
1695,Hproj2,0.9490624666213989,2
1696,Hproj2,0.9779199361801147,2
1697,Hproj2,0.9652209877967834,3
1698,Hproj2,0.9701042175292969,3
1699,Hproj2,0.9680171608924866,3
1700,Hproj2,0.8112767934799194,4
1701,Hproj2,0.9133164882659912,4
1702,Hproj2,0.9271200895309448,4
1703,Hproj2,0.7679182291030884,5
1704,Hproj2,0.8404833078384399,5
1705,Hproj2,0.7936253547668457,7
1706,Hproj2,0.8331955075263977,7
1707,Hproj2,0.872886061668396,7
1708,Hproj2,0.8929111361503601,7
1709,Hproj2,0.9106768369674683,7
1710,Hproj2,0.9288679361343384,7
1711,Hproj2,0.8904736638069153,9
1712,Hproj2,0.8635485172271729,9
1713,Hproj2,0.8624628782272339,8
1714,Hproj2,0.8719079494476318,9
1715,Hproj2,0.8933010101318359,6
1716,Hproj2,0.9239932894706726,6
1717,Hproj2,0.9520910978317261,4
1718,Hproj2,0.856134295463562,4
1719,Hproj2,0.9663543701171875,3
1720,Hproj2,0.9572806358337402,3
1721,Hproj2,0.7981403470039368,3
1722,Hproj2,0.931062638759613,3
1723,Hproj2,0.9000954031944275,3
1724,Hproj2,0.9085391163825989,3
1725,Hproj2,0.8923845291137695,3
1726,Hproj2,0.9533193111419678,3
1727,Hproj2,0.9189189076423645,1
1728,Hproj2,0.9653333425521851,1
1729,Hproj2,0.7759398221969604,1
1730,Hproj2,0.7236841917037964,1
1731,Hproj2,0.7842565774917603,1
1732,Hproj2,0.800000011920929,1
1733,Hproj2,3.9370079418787896e-10,1
1734,Hproj2,0.6877289414405823,2
1735,Hproj2,0.7899264693260193,2
1736,Hproj2,0.7814435362815857,3
1737,Hproj2,0.7824954390525818,3
1738,Hproj2,0.8958415985107422,3
1739,Hproj2,0.8836669921875,3
1740,Hproj2,0.8285540342330933,4
1741,Hproj2,0.8173867464065552,4
1742,Hproj2,0.7863427400588989,5
1743,Hproj2,0.7309136390686035,6
1744,Hproj2,0.7180507779121399,6
1745,Hproj2,0.7115457653999329,7
1746,Hproj2,0.8532818555831909,7
1747,Hproj2,0.7608597874641418,7
1748,Hproj2,0.8375316858291626,8
1749,Hproj2,0.8564103841781616,8
1750,Hproj2,0.8246719837188721,9
1751,Hproj2,0.8312881588935852,10
1752,Hproj2,0.7922395467758179,10
1753,Hproj2,0.7079737782478333,10
1754,Hproj2,0.7675700783729553,9
1755,Hproj2,0.7349110841751099,8
1756,Hproj2,0.8210703134536743,5
1757,Hproj2,0.9627005457878113,3
1758,Hproj2,0.9071279168128967,3
1759,Hproj2,0.9413744807243347,3
1760,Hproj2,0.9415506720542908,3
1761,Hproj2,0.8184236884117126,4
1762,Hproj2,0.690340518951416,4
1763,Hproj2,0.9651471972465515,3
1764,Hproj2,0.9308711886405945,2
1765,Hproj2,0.9315007925033569,2
1766,Hproj2,0.9169093370437622,2
1767,Hproj2,0.9191656112670898,2
1768,Hproj2,0.8991973400115967,2
1769,Hproj2,0.9056603908538818,1
1770,Hproj2,0.75,1
1771,Hproj2,0.5116279125213623,1
1772,Hproj2,0.523809552192688,1
1773,Hproj2,0.5789473652839661,1
1774,Hproj2,0.7647058963775635,1
1775,Hproj2,0.6857143044471741,1
1776,Hproj2,0.7096773982048035,1
1777,Hproj2,0.8275862336158752,1
1778,Hproj2,0.8888888955116272,1
1779,Hproj2,0.7272727489471436,1
1780,Hproj2,0.7058823704719543,1
1781,Hproj2,0.8235294222831726,1
1782,Hproj2,0.6206896305084229,1
1783,Hproj2,0.6363636255264282,1
1784,Hproj2,0.7894737124443054,1
1785,Hproj2,0.8372092843055725,1
1786,Hproj2,0.47999998927116394,1
1787,Hproj2,0.6829268336296082,1
1788,Hproj2,0.6341463327407837,1
1789,Hproj2,0.47058823704719543,1
1790,Hproj2,0.5581395626068115,1
1791,Hproj2,0.7096773982048035,1
1792,Hproj2,0.8500000238418579,1
1793,Hproj2,0.8533333539962769,1
1794,Hproj2,0.7118644118309021,1
1795,Hproj2,0.7407407164573669,1
1796,Hproj2,0.782608687877655,1
1797,Hproj2,0.4571428596973419,1
1798,Hproj2,0.9439527988433838,1
1799,Hproj2,0.9192200303077698,1
1800,Hproj2,0.8773055076599121,1
1801,Hproj2,0.8863765001296997,1
1802,Hproj2,0.980947732925415,1
1803,Hproj2,0.9872434735298157,1
1804,Hproj2,0.942307710647583,1
1805,Hproj2,0.6727272868156433,1
1806,Hproj2,0.8403361439704895,1
1807,Hproj2,0.9672130942344666,1
1808,Hproj2,0.9625965356826782,2
1809,Hproj2,0.977593183517456,2
1810,Hproj2,0.9745005965232849,2
1811,Hproj2,0.9725726246833801,2
1812,Hproj2,0.819500744342804,3
1813,Hproj2,0.7150209546089172,3
1814,Hproj2,0.6542568206787109,4
1815,Hproj2,0.5967428684234619,6
1816,Hproj2,0.6478870511054993,6
1817,Hproj2,0.7862643599510193,7
1818,Hproj2,0.850997805595398,7
1819,Hproj2,0.8547075390815735,8
1820,Hproj2,0.8458199501037598,8
1821,Hproj2,0.8167237043380737,8
1822,Hproj2,0.8984596133232117,8
1823,Hproj2,0.8641200661659241,8
1824,Hproj2,0.8184741139411926,8
1825,Hproj2,0.7593616247177124,8
1826,Hproj2,0.827271580696106,8
1827,Hproj2,0.721503734588623,8
1828,Hproj2,0.7475997805595398,7
1829,Hproj2,0.8092396855354309,6
1830,Hproj2,0.9491416215896606,5
1831,Hproj2,0.8762041926383972,5
1832,Hproj2,0.9529969692230225,4
1833,Hproj2,0.8345311880111694,4
1834,Hproj2,0.82700115442276,4
1835,Hproj2,0.9315541982650757,4
1836,Hproj2,0.7396397590637207,4
1837,Hproj2,0.8101690411567688,2
1838,Hproj2,0.5375220775604248,2
1839,Hproj2,0.9424083828926086,1
1840,Hproj2,0.9333333373069763,1
1841,Hproj2,0.8840579986572266,1
1842,Hproj2,0.9016393423080444,1
1843,Hproj2,0.875,1
1844,Hproj2,0.8545454740524292,1
1845,Hproj2,0.8269230723381042,1
1846,Hproj2,0.8498985767364502,1
1847,Hproj2,0.942011833190918,1
1848,Hproj2,0.9733570218086243,1
1849,Hproj2,0.9682187438011169,1
1850,Hproj2,0.9771198034286499,1
1851,Hproj2,0.9731707572937012,1
1852,Hproj2,0.978761613368988,1
1853,Hproj2,0.9703635573387146,1
1854,Hproj2,0.9818295836448669,1
1855,Hproj2,0.9750913381576538,1
1856,Hproj2,0.9696279168128967,1
1857,Hproj2,0.9322361946105957,1
1858,Hproj2,0.95652174949646,1
1859,Hproj2,0.8120300769805908,1
1860,Hproj2,0.8771929740905762,1
1861,Hproj2,0.9529411792755127,1
1862,Hproj2,0.975944995880127,1
1863,Hproj2,0.9597989916801453,1
1864,Hproj2,0.974155068397522,1
1865,Hproj2,0.9720279574394226,1
1866,Hproj2,0.7273531556129456,2
1867,Hproj2,0.8974476456642151,3
1868,Hproj2,0.9226076602935791,3
1869,Hproj2,0.8863511681556702,3
1870,Hproj2,0.9349866509437561,3
1871,Hproj2,0.8623090982437134,4
1872,Hproj2,0.8887615203857422,5
1873,Hproj2,0.9342045783996582,5
1874,Hproj2,0.9268995523452759,5
1875,Hproj2,0.9441757202148438,5
1876,Hproj2,0.9177340269088745,5
1877,Hproj2,0.9417569041252136,5
1878,Hproj2,0.9122535586357117,5
1879,Hproj2,0.9195190072059631,7
1880,Hproj2,0.9352989196777344,7
1881,Hproj2,0.8616268634796143,9
1882,Hproj2,0.8386424779891968,10
1883,Hproj2,0.7877078652381897,9
1884,Hproj2,0.8767848014831543,9
1885,Hproj2,0.8549435138702393,9
1886,Hproj2,0.8881849646568298,9
1887,Hproj2,0.8705340623855591,9
1888,Hproj2,0.8309484720230103,8
1889,Hproj2,0.7775999903678894,6
1890,Hproj2,0.84180748462677,4
1891,Hproj2,0.9611595273017883,3
1892,Hproj2,0.9694544672966003,3
1893,Hproj2,0.9707384705543518,3
1894,Hproj2,0.9730936884880066,3
1895,Hproj2,0.9259747862815857,4
1896,Hproj2,0.9286233186721802,4
1897,Hproj2,0.9033651351928711,4
1898,Hproj2,0.8989279866218567,3
1899,Hproj2,0.9072551727294922,3
1900,Hproj2,0.9127871990203857,2
1901,Hproj2,0.8888888955116272,1
1902,Hproj2,0.8235294222831726,1
1903,Hproj2,0.7755101919174194,1
1904,Hproj2,0.7906976938247681,1
1905,Hproj2,0.8571428656578064,1
1906,Hproj2,0.8837209343910217,1
1907,Hproj2,0.7272727489471436,1
1908,Hproj2,0.5090909004211426,1
1909,Hproj2,0.7857142686843872,1
1910,Hproj2,0.774193525314331,1
1911,Hproj2,0.5199999809265137,1
1912,Hproj2,0.6764705777168274,1
1913,Hproj2,0.7837837934494019,1
1914,Hproj2,0.7297297120094299,1
1915,Hproj2,0.7792207598686218,1
1916,Hproj2,0.8333333134651184,1
1917,Hproj2,0.7142857313156128,1
1918,Hproj2,0.8095238208770752,1
1919,Hproj2,0.7037037014961243,1
1920,Hproj2,0.8474576473236084,1
1921,Hproj2,0.7272727489471436,1
1922,Hproj2,0.7575757503509521,1
1923,Hproj2,0.78125,1
1924,Hproj2,0.78125,1
1925,Hproj2,0.7843137383460999,1
1926,Hproj2,0.7317073345184326,1
1927,Hproj2,0.8571428656578064,1
1928,Hproj2,0.7450980544090271,1
1929,Hproj2,0.8787878751754761,1
1930,Hproj2,0.692307710647583,1
1931,Hproj2,0.6206896305084229,1
1932,Hproj2,0.8524590134620667,1
1933,Hproj2,0.7272727489471436,1
1934,Hproj2,0.9122806787490845,1
1935,Hproj2,0.8070175647735596,1
1936,Hproj2,0.8899999856948853,1
1937,Hproj2,0.9134253263473511,1
1938,Hproj2,0.8802017569541931,1
1939,Hproj2,0.8820286393165588,1
1940,Hproj2,0.9220607876777649,1
1941,Hproj2,0.6666666865348816,1
1942,Hproj2,0.843478262424469,1
1943,Hproj2,0.936247706413269,1
1944,Hproj2,0.9510664939880371,1
1945,Hproj2,0.9790209531784058,1
1946,Hproj2,0.4831553101539612,2
1947,Hproj2,0.4459064304828644,2
1948,Hproj2,0.5038970708847046,2
1949,Hproj2,0.24429921805858612,3
1950,Hproj2,0.4516071081161499,4
1951,Hproj2,0.4001309275627136,5
1952,Hproj2,0.6347472071647644,6
1953,Hproj2,0.6842370629310608,6
1954,Hproj2,0.758065402507782,6
1955,Hproj2,0.7286015748977661,7
1956,Hproj2,0.7575030326843262,7
1957,Hproj2,0.8053126931190491,7
1958,Hproj2,0.72103351354599,7
1959,Hproj2,0.698504626750946,7
1960,Hproj2,0.7426612377166748,8
1961,Hproj2,0.8312229514122009,8
1962,Hproj2,0.8506675362586975,8
1963,Hproj2,0.9007083773612976,6
1964,Hproj2,0.9091606736183167,6
1965,Hproj2,0.9485223889350891,5
1966,Hproj2,0.9464579820632935,5
1967,Hproj2,0.8768133521080017,6
1968,Hproj2,0.9210250973701477,6
1969,Hproj2,0.9281263947486877,6
1970,Hproj2,0.908585786819458,6
1971,Hproj2,0.8878509402275085,6
1972,Hproj2,0.9319028854370117,5
1973,Hproj2,0.8866565823554993,5
1974,Hproj2,0.8798691034317017,5
1975,Hproj2,0.9097930788993835,5
1976,Hproj2,0.8487370610237122,4
1977,Hproj2,0.7411537170410156,3
1978,Hproj2,0.8824727535247803,2
1979,Hproj2,0.8602451682090759,2
1980,Hproj2,0.8240255117416382,2
1981,Hproj2,0.8161405324935913,2
1982,Hproj2,0.6924886107444763,2
1983,Hproj2,0.9268141388893127,2
1984,Hproj2,0.895301342010498,2
1985,Hproj2,0.42465752363204956,2
1986,Hproj2,0.8266666531562805,1
1987,Hproj2,0.7887324094772339,1
1988,Hproj2,0.7948718070983887,1
1989,Hproj2,0.6736842393875122,1
1990,Hproj2,0.6111111044883728,1
1991,Hproj2,0.752293586730957,1
1992,Hproj2,0.7948718070983887,1
1993,Hproj2,0.5199999809265137,1
1994,Hproj2,0.8849999904632568,1
1995,Hproj2,0.9126891493797302,1
1996,Hproj2,0.9072642922401428,1
1997,Hproj2,0.9411123394966125,1
1998,Hproj2,0.7754642367362976,1
1999,Hproj2,0.14105793833732605,1
2000,Hproj2,0.17693981528282166,1
2001,Hproj2,0.25044092535972595,1
2002,Hproj2,0.03356367349624634,1
2003,Hproj2,3.5335689929638647e-10,1
2004,Hproj2,5.58659229987768e-10,1
2005,Hproj2,0.2395833283662796,1
2006,Hproj2,0.6806282997131348,1
2007,Hproj2,0.7164179086685181,1
2008,Hproj2,0.5356336832046509,2
2009,Hproj2,0.7007215619087219,3
2010,Hproj2,0.770135223865509,3
2011,Hproj2,0.7195254564285278,4
2012,Hproj2,0.7296934723854065,4
2013,Hproj2,0.7295281291007996,4
2014,Hproj2,0.659605860710144,5
2015,Hproj2,0.4663008153438568,6
2016,Hproj2,0.5117881894111633,6
2017,Hproj2,0.5583946704864502,6
2018,Hproj2,0.5892099142074585,6
2019,Hproj2,0.6124281287193298,6
2020,Hproj2,0.625253438949585,6
2021,Hproj2,0.6476044654846191,6
2022,Hproj2,0.6394162774085999,6
2023,Hproj2,0.8163076639175415,5
2024,Hproj2,0.7394757866859436,6
2025,Hproj2,0.8231865167617798,5
2026,Hproj2,0.8432571291923523,5
2027,Hproj2,0.884477972984314,5
2028,Hproj2,0.8212805390357971,7
2029,Hproj2,0.7853215336799622,7
2030,Hproj2,0.7610176205635071,6
2031,Hproj2,0.8118661642074585,5
2032,Hproj2,0.816085696220398,4
2033,Hproj2,0.9201228022575378,3
2034,Hproj2,0.704454243183136,3
2035,Hproj2,0.5148153305053711,3
2036,Hproj2,0.8483026027679443,3
2037,Hproj2,0.7974574565887451,4
2038,Hproj2,0.8420093655586243,3
2039,Hproj2,0.7046771049499512,2
2040,Hproj2,0.8282091617584229,2
2041,Hproj2,0.6486486196517944,1
2042,Hproj2,0.892307698726654,1
2043,Hproj2,0.8115941882133484,1
2044,Hproj2,0.8912280797958374,1
2045,Hproj2,0.9680451154708862,1
2046,Hproj2,0.9487031698226929,1
2047,Hproj2,0.9687362313270569,1
2048,Hproj2,0.9784815311431885,1
2049,Hproj2,0.973767876625061,1
2050,Hproj2,0.9714758396148682,1
2051,Hproj2,0.9576516151428223,1
2052,Hproj2,0.95652174949646,1
2053,Hproj2,0.895652174949646,1
2054,Hproj2,0.8994082808494568,1
2055,Hproj2,0.951330840587616,2
2056,Hproj2,0.9573900103569031,2
2057,Hproj2,0.9732537865638733,2
2058,Hproj2,0.9807268381118774,2
2059,Hproj2,0.9666346311569214,2
2060,Hproj2,0.9636520147323608,2
2061,Hproj2,0.9128961563110352,3
2062,Hproj2,0.9236046671867371,3
2063,Hproj2,0.9114440083503723,3
2064,Hproj2,0.897264838218689,4
2065,Hproj2,0.8616741299629211,5
2066,Hproj2,0.9179016947746277,5
2067,Hproj2,0.8782476186752319,5
2068,Hproj2,0.894006609916687,5
2069,Hproj2,0.9204984903335571,5
2070,Hproj2,0.9123673439025879,5
2071,Hproj2,0.9191074371337891,5
2072,Hproj2,0.8739391565322876,7
2073,Hproj2,0.8791161775588989,7
2074,Hproj2,0.8670125007629395,8
2075,Hproj2,0.8557223677635193,7
2076,Hproj2,0.7387259006500244,8
2077,Hproj2,0.8209235072135925,7
2078,Hproj2,0.8823702931404114,7
2079,Hproj2,0.7673326134681702,7
2080,Hproj2,0.83515864610672,6
2081,Hproj2,0.8948448896408081,4
2082,Hproj2,0.9401009678840637,3
2083,Hproj2,0.9612149596214294,3
2084,Hproj2,0.9646621346473694,3
2085,Hproj2,0.8384621143341064,4
2086,Hproj2,0.890251874923706,4
2087,Hproj2,0.9329717755317688,3
2088,Hproj2,0.9298263192176819,3
2089,Hproj2,0.8703330159187317,3
2090,Hproj2,0.8883349895477295,3
2091,Hproj2,0.8848378658294678,2
2092,Hproj2,0.8681635856628418,2
2093,Hproj2,0.6527884006500244,2
2094,Hproj2,0.837837815284729,1
2095,Hproj2,0.75,1
2096,Hproj2,0.7076923251152039,1
2097,Hproj2,0.8333333134651184,1
2098,Hproj2,0.9295774698257446,1
2099,Hproj2,0.84375,1
2100,Hproj2,0.8275862336158752,1
2101,Hproj2,0.8524590134620667,1
2102,Hproj2,0.746268630027771,1
2103,Hproj2,0.8125,1
2104,Hproj2,0.800000011920929,1
2105,Hproj2,0.7169811129570007,1
2106,Hproj2,0.6666666865348816,1
2107,Hproj2,0.6753246784210205,1
2108,Hproj2,0.6944444179534912,1
2109,Hproj2,0.7222222089767456,1
2110,Hproj2,0.6388888955116272,1
2111,Hproj2,0.7123287916183472,1
2112,Hproj2,0.650602400302887,1
2113,Hproj2,0.7228915691375732,1
2114,Hproj2,0.49180328845977783,1
2115,Hproj2,0.75,1
2116,Hproj2,0.65625,1
2117,Hproj2,0.7142857313156128,1
2118,Hproj2,0.6557376980781555,1
2119,Hproj2,0.6909090876579285,1
2120,Hproj2,0.800000011920929,1
2121,Hproj2,0.7368420958518982,1
2122,Hproj2,0.800000011920929,1
2123,Hproj2,0.8085106611251831,1
2124,Hproj2,0.875,1
2125,Hproj2,0.800000011920929,1
2126,Hproj2,0.7111111283302307,1
2127,Hproj2,0.875,1
2128,Hproj2,0.6808510422706604,1
2129,Hproj2,0.7719298005104065,1
2130,Hproj2,0.6521739363670349,1
2131,Hproj2,0.7857142686843872,1
2132,Hproj2,0.7692307829856873,1
2133,Hproj2,0.8771929740905762,1
2134,Hproj2,0.8965517282485962,1
2135,Hproj2,0.7450980544090271,1
2136,Hproj2,0.7586206793785095,1
2137,Hproj2,0.7352941036224365,1
2138,Hproj2,0.8823529481887817,1
2139,Hproj2,0.8852459192276001,1
2140,Hproj2,0.9620853066444397,1
2141,Hproj2,0.9755579233169556,1
2142,Hproj2,0.9791666865348816,1
2143,Hproj2,0.979871928691864,1
2144,Hproj2,0.9856169819831848,1
2145,Hproj2,0.9905596971511841,1
2146,Hproj2,0.9876543283462524,1
2147,Hproj2,0.9873337745666504,1
2148,Hproj2,0.9890764355659485,1
2149,Hproj2,0.9876543283462524,1
2150,Hproj2,0.9872375726699829,1
2151,Hproj2,0.9865771532058716,1
2152,Hproj2,0.9907084703445435,1
2153,Hproj2,0.9828230142593384,1
2154,Hproj2,0.9830148816108704,1
2155,Hproj2,0.9567010402679443,1
2156,Hproj2,0.9487179517745972,1
2157,Hproj2,0.6493671536445618,3
2158,Hproj2,0.8174555897712708,3
2159,Hproj2,0.899665355682373,3
2160,Hproj2,0.7020190954208374,4
2161,Hproj2,0.7442296743392944,5
2162,Hproj2,0.8147436380386353,5
2163,Hproj2,0.8729478716850281,5
2164,Hproj2,0.9219183921813965,5
2165,Hproj2,0.8094780445098877,6
2166,Hproj2,0.921973705291748,6
2167,Hproj2,0.8922650218009949,7
2168,Hproj2,0.9073658585548401,7
2169,Hproj2,0.9221275448799133,7
2170,Hproj2,0.955231249332428,7
2171,Hproj2,0.9748514890670776,7
2172,Hproj2,0.9576098322868347,7
2173,Hproj2,0.9043951630592346,8
2174,Hproj2,0.9415162801742554,8
2175,Hproj2,0.8900286555290222,10
2176,Hproj2,0.9194375276565552,10
2177,Hproj2,0.9168545603752136,10
2178,Hproj2,0.9127836227416992,10
2179,Hproj2,0.8710768818855286,8
2180,Hproj2,0.8894951939582825,7
2181,Hproj2,0.8244895339012146,7
2182,Hproj2,0.8886855244636536,5
2183,Hproj2,0.8869876861572266,5
2184,Hproj2,0.9764049649238586,3
2185,Hproj2,0.9765480160713196,3
2186,Hproj2,0.9814994931221008,3
2187,Hproj2,0.964289665222168,3
2188,Hproj2,0.9625625014305115,4
2189,Hproj2,0.9419007301330566,4
2190,Hproj2,0.9525137543678284,3
2191,Hproj2,0.9471204280853271,3
2192,Hproj2,0.8068807125091553,3
2193,Hproj2,0.9065694808959961,2
2194,Hproj2,0.9365728497505188,2
2195,Hproj2,0.939661979675293,2
2196,Hproj2,0.9479366540908813,2
2197,Hproj2,0.8960620760917664,2
2198,Hproj2,0.9587568044662476,2
2199,Hproj2,0.8637802600860596,2
2200,Hproj2,0.78125,1
2201,Hproj2,0.7599999904632568,1
2202,Hproj2,0.7083333134651184,1
2203,Hproj2,0.7450980544090271,1
2204,Hproj2,0.6545454263687134,1
2205,Hproj2,0.75,1
2206,Hproj2,0.7575757503509521,1
2207,Hproj2,0.800000011920929,1
2208,Hproj2,0.8205128312110901,1
2209,Hproj2,0.7297297120094299,1
2210,Hproj2,0.7719298005104065,1
2211,Hproj2,0.7111111283302307,1
2212,Hproj2,0.688524603843689,1
2213,Hproj2,0.5479452013969421,1
2214,Hproj2,0.695652186870575,1
2215,Hproj2,0.7179487347602844,1
2216,Hproj2,0.7368420958518982,1
2217,Hproj2,0.89552241563797,1
2218,Hproj2,0.7368420958518982,1
2219,Hproj2,0.84375,1
2220,Hproj2,0.774193525314331,1
2221,Hproj2,0.7692307829856873,1
2222,Hproj2,0.8611111044883728,1
2223,Hproj2,0.8648648858070374,1
2224,Hproj2,0.8985507488250732,1
2225,Hproj2,0.7887324094772339,1
2226,Hproj2,0.5,1
2227,Hproj2,0.8529411554336548,1
2228,Hproj2,0.8055555820465088,1
2229,Hproj2,0.8405796885490417,1
2230,Hproj2,0.8918918967247009,1
2231,Hproj2,0.800000011920929,1
2232,Hproj2,0.8354430198669434,1
2233,Hproj2,0.8799999952316284,1
2234,Hproj2,0.5152000188827515,1
2235,Hproj2,0.5922746658325195,1
2236,Hproj2,0.9161290526390076,1
2237,Hproj2,0.941059947013855,1
2238,Hproj2,0.9497354626655579,1
2239,Hproj2,0.9202401638031006,1
2240,Hproj2,0.6690647602081299,1
2241,Hproj2,0.8093994855880737,1
2242,Hproj2,1.7857143541633036e-09,1
2243,Hproj2,0.8585858345031738,1
2244,Hproj2,0.9285714030265808,1
2245,Hproj2,0.89570552110672,1
2246,Hproj2,0.9591280817985535,1
2247,Hproj2,0.4521276652812958,2
2248,Hproj2,0.4128093123435974,2
2249,Hproj2,0.31196582317352295,2
2250,Hproj2,0.3700721859931946,2
2251,Hproj2,0.4990122318267822,3
2252,Hproj2,0.9378663897514343,3
2253,Hproj2,0.7271678447723389,3
2254,Hproj2,0.7258787751197815,3
2255,Hproj2,0.6337507367134094,3
2256,Hproj2,0.7658870220184326,3
2257,Hproj2,0.8804951906204224,4
2258,Hproj2,0.9257914423942566,5
2259,Hproj2,0.9150635004043579,5
2260,Hproj2,0.8633898496627808,5
2261,Hproj2,0.9209614992141724,5
2262,Hproj2,0.8801300525665283,6
2263,Hproj2,0.74831223487854,6
2264,Hproj2,0.729401171207428,6
2265,Hproj2,0.8687059879302979,6
2266,Hproj2,0.8985825777053833,7
2267,Hproj2,0.8924569487571716,7
2268,Hproj2,0.9058398008346558,7
2269,Hproj2,0.8834546208381653,7
2270,Hproj2,0.8924352526664734,8
2271,Hproj2,0.9169621467590332,8
2272,Hproj2,0.8272829055786133,9
2273,Hproj2,0.8089889883995056,7
2274,Hproj2,0.7130678296089172,7
2275,Hproj2,0.8928558230400085,5
2276,Hproj2,0.8537839651107788,5
2277,Hproj2,0.9102497100830078,5
2278,Hproj2,0.9057005643844604,4
2279,Hproj2,0.803805947303772,4
2280,Hproj2,0.7650011777877808,4
2281,Hproj2,0.9694781303405762,3
2282,Hproj2,0.9716485142707825,3
2283,Hproj2,0.9711287617683411,3
2284,Hproj2,0.8892897367477417,4
2285,Hproj2,0.9348279237747192,4
2286,Hproj2,0.9379382133483887,4
2287,Hproj2,0.93455970287323,4
2288,Hproj2,0.9380433559417725,4
2289,Hproj2,0.8966165781021118,4
2290,Hproj2,0.8490502238273621,2
2291,Hproj2,0.6805750131607056,2
2292,Hproj2,0.8181818127632141,1
2293,Hproj2,0.7872340679168701,1
2294,Hproj2,0.9111111164093018,1
2295,Hproj2,0.8571428656578064,1
2296,Hproj2,0.8095238208770752,1
2297,Hproj2,0.791208803653717,1
2298,Hproj2,0.7714285850524902,1
2299,Hproj2,0.6896551847457886,1
2300,Hproj2,0.7007299065589905,1
2301,Hproj2,0.7863013744354248,1
2302,Hproj2,0.9494268298149109,1
2303,Hproj2,0.9245926737785339,1
2304,Hproj2,0.9549086689949036,1
2305,Hproj2,0.972243070602417,1
2306,Hproj2,0.9741680026054382,1
2307,Hproj2,0.9697802066802979,1
2308,Hproj2,0.9699651002883911,1
2309,Hproj2,0.9611021280288696,1
2310,Hproj2,0.9696349501609802,1
2311,Hproj2,0.9794356822967529,1
2312,Hproj2,0.8504273295402527,1
2313,Hproj2,3.96825405868384e-10,1
2314,Hproj2,0.70606529712677,1
2315,Hproj2,0.678325355052948,3
2316,Hproj2,0.7987349629402161,3
2317,Hproj2,0.8350920677185059,4
2318,Hproj2,0.7989063262939453,5
2319,Hproj2,0.8765660524368286,5
2320,Hproj2,0.9280308485031128,5
2321,Hproj2,0.8957732319831848,6
2322,Hproj2,0.7833074331283569,7
2323,Hproj2,0.8760177493095398,7
2324,Hproj2,0.9022477269172668,7
2325,Hproj2,0.8756777048110962,7
2326,Hproj2,0.776648998260498,8
2327,Hproj2,0.8366056084632874,8
2328,Hproj2,0.8470996022224426,8
2329,Hproj2,0.8918152451515198,8
2330,Hproj2,0.8785235285758972,8
2331,Hproj2,0.9130593538284302,8
2332,Hproj2,0.8344189524650574,10
2333,Hproj2,0.8258241415023804,10
2334,Hproj2,0.8361325263977051,9
2335,Hproj2,0.8599557280540466,8
2336,Hproj2,0.8926253318786621,6
2337,Hproj2,0.8397294878959656,6
2338,Hproj2,0.6900137066841125,5
2339,Hproj2,0.9727779030799866,3
2340,Hproj2,0.9683575630187988,3
2341,Hproj2,0.958812415599823,3
2342,Hproj2,0.9639334678649902,3
2343,Hproj2,0.9269144535064697,4
2344,Hproj2,0.8280680775642395,3
2345,Hproj2,0.9261376857757568,2
2346,Hproj2,0.8935446739196777,2
2347,Hproj2,0.8690903186798096,2
2348,Hproj2,0.3881579041481018,2
2349,Hproj2,0.8175182342529297,1
2350,Hproj2,0.9120000004768372,1
2351,Hproj2,0.9464285969734192,1
2352,Hproj2,0.875,1
2353,Hproj2,0.9333333373069763,1
2354,Hproj2,0.9382715821266174,1
2355,Hproj2,0.8333333134651184,1
2356,Hproj2,0.7631579041481018,1
2357,Hproj2,0.7428571581840515,1
2358,Hproj2,0.78125,1
2359,Hproj2,0.7547169923782349,1
2360,Hproj2,0.7234042286872864,1
2361,Hproj2,0.695652186870575,1
2362,Hproj2,0.5882353186607361,1
2363,Hproj2,0.6229507923126221,1
2364,Hproj2,0.7096773982048035,1
2365,Hproj2,0.7246376872062683,1
2366,Hproj2,0.6419752836227417,1
2367,Hproj2,0.75789475440979,1
2368,Hproj2,0.9126213788986206,1
2369,Hproj2,0.8039215803146362,1
2370,Hproj2,0.8181818127632141,1
2371,Hproj2,0.8292682766914368,1
2372,Hproj2,0.7631579041481018,1
2373,Hproj2,0.8656716346740723,1
2374,Hproj2,0.8965517282485962,1
2375,Hproj2,0.8965517282485962,1
2376,Hproj2,0.800000011920929,1
2377,Hproj2,0.8135592937469482,1
2378,Hproj2,0.8888888955116272,1
2379,Hproj2,0.9459459185600281,1
2380,Hproj2,0.8860759735107422,1
2381,Hproj2,0.8705882430076599,1
2382,Hproj2,0.9047619104385376,1
2383,Hproj2,0.9444444179534912,1
2384,Hproj2,0.8607594966888428,1
2385,Hproj2,0.8607594966888428,1
2386,Hproj2,0.7816091775894165,1
2387,Hproj2,0.8659793734550476,1
2388,Hproj2,0.7899159789085388,1
2389,Hproj2,0.8865979313850403,1
2390,Hproj2,0.8533333539962769,1
2391,Hproj2,0.8985507488250732,1
2392,Hproj2,0.9041095972061157,1
2393,Hproj2,0.8888888955116272,1
2394,Hproj2,0.8764045238494873,1
2395,Hproj2,0.9441536068916321,1
2396,Hproj2,0.962572455406189,1
2397,Hproj2,0.9768421053886414,1
2398,Hproj2,0.9858601689338684,1
2399,Hproj2,0.9829972386360168,1
2400,Hproj2,0.9813889861106873,1
2401,Hproj2,0.860063910484314,1
2402,Hproj2,0.2874493896961212,1
2403,Hproj2,0.699999988079071,1
2404,Hproj2,0.9842180609703064,1
2405,Hproj2,0.9739276766777039,1
2406,Hproj2,0.6695144176483154,2
2407,Hproj2,0.903150737285614,3
2408,Hproj2,0.9242818355560303,4
2409,Hproj2,0.9437315464019775,4
2410,Hproj2,0.9388659596443176,4
2411,Hproj2,0.7828608155250549,6
2412,Hproj2,0.9438073039054871,6
2413,Hproj2,0.9287139773368835,6
2414,Hproj2,0.9381347894668579,7
2415,Hproj2,0.9374504089355469,7
2416,Hproj2,0.9343146085739136,7
2417,Hproj2,0.9289842247962952,7
2418,Hproj2,0.9426871538162231,7
2419,Hproj2,0.9184864163398743,7
2420,Hproj2,0.8218890428543091,7
2421,Hproj2,0.7902128100395203,7
2422,Hproj2,0.7384384870529175,7
2423,Hproj2,0.8019346594810486,6
2424,Hproj2,0.9531632661819458,5
2425,Hproj2,0.9521095156669617,5
2426,Hproj2,0.9083882570266724,7
2427,Hproj2,0.8799629211425781,7
2428,Hproj2,0.8693292140960693,8
2429,Hproj2,0.9327640533447266,8
2430,Hproj2,0.9117946028709412,7
2431,Hproj2,0.9335290789604187,7
2432,Hproj2,0.8962534070014954,7
2433,Hproj2,0.7981497645378113,7
2434,Hproj2,0.8347113728523254,6
2435,Hproj2,0.8469158411026001,5
2436,Hproj2,0.864031970500946,5
2437,Hproj2,0.802298903465271,4
2438,Hproj2,0.9149412512779236,4
2439,Hproj2,0.8998351693153381,4
2440,Hproj2,0.8906815648078918,4
2441,Hproj2,0.899128258228302,4
2442,Hproj2,0.9155480861663818,4
2443,Hproj2,0.9304735064506531,4
2444,Hproj2,0.9224216341972351,2
2445,Hproj2,0.9324373006820679,2
2446,Hproj2,0.8694594502449036,2
2447,Hproj2,0.8728446364402771,2
2448,Hproj2,0.8219178318977356,1
2449,Hproj2,0.8476821184158325,1
2450,Hproj2,0.8137931227684021,1
2451,Hproj2,0.7121211886405945,1
2452,Hproj2,0.6835442781448364,1
2453,Hproj2,0.6279069781303406,1
2454,Hproj2,0.7428571581840515,1
2455,Hproj2,0.7123287916183472,1
2456,Hproj2,0.6590909361839294,1
2457,Hproj2,0.7640449404716492,1
2458,Hproj2,0.4470588266849518,1
2459,Hproj2,0.446601927280426,1
2460,Hproj2,0.44961240887641907,1
2461,Hproj2,0.5029940009117126,1
2462,Hproj2,0.262773722410202,1
2463,Hproj2,0.5769230723381042,1
2464,Hproj2,0.7759562730789185,1
2465,Hproj2,0.7295597195625305,1
2466,Hproj2,0.6808510422706604,1
2467,Hproj2,0.6804123520851135,1
2468,Hproj2,0.7954545617103577,1
2469,Hproj2,0.8478260636329651,1
2470,Hproj2,0.936170220375061,1
2471,Hproj2,0.8461538553237915,1
2472,Hproj2,0.821052610874176,1
2473,Hproj2,0.859649121761322,1
2474,Hproj2,0.7663551568984985,1
2475,Hproj2,0.8623853325843811,1
2476,Hproj2,0.747474730014801,1
2477,Hproj2,0.75,1
2478,Hproj2,0.6474820375442505,1
2479,Hproj2,0.8644067645072937,1
2480,Hproj2,0.8396946787834167,1
2481,Hproj2,0.746666669845581,1
2482,Hproj2,0.8427672982215881,1
2483,Hproj2,0.9279999732971191,1
2484,Hproj2,0.9481481313705444,1
2485,Hproj2,0.9034749269485474,1
2486,Hproj2,0.9413233399391174,1
2487,Hproj2,0.94017094373703,1
2488,Hproj2,0.957313597202301,1
2489,Hproj2,0.9812769889831543,1
2490,Hproj2,0.9788193106651306,1
2491,Hproj2,0.9850327372550964,1
2492,Hproj2,0.9811704754829407,1
2493,Hproj2,0.9544143080711365,1
2494,Hproj2,0.9192646145820618,1
2495,Hproj2,0.8652482032775879,1
2496,Hproj2,0.33766233921051025,1
2497,Hproj2,0.5263158082962036,1
2498,Hproj2,0.7540983557701111,1
2499,Hproj2,0.03153153136372566,2
2500,Hproj2,0.39702603220939636,2
2501,Hproj2,0.5565783381462097,3
2502,Hproj2,0.5330237746238708,3
2503,Hproj2,0.49182939529418945,3
2504,Hproj2,0.4880940020084381,3
2505,Hproj2,0.639933168888092,4
2506,Hproj2,0.6798040866851807,4
2507,Hproj2,0.7076634764671326,4
2508,Hproj2,0.5945954322814941,5
2509,Hproj2,0.597884476184845,5
2510,Hproj2,0.5986632108688354,5
2511,Hproj2,0.6376124620437622,5
2512,Hproj2,0.6475614309310913,5
2513,Hproj2,0.7240527272224426,6
2514,Hproj2,0.7728858590126038,6
2515,Hproj2,0.792458713054657,6
2516,Hproj2,0.6642619371414185,7
2517,Hproj2,0.6614266633987427,7
2518,Hproj2,0.6682208776473999,7
2519,Hproj2,0.708649754524231,7
2520,Hproj2,0.468054860830307,7
2521,Hproj2,0.467236191034317,7
2522,Hproj2,0.7007229924201965,7
2523,Hproj2,0.7651076912879944,7
2524,Hproj2,0.7637314200401306,7
2525,Hproj2,0.7918462753295898,7
2526,Hproj2,0.7546525597572327,6
2527,Hproj2,0.9056606292724609,4
2528,Hproj2,0.9625738263130188,3
2529,Hproj2,0.9139682650566101,4
2530,Hproj2,0.928336501121521,4
2531,Hproj2,0.9385552406311035,4
2532,Hproj2,0.9164749979972839,4
2533,Hproj2,0.8989579677581787,4
2534,Hproj2,0.6881306171417236,4
2535,Hproj2,0.6182746291160583,3
2536,Hproj2,0.8966963887214661,2
2537,Hproj2,0.8856096863746643,2
2538,Hproj2,0.9378621578216553,2
2539,Hproj2,0.8622679114341736,2
2540,Hproj2,0.8686035871505737,2
2541,Hproj2,0.8392707109451294,2
2542,Hproj2,0.49056604504585266,1
2543,Hproj2,0.517241358757019,1
2544,Hproj2,0.6666666865348816,1
2545,Hproj2,0.6538461446762085,1
2546,Hproj2,0.6153846383094788,1
2547,Hproj2,0.9057665467262268,1
2548,Hproj2,0.9452736377716064,1
2549,Hproj2,0.9645244479179382,1
2550,Hproj2,0.8653010725975037,1
2551,Hproj2,0.7011173367500305,1
2552,Hproj2,2.3255815051470563e-09,1
2553,Hproj2,0.8734177350997925,1
2554,Hproj2,0.9385474920272827,1
2555,Hproj2,0.5909199118614197,2
2556,Hproj2,0.9036206007003784,2
2557,Hproj2,0.5384588837623596,3
2558,Hproj2,0.7778728604316711,5
2559,Hproj2,0.8968008160591125,5
2560,Hproj2,0.923737645149231,5
2561,Hproj2,0.8093668222427368,7
2562,Hproj2,0.9076085090637207,7
2563,Hproj2,0.8689936399459839,7
2564,Hproj2,0.8401651382446289,7
2565,Hproj2,0.8388357758522034,7
2566,Hproj2,0.7679400444030762,8
2567,Hproj2,0.7651320695877075,8
2568,Hproj2,0.7793269157409668,8
2569,Hproj2,0.8532557487487793,8
2570,Hproj2,0.8461808562278748,8
2571,Hproj2,0.8571324944496155,8
2572,Hproj2,0.9470074772834778,6
2573,Hproj2,0.9403696060180664,6
2574,Hproj2,0.9383819103240967,6
2575,Hproj2,0.8608510494232178,8
2576,Hproj2,0.8285040855407715,7
2577,Hproj2,0.8041970133781433,6
2578,Hproj2,0.8811887502670288,5
2579,Hproj2,0.8671466708183289,5
2580,Hproj2,0.9662119746208191,3
2581,Hproj2,0.9723587036132812,3
2582,Hproj2,0.9192473292350769,3
2583,Hproj2,0.9458794593811035,3
2584,Hproj2,0.8097726106643677,2
2585,Hproj2,0.858128547668457,2
2586,Hproj2,0.9252190589904785,2
2587,Hproj2,0.886839747428894,2
2588,Hproj2,0.7624794840812683,2
2589,Hproj2,0.5320441722869873,2
2590,Hproj2,0.978723406791687,1
2591,Hproj2,0.9523809552192688,1
2592,Hproj2,0.930232584476471,1
2593,Hproj2,0.5977011322975159,1
2594,Hproj2,0.8531468510627747,1
2595,Hproj2,0.9279873967170715,2
2596,Hproj2,0.6787020564079285,3
2597,Hproj2,0.8123070597648621,3
2598,Hproj2,0.7737590670585632,3
2599,Hproj2,0.7213649749755859,4
2600,Hproj2,0.784050464630127,5
2601,Hproj2,0.8371151089668274,6
2602,Hproj2,0.7032567858695984,6
2603,Hproj2,0.8379456400871277,6
2604,Hproj2,0.8393799662590027,6
2605,Hproj2,0.8542069792747498,6
2606,Hproj2,0.8884329199790955,6
2607,Hproj2,0.7840878963470459,8
2608,Hproj2,0.7880339622497559,8
2609,Hproj2,0.7752261161804199,8
2610,Hproj2,0.7626160979270935,8
2611,Hproj2,0.8171567916870117,8
2612,Hproj2,0.7798601984977722,9
2613,Hproj2,0.7958644032478333,8
2614,Hproj2,0.8320708274841309,8
2615,Hproj2,0.7304205894470215,6
2616,Hproj2,0.8625870943069458,5
2617,Hproj2,0.7078881859779358,5
2618,Hproj2,0.8324849009513855,3
2619,Hproj2,0.6659612059593201,3
2620,Hproj2,0.8117427229881287,3
2621,Hproj2,0.7428234219551086,3
2622,Hproj2,0.5038444399833679,2
2623,Hproj2,0.4790187180042267,2
2624,Hproj2,0.46845704317092896,2
2625,Hproj2,0.440006822347641,2
2626,Hproj2,0.9275414943695068,2
2627,Hproj2,0.9361768960952759,2
2628,Hproj2,0.9217023849487305,2
2629,Hproj2,0.8974359035491943,1
2630,Hproj2,0.8550724387168884,1
2631,Hproj2,0.9117646813392639,1
2632,Hproj2,0.902255654335022,1
2633,Hproj2,0.9291338324546814,1
2634,Hproj2,0.8771929740905762,1
2635,Hproj2,0.8659793734550476,1
2636,Hproj2,0.7111111283302307,1
2637,Hproj2,0.7631579041481018,1
2638,Hproj2,0.7749999761581421,1
2639,Hproj2,0.7469879388809204,1
2640,Hproj2,0.7792207598686218,1
2641,Hproj2,0.767123281955719,1
2642,Hproj2,0.6896551847457886,1
2643,Hproj2,0.7692307829856873,1
2644,Hproj2,0.7951807379722595,1
2645,Hproj2,0.8131868243217468,1
2646,Hproj2,0.8256880640983582,1
2647,Hproj2,0.7777777910232544,1
2648,Hproj2,0.8409090638160706,1
2649,Hproj2,0.8260869383811951,1
2650,Hproj2,0.807692289352417,1
2651,Hproj2,0.7433628439903259,1
2652,Hproj2,0.8360655903816223,1
2653,Hproj2,0.8640000224113464,1
2654,Hproj2,0.8636363744735718,1
2655,Hproj2,0.8571428656578064,1
2656,Hproj2,0.8226950168609619,1
2657,Hproj2,0.7551020383834839,1
2658,Hproj2,0.5277777910232544,1
2659,Hproj2,0.6746987700462341,1
2660,Hproj2,0.6304348111152649,1
2661,Hproj2,0.7547169923782349,1
2662,Hproj2,0.7184466123580933,1
2663,Hproj2,0.782608687877655,1
2664,Hproj2,0.8602150678634644,1
2665,Hproj2,0.8514851331710815,1
2666,Hproj2,0.695652186870575,1
2667,Hproj2,0.898876428604126,1
2668,Hproj2,0.8163265585899353,1
2669,Hproj2,0.9069767594337463,1
2670,Hproj2,0.8125,1
2671,Hproj2,0.8717948794364929,1
2672,Hproj2,0.7105262875556946,1
2673,Hproj2,0.7037037014961243,1
2674,Hproj2,0.5303030014038086,1
2675,Hproj2,0.7272727489471436,1
2676,Hproj2,0.9378723502159119,2
2677,Hproj2,0.7989034652709961,3
2678,Hproj2,0.8251219391822815,3
2679,Hproj2,0.8348383903503418,3
2680,Hproj2,0.8011640310287476,4
2681,Hproj2,0.7922335863113403,5
2682,Hproj2,0.8460858464241028,5
2683,Hproj2,0.7887184619903564,6
2684,Hproj2,0.8229435086250305,6
2685,Hproj2,0.8489566445350647,6
2686,Hproj2,0.8968725204467773,6
2687,Hproj2,0.8720506429672241,7
2688,Hproj2,0.91668701171875,7
2689,Hproj2,0.820079505443573,8
2690,Hproj2,0.8221903443336487,8
2691,Hproj2,0.8525979518890381,8
2692,Hproj2,0.8360669016838074,9
2693,Hproj2,0.8084663152694702,9
2694,Hproj2,0.8577206134796143,8
2695,Hproj2,0.8073623180389404,8
2696,Hproj2,0.8743793368339539,6
2697,Hproj2,0.917116641998291,4
2698,Hproj2,0.640366792678833,4
2699,Hproj2,0.5803723335266113,4
2700,Hproj2,0.9144600033760071,3
2701,Hproj2,0.8201298713684082,3
2702,Hproj2,0.6483973860740662,3
2703,Hproj2,0.6354259252548218,3
2704,Hproj2,0.49080124497413635,2
2705,Hproj2,0.6329376101493835,3
2706,Hproj2,0.9529622793197632,2
2707,Hproj2,0.9618909955024719,2
2708,Hproj2,0.9302266836166382,2
2709,Hproj2,0.9177536368370056,2
2710,Hproj2,0.9251700639724731,1
2711,Hproj2,0.9354838728904724,1
2712,Hproj2,0.9465649127960205,1
2713,Hproj2,0.8474576473236084,1
2714,Hproj2,0.9130434989929199,1
2715,Hproj2,0.9230769276618958,1
2716,Hproj2,0.8493150472640991,1
2717,Hproj2,0.8529411554336548,1
2718,Hproj2,0.8648648858070374,1
2719,Hproj2,0.7647058963775635,1
2720,Hproj2,0.8253968358039856,1
2721,Hproj2,0.7636363506317139,1
2722,Hproj2,0.8214285969734192,1
2723,Hproj2,0.8787878751754761,1
2724,Hproj2,0.8266666531562805,1
2725,Hproj2,0.8648648858070374,1
2726,Hproj2,0.6987951993942261,1
2727,Hproj2,0.8376068472862244,1
2728,Hproj2,0.792792797088623,1
2729,Hproj2,0.800000011920929,1
2730,Hproj2,0.6808510422706604,1
2731,Hproj2,0.7254902124404907,1
2732,Hproj2,0.7254902124404907,1
2733,Hproj2,0.7479674816131592,1
2734,Hproj2,0.8333333134651184,1
2735,Hproj2,0.7878788113594055,1
2736,Hproj2,0.5607476830482483,1
2737,Hproj2,0.4810126721858978,1
2738,Hproj2,0.6133333444595337,1
2739,Hproj2,0.5813953280448914,1
2740,Hproj2,0.6200000047683716,1
2741,Hproj2,0.6605504751205444,1
2742,Hproj2,0.6086956262588501,1
2743,Hproj2,0.7400000095367432,1
2744,Hproj2,0.7169811129570007,1
2745,Hproj2,0.7710843086242676,1
2746,Hproj2,0.84112149477005,1
2747,Hproj2,0.8571428656578064,1
2748,Hproj2,0.9059829115867615,1
2749,Hproj2,0.8455284833908081,1
2750,Hproj2,0.8775510191917419,1
2751,Hproj2,0.6601941585540771,1
2752,Hproj2,0.7652173638343811,1
2753,Hproj2,0.7642276287078857,1
2754,Hproj2,0.9404990673065186,1
2755,Hproj2,0.9557521939277649,1
2756,Hproj2,0.9653220176696777,1
2757,Hproj2,0.9781553149223328,1
2758,Hproj2,0.9813365340232849,1
2759,Hproj2,0.9586410522460938,1
2760,Hproj2,0.84375,1
2761,Hproj2,0.2666666805744171,1
2762,Hproj2,0.9832134246826172,1
2763,Hproj2,0.9690048694610596,1
2764,Hproj2,0.9909909963607788,1
2765,Hproj2,0.9897330403327942,1
2766,Hproj2,0.9756975769996643,1
2767,Hproj2,0.48117154836654663,2
2768,Hproj2,0.8339352011680603,3
2769,Hproj2,0.6977753639221191,5
2770,Hproj2,0.6709388494491577,5
2771,Hproj2,0.7441555857658386,5
2772,Hproj2,0.8480676412582397,5
2773,Hproj2,0.6827759742736816,6
2774,Hproj2,0.6981358528137207,6
2775,Hproj2,0.7200617790222168,6
2776,Hproj2,0.8194800019264221,6
2777,Hproj2,0.8504573702812195,6
2778,Hproj2,0.7411147952079773,6
2779,Hproj2,0.8693720698356628,6
2780,Hproj2,0.8401874899864197,6
2781,Hproj2,0.8284315466880798,7
2782,Hproj2,0.8833407163619995,7
2783,Hproj2,0.8805525898933411,7
2784,Hproj2,0.8095102310180664,8
2785,Hproj2,0.8974120616912842,6
2786,Hproj2,0.8474327921867371,7
2787,Hproj2,0.8647695779800415,7
2788,Hproj2,0.8845175504684448,7
2789,Hproj2,0.8275943398475647,7
2790,Hproj2,0.8149539232254028,7
2791,Hproj2,0.9113933444023132,6
2792,Hproj2,0.9317759871482849,6
2793,Hproj2,0.9037324786186218,6
2794,Hproj2,0.9690993428230286,3
2795,Hproj2,0.9347934722900391,3
2796,Hproj2,0.9335387349128723,3
2797,Hproj2,0.9462681412696838,3
2798,Hproj2,0.9371159672737122,3
2799,Hproj2,0.9070741534233093,3
2800,Hproj2,0.7775810956954956,4
2801,Hproj2,0.9080495238304138,4
2802,Hproj2,0.8913083672523499,3
2803,Hproj2,0.8842086791992188,3
2804,Hproj2,0.9259516000747681,2
2805,Hproj2,0.8824975490570068,2
2806,Hproj2,0.8634048700332642,2
2807,Hproj2,0.8167939186096191,2
2808,Hproj2,0.8039807081222534,2
2809,Hproj2,0.8235514163970947,2
2810,Hproj2,0.3333333432674408,2
2811,Hproj2,0.6865671873092651,1
2812,Hproj2,0.8196721076965332,1
2813,Hproj2,0.6470588445663452,1
2814,Hproj2,0.6666666865348816,1
2815,Hproj2,0.7352941036224365,1
2816,Hproj2,0.7887324094772339,1
2817,Hproj2,0.8888888955116272,1
2818,Hproj2,0.9099525809288025,1
2819,Hproj2,0.8640483617782593,1
2820,Hproj2,0.9072580933570862,1
2821,Hproj2,0.8120893836021423,1
2822,Hproj2,0.7567567825317383,1
2823,Hproj2,0.828742504119873,1
2824,Hproj2,0.6549707651138306,1
2825,Hproj2,0.9629629850387573,1
2826,Hproj2,0.9865471124649048,1
2827,Hproj2,0.9851484894752502,1
2828,Hproj2,0.9518304467201233,1
2829,Hproj2,0.9458483457565308,1
2830,Hproj2,0.8744626045227051,3
2831,Hproj2,0.966529369354248,3
2832,Hproj2,0.9532975554466248,3
2833,Hproj2,0.954892098903656,3
2834,Hproj2,0.9465996623039246,3
2835,Hproj2,0.8745160102844238,4
2836,Hproj2,0.8330475687980652,4
2837,Hproj2,0.891900897026062,4
2838,Hproj2,0.9273205995559692,4
2839,Hproj2,0.8958203196525574,4
2840,Hproj2,0.8559365272521973,5
2841,Hproj2,0.9275075197219849,5
2842,Hproj2,0.7579755187034607,7
2843,Hproj2,0.916458010673523,7
2844,Hproj2,0.8592066168785095,7
2845,Hproj2,0.8970593214035034,7
2846,Hproj2,0.8012219667434692,7
2847,Hproj2,0.6903308629989624,8
2848,Hproj2,0.7860722541809082,7
2849,Hproj2,0.7560269236564636,5
2850,Hproj2,0.858189582824707,5
2851,Hproj2,0.8597248196601868,6
2852,Hproj2,0.7416447401046753,5
2853,Hproj2,0.9094852209091187,4
2854,Hproj2,0.8489449620246887,5
2855,Hproj2,0.9470374584197998,4
2856,Hproj2,0.9440233111381531,4
2857,Hproj2,0.9407265782356262,3
2858,Hproj2,0.8420791029930115,3
2859,Hproj2,0.9033743143081665,2
2860,Hproj2,0.9386327266693115,2
2861,Hproj2,0.8886458873748779,2
2862,Hproj2,0.9551918506622314,2
2863,Hproj2,0.8949553370475769,2
2864,Hproj2,0.9100164175033569,2
2865,Hproj2,0.9099498987197876,2
2866,Hproj2,0.8775869607925415,2
2867,Hproj2,0.8472087383270264,2
2868,Hproj2,0.7728513479232788,2
2869,Hproj2,0.7217697501182556,2
2870,Hproj2,0.8636363744735718,1
2871,Hproj2,0.9130434989929199,1
2872,Hproj2,0.6530612111091614,1
2873,Hproj2,0.6938775777816772,1
2874,Hproj2,0.875,1
2875,Hproj2,0.7179487347602844,1
2876,Hproj2,0.5614035129547119,1
2877,Hproj2,0.9492385983467102,1
2878,Hproj2,0.8730649948120117,1
2879,Hproj2,0.8819875717163086,1
2880,Hproj2,0.8659476041793823,1
2881,Hproj2,0.8855788707733154,1
2882,Hproj2,0.9471544623374939,1
2883,Hproj2,0.9461161494255066,1
2884,Hproj2,0.942097008228302,1
2885,Hproj2,0.8986415863037109,1
2886,Hproj2,0.9396551847457886,1
2887,Hproj2,0.9496123790740967,1
2888,Hproj2,0.7058823704719543,1
2889,Hproj2,0.8643215894699097,1
2890,Hproj2,0.9605262875556946,1
2891,Hproj2,0.9720930457115173,1
2892,Hproj2,0.4716981053352356,2
2893,Hproj2,0.9171854257583618,2
2894,Hproj2,0.9449717998504639,2
2895,Hproj2,0.8106711506843567,3
2896,Hproj2,0.8468058705329895,3
2897,Hproj2,0.8453750610351562,3
2898,Hproj2,0.8551207184791565,3
2899,Hproj2,0.8573877811431885,3
2900,Hproj2,0.6485536694526672,4
2901,Hproj2,0.7105609774589539,4
2902,Hproj2,0.7796661853790283,5
2903,Hproj2,0.7372916340827942,5
2904,Hproj2,0.7489594221115112,5
2905,Hproj2,0.7128878831863403,5
2906,Hproj2,0.5805368423461914,6
2907,Hproj2,0.6755746603012085,7
2908,Hproj2,0.7622910141944885,7
2909,Hproj2,0.8608651161193848,6
2910,Hproj2,0.8685047626495361,6
2911,Hproj2,0.8143774271011353,7
2912,Hproj2,0.8305524587631226,7
2913,Hproj2,0.7917530536651611,6
2914,Hproj2,0.777235746383667,6
2915,Hproj2,0.6742783784866333,5
2916,Hproj2,0.6595126986503601,5
2917,Hproj2,0.6132131218910217,5
2918,Hproj2,0.6972979307174683,4
2919,Hproj2,0.7125908136367798,4
2920,Hproj2,0.8744469881057739,5
2921,Hproj2,0.8745341300964355,5
2922,Hproj2,0.7133790254592896,4
2923,Hproj2,0.9164322018623352,3
2924,Hproj2,0.9115565419197083,3
2925,Hproj2,0.8992870450019836,3
2926,Hproj2,0.8397486805915833,3
2927,Hproj2,0.8682693839073181,2
2928,Hproj2,0.843898355960846,2
2929,Hproj2,0.8749357461929321,2
2930,Hproj2,0.9447289705276489,2
2931,Hproj2,0.8319085836410522,2
2932,Hproj2,0.9087538123130798,2
2933,Hproj2,0.8863533139228821,2
2934,Hproj2,0.8572210669517517,2
2935,Hproj2,0.9182835817337036,2
2936,Hproj2,0.75,1
2937,Hproj2,0.7894737124443054,1
2938,Hproj2,0.8773747682571411,1
2939,Hproj2,0.5036674737930298,1
2940,Hproj2,0.7300079464912415,1
2941,Hproj2,0.9541817903518677,1
2942,Hproj2,0.8330206274986267,1
2943,Hproj2,0.19607843458652496,1
2944,Hproj2,0.8563380241394043,1
2945,Hproj2,0.8547717928886414,1
2946,Hproj2,0.8961175084114075,1
2947,Hproj2,0.9209855794906616,1
2948,Hproj2,0.875,1
2949,Hproj2,0.9307317137718201,1
2950,Hproj2,0.9616390466690063,1
2951,Hproj2,0.9325751662254333,1
2952,Hproj2,0.9486426711082458,1
2953,Hproj2,0.9503858685493469,1
2954,Hproj2,0.8300812840461731,1
2955,Hproj2,0.8866571187973022,1
2956,Hproj2,0.777561366558075,1
2957,Hproj2,0.7973060011863708,2
2958,Hproj2,0.7839315533638,3
2959,Hproj2,0.7421050667762756,4
2960,Hproj2,0.788968563079834,4
2961,Hproj2,0.8467419147491455,4
2962,Hproj2,0.8392000198364258,6
2963,Hproj2,0.8579226732254028,7
2964,Hproj2,0.8563941717147827,7
2965,Hproj2,0.8483631014823914,7
2966,Hproj2,0.8455238342285156,7
2967,Hproj2,0.8562045693397522,7
2968,Hproj2,0.839106559753418,7
2969,Hproj2,0.8393044471740723,7
2970,Hproj2,0.7463487386703491,7
2971,Hproj2,0.7953564524650574,6
2972,Hproj2,0.8995321393013,6
2973,Hproj2,0.8754002451896667,6
2974,Hproj2,0.7429970502853394,8
2975,Hproj2,0.7291746139526367,7
2976,Hproj2,0.9103973507881165,5
2977,Hproj2,0.861444354057312,5
2978,Hproj2,0.7281768321990967,6
2979,Hproj2,0.6879779696464539,6
2980,Hproj2,0.7742396593093872,5
2981,Hproj2,0.924678385257721,4
2982,Hproj2,0.9186038970947266,4
2983,Hproj2,0.6898525953292847,4
2984,Hproj2,0.8134747743606567,2
2985,Hproj2,0.6200000047683716,1
2986,Hproj2,0.8672566413879395,1
2987,Hproj2,0.8108108043670654,1
2988,Hproj2,0.9108911156654358,1
2989,Hproj2,0.7083333134651184,1
2990,Hproj2,0.9090909361839294,1
2991,Hproj2,0.9285714030265808,1
2992,Hproj2,0.8807339668273926,1
2993,Hproj2,0.8627451062202454,1
2994,Hproj2,0.8256880640983582,1
2995,Hproj2,0.7659574747085571,1
2996,Hproj2,0.791208803653717,1
2997,Hproj2,0.7755101919174194,1
2998,Hproj2,0.7654321193695068,1
2999,Hproj2,0.8219178318977356,1
3000,Hproj2,0.8450704216957092,1
3001,Hproj2,0.8735632300376892,1
3002,Hproj2,0.8695651888847351,1
3003,Hproj2,0.8636363744735718,1
3004,Hproj2,0.7333333492279053,1
3005,Hproj2,0.8073394298553467,1
3006,Hproj2,0.6060606241226196,1
3007,Hproj2,0.5333333611488342,1
3008,Hproj2,0.5507246255874634,1
3009,Hproj2,0.6133333444595337,1
3010,Hproj2,0.7341772317886353,1
3011,Hproj2,0.5316455960273743,1
3012,Hproj2,0.6388888955116272,1
3013,Hproj2,0.6461538672447205,1
3014,Hproj2,0.8045976758003235,1
3015,Hproj2,0.6027397513389587,1
3016,Hproj2,0.6440678238868713,1
3017,Hproj2,0.774193525314331,1
3018,Hproj2,0.8918918967247009,1
3019,Hproj2,0.8461538553237915,1
3020,Hproj2,0.9019607901573181,1
3021,Hproj2,0.8051947951316833,1
3022,Hproj2,0.7088607549667358,1
3023,Hproj2,0.7191011309623718,1
3024,Hproj2,0.7710843086242676,1
3025,Hproj2,0.7209302186965942,1
3026,Hproj2,0.6829268336296082,1
3027,Hproj2,0.5909090638160706,1
3028,Hproj2,0.6060606241226196,1
3029,Hproj2,0.5,1
3030,Hproj2,0.4675324559211731,1
3031,Hproj2,0.8484848737716675,1
3032,Hproj2,0.9120879173278809,1
3033,Hproj2,0.9488752484321594,1
3034,Hproj2,0.9511889815330505,1
3035,Hproj2,0.6190476417541504,1
3036,Hproj2,0.28626692295074463,1
3037,Hproj2,0.23768116533756256,1
3038,Hproj2,0.4893617033958435,1
3039,Hproj2,0.25,1
3040,Hproj2,0.4580152630805969,1
3041,Hproj2,0.5562130212783813,1
3042,Hproj2,0.820318877696991,3
3043,Hproj2,0.8632211089134216,3
3044,Hproj2,0.890927255153656,4
3045,Hproj2,0.8393869400024414,6
3046,Hproj2,0.8814526200294495,7
3047,Hproj2,0.9225875735282898,7
3048,Hproj2,0.8941006064414978,7
3049,Hproj2,0.905809223651886,7
3050,Hproj2,0.8582575917243958,7
3051,Hproj2,0.8466424942016602,7
3052,Hproj2,0.7731140851974487,7
3053,Hproj2,0.7233258485794067,7
3054,Hproj2,0.7873847484588623,8
3055,Hproj2,0.8916577696800232,7
3056,Hproj2,0.8686338067054749,7
3057,Hproj2,0.8777105212211609,6
3058,Hproj2,0.913121223449707,6
3059,Hproj2,0.8869420289993286,7
3060,Hproj2,0.8714962005615234,7
3061,Hproj2,0.9042137265205383,6
3062,Hproj2,0.8254672884941101,7
3063,Hproj2,0.75920569896698,7
3064,Hproj2,0.7613490223884583,7
3065,Hproj2,0.7173669338226318,6
3066,Hproj2,0.8456425666809082,4
3067,Hproj2,0.8253585696220398,4
3068,Hproj2,0.9648968577384949,3
3069,Hproj2,0.9603890776634216,3
3070,Hproj2,0.9248161315917969,3
3071,Hproj2,0.8943660259246826,4
3072,Hproj2,0.8781810402870178,3
3073,Hproj2,0.9008349776268005,2
3074,Hproj2,0.8879052400588989,2
3075,Hproj2,0.8599033951759338,1
3076,Hproj2,0.9416666626930237,1
3077,Hproj2,0.9463276863098145,1
3078,Hproj2,0.9380863308906555,1
3079,Hproj2,0.4395604431629181,1
3080,Hproj2,0.695652186870575,1
3081,Hproj2,0.9238578677177429,1
3082,Hproj2,0.9423728585243225,1
3083,Hproj2,0.8997290134429932,1
3084,Hproj2,0.8409485220909119,2
3085,Hproj2,0.8324467539787292,3
3086,Hproj2,0.8962531089782715,3
3087,Hproj2,0.9307271838188171,3
3088,Hproj2,0.8984456062316895,3
3089,Hproj2,0.8925983905792236,3
3090,Hproj2,0.8330909609794617,3
3091,Hproj2,0.6765855550765991,4
3092,Hproj2,0.7038459181785583,5
3093,Hproj2,0.8527938723564148,5
3094,Hproj2,0.8541663289070129,5
3095,Hproj2,0.8337727785110474,5
3096,Hproj2,0.8241950869560242,6
3097,Hproj2,0.7284399271011353,7
3098,Hproj2,0.7556723952293396,8
3099,Hproj2,0.8240121603012085,8
3100,Hproj2,0.8040114641189575,8
3101,Hproj2,0.7580158710479736,9
3102,Hproj2,0.7057165503501892,9
3103,Hproj2,0.6334041953086853,7
3104,Hproj2,0.6896113157272339,8
3105,Hproj2,0.7545943260192871,6
3106,Hproj2,0.7491573691368103,6
3107,Hproj2,0.7491945624351501,5
3108,Hproj2,0.7740678787231445,5
3109,Hproj2,0.7399225831031799,5
3110,Hproj2,0.7485809326171875,5
3111,Hproj2,0.7655636072158813,5
3112,Hproj2,0.8540409803390503,5
3113,Hproj2,0.9216002821922302,4
3114,Hproj2,0.8912762403488159,4
3115,Hproj2,0.6790732145309448,4
3116,Hproj2,0.6516919136047363,4
3117,Hproj2,0.588726282119751,3
3118,Hproj2,0.6059874296188354,3
3119,Hproj2,0.9153788089752197,2
3120,Hproj2,0.8194822072982788,2
3121,Hproj2,0.7562538981437683,2
3122,Hproj2,0.7251442670822144,2
3123,Hproj2,0.9784688949584961,1
3124,Hproj2,0.8753180503845215,1
3125,Hproj2,0.9655850529670715,1
3126,Hproj2,0.992376983165741,1
3127,Hproj2,0.9891095161437988,1
3128,Hproj2,0.9814126491546631,1
3129,Hproj2,0.7333333492279053,1
3130,Hproj2,0.7234042286872864,1
3131,Hproj2,0.9434153437614441,2
3132,Hproj2,0.9769529104232788,2
3133,Hproj2,0.9873068332672119,2
3134,Hproj2,0.8956021666526794,4
3135,Hproj2,0.9564634561538696,4
3136,Hproj2,0.7680476903915405,5
3137,Hproj2,0.9337156414985657,5
3138,Hproj2,0.9091294407844543,5
3139,Hproj2,0.8920770287513733,6
3140,Hproj2,0.8864515423774719,7
3141,Hproj2,0.9336541295051575,7
3142,Hproj2,0.878264307975769,8
3143,Hproj2,0.9476034045219421,8
3144,Hproj2,0.9515612125396729,8
3145,Hproj2,0.884021520614624,9
3146,Hproj2,0.9100836515426636,9
3147,Hproj2,0.9124721884727478,9
3148,Hproj2,0.9007070064544678,9
3149,Hproj2,0.9056187868118286,7
3150,Hproj2,0.9194698929786682,7
3151,Hproj2,0.8243027329444885,6
3152,Hproj2,0.8867332935333252,4
3153,Hproj2,0.9710134863853455,3
3154,Hproj2,0.9650440216064453,3
3155,Hproj2,0.967457115650177,3
3156,Hproj2,0.8833210468292236,4
3157,Hproj2,0.9547953009605408,4
3158,Hproj2,0.7891057133674622,4
3159,Hproj2,0.9464685320854187,2
3160,Hproj2,0.8869649171829224,2
3161,Hproj2,0.8935941457748413,2
3162,Hproj2,0.6467105150222778,2
3163,Hproj2,0.790123462677002,1
3164,Hproj2,0.9090909361839294,1
3165,Hproj2,0.9230769276618958,1
3166,Hproj2,0.6800000071525574,1
3167,Hproj2,0.4545454680919647,1
3168,Hproj2,0.9042448401451111,1
3169,Hproj2,0.9668674468994141,1
3170,Hproj2,0.9456450343132019,1
3171,Hproj2,0.9665407538414001,1
3172,Hproj2,0.9482092261314392,1
3173,Hproj2,0.9633718132972717,1
3174,Hproj2,0.95173579454422,1
3175,Hproj2,0.9478839039802551,1
3176,Hproj2,0.9142857193946838,1
3177,Hproj2,0.7129186391830444,1
3178,Hproj2,0.20000000298023224,1
3179,Hproj2,0.8937798738479614,2
3180,Hproj2,0.8951924443244934,3
3181,Hproj2,0.9273967742919922,3
3182,Hproj2,0.9438712000846863,3
3183,Hproj2,0.9270234704017639,3
3184,Hproj2,0.8977947235107422,3
3185,Hproj2,0.8654437065124512,4
3186,Hproj2,0.8337863683700562,5
3187,Hproj2,0.8390882611274719,5
3188,Hproj2,0.8628383874893188,5
3189,Hproj2,0.851885974407196,5
3190,Hproj2,0.8735947608947754,6
3191,Hproj2,0.8139657378196716,7
3192,Hproj2,0.8396695852279663,8
3193,Hproj2,0.8763118386268616,9
3194,Hproj2,0.8499943017959595,9
3195,Hproj2,0.88493412733078,9
3196,Hproj2,0.8694501519203186,9
3197,Hproj2,0.8422867655754089,9
3198,Hproj2,0.7785900235176086,6
3199,Hproj2,0.9304264783859253,4
3200,Hproj2,0.7180829644203186,4
3201,Hproj2,0.9222877025604248,3
3202,Hproj2,0.942828357219696,3
3203,Hproj2,0.9048926830291748,3
3204,Hproj2,0.9434879422187805,3
3205,Hproj2,0.5126835703849792,2
3206,Hproj2,0.7725836038589478,2
3207,Hproj2,0.7746150493621826,2
3208,Hproj2,0.5842809677124023,2
3209,Hproj2,0.573515772819519,2
3210,Hproj2,0.5576934218406677,2
3211,Hproj2,0.9126126170158386,2
3212,Hproj2,0.8786610960960388,1
3213,Hproj2,0.8942307829856873,1
3214,Hproj2,0.8914285898208618,1
3215,Hproj2,0.818791925907135,1
3216,Hproj2,0.36220473051071167,1
3217,Hproj2,0.49376559257507324,1
3218,Hproj2,0.8853575587272644,1
3219,Hproj2,0.8869179487228394,1
3220,Hproj2,0.9144303798675537,1
3221,Hproj2,0.9389817118644714,1
3222,Hproj2,0.9656804800033569,1
3223,Hproj2,0.9734879732131958,1
3224,Hproj2,0.9380530714988708,1
3225,Hproj2,0.772635817527771,1
3226,Hproj2,0.7061423063278198,2
3227,Hproj2,0.9007951021194458,2
3228,Hproj2,0.864693820476532,3
3229,Hproj2,0.916445255279541,3
3230,Hproj2,0.8569812774658203,3
3231,Hproj2,0.8346307873725891,3
3232,Hproj2,0.8642899990081787,4
3233,Hproj2,0.8743247985839844,5
3234,Hproj2,0.8152899742126465,6
3235,Hproj2,0.8014674186706543,6
3236,Hproj2,0.8515804409980774,6
3237,Hproj2,0.8760821223258972,6
3238,Hproj2,0.8561025261878967,7
3239,Hproj2,0.8830540776252747,7
3240,Hproj2,0.8596076965332031,7
3241,Hproj2,0.8765831589698792,7
3242,Hproj2,0.8405227661132812,8
3243,Hproj2,0.8426021933555603,7
3244,Hproj2,0.8281876444816589,8
3245,Hproj2,0.8334716558456421,8
3246,Hproj2,0.8525241017341614,7
3247,Hproj2,0.9168561100959778,6
3248,Hproj2,0.9076700210571289,6
3249,Hproj2,0.8445329666137695,6
3250,Hproj2,0.6733054518699646,5
3251,Hproj2,0.9377286434173584,3
3252,Hproj2,0.9496148228645325,3
3253,Hproj2,0.9545817375183105,3
3254,Hproj2,0.9646345973014832,3
3255,Hproj2,0.9628932476043701,3
3256,Hproj2,0.9580807089805603,3
3257,Hproj2,0.9378852844238281,3
3258,Hproj2,0.9176115989685059,2
3259,Hproj2,0.8671912550926208,2
3260,Hproj2,0.8436028957366943,2
3261,Hproj2,0.498553991317749,2
3262,Hproj2,0.5365853905677795,1
3263,Hproj2,0.8548387289047241,1
3264,Hproj2,0.9256198406219482,1
3265,Hproj2,0.7835051417350769,1
3266,Hproj2,0.8461538553237915,1
3267,Hproj2,0.782608687877655,1
3268,Hproj2,0.800000011920929,1
3269,Hproj2,0.75,1
3270,Hproj2,0.7540983557701111,1
3271,Hproj2,0.7027027010917664,1
3272,Hproj2,0.5714285969734192,1
3273,Hproj2,0.7250000238418579,1
3274,Hproj2,0.9433962106704712,1
3275,Hproj2,0.9456264972686768,1
3276,Hproj2,0.8541063070297241,1
3277,Hproj2,0.9019073843955994,1
3278,Hproj2,0.5051903128623962,1
3279,Hproj2,0.47477108240127563,2
3280,Hproj2,0.6818493604660034,2
3281,Hproj2,0.7891244292259216,3
3282,Hproj2,0.9124787449836731,3
3283,Hproj2,0.8983457088470459,4
3284,Hproj2,0.9513242244720459,4
3285,Hproj2,0.9573769569396973,4
3286,Hproj2,0.9595374464988708,4
3287,Hproj2,0.9456249475479126,4
3288,Hproj2,0.8650330305099487,5
3289,Hproj2,0.8452485799789429,5
3290,Hproj2,0.8523815870285034,5
3291,Hproj2,0.8821784853935242,5
3292,Hproj2,0.8908132314682007,5
3293,Hproj2,0.8976481556892395,6
3294,Hproj2,0.9006022810935974,6
3295,Hproj2,0.8440988659858704,6
3296,Hproj2,0.8881049752235413,7
3297,Hproj2,0.8753916025161743,7
3298,Hproj2,0.8692525625228882,8
3299,Hproj2,0.8190014362335205,9
3300,Hproj2,0.8317784070968628,9
3301,Hproj2,0.8691413998603821,10
3302,Hproj2,0.804862380027771,10
3303,Hproj2,0.895716667175293,8
3304,Hproj2,0.9073271155357361,7
3305,Hproj2,0.9099000692367554,7
3306,Hproj2,0.7758636474609375,6
3307,Hproj2,0.8749895691871643,4
3308,Hproj2,0.968560516834259,3
3309,Hproj2,0.9710553288459778,3
3310,Hproj2,0.9699541926383972,3
3311,Hproj2,0.966543972492218,3
3312,Hproj2,0.8626179695129395,4
3313,Hproj2,0.9668105244636536,4
3314,Hproj2,0.9389426708221436,4
3315,Hproj2,0.8148148059844971,1
3316,Hproj2,0.8715596199035645,1
3317,Hproj2,0.8931116461753845,1
3318,Hproj2,0.9361329674720764,1
3319,Hproj2,0.9522546529769897,1
3320,Hproj2,0.953581690788269,1
3321,Hproj2,0.9374464154243469,1
3322,Hproj2,0.9751479029655457,1
3323,Hproj2,0.955812394618988,1
3324,Hproj2,0.9673672318458557,1
3325,Hproj2,0.9661523103713989,1
3326,Hproj2,0.9691533446311951,1
3327,Hproj2,0.9749596118927002,1
3328,Hproj2,0.959894061088562,1
3329,Hproj2,0.9689028859138489,1
3330,Hproj2,0.9754995703697205,1
3331,Hproj2,0.9593412280082703,1
3332,Hproj2,0.9758694171905518,1
3333,Hproj2,0.9483079314231873,1
3334,Hproj2,0.9299362897872925,1
3335,Hproj2,0.9062261581420898,1
3336,Hproj2,0.8502097129821777,1
3337,Hproj2,0.8996655344963074,1
3338,Hproj2,0.8970174193382263,1
3339,Hproj2,0.6886447072029114,1
3340,Hproj2,0.8626198172569275,1
3341,Hproj2,0.9387755393981934,1
3342,Hproj2,0.9478672742843628,1
3343,Hproj2,0.9814502596855164,1
3344,Hproj2,0.9580686092376709,1
3345,Hproj2,0.9827761054039001,1
3346,Hproj2,0.778608500957489,2
3347,Hproj2,0.7079519033432007,2
3348,Hproj2,0.752138078212738,2
3349,Hproj2,0.8137153387069702,2
3350,Hproj2,0.8045313358306885,2
3351,Hproj2,0.8197723031044006,2
3352,Hproj2,0.5525266528129578,3
3353,Hproj2,0.5968019366264343,3
3354,Hproj2,0.7407023906707764,4
3355,Hproj2,0.7812479138374329,4
3356,Hproj2,0.6076013445854187,6
3357,Hproj2,0.6681897044181824,6
3358,Hproj2,0.8475907444953918,6
3359,Hproj2,0.7905985713005066,7
3360,Hproj2,0.8644499778747559,7
3361,Hproj2,0.8405434489250183,7
3362,Hproj2,0.8713198900222778,7
3363,Hproj2,0.8902713060379028,7
3364,Hproj2,0.8758619427680969,7
3365,Hproj2,0.8812652230262756,7
3366,Hproj2,0.8593283891677856,7
3367,Hproj2,0.8406401872634888,7
3368,Hproj2,0.8588175773620605,7
3369,Hproj2,0.8522689938545227,7
3370,Hproj2,0.8575044274330139,7
3371,Hproj2,0.8309774398803711,7
3372,Hproj2,0.8458614945411682,7
3373,Hproj2,0.8650344014167786,7
3374,Hproj2,0.8516772389411926,7
3375,Hproj2,0.8921135663986206,7
3376,Hproj2,0.8672564625740051,7
3377,Hproj2,0.8336701393127441,7
3378,Hproj2,0.8467693328857422,7
3379,Hproj2,0.8308117985725403,7
3380,Hproj2,0.8426094651222229,7
3381,Hproj2,0.8585812449455261,7
3382,Hproj2,0.8778756856918335,8
3383,Hproj2,0.8854883313179016,8
3384,Hproj2,0.8456358909606934,8
3385,Hproj2,0.8813033699989319,7
3386,Hproj2,0.9082610011100769,7
3387,Hproj2,0.8638062477111816,8
3388,Hproj2,0.8752866387367249,9
3389,Hproj2,0.8234744668006897,9
3390,Hproj2,0.9089698791503906,8
3391,Hproj2,0.8780505061149597,8
3392,Hproj2,0.8894941210746765,8
3393,Hproj2,0.9011390805244446,7
3394,Hproj2,0.872986376285553,7
3395,Hproj2,0.8609172105789185,7
3396,Hproj2,0.8619733452796936,7
3397,Hproj2,0.8039721250534058,7
3398,Hproj2,0.9478147625923157,6
3399,Hproj2,0.9195177555084229,6
3400,Hproj2,0.9279670715332031,6
3401,Hproj2,0.9003145694732666,6
3402,Hproj2,0.8336505889892578,6
3403,Hproj2,0.828747570514679,6
3404,Hproj2,0.8522694706916809,6
3405,Hproj2,0.7764043807983398,5
3406,Hproj2,0.8286586999893188,4
3407,Hproj2,0.9620634913444519,3
3408,Hproj2,0.9746389389038086,3
3409,Hproj2,0.967085063457489,3
3410,Hproj2,0.8885462284088135,4
3411,Hproj2,0.9090235829353333,4
3412,Hproj2,0.9539049863815308,4
3413,Hproj2,0.9610270857810974,4
3414,Hproj2,0.9161970615386963,4
3415,Hproj2,0.9555319547653198,4
3416,Hproj2,0.9027036428451538,4
3417,Hproj2,0.9167109131813049,4
3418,Hproj2,0.9273163676261902,4
3419,Hproj2,0.9176856279373169,4
3420,Hproj2,0.9322973489761353,4
3421,Hproj2,0.8498049974441528,4
3422,Hproj2,0.8335530757904053,3
3423,Hproj2,0.8342298865318298,3
3424,Hproj2,0.7161357998847961,3
3425,Hproj2,0.8470215797424316,2
3426,Hproj2,0.7848649024963379,2
3427,Hproj2,0.692307710647583,1
3428,Hproj2,0.6382978558540344,1
3429,Hproj2,0.7272727489471436,1
3430,Hproj2,0.8282828330993652,1
3431,Hproj2,0.834782600402832,1
3432,Hproj2,0.939393937587738,1
3433,Hproj2,0.9562575817108154,1
3434,Hproj2,0.9827139377593994,1
3435,Hproj2,0.989130437374115,1
3436,Hproj2,0.9885283708572388,1
3437,Hproj2,0.9945425391197205,1
3438,Hproj2,0.9897540807723999,1
3439,Hproj2,0.9931192398071289,1
3440,Hproj2,0.9914934039115906,1
3441,Hproj2,0.9211909174919128,1
3442,Hproj2,0.9378530979156494,1
3443,Hproj2,0.625,1
3444,Hproj2,0.9765625,1
3445,Hproj2,0.9687934517860413,2
3446,Hproj2,0.9786437749862671,2
3447,Hproj2,0.9806481003761292,2
3448,Hproj2,0.9631308913230896,3
3449,Hproj2,0.9691342711448669,3
3450,Hproj2,0.9723234176635742,3
3451,Hproj2,0.9566923975944519,3
3452,Hproj2,0.9109225273132324,5
3453,Hproj2,0.9272996187210083,5
3454,Hproj2,0.8183757066726685,5
3455,Hproj2,0.9192131757736206,5
3456,Hproj2,0.90221107006073,5
3457,Hproj2,0.9159380793571472,5
3458,Hproj2,0.8992159962654114,5
3459,Hproj2,0.8405677676200867,7
3460,Hproj2,0.9281707406044006,7
3461,Hproj2,0.9267052412033081,7
3462,Hproj2,0.9508082270622253,7
3463,Hproj2,0.920630156993866,10
3464,Hproj2,0.9332833290100098,10
3465,Hproj2,0.898300290107727,8
3466,Hproj2,0.9047991633415222,7
3467,Hproj2,0.8347201347351074,6
3468,Hproj2,0.942173957824707,4
3469,Hproj2,0.9276129603385925,4
3470,Hproj2,0.9727447628974915,3
3471,Hproj2,0.9751536250114441,3
3472,Hproj2,0.9760608673095703,3
3473,Hproj2,0.9187604784965515,4
3474,Hproj2,0.9672741293907166,4
3475,Hproj2,0.9471999406814575,4
3476,Hproj2,0.9147272109985352,4
3477,Hproj2,0.9013843536376953,3
3478,Hproj2,0.9109024405479431,3
3479,Hproj2,0.9404928088188171,2
3480,Hproj2,0.9682894945144653,2
3481,Hproj2,0.9739992022514343,2
3482,Hproj2,0.9555723667144775,2
3483,Hproj2,0.9283525347709656,2
3484,Hproj2,0.9288157820701599,2
3485,Hproj2,0.8617886304855347,1
3486,Hproj2,0.8062015771865845,1
3487,Hproj2,0.8288288116455078,1
3488,Hproj2,0.7586206793785095,1
3489,Hproj2,0.5833333134651184,1
3490,Hproj2,0.7222222089767456,1
3491,Hproj2,0.6071428656578064,1
3492,Hproj2,0.7017543911933899,1
3493,Hproj2,0.5263158082962036,1
3494,Hproj2,0.607594907283783,1
3495,Hproj2,0.7878788113594055,1
3496,Hproj2,0.8679245114326477,1
3497,Hproj2,0.8399999737739563,1
3498,Hproj2,0.8045976758003235,1
3499,Hproj2,0.8888888955116272,1
3500,Hproj2,0.7301587462425232,1
3501,Hproj2,0.7384615540504456,1
3502,Hproj2,0.699999988079071,1
3503,Hproj2,0.5142857432365417,1
3504,Hproj2,0.6792452931404114,1
3505,Hproj2,0.6415094137191772,1
3506,Hproj2,0.7096773982048035,1
3507,Hproj2,0.7948718070983887,1
3508,Hproj2,0.7749999761581421,1
3509,Hproj2,0.8095238208770752,1
3510,Hproj2,0.8139534592628479,1
3511,Hproj2,0.7951807379722595,1
3512,Hproj2,0.7272727489471436,1
3513,Hproj2,0.7777777910232544,1
3514,Hproj2,0.6265060305595398,1
3515,Hproj2,0.6578947305679321,1
3516,Hproj2,0.6666666865348816,1
3517,Hproj2,0.7916666865348816,1
3518,Hproj2,0.8510638475418091,1
3519,Hproj2,0.7764706015586853,1
3520,Hproj2,0.7105262875556946,1
0,HprojSA,0.8839505910873413,1
1,HprojSA,0.923399806022644,1
2,HprojSA,0.9613492488861084,1
3,HprojSA,0.9496787786483765,1
4,HprojSA,0.9809027910232544,1
5,HprojSA,0.9846516847610474,1
6,HprojSA,0.9882537126541138,1
7,HprojSA,0.9842217564582825,1
8,HprojSA,0.9617486596107483,1
9,HprojSA,0.8934198617935181,1
10,HprojSA,0.9570370316505432,1
11,HprojSA,0.9380530714988708,1
12,HprojSA,1.2500000146076218e-08,1
13,HprojSA,0.9268292784690857,1
14,HprojSA,0.9698629975318909,1
15,HprojSA,0.8660891056060791,2
16,HprojSA,0.9227869510650635,2
17,HprojSA,0.7624862790107727,3
18,HprojSA,0.8406721949577332,3
19,HprojSA,0.8381194472312927,4
20,HprojSA,0.8353354930877686,4
21,HprojSA,0.8686085343360901,4
22,HprojSA,0.6653114557266235,5
23,HprojSA,0.6487094163894653,6
24,HprojSA,0.7210199236869812,6
25,HprojSA,0.7350835204124451,6
26,HprojSA,0.8372864723205566,6
27,HprojSA,0.7322940826416016,7
28,HprojSA,0.6944279074668884,7
29,HprojSA,0.8039722442626953,7
30,HprojSA,0.8425688147544861,7
31,HprojSA,0.7955751419067383,7
32,HprojSA,0.8274493217468262,8
33,HprojSA,0.8371446132659912,8
34,HprojSA,0.7582305073738098,6
35,HprojSA,0.703214168548584,7
36,HprojSA,0.85405433177948,7
37,HprojSA,0.82649165391922,7
38,HprojSA,0.8048666715621948,7
39,HprojSA,0.8452181816101074,6
40,HprojSA,0.6927571892738342,6
41,HprojSA,0.5779284238815308,5
42,HprojSA,0.7306137084960938,4
43,HprojSA,0.9726803302764893,3
44,HprojSA,0.844366192817688,4
45,HprojSA,0.8846833109855652,4
46,HprojSA,0.9214405417442322,4
47,HprojSA,0.9204213619232178,4
48,HprojSA,0.7575757503509521,1
49,HprojSA,0.8261563181877136,1
50,HprojSA,0.6318082809448242,1
51,HprojSA,0.15238095819950104,1
52,HprojSA,0.07387863099575043,1
53,HprojSA,0.3076923191547394,1
54,HprojSA,1.9417475960459285e-10,1
55,HprojSA,6.369426652774735e-10,1
56,HprojSA,0.38333332538604736,2
57,HprojSA,0.4566473960876465,2
58,HprojSA,0.4756554365158081,2
59,HprojSA,0.46177369356155396,2
60,HprojSA,0.5434425473213196,3
61,HprojSA,0.3228297531604767,4
62,HprojSA,0.6330656409263611,5
63,HprojSA,0.7338793873786926,5
64,HprojSA,0.7433551549911499,5
65,HprojSA,0.7714714407920837,5
66,HprojSA,0.7885422110557556,5
67,HprojSA,0.6617828011512756,6
68,HprojSA,0.6970507502555847,7
69,HprojSA,0.5741318464279175,7
70,HprojSA,0.6347394585609436,8
71,HprojSA,0.7063430547714233,8
72,HprojSA,0.7364034056663513,9
73,HprojSA,0.808055579662323,8
74,HprojSA,0.8098764419555664,9
75,HprojSA,0.7108135223388672,9
76,HprojSA,0.7181646823883057,8
77,HprojSA,0.7654452323913574,7
78,HprojSA,0.7814070582389832,6
79,HprojSA,0.7477157711982727,5
80,HprojSA,0.8893208503723145,4
81,HprojSA,0.6600359678268433,4
82,HprojSA,0.9344885349273682,3
83,HprojSA,0.9035663604736328,3
84,HprojSA,0.7187720537185669,4
85,HprojSA,0.6874233484268188,4
86,HprojSA,0.5559877753257751,3
87,HprojSA,0.6623145341873169,2
88,HprojSA,0.5570027828216553,2
89,HprojSA,0.3333333432674408,2
90,HprojSA,0.40909090638160706,2
91,HprojSA,0.7441860437393188,1
92,HprojSA,0.800000011920929,1
93,HprojSA,0.6000000238418579,1
94,HprojSA,0.6666666865348816,1
95,HprojSA,0.6666666865348816,1
96,HprojSA,0.7857142686843872,1
97,HprojSA,0.6399999856948853,1
98,HprojSA,0.5517241358757019,1
99,HprojSA,0.7333333492279053,1
100,HprojSA,0.3396226465702057,1
101,HprojSA,0.3684210479259491,1
102,HprojSA,0.7234042286872864,1
103,HprojSA,0.6086956262588501,1
104,HprojSA,0.5581395626068115,1
105,HprojSA,0.44897958636283875,1
106,HprojSA,0.17391304671764374,1
107,HprojSA,0.1599999964237213,1
108,HprojSA,3.448275887052432e-09,1
109,HprojSA,0.6315789222717285,1
110,HprojSA,0.8275862336158752,1
111,HprojSA,0.8148148059844971,1
112,HprojSA,0.8333333134651184,1
113,HprojSA,0.9523809552192688,1
114,HprojSA,0.7200000286102295,1
115,HprojSA,0.7407407164573669,1
116,HprojSA,0.5161290168762207,1
117,HprojSA,0.5365853905677795,1
118,HprojSA,0.6111111044883728,1
119,HprojSA,0.699999988079071,1
120,HprojSA,0.6153846383094788,1
121,HprojSA,0.8275862336158752,1
122,HprojSA,8.333333134658005e-09,1
123,HprojSA,0.6666666865348816,1
124,HprojSA,0.7272727489471436,1
125,HprojSA,0.3395399749279022,1
126,HprojSA,0.8485169410705566,1
127,HprojSA,0.9648451209068298,1
128,HprojSA,0.9696417450904846,1
129,HprojSA,0.9709652066230774,1
130,HprojSA,0.9737470149993896,1
131,HprojSA,0.8731182813644409,1
132,HprojSA,0.7200000286102295,1
133,HprojSA,0.57220858335495,1
134,HprojSA,0.19458837807178497,1
135,HprojSA,0.15494978427886963,1
136,HprojSA,0.11815465986728668,1
137,HprojSA,0.9155066609382629,2
138,HprojSA,0.9319188594818115,3
139,HprojSA,0.9343376159667969,3
140,HprojSA,0.9068252444267273,3
141,HprojSA,0.9257821440696716,3
142,HprojSA,0.9577048420906067,3
143,HprojSA,0.939555823802948,3
144,HprojSA,0.9598948359489441,3
145,HprojSA,0.9243602156639099,3
146,HprojSA,0.8632715344429016,3
147,HprojSA,0.9220280647277832,3
148,HprojSA,0.8940715789794922,3
149,HprojSA,0.9371979832649231,3
150,HprojSA,0.9108922481536865,3
151,HprojSA,0.9157909750938416,3
152,HprojSA,0.9205941557884216,3
153,HprojSA,0.8856956362724304,4
154,HprojSA,0.8530807495117188,4
155,HprojSA,0.8470370769500732,4
156,HprojSA,0.8325371742248535,6
157,HprojSA,0.9331948757171631,6
158,HprojSA,0.8696436882019043,6
159,HprojSA,0.8936794400215149,6
160,HprojSA,0.8351402878761292,6
161,HprojSA,0.8905197978019714,6
162,HprojSA,0.8653655648231506,6
163,HprojSA,0.8174469470977783,6
164,HprojSA,0.9125660061836243,6
165,HprojSA,0.9257290959358215,6
166,HprojSA,0.8909077644348145,6
167,HprojSA,0.8943837285041809,6
168,HprojSA,0.8358812928199768,7
169,HprojSA,0.9099069237709045,7
170,HprojSA,0.9096317291259766,7
171,HprojSA,0.9002342224121094,7
172,HprojSA,0.9138995409011841,7
173,HprojSA,0.903211236000061,7
174,HprojSA,0.7901040315628052,7
175,HprojSA,0.6524097323417664,8
176,HprojSA,0.7954545021057129,8
177,HprojSA,0.867119312286377,8
178,HprojSA,0.8542045950889587,9
179,HprojSA,0.7618008255958557,9
180,HprojSA,0.7076756358146667,9
181,HprojSA,0.7702268362045288,8
182,HprojSA,0.7800820469856262,8
183,HprojSA,0.7898299098014832,6
184,HprojSA,0.8043197393417358,5
185,HprojSA,0.6922576427459717,5
186,HprojSA,0.6723686456680298,5
187,HprojSA,0.6778823137283325,5
188,HprojSA,0.595687985420227,5
189,HprojSA,0.8517126441001892,4
190,HprojSA,0.8175410628318787,4
191,HprojSA,0.8373039364814758,4
192,HprojSA,0.8481817245483398,4
193,HprojSA,0.8320608139038086,4
194,HprojSA,0.8483128547668457,3
195,HprojSA,0.6490805745124817,3
196,HprojSA,0.963261604309082,2
197,HprojSA,0.9755651950836182,2
198,HprojSA,0.9771877527236938,2
199,HprojSA,0.9828332662582397,2
200,HprojSA,0.9682856798171997,2
201,HprojSA,0.9732844829559326,2
202,HprojSA,0.9768964052200317,2
203,HprojSA,0.9712857007980347,2
204,HprojSA,0.9798991680145264,2
205,HprojSA,0.9607130885124207,2
206,HprojSA,0.967549204826355,2
207,HprojSA,0.9433978199958801,3
208,HprojSA,0.9333009123802185,3
209,HprojSA,0.8471953868865967,3
210,HprojSA,0.8368123173713684,3
211,HprojSA,0.9208447933197021,2
212,HprojSA,0.9253360033035278,2
213,HprojSA,0.926114559173584,2
214,HprojSA,0.9654066562652588,2
215,HprojSA,0.9362031817436218,2
216,HprojSA,0.9353395700454712,2
217,HprojSA,0.9485043287277222,2
218,HprojSA,0.8870455026626587,2
219,HprojSA,0.9266773462295532,2
220,HprojSA,0.8869748115539551,2
221,HprojSA,0.8945499062538147,2
222,HprojSA,0.839771032333374,2
223,HprojSA,0.6541564464569092,2
224,HprojSA,0.8095238208770752,1
225,HprojSA,0.8833333253860474,1
226,HprojSA,0.8288288116455078,1
227,HprojSA,0.6218487620353699,1
228,HprojSA,0.684684693813324,1
229,HprojSA,0.8118811845779419,1
230,HprojSA,0.8453608155250549,1
231,HprojSA,0.6813187003135681,1
232,HprojSA,0.7311828136444092,1
233,HprojSA,0.7659574747085571,1
234,HprojSA,0.8163265585899353,1
235,HprojSA,0.8282828330993652,1
236,HprojSA,0.7747747898101807,1
237,HprojSA,0.8648648858070374,1
238,HprojSA,0.9285714030265808,1
239,HprojSA,0.8214285969734192,1
240,HprojSA,0.9473684430122375,1
241,HprojSA,0.2535211145877838,1
242,HprojSA,0.4457831382751465,1
243,HprojSA,0.5493975877761841,1
244,HprojSA,0.6215139627456665,1
245,HprojSA,0.6777777671813965,1
246,HprojSA,0.7771639227867126,1
247,HprojSA,0.7432674765586853,1
248,HprojSA,0.8139182925224304,1
249,HprojSA,0.8397790193557739,1
250,HprojSA,0.8701298832893372,1
251,HprojSA,0.8849999904632568,1
252,HprojSA,0.9579645991325378,1
253,HprojSA,0.9597585797309875,1
254,HprojSA,0.972195565700531,1
255,HprojSA,0.9479659199714661,1
256,HprojSA,0.9778534770011902,1
257,HprojSA,0.9674861431121826,1
258,HprojSA,0.986892819404602,1
259,HprojSA,0.9644209146499634,1
260,HprojSA,0.9722814559936523,1
261,HprojSA,0.9710047245025635,1
262,HprojSA,0.986138641834259,1
263,HprojSA,0.9798570275306702,1
264,HprojSA,0.9653035998344421,1
265,HprojSA,0.9666269421577454,1
266,HprojSA,0.9870283007621765,1
267,HprojSA,0.9831100702285767,1
268,HprojSA,0.9694613814353943,1
269,HprojSA,0.9788846969604492,1
270,HprojSA,0.9882729053497314,1
271,HprojSA,0.97991544008255,1
272,HprojSA,0.9675162434577942,1
273,HprojSA,0.9831683039665222,1
274,HprojSA,0.9877270460128784,1
275,HprojSA,0.9815354943275452,1
276,HprojSA,0.9707434177398682,1
277,HprojSA,0.9869036674499512,1
278,HprojSA,0.9851163029670715,1
279,HprojSA,0.9801568984985352,1
280,HprojSA,0.973744809627533,1
281,HprojSA,0.983788788318634,1
282,HprojSA,0.9883666634559631,1
283,HprojSA,0.9863913655281067,1
284,HprojSA,0.949424147605896,1
285,HprojSA,0.9513568878173828,1
286,HprojSA,0.9612001776695251,1
287,HprojSA,0.9327263236045837,1
288,HprojSA,0.8778424263000488,1
289,HprojSA,0.8767876625061035,1
290,HprojSA,0.8587075471878052,1
291,HprojSA,0.8224917054176331,1
292,HprojSA,0.7961046695709229,1
293,HprojSA,0.7202255129814148,1
294,HprojSA,0.5499021410942078,1
295,HprojSA,0.6374828815460205,1
296,HprojSA,0.628366231918335,1
297,HprojSA,0.6815642714500427,1
298,HprojSA,0.08791209012269974,1
299,HprojSA,2.7027027282855443e-09,1
300,HprojSA,9.708738257785399e-10,1
301,HprojSA,5.5555555711350735e-09,1
302,HprojSA,4.347826099149188e-09,1
303,HprojSA,2.0833332836645013e-09,1
304,HprojSA,3.269230663960343e-09,2
305,HprojSA,0.26923078298568726,2
306,HprojSA,0.28125,2
307,HprojSA,0.14074073731899261,2
308,HprojSA,0.28205129504203796,2
309,HprojSA,0.2804878056049347,2
310,HprojSA,0.40599456429481506,2
311,HprojSA,0.6126565337181091,3
312,HprojSA,0.7454653382301331,3
313,HprojSA,0.7707553505897522,3
314,HprojSA,0.7714468836784363,3
315,HprojSA,0.8314366340637207,3
316,HprojSA,0.8273100256919861,3
317,HprojSA,0.5850784778594971,3
318,HprojSA,0.5997044444084167,3
319,HprojSA,0.6283841133117676,4
320,HprojSA,0.7242535948753357,4
321,HprojSA,0.7244588732719421,4
322,HprojSA,0.7146909236907959,4
323,HprojSA,0.7376775145530701,4
324,HprojSA,0.775910496711731,4
325,HprojSA,0.7913099527359009,4
326,HprojSA,0.7771663665771484,4
327,HprojSA,0.7806286215782166,4
328,HprojSA,0.7061729431152344,4
329,HprojSA,0.6666429042816162,4
330,HprojSA,0.751994252204895,4
331,HprojSA,0.803493857383728,4
332,HprojSA,0.7816757559776306,4
333,HprojSA,0.7876977324485779,4
334,HprojSA,0.7905286550521851,4
335,HprojSA,0.777091383934021,4
336,HprojSA,0.8141230940818787,4
337,HprojSA,0.8026713728904724,4
338,HprojSA,0.7871193289756775,4
339,HprojSA,0.7968299388885498,4
340,HprojSA,0.8325375914573669,4
341,HprojSA,0.7935317158699036,4
342,HprojSA,0.8180254697799683,4
343,HprojSA,0.8805597424507141,4
344,HprojSA,0.8928471803665161,4
345,HprojSA,0.8766797184944153,4
346,HprojSA,0.8621423840522766,4
347,HprojSA,0.7062663435935974,5
348,HprojSA,0.8503082394599915,5
349,HprojSA,0.8838046193122864,5
350,HprojSA,0.8532994389533997,5
351,HprojSA,0.8680189251899719,5
352,HprojSA,0.8474748730659485,5
353,HprojSA,0.8640950322151184,5
354,HprojSA,0.8661414384841919,5
355,HprojSA,0.7051351070404053,6
356,HprojSA,0.8236162066459656,6
357,HprojSA,0.7319764494895935,6
358,HprojSA,0.7495944499969482,6
359,HprojSA,0.8106505870819092,6
360,HprojSA,0.9226188659667969,6
361,HprojSA,0.9203166961669922,6
362,HprojSA,0.8991314768791199,6
363,HprojSA,0.9247236847877502,6
364,HprojSA,0.931208610534668,6
365,HprojSA,0.9267354011535645,6
366,HprojSA,0.9097993969917297,6
367,HprojSA,0.9162459373474121,6
368,HprojSA,0.9155485033988953,6
369,HprojSA,0.8704902529716492,6
370,HprojSA,0.8226589560508728,7
371,HprojSA,0.8480497598648071,7
372,HprojSA,0.8732587695121765,7
373,HprojSA,0.8297666907310486,7
374,HprojSA,0.7647871375083923,7
375,HprojSA,0.8526245355606079,7
376,HprojSA,0.7507129311561584,7
377,HprojSA,0.8443896174430847,6
378,HprojSA,0.7442944049835205,6
379,HprojSA,0.5670836567878723,7
380,HprojSA,0.5991120338439941,8
381,HprojSA,0.6207928657531738,8
382,HprojSA,0.3879210650920868,8
383,HprojSA,0.5954302549362183,6
384,HprojSA,0.6644184589385986,6
385,HprojSA,0.6435924172401428,6
386,HprojSA,0.6312508583068848,6
387,HprojSA,0.9227064251899719,4
388,HprojSA,0.9150134325027466,4
389,HprojSA,0.717551589012146,4
390,HprojSA,0.9353335499763489,3
391,HprojSA,0.9426024556159973,3
392,HprojSA,0.9475051760673523,3
393,HprojSA,0.9371920228004456,3
394,HprojSA,0.9539272785186768,3
395,HprojSA,0.9661899209022522,3
396,HprojSA,0.9710801243782043,3
397,HprojSA,0.9519020915031433,3
398,HprojSA,0.9490223526954651,3
399,HprojSA,0.9471471905708313,3
400,HprojSA,0.9576241970062256,3
401,HprojSA,0.9550514221191406,3
402,HprojSA,0.952674925327301,3
403,HprojSA,0.9528626799583435,3
404,HprojSA,0.9592234492301941,3
405,HprojSA,0.9534867405891418,3
406,HprojSA,0.9514066576957703,3
407,HprojSA,0.815933108329773,4
408,HprojSA,0.8291974067687988,4
409,HprojSA,0.8357978463172913,4
410,HprojSA,0.8348912000656128,4
411,HprojSA,0.9238589406013489,4
412,HprojSA,0.9502914547920227,4
413,HprojSA,0.9514064192771912,4
414,HprojSA,0.9449540376663208,4
415,HprojSA,0.9364608526229858,4
416,HprojSA,0.955898642539978,4
417,HprojSA,0.9681445360183716,4
418,HprojSA,0.9432971477508545,4
419,HprojSA,0.9528661370277405,4
420,HprojSA,0.975591778755188,4
421,HprojSA,0.945143461227417,4
422,HprojSA,0.9260247349739075,4
423,HprojSA,0.9590954780578613,4
424,HprojSA,0.9697455167770386,4
425,HprojSA,0.9452137351036072,4
426,HprojSA,0.9093005061149597,4
427,HprojSA,0.878504753112793,4
428,HprojSA,0.9229974150657654,4
429,HprojSA,0.955449104309082,4
430,HprojSA,0.8835352063179016,4
431,HprojSA,0.7452521920204163,3
432,HprojSA,0.8090057969093323,3
433,HprojSA,0.9025965929031372,2
434,HprojSA,0.9025590419769287,2
435,HprojSA,0.8840222954750061,2
436,HprojSA,0.8913059830665588,2
437,HprojSA,0.9051796197891235,2
438,HprojSA,0.9150087237358093,2
439,HprojSA,0.8763656616210938,2
440,HprojSA,0.8914107084274292,2
441,HprojSA,0.8446097373962402,2
442,HprojSA,0.7621462345123291,2
443,HprojSA,0.7317073345184326,1
444,HprojSA,0.6478873491287231,1
445,HprojSA,0.529411792755127,1
446,HprojSA,0.4615384638309479,1
447,HprojSA,0.4761904776096344,1
448,HprojSA,0.5652173757553101,1
449,HprojSA,0.5833333134651184,1
450,HprojSA,0.5901639461517334,1
451,HprojSA,0.2857142984867096,1
452,HprojSA,0.1666666716337204,1
453,HprojSA,0.41860464215278625,1
454,HprojSA,0.2222222238779068,1
455,HprojSA,0.260869562625885,1
456,HprojSA,0.25531914830207825,1
457,HprojSA,0.20408163964748383,1
458,HprojSA,0.47058823704719543,1
459,HprojSA,0.3636363744735718,1
460,HprojSA,0.3529411852359772,1
461,HprojSA,0.35087719559669495,1
462,HprojSA,0.26229506731033325,1
463,HprojSA,0.1818181872367859,1
464,HprojSA,0.06896551698446274,1
465,HprojSA,2.3255815051470563e-09,1
466,HprojSA,0.6181818246841431,1
467,HprojSA,0.8660436272621155,1
468,HprojSA,0.8680688142776489,1
469,HprojSA,0.9395973086357117,1
470,HprojSA,0.9290780425071716,1
471,HprojSA,0.9500998258590698,1
472,HprojSA,0.9596412777900696,1
473,HprojSA,0.9412341117858887,1
474,HprojSA,0.8839285969734192,1
475,HprojSA,0.8911637663841248,1
476,HprojSA,0.8751702308654785,1
477,HprojSA,0.9014222621917725,1
478,HprojSA,0.9586614370346069,1
479,HprojSA,0.8106734156608582,1
480,HprojSA,0.7530763149261475,1
481,HprojSA,0.4294605851173401,1
482,HprojSA,0.2351386994123459,1
483,HprojSA,0.014388489536941051,1
484,HprojSA,0.0016891892300918698,1
485,HprojSA,9.541984563599115e-11,1
486,HprojSA,5.649717360611817e-10,1
487,HprojSA,0.34594595432281494,1
488,HprojSA,0.4940239191055298,1
489,HprojSA,0.48366013169288635,1
490,HprojSA,0.5826330780982971,1
491,HprojSA,0.8422877192497253,1
492,HprojSA,0.38726791739463806,2
493,HprojSA,0.8660166263580322,2
494,HprojSA,0.8537787795066833,3
495,HprojSA,0.8900242447853088,3
496,HprojSA,0.8538849949836731,3
497,HprojSA,0.7616112232208252,3
498,HprojSA,0.8090844750404358,3
499,HprojSA,0.7898269295692444,3
500,HprojSA,0.8164413571357727,3
501,HprojSA,0.8662360310554504,3
502,HprojSA,0.8417056202888489,3
503,HprojSA,0.8930432200431824,3
504,HprojSA,0.8018877506256104,3
505,HprojSA,0.8749640583992004,3
506,HprojSA,0.8804898262023926,3
507,HprojSA,0.9511886239051819,3
508,HprojSA,0.735711932182312,5
509,HprojSA,0.6595376133918762,5
510,HprojSA,0.5284128785133362,6
511,HprojSA,0.6041843295097351,6
512,HprojSA,0.5151634812355042,6
513,HprojSA,0.5971303582191467,6
514,HprojSA,0.6381310224533081,7
515,HprojSA,0.711645781993866,7
516,HprojSA,0.7470294237136841,7
517,HprojSA,0.718454897403717,7
518,HprojSA,0.7357279658317566,7
519,HprojSA,0.7768170237541199,7
520,HprojSA,0.9110466837882996,7
521,HprojSA,0.8135506510734558,7
522,HprojSA,0.9016963839530945,7
523,HprojSA,0.946434497833252,7
524,HprojSA,0.917583703994751,8
525,HprojSA,0.9408963322639465,9
526,HprojSA,0.8808532357215881,9
527,HprojSA,0.8683819770812988,9
528,HprojSA,0.901697039604187,9
529,HprojSA,0.915226936340332,9
530,HprojSA,0.9327892661094666,9
531,HprojSA,0.9056050777435303,9
532,HprojSA,0.8721883296966553,9
533,HprojSA,0.9004263281822205,9
534,HprojSA,0.8937923908233643,9
535,HprojSA,0.8854314088821411,10
536,HprojSA,0.8417851328849792,10
537,HprojSA,0.905620276927948,9
538,HprojSA,0.9080401659011841,9
539,HprojSA,0.8925324082374573,8
540,HprojSA,0.9442814588546753,8
541,HprojSA,0.9033746719360352,8
542,HprojSA,0.8776048421859741,8
543,HprojSA,0.8809161186218262,7
544,HprojSA,0.8489786982536316,5
545,HprojSA,0.944643497467041,4
546,HprojSA,0.925085186958313,4
547,HprojSA,0.9779889583587646,3
548,HprojSA,0.9840466380119324,3
549,HprojSA,0.979534924030304,3
550,HprojSA,0.9833897948265076,3
551,HprojSA,0.9830726981163025,3
552,HprojSA,0.9747214317321777,3
553,HprojSA,0.9797544479370117,3
554,HprojSA,0.9715394973754883,3
555,HprojSA,0.9488189220428467,4
556,HprojSA,0.9664291143417358,4
557,HprojSA,0.9396305680274963,4
558,HprojSA,0.9731053113937378,4
559,HprojSA,0.9552121758460999,4
560,HprojSA,0.9728307127952576,4
561,HprojSA,0.9417874813079834,4
562,HprojSA,0.9513283967971802,4
563,HprojSA,0.9757564663887024,4
564,HprojSA,0.9511829614639282,4
565,HprojSA,0.9703836441040039,4
566,HprojSA,0.9628744125366211,4
567,HprojSA,0.9348181486129761,4
568,HprojSA,0.9220197796821594,4
569,HprojSA,0.8724187016487122,4
570,HprojSA,0.8759581446647644,3
571,HprojSA,0.8912010192871094,3
572,HprojSA,0.9202960133552551,2
573,HprojSA,0.9593798518180847,2
574,HprojSA,0.9065999984741211,2
575,HprojSA,0.9592272043228149,2
576,HprojSA,0.8908231258392334,2
577,HprojSA,0.8856713771820068,2
578,HprojSA,0.8196428418159485,2
579,HprojSA,0.8947368264198303,1
580,HprojSA,0.8947368264198303,1
581,HprojSA,0.9272727370262146,1
582,HprojSA,0.8785046935081482,1
583,HprojSA,0.8846153616905212,1
584,HprojSA,0.957446813583374,1
585,HprojSA,0.8602150678634644,1
586,HprojSA,0.8723404407501221,1
587,HprojSA,0.7529411911964417,1
588,HprojSA,0.8602150678634644,1
589,HprojSA,0.7764706015586853,1
590,HprojSA,0.650602400302887,1
591,HprojSA,0.8101266026496887,1
592,HprojSA,0.6567164063453674,1
593,HprojSA,0.7352941036224365,1
594,HprojSA,0.7894737124443054,1
595,HprojSA,0.7878788113594055,1
596,HprojSA,0.8135592937469482,1
597,HprojSA,0.7407407164573669,1
598,HprojSA,0.6792452931404114,1
599,HprojSA,0.7272727489471436,1
600,HprojSA,0.7037037014961243,1
601,HprojSA,0.6315789222717285,1
602,HprojSA,0.5490196347236633,1
603,HprojSA,0.6428571343421936,1
604,HprojSA,0.581818163394928,1
605,HprojSA,0.71875,1
606,HprojSA,0.7096773982048035,1
607,HprojSA,0.6849315166473389,1
608,HprojSA,0.5789473652839661,1
609,HprojSA,0.5542168617248535,1
610,HprojSA,0.800000011920929,1
611,HprojSA,0.6813187003135681,1
612,HprojSA,0.6666666865348816,1
613,HprojSA,0.807692289352417,1
614,HprojSA,0.8571428656578064,1
615,HprojSA,0.8983050584793091,1
616,HprojSA,0.875,1
617,HprojSA,0.8199999928474426,1
618,HprojSA,0.7727272510528564,1
619,HprojSA,0.4615384638309479,1
620,HprojSA,0.2195121943950653,1
621,HprojSA,9.090909136588721e-10,1
622,HprojSA,1.176470587616052e-09,1
623,HprojSA,1.9607844237157224e-09,1
624,HprojSA,1.8181818273177441e-09,1
625,HprojSA,2.2727273396583314e-09,1
626,HprojSA,1.8181818273177441e-09,1
627,HprojSA,1.9230770309519585e-09,1
628,HprojSA,1.123595549934464e-09,1
629,HprojSA,0.42352941632270813,1
630,HprojSA,0.6666666865348816,1
631,HprojSA,0.800000011920929,1
632,HprojSA,0.3125,1
633,HprojSA,0.5714285969734192,1
634,HprojSA,0.46666666865348816,1
635,HprojSA,0.7887324094772339,1
636,HprojSA,0.8051947951316833,1
637,HprojSA,0.8095238208770752,1
638,HprojSA,0.7200000286102295,1
639,HprojSA,0.7222222089767456,1
640,HprojSA,0.6756756901741028,1
641,HprojSA,0.7368420958518982,1
642,HprojSA,0.8222222328186035,1
643,HprojSA,0.800000011920929,1
644,HprojSA,0.7415730357170105,1
645,HprojSA,0.7710843086242676,1
646,HprojSA,0.7228915691375732,1
647,HprojSA,0.695652186870575,1
648,HprojSA,0.7727272510528564,1
649,HprojSA,0.7111111283302307,1
650,HprojSA,0.6399999856948853,1
651,HprojSA,0.6607142686843872,1
652,HprojSA,0.684684693813324,1
653,HprojSA,0.6875,1
654,HprojSA,0.7218044996261597,1
655,HprojSA,0.6991869807243347,1
656,HprojSA,0.7543859481811523,1
657,HprojSA,0.8067227005958557,1
658,HprojSA,0.8992248177528381,1
659,HprojSA,0.867132842540741,1
660,HprojSA,0.8709677457809448,1
661,HprojSA,0.8333333134651184,1
662,HprojSA,0.811188817024231,1
663,HprojSA,0.8421052694320679,1
664,HprojSA,0.8724831938743591,1
665,HprojSA,0.8062015771865845,1
666,HprojSA,0.7519999742507935,1
667,HprojSA,0.75,1
668,HprojSA,0.9357798099517822,1
669,HprojSA,0.8484848737716675,1
670,HprojSA,0.8936170339584351,1
671,HprojSA,0.8372092843055725,1
672,HprojSA,0.8461538553237915,1
673,HprojSA,0.7594936490058899,1
674,HprojSA,0.6279069781303406,1
675,HprojSA,0.39534884691238403,1
676,HprojSA,0.594427227973938,1
677,HprojSA,0.800000011920929,1
678,HprojSA,0.9229177236557007,1
679,HprojSA,0.9512279629707336,1
680,HprojSA,0.9673817157745361,1
681,HprojSA,0.9779391288757324,1
682,HprojSA,0.9833576679229736,1
683,HprojSA,0.9797627329826355,1
684,HprojSA,0.9803370833396912,1
685,HprojSA,0.8566038012504578,1
686,HprojSA,0.7828571200370789,1
687,HprojSA,0.9599999785423279,1
688,HprojSA,0.9650349617004395,1
689,HprojSA,0.9836734533309937,1
690,HprojSA,0.9844720363616943,1
691,HprojSA,0.9076968431472778,2
692,HprojSA,0.9245734214782715,2
693,HprojSA,0.8956438302993774,4
694,HprojSA,0.9431577920913696,4
695,HprojSA,0.9128140211105347,4
696,HprojSA,0.8261038661003113,5
697,HprojSA,0.7957214117050171,5
698,HprojSA,0.895091712474823,5
699,HprojSA,0.9047187566757202,5
700,HprojSA,0.8618636131286621,6
701,HprojSA,0.9225003123283386,6
702,HprojSA,0.8995842337608337,7
703,HprojSA,0.9257346391677856,7
704,HprojSA,0.8891000747680664,8
705,HprojSA,0.9078918695449829,10
706,HprojSA,0.8255807757377625,10
707,HprojSA,0.7810946106910706,9
708,HprojSA,0.8475326895713806,7
709,HprojSA,0.7519304156303406,6
710,HprojSA,0.7752619981765747,4
711,HprojSA,0.9208753705024719,3
712,HprojSA,0.9656417965888977,3
713,HprojSA,0.9659419655799866,3
714,HprojSA,0.966179370880127,3
715,HprojSA,0.9616863131523132,3
716,HprojSA,0.9325453042984009,4
717,HprojSA,0.9578039050102234,4
718,HprojSA,0.9157946705818176,3
719,HprojSA,0.9232349395751953,3
720,HprojSA,0.7699751257896423,3
721,HprojSA,0.8785258531570435,2
722,HprojSA,0.8100000023841858,2
723,HprojSA,0.8855660557746887,2
724,HprojSA,0.7788558006286621,2
725,HprojSA,0.6307692527770996,1
726,HprojSA,0.6016260385513306,1
727,HprojSA,0.7102272510528564,1
728,HprojSA,0.8808664083480835,1
729,HprojSA,0.7011494040489197,1
730,HprojSA,0.8617210388183594,1
731,HprojSA,0.9392874836921692,1
732,HprojSA,0.8238297700881958,1
733,HprojSA,0.9640415906906128,1
734,HprojSA,0.8979928493499756,1
735,HprojSA,0.9719290137290955,1
736,HprojSA,0.953034520149231,1
737,HprojSA,0.917939305305481,1
738,HprojSA,0.9664896726608276,1
739,HprojSA,0.951438844203949,1
740,HprojSA,0.9673290848731995,1
741,HprojSA,0.9705389738082886,1
742,HprojSA,0.9646313190460205,1
743,HprojSA,0.9679934978485107,1
744,HprojSA,0.9776119589805603,1
745,HprojSA,0.9699346423149109,1
746,HprojSA,0.9772502183914185,1
747,HprojSA,0.9850398898124695,1
748,HprojSA,0.9753899574279785,1
749,HprojSA,0.9749333262443542,1
750,HprojSA,0.9520459175109863,1
751,HprojSA,0.952398955821991,1
752,HprojSA,0.9442521929740906,1
753,HprojSA,0.9210770726203918,1
754,HprojSA,0.9367570281028748,1
755,HprojSA,0.9289208650588989,1
756,HprojSA,0.9574671983718872,1
757,HprojSA,0.9119718074798584,1
758,HprojSA,0.9418803453445435,1
759,HprojSA,0.9247534871101379,1
760,HprojSA,0.9230769276618958,1
761,HprojSA,0.825932502746582,1
762,HprojSA,0.09836065769195557,1
763,HprojSA,2.7777777855675367e-09,1
764,HprojSA,2.2727273396583314e-09,1
765,HprojSA,9.174311865756124e-10,1
766,HprojSA,3.6764705169112233e-10,1
767,HprojSA,3.086419730902179e-10,1
768,HprojSA,0.21810831129550934,2
769,HprojSA,0.7588056325912476,2
770,HprojSA,0.5852896571159363,2
771,HprojSA,0.4101707935333252,3
772,HprojSA,0.39335301518440247,3
773,HprojSA,0.4050023853778839,3
774,HprojSA,0.43488240242004395,3
775,HprojSA,0.39992013573646545,3
776,HprojSA,0.38345709443092346,3
777,HprojSA,0.36442986130714417,3
778,HprojSA,0.3551799952983856,3
779,HprojSA,0.38909804821014404,3
780,HprojSA,0.42099833488464355,3
781,HprojSA,0.37075304985046387,3
782,HprojSA,0.5670645236968994,4
783,HprojSA,0.5739217400550842,5
784,HprojSA,0.5581521391868591,6
785,HprojSA,0.5275874733924866,6
786,HprojSA,0.5411296486854553,6
787,HprojSA,0.5176231265068054,6
788,HprojSA,0.597265899181366,6
789,HprojSA,0.6764505505561829,6
790,HprojSA,0.6941702365875244,6
791,HprojSA,0.6837161183357239,6
792,HprojSA,0.6973966956138611,6
793,HprojSA,0.636458158493042,6
794,HprojSA,0.6433234214782715,6
795,HprojSA,0.6923685073852539,6
796,HprojSA,0.6864867806434631,6
797,HprojSA,0.6754626631736755,6
798,HprojSA,0.6639665365219116,6
799,HprojSA,0.7801883220672607,6
800,HprojSA,0.8022411465644836,6
801,HprojSA,0.7665236592292786,6
802,HprojSA,0.7718002200126648,6
803,HprojSA,0.7216038703918457,6
804,HprojSA,0.6137643456459045,7
805,HprojSA,0.6881658434867859,7
806,HprojSA,0.664451539516449,7
807,HprojSA,0.7348556518554688,7
808,HprojSA,0.6885957717895508,7
809,HprojSA,0.718988835811615,7
810,HprojSA,0.7476902008056641,7
811,HprojSA,0.7660703659057617,8
812,HprojSA,0.7872774004936218,8
813,HprojSA,0.7853069305419922,8
814,HprojSA,0.7986869812011719,8
815,HprojSA,0.8068082332611084,9
816,HprojSA,0.792608916759491,9
817,HprojSA,0.7807244062423706,10
818,HprojSA,0.7222474813461304,10
819,HprojSA,0.6911486387252808,10
820,HprojSA,0.7014731168746948,10
821,HprojSA,0.6608933210372925,10
822,HprojSA,0.735690176486969,9
823,HprojSA,0.8142440319061279,8
824,HprojSA,0.8015952706336975,7
825,HprojSA,0.7874110341072083,7
826,HprojSA,0.8664321899414062,6
827,HprojSA,0.8635115623474121,5
828,HprojSA,0.907211184501648,5
829,HprojSA,0.9492385387420654,4
830,HprojSA,0.9673433303833008,3
831,HprojSA,0.9621599316596985,3
832,HprojSA,0.9647101759910583,3
833,HprojSA,0.9680563807487488,3
834,HprojSA,0.9576265811920166,3
835,HprojSA,0.9634672999382019,3
836,HprojSA,0.9415168762207031,3
837,HprojSA,0.8402245044708252,4
838,HprojSA,0.84950190782547,4
839,HprojSA,0.9059988260269165,4
840,HprojSA,0.9276453852653503,4
841,HprojSA,0.9332377910614014,4
842,HprojSA,0.9144211411476135,4
843,HprojSA,0.9297483563423157,4
844,HprojSA,0.9018853306770325,4
845,HprojSA,0.9418308734893799,4
846,HprojSA,0.9132736325263977,3
847,HprojSA,0.8391754031181335,3
848,HprojSA,0.9262636303901672,2
849,HprojSA,0.9207766056060791,2
850,HprojSA,0.9354900121688843,2
851,HprojSA,0.9139521718025208,2
852,HprojSA,0.9203482866287231,2
853,HprojSA,0.9335287809371948,2
854,HprojSA,0.9019560813903809,2
855,HprojSA,0.947018027305603,2
856,HprojSA,0.9320073127746582,2
857,HprojSA,0.953923225402832,2
858,HprojSA,0.9542018175125122,2
859,HprojSA,0.9433741569519043,2
860,HprojSA,0.9569591283798218,2
861,HprojSA,0.9539881348609924,2
862,HprojSA,0.9317513704299927,2
863,HprojSA,0.968705415725708,2
864,HprojSA,0.8766603469848633,2
865,HprojSA,0.8709113001823425,2
866,HprojSA,0.8765166997909546,2
867,HprojSA,0.8159999847412109,1
868,HprojSA,0.904347836971283,1
869,HprojSA,0.8125,1
870,HprojSA,0.8695651888847351,1
871,HprojSA,0.8631578683853149,1
872,HprojSA,0.729411780834198,1
873,HprojSA,0.7333333492279053,1
874,HprojSA,0.5333333611488342,1
875,HprojSA,0.6197183132171631,1
876,HprojSA,0.699999988079071,1
877,HprojSA,0.9504685401916504,1
878,HprojSA,0.9779140949249268,1
879,HprojSA,0.9877358675003052,1
880,HprojSA,0.9905821681022644,1
881,HprojSA,0.988304078578949,1
882,HprojSA,0.9876203536987305,1
883,HprojSA,0.9717513918876648,1
884,HprojSA,0.8484848737716675,1
885,HprojSA,0.8510638475418091,1
886,HprojSA,0.9789473414421082,1
887,HprojSA,0.9823529124259949,1
888,HprojSA,0.9768553376197815,2
889,HprojSA,0.8066959381103516,3
890,HprojSA,0.9388842582702637,3
891,HprojSA,0.9242774844169617,3
892,HprojSA,0.9650622010231018,3
893,HprojSA,0.9523510336875916,3
894,HprojSA,0.8920368552207947,3
895,HprojSA,0.760707676410675,5
896,HprojSA,0.8729608654975891,5
897,HprojSA,0.9120358228683472,5
898,HprojSA,0.914395809173584,5
899,HprojSA,0.8123607635498047,6
900,HprojSA,0.8725205659866333,7
901,HprojSA,0.8916630744934082,8
902,HprojSA,0.7100499272346497,10
903,HprojSA,0.79570472240448,10
904,HprojSA,0.8240827322006226,10
905,HprojSA,0.8078628778457642,10
906,HprojSA,0.7883204221725464,7
907,HprojSA,0.7571035027503967,6
908,HprojSA,0.5415974855422974,5
909,HprojSA,0.7666959762573242,3
910,HprojSA,0.8961338996887207,3
911,HprojSA,0.9170873761177063,4
912,HprojSA,0.9630801677703857,4
913,HprojSA,0.9590636491775513,4
914,HprojSA,0.9575984477996826,4
915,HprojSA,0.9588531851768494,4
916,HprojSA,0.7919648885726929,4
917,HprojSA,0.9318819046020508,2
918,HprojSA,0.9777777791023254,2
919,HprojSA,0.945791482925415,2
920,HprojSA,0.9601756930351257,2
921,HprojSA,0.8939728736877441,2
922,HprojSA,0.78125,1
923,HprojSA,0.7457627058029175,1
924,HprojSA,0.5769230723381042,1
925,HprojSA,0.3265306055545807,1
926,HprojSA,0.4897959232330322,1
927,HprojSA,0.8238806128501892,1
928,HprojSA,0.7426900863647461,1
929,HprojSA,0.5167173147201538,1
930,HprojSA,0.23197491466999054,1
931,HprojSA,0.6972010135650635,1
932,HprojSA,0.7828571200370789,1
933,HprojSA,0.6710526347160339,1
934,HprojSA,0.8571428656578064,1
935,HprojSA,0.44918373227119446,2
936,HprojSA,0.8483806252479553,3
937,HprojSA,0.9600934386253357,3
938,HprojSA,0.9671177268028259,3
939,HprojSA,0.8996255397796631,3
940,HprojSA,0.9162644743919373,4
941,HprojSA,0.8766178488731384,4
942,HprojSA,0.8891582489013672,4
943,HprojSA,0.9406725168228149,4
944,HprojSA,0.9365243911743164,4
945,HprojSA,0.9116121530532837,5
946,HprojSA,0.8968861103057861,6
947,HprojSA,0.9204071164131165,7
948,HprojSA,0.9058480858802795,9
949,HprojSA,0.9013968706130981,9
950,HprojSA,0.9386876225471497,9
951,HprojSA,0.9313625693321228,9
952,HprojSA,0.9025393724441528,10
953,HprojSA,0.8893860578536987,10
954,HprojSA,0.8371919989585876,8
955,HprojSA,0.8787169456481934,7
956,HprojSA,0.8712077140808105,4
957,HprojSA,0.9699726104736328,3
958,HprojSA,0.960486888885498,3
959,HprojSA,0.9531211853027344,3
960,HprojSA,0.9529316425323486,3
961,HprojSA,0.9016692638397217,4
962,HprojSA,0.90650475025177,4
963,HprojSA,0.9400465488433838,3
964,HprojSA,0.9687808156013489,2
965,HprojSA,0.9285768270492554,2
966,HprojSA,0.9319049119949341,2
967,HprojSA,0.8070175647735596,1
968,HprojSA,0.7111111283302307,1
969,HprojSA,0.7599999904632568,1
970,HprojSA,0.9090909361839294,1
971,HprojSA,0.8181818127632141,1
972,HprojSA,0.8571428656578064,1
973,HprojSA,0.8928571343421936,1
974,HprojSA,0.8571428656578064,1
975,HprojSA,0.8333333134651184,1
976,HprojSA,0.7843137383460999,1
977,HprojSA,0.7058823704719543,1
978,HprojSA,0.625,1
979,HprojSA,0.8372092843055725,1
980,HprojSA,0.8888888955116272,1
981,HprojSA,0.800000011920929,1
982,HprojSA,0.5079365372657776,1
983,HprojSA,0.5352112650871277,1
984,HprojSA,0.5762711763381958,1
985,HprojSA,0.5517241358757019,1
986,HprojSA,0.5090909004211426,1
987,HprojSA,0.6382978558540344,1
988,HprojSA,0.41860464215278625,1
989,HprojSA,0.5641025900840759,1
990,HprojSA,0.3448275923728943,1
991,HprojSA,0.13333334028720856,1
992,HprojSA,2.9411764135289786e-09,1
993,HprojSA,0.1621621549129486,1
994,HprojSA,0.30434781312942505,1
995,HprojSA,0.4150943458080292,1
996,HprojSA,0.6037735939025879,1
997,HprojSA,0.3125,1
998,HprojSA,0.7555555701255798,1
999,HprojSA,0.8888888955116272,1
1000,HprojSA,0.9019607901573181,1
1001,HprojSA,0.800000011920929,1
1002,HprojSA,0.703832745552063,1
1003,HprojSA,0.980728030204773,1
1004,HprojSA,0.933078408241272,1
1005,HprojSA,0.3390313386917114,1
1006,HprojSA,4.166666567329003e-09,1
1007,HprojSA,0.7200000286102295,1
1008,HprojSA,0.44171780347824097,2
1009,HprojSA,0.46182093024253845,3
1010,HprojSA,0.5795794129371643,3
1011,HprojSA,0.6171384453773499,3
1012,HprojSA,0.7126527428627014,3
1013,HprojSA,0.7731779217720032,3
1014,HprojSA,0.8217784762382507,3
1015,HprojSA,0.8648656010627747,3
1016,HprojSA,0.7804076671600342,4
1017,HprojSA,0.8881930708885193,4
1018,HprojSA,0.7991203665733337,4
1019,HprojSA,0.8390312194824219,5
1020,HprojSA,0.7993298172950745,5
1021,HprojSA,0.819591224193573,5
1022,HprojSA,0.8460723757743835,6
1023,HprojSA,0.7145862579345703,7
1024,HprojSA,0.7235135436058044,7
1025,HprojSA,0.7120956182479858,8
1026,HprojSA,0.759055495262146,8
1027,HprojSA,0.8163145780563354,9
1028,HprojSA,0.7947059869766235,8
1029,HprojSA,0.6864694952964783,7
1030,HprojSA,0.5527001023292542,7
1031,HprojSA,0.5379900336265564,7
1032,HprojSA,0.4736369550228119,7
1033,HprojSA,0.4569475054740906,5
1034,HprojSA,0.4569912254810333,3
1035,HprojSA,0.7317960262298584,3
1036,HprojSA,0.8606533408164978,3
1037,HprojSA,0.8806506991386414,3
1038,HprojSA,0.8856426477432251,4
1039,HprojSA,0.8321523070335388,4
1040,HprojSA,0.8573322892189026,4
1041,HprojSA,0.9717126488685608,3
1042,HprojSA,0.9455089569091797,3
1043,HprojSA,0.9549344182014465,3
1044,HprojSA,0.9409281611442566,3
1045,HprojSA,0.9426321387290955,3
1046,HprojSA,0.9100033044815063,2
1047,HprojSA,0.9187766313552856,2
1048,HprojSA,0.9306846857070923,2
1049,HprojSA,0.8209898471832275,2
1050,HprojSA,0.774193525314331,1
1051,HprojSA,0.7586206793785095,1
1052,HprojSA,0.75,1
1053,HprojSA,0.6909090876579285,1
1054,HprojSA,0.5333333611488342,1
1055,HprojSA,0.6938775777816772,1
1056,HprojSA,0.5882353186607361,1
1057,HprojSA,0.8156424760818481,1
1058,HprojSA,0.9728506803512573,1
1059,HprojSA,0.9741379022598267,1
1060,HprojSA,0.9867987036705017,1
1061,HprojSA,0.9904671311378479,1
1062,HprojSA,0.9864569902420044,1
1063,HprojSA,0.9919183254241943,1
1064,HprojSA,0.9894644618034363,1
1065,HprojSA,0.9887323975563049,1
1066,HprojSA,0.9824933409690857,1
1067,HprojSA,0.9827255010604858,1
1068,HprojSA,0.9680759310722351,1
1069,HprojSA,0.9256756901741028,1
1070,HprojSA,0.8936170339584351,1
1071,HprojSA,0.9487179517745972,1
1072,HprojSA,0.911879301071167,2
1073,HprojSA,0.8101426959037781,3
1074,HprojSA,0.6958643794059753,4
1075,HprojSA,0.8261213302612305,4
1076,HprojSA,0.8927819132804871,4
1077,HprojSA,0.9523109197616577,5
1078,HprojSA,0.9452012777328491,5
1079,HprojSA,0.9398187398910522,5
1080,HprojSA,0.9419019818305969,6
1081,HprojSA,0.9317755103111267,6
1082,HprojSA,0.8781724572181702,6
1083,HprojSA,0.9390636086463928,6
1084,HprojSA,0.912493884563446,6
1085,HprojSA,0.9626668095588684,6
1086,HprojSA,0.8928712010383606,6
1087,HprojSA,0.7557055354118347,9
1088,HprojSA,0.8572641611099243,9
1089,HprojSA,0.8297014236450195,10
1090,HprojSA,0.8728853464126587,9
1091,HprojSA,0.8771747350692749,8
1092,HprojSA,0.8570587635040283,8
1093,HprojSA,0.7746659517288208,8
1094,HprojSA,0.9295027256011963,4
1095,HprojSA,0.9711617827415466,3
1096,HprojSA,0.9782505631446838,3
1097,HprojSA,0.9796309471130371,3
1098,HprojSA,0.9808762073516846,3
1099,HprojSA,0.9702696800231934,3
1100,HprojSA,0.8436285853385925,4
1101,HprojSA,0.9524044394493103,4
1102,HprojSA,0.9187209010124207,4
1103,HprojSA,0.9288085103034973,4
1104,HprojSA,0.9598686695098877,2
1105,HprojSA,0.9451589584350586,2
1106,HprojSA,0.8979213237762451,2
1107,HprojSA,0.5517241358757019,1
1108,HprojSA,0.8872548937797546,1
1109,HprojSA,0.8982869386672974,1
1110,HprojSA,0.9640190005302429,1
1111,HprojSA,0.9429150819778442,1
1112,HprojSA,0.9060381054878235,1
1113,HprojSA,0.7351712584495544,1
1114,HprojSA,0.8031495809555054,1
1115,HprojSA,0.9287469387054443,1
1116,HprojSA,0.970588207244873,1
1117,HprojSA,0.9688442349433899,1
1118,HprojSA,0.9702194333076477,1
1119,HprojSA,0.9648510217666626,2
1120,HprojSA,0.9674129486083984,2
1121,HprojSA,0.8788571953773499,4
1122,HprojSA,0.9062290191650391,5
1123,HprojSA,0.8215838074684143,6
1124,HprojSA,0.8933563232421875,6
1125,HprojSA,0.882859468460083,6
1126,HprojSA,0.866398274898529,7
1127,HprojSA,0.8862491250038147,7
1128,HprojSA,0.9178500771522522,8
1129,HprojSA,0.8843847513198853,8
1130,HprojSA,0.8944330215454102,8
1131,HprojSA,0.8688660860061646,8
1132,HprojSA,0.8659580945968628,8
1133,HprojSA,0.8499314785003662,8
1134,HprojSA,0.8904443979263306,8
1135,HprojSA,0.8895967602729797,8
1136,HprojSA,0.8947621583938599,7
1137,HprojSA,0.8824344277381897,7
1138,HprojSA,0.7266369462013245,8
1139,HprojSA,0.8591816425323486,6
1140,HprojSA,0.934395968914032,5
1141,HprojSA,0.9645035862922668,3
1142,HprojSA,0.9705119132995605,3
1143,HprojSA,0.9692091941833496,3
1144,HprojSA,0.9618691802024841,3
1145,HprojSA,0.9618293642997742,3
1146,HprojSA,0.9566032886505127,3
1147,HprojSA,0.5991231203079224,4
1148,HprojSA,0.847277820110321,3
1149,HprojSA,0.9004789590835571,2
1150,HprojSA,0.9061046838760376,2
1151,HprojSA,0.883690357208252,2
1152,HprojSA,0.9436619877815247,1
1153,HprojSA,0.875,1
1154,HprojSA,0.7878788113594055,1
1155,HprojSA,0.8780487775802612,1
1156,HprojSA,0.9068825840950012,1
1157,HprojSA,0.9530201554298401,1
1158,HprojSA,0.8968499302864075,1
1159,HprojSA,0.8619247078895569,1
1160,HprojSA,0.8387096524238586,1
1161,HprojSA,0.2666666805744171,1
1162,HprojSA,0.5219399333000183,1
1163,HprojSA,0.6184210777282715,1
1164,HprojSA,0.714942991733551,2
1165,HprojSA,0.6539267301559448,5
1166,HprojSA,0.7762460708618164,6
1167,HprojSA,0.8550610542297363,6
1168,HprojSA,0.8414559364318848,6
1169,HprojSA,0.8783761858940125,6
1170,HprojSA,0.8601160049438477,6
1171,HprojSA,0.7596784234046936,7
1172,HprojSA,0.7286248803138733,7
1173,HprojSA,0.8082499504089355,7
1174,HprojSA,0.7960521578788757,7
1175,HprojSA,0.7905091643333435,7
1176,HprojSA,0.7540594935417175,7
1177,HprojSA,0.6166651248931885,8
1178,HprojSA,0.6646902561187744,6
1179,HprojSA,0.8569195866584778,6
1180,HprojSA,0.7423461675643921,8
1181,HprojSA,0.8251469731330872,8
1182,HprojSA,0.7871094346046448,8
1183,HprojSA,0.7815942764282227,7
1184,HprojSA,0.8185343146324158,6
1185,HprojSA,0.9461312890052795,4
1186,HprojSA,0.908625602722168,4
1187,HprojSA,0.9032138586044312,4
1188,HprojSA,0.8770719766616821,4
1189,HprojSA,0.888916015625,2
1190,HprojSA,0.8789987564086914,2
1191,HprojSA,0.8571428656578064,1
1192,HprojSA,0.8712871074676514,1
1193,HprojSA,0.8484848737716675,1
1194,HprojSA,0.7708333134651184,1
1195,HprojSA,0.8444444537162781,1
1196,HprojSA,0.8478260636329651,1
1197,HprojSA,0.5684754252433777,1
1198,HprojSA,0.8661417365074158,1
1199,HprojSA,0.9358288645744324,1
1200,HprojSA,0.8500000238418579,1
1201,HprojSA,0.6518282890319824,1
1202,HprojSA,0.5227963328361511,1
1203,HprojSA,0.7298387289047241,2
1204,HprojSA,0.715528130531311,4
1205,HprojSA,0.80144864320755,4
1206,HprojSA,0.8410527110099792,4
1207,HprojSA,0.6899566054344177,6
1208,HprojSA,0.5584226846694946,7
1209,HprojSA,0.573449432849884,7
1210,HprojSA,0.5532456636428833,7
1211,HprojSA,0.5747525095939636,7
1212,HprojSA,0.6337264776229858,7
1213,HprojSA,0.6180432438850403,7
1214,HprojSA,0.7140799760818481,7
1215,HprojSA,0.741144061088562,7
1216,HprojSA,0.8125823140144348,7
1217,HprojSA,0.7019572854042053,7
1218,HprojSA,0.7260106801986694,8
1219,HprojSA,0.8308461308479309,7
1220,HprojSA,0.8235979676246643,7
1221,HprojSA,0.8051342368125916,7
1222,HprojSA,0.7584349513053894,7
1223,HprojSA,0.7396107912063599,7
1224,HprojSA,0.8384002447128296,5
1225,HprojSA,0.7834005355834961,5
1226,HprojSA,0.8227674961090088,4
1227,HprojSA,0.9508492350578308,3
1228,HprojSA,0.9290147423744202,3
1229,HprojSA,0.9021763801574707,4
1230,HprojSA,0.8593659996986389,4
1231,HprojSA,0.8062722086906433,2
1232,HprojSA,0.7461477518081665,2
1233,HprojSA,0.8620690107345581,2
1234,HprojSA,0.7222222089767456,1
1235,HprojSA,6.451613132618661e-10,1
1236,HprojSA,2.066115750709585e-10,1
1237,HprojSA,2.0964360802899762e-10,1
1238,HprojSA,0.7168874144554138,1
1239,HprojSA,0.7880133390426636,1
1240,HprojSA,0.8467742204666138,1
1241,HprojSA,0.8873038291931152,1
1242,HprojSA,0.856521725654602,1
1243,HprojSA,0.8649921417236328,1
1244,HprojSA,0.9532753229141235,1
1245,HprojSA,0.9410461187362671,1
1246,HprojSA,0.9389650821685791,1
1247,HprojSA,0.9601584672927856,1
1248,HprojSA,0.9609636664390564,1
1249,HprojSA,0.9526501893997192,1
1250,HprojSA,0.9343299269676208,1
1251,HprojSA,0.9254835247993469,1
1252,HprojSA,0.8786885142326355,1
1253,HprojSA,0.8185880184173584,1
1254,HprojSA,0.8397291302680969,1
1255,HprojSA,0.5530726313591003,1
1256,HprojSA,0.8190476298332214,1
1257,HprojSA,0.8805031180381775,1
1258,HprojSA,0.948051929473877,1
1259,HprojSA,0.9620253443717957,1
1260,HprojSA,0.9790025949478149,1
1261,HprojSA,0.9684439897537231,1
1262,HprojSA,0.9792843461036682,1
1263,HprojSA,0.48384201526641846,2
1264,HprojSA,0.4874791204929352,2
1265,HprojSA,0.5714161396026611,2
1266,HprojSA,0.635918140411377,2
1267,HprojSA,0.6842830777168274,2
1268,HprojSA,0.8010512590408325,2
1269,HprojSA,0.8237407207489014,2
1270,HprojSA,0.8009546995162964,2
1271,HprojSA,0.8212589621543884,2
1272,HprojSA,0.8143537044525146,2
1273,HprojSA,0.8983300924301147,2
1274,HprojSA,0.6707767844200134,3
1275,HprojSA,0.8821681141853333,3
1276,HprojSA,0.9461122155189514,3
1277,HprojSA,0.9378190636634827,3
1278,HprojSA,0.9661657214164734,3
1279,HprojSA,0.9473031163215637,3
1280,HprojSA,0.7265328168869019,4
1281,HprojSA,0.742279052734375,4
1282,HprojSA,0.8238628506660461,4
1283,HprojSA,0.8802660703659058,4
1284,HprojSA,0.8930715322494507,4
1285,HprojSA,0.8801525831222534,4
1286,HprojSA,0.8673455715179443,4
1287,HprojSA,0.8829621076583862,4
1288,HprojSA,0.8880419731140137,4
1289,HprojSA,0.8329726457595825,4
1290,HprojSA,0.7415393590927124,5
1291,HprojSA,0.6528441309928894,5
1292,HprojSA,0.7186471223831177,5
1293,HprojSA,0.5879668593406677,6
1294,HprojSA,0.5855332016944885,6
1295,HprojSA,0.5900939106941223,6
1296,HprojSA,0.787358283996582,6
1297,HprojSA,0.824101448059082,6
1298,HprojSA,0.8295528292655945,6
1299,HprojSA,0.8110035061836243,6
1300,HprojSA,0.8692571520805359,6
1301,HprojSA,0.7508120536804199,7
1302,HprojSA,0.7837489247322083,8
1303,HprojSA,0.7986710071563721,8
1304,HprojSA,0.754416286945343,9
1305,HprojSA,0.673041582107544,9
1306,HprojSA,0.5975581407546997,10
1307,HprojSA,0.5198274850845337,9
1308,HprojSA,0.5346086621284485,9
1309,HprojSA,0.5637922286987305,9
1310,HprojSA,0.6289141774177551,9
1311,HprojSA,0.6894219517707825,9
1312,HprojSA,0.7623169422149658,8
1313,HprojSA,0.765410840511322,8
1314,HprojSA,0.6940634846687317,8
1315,HprojSA,0.7434039115905762,8
1316,HprojSA,0.7429310083389282,8
1317,HprojSA,0.5745264887809753,7
1318,HprojSA,0.5425882935523987,7
1319,HprojSA,0.6389052271842957,7
1320,HprojSA,0.6503135561943054,7
1321,HprojSA,0.6229323744773865,6
1322,HprojSA,0.5342776775360107,6
1323,HprojSA,0.5131093263626099,5
1324,HprojSA,0.4189627766609192,5
1325,HprojSA,0.5284817814826965,4
1326,HprojSA,0.47415658831596375,4
1327,HprojSA,0.4697100520133972,4
1328,HprojSA,0.5317469835281372,4
1329,HprojSA,0.5021159648895264,4
1330,HprojSA,0.5622394680976868,4
1331,HprojSA,0.6002073884010315,3
1332,HprojSA,0.5985031723976135,3
1333,HprojSA,0.614320695400238,3
1334,HprojSA,0.6343621611595154,3
1335,HprojSA,0.598974883556366,3
1336,HprojSA,0.6340758204460144,3
1337,HprojSA,0.5849807858467102,3
1338,HprojSA,0.7757899165153503,3
1339,HprojSA,0.752636730670929,3
1340,HprojSA,0.7108182311058044,3
1341,HprojSA,0.8344884514808655,3
1342,HprojSA,0.7275992035865784,3
1343,HprojSA,0.7808599472045898,3
1344,HprojSA,0.7445942759513855,3
1345,HprojSA,0.743880569934845,3
1346,HprojSA,0.6948528289794922,3
1347,HprojSA,0.5934175848960876,3
1348,HprojSA,0.6416752934455872,3
1349,HprojSA,0.6828356385231018,3
1350,HprojSA,0.8152714371681213,3
1351,HprojSA,0.7911180853843689,3
1352,HprojSA,0.5756741762161255,3
1353,HprojSA,0.6298100352287292,3
1354,HprojSA,0.6958872675895691,3
1355,HprojSA,0.6052040457725525,3
1356,HprojSA,0.4477875232696533,3
1357,HprojSA,0.6606460809707642,2
1358,HprojSA,0.6696007251739502,2
1359,HprojSA,0.7433724403381348,2
1360,HprojSA,0.7456486225128174,2
1361,HprojSA,0.7744150757789612,2
1362,HprojSA,0.7460894584655762,2
1363,HprojSA,0.6731438636779785,2
1364,HprojSA,0.6524631381034851,2
1365,HprojSA,0.5357251167297363,2
1366,HprojSA,0.6144717335700989,2
1367,HprojSA,0.8006707429885864,2
1368,HprojSA,0.5839999914169312,2
1369,HprojSA,0.3909677565097809,2
1370,HprojSA,0.18918919563293457,2
1371,HprojSA,0.15068493783473969,2
1372,HprojSA,0.5925925970077515,1
1373,HprojSA,0.5853658318519592,1
1374,HprojSA,0.4935064911842346,1
1375,HprojSA,0.8394365906715393,1
1376,HprojSA,0.9493522047996521,1
1377,HprojSA,0.9296407103538513,1
1378,HprojSA,0.865129292011261,1
1379,HprojSA,0.6558823585510254,1
1380,HprojSA,0.3505154550075531,1
1381,HprojSA,7.633587650879292e-10,1
1382,HprojSA,6.802721164156367e-10,1
1383,HprojSA,7.246376831915313e-10,1
1384,HprojSA,1.587301623473536e-09,1
1385,HprojSA,0.9466192126274109,1
1386,HprojSA,0.9770992398262024,1
1387,HprojSA,0.8212700486183167,3
1388,HprojSA,0.9007893800735474,4
1389,HprojSA,0.9258564710617065,4
1390,HprojSA,0.9082657694816589,5
1391,HprojSA,0.898884117603302,5
1392,HprojSA,0.8816447854042053,6
1393,HprojSA,0.8801587224006653,6
1394,HprojSA,0.8601382374763489,6
1395,HprojSA,0.8067741394042969,7
1396,HprojSA,0.8902800679206848,7
1397,HprojSA,0.8482743501663208,7
1398,HprojSA,0.809646725654602,7
1399,HprojSA,0.6919421553611755,7
1400,HprojSA,0.7798658013343811,7
1401,HprojSA,0.7700783610343933,7
1402,HprojSA,0.7909802198410034,7
1403,HprojSA,0.7274635434150696,8
1404,HprojSA,0.832294762134552,8
1405,HprojSA,0.7670575976371765,8
1406,HprojSA,0.8107202649116516,7
1407,HprojSA,0.7150413990020752,8
1408,HprojSA,0.8165574669837952,7
1409,HprojSA,0.7122719287872314,6
1410,HprojSA,0.6719013452529907,5
1411,HprojSA,0.715531051158905,5
1412,HprojSA,0.8503882884979248,3
1413,HprojSA,0.8574325442314148,3
1414,HprojSA,0.8887580037117004,3
1415,HprojSA,0.9250895380973816,3
1416,HprojSA,0.8269044160842896,4
1417,HprojSA,0.7521998286247253,4
1418,HprojSA,0.9275112152099609,4
1419,HprojSA,0.9136854410171509,4
1420,HprojSA,0.91957026720047,3
1421,HprojSA,0.8210936188697815,2
1422,HprojSA,0.755530595779419,2
1423,HprojSA,0.7963409423828125,2
1424,HprojSA,0.3921568691730499,1
1425,HprojSA,0.4057970941066742,1
1426,HprojSA,0.44128113985061646,1
1427,HprojSA,0.6996047496795654,1
1428,HprojSA,0.699999988079071,1
1429,HprojSA,0.8103837370872498,1
1430,HprojSA,0.7111947536468506,1
1431,HprojSA,0.8311688303947449,1
1432,HprojSA,0.8912580013275146,1
1433,HprojSA,0.913241982460022,1
1434,HprojSA,0.7399650812149048,1
1435,HprojSA,0.5997248888015747,1
1436,HprojSA,0.6296064853668213,1
1437,HprojSA,0.5983213186264038,1
1438,HprojSA,0.4238975942134857,1
1439,HprojSA,0.10191082954406738,1
1440,HprojSA,0.8089887499809265,1
1441,HprojSA,0.9806950092315674,1
1442,HprojSA,0.930232584476471,1
1443,HprojSA,0.9453564882278442,2
1444,HprojSA,0.946272611618042,2
1445,HprojSA,0.9502459168434143,2
1446,HprojSA,0.9756049513816833,2
1447,HprojSA,0.9676357507705688,2
1448,HprojSA,0.9844432473182678,2
1449,HprojSA,0.9628711938858032,2
1450,HprojSA,0.9765203595161438,2
1451,HprojSA,0.9730522632598877,2
1452,HprojSA,0.9644927382469177,2
1453,HprojSA,0.9854263663291931,2
1454,HprojSA,0.9570375680923462,2
1455,HprojSA,0.7377309799194336,3
1456,HprojSA,0.8222267627716064,3
1457,HprojSA,0.7431964874267578,3
1458,HprojSA,0.8566896319389343,3
1459,HprojSA,0.6615809798240662,3
1460,HprojSA,0.9307406544685364,3
1461,HprojSA,0.9494040012359619,3
1462,HprojSA,0.9121378064155579,3
1463,HprojSA,0.7070542573928833,4
1464,HprojSA,0.6267647743225098,5
1465,HprojSA,0.8234370946884155,5
1466,HprojSA,0.8889365196228027,5
1467,HprojSA,0.8579965829849243,5
1468,HprojSA,0.9230871200561523,5
1469,HprojSA,0.7597653269767761,6
1470,HprojSA,0.7734008431434631,7
1471,HprojSA,0.7966148257255554,7
1472,HprojSA,0.7471584677696228,7
1473,HprojSA,0.7965030670166016,7
1474,HprojSA,0.8194409608840942,7
1475,HprojSA,0.8308893442153931,7
1476,HprojSA,0.8502698540687561,7
1477,HprojSA,0.8791010975837708,7
1478,HprojSA,0.8120402097702026,7
1479,HprojSA,0.7831194996833801,7
1480,HprojSA,0.7600483894348145,8
1481,HprojSA,0.8078064918518066,8
1482,HprojSA,0.8045165538787842,8
1483,HprojSA,0.7359343767166138,10
1484,HprojSA,0.6876513361930847,10
1485,HprojSA,0.7203337550163269,10
1486,HprojSA,0.8290778994560242,10
1487,HprojSA,0.8576031923294067,10
1488,HprojSA,0.8499025106430054,10
1489,HprojSA,0.8607938885688782,10
1490,HprojSA,0.6806500554084778,10
1491,HprojSA,0.83021479845047,9
1492,HprojSA,0.8465220332145691,9
1493,HprojSA,0.8270562291145325,9
1494,HprojSA,0.7016059160232544,9
1495,HprojSA,0.8542054891586304,7
1496,HprojSA,0.7982403039932251,7
1497,HprojSA,0.6308616995811462,7
1498,HprojSA,0.9467115998268127,4
1499,HprojSA,0.9398623108863831,4
1500,HprojSA,0.9582114219665527,3
1501,HprojSA,0.96844083070755,3
1502,HprojSA,0.9550328254699707,3
1503,HprojSA,0.9691912531852722,3
1504,HprojSA,0.9682083129882812,3
1505,HprojSA,0.9658041596412659,3
1506,HprojSA,0.9734907150268555,3
1507,HprojSA,0.9607264995574951,3
1508,HprojSA,0.9624829888343811,3
1509,HprojSA,0.95876145362854,3
1510,HprojSA,0.9522554874420166,3
1511,HprojSA,0.9734656810760498,3
1512,HprojSA,0.9441540837287903,3
1513,HprojSA,0.957402229309082,3
1514,HprojSA,0.9559409022331238,3
1515,HprojSA,0.8931413888931274,4
1516,HprojSA,0.893645703792572,4
1517,HprojSA,0.8906208276748657,4
1518,HprojSA,0.9301918745040894,4
1519,HprojSA,0.9173077940940857,4
1520,HprojSA,0.9040408134460449,4
1521,HprojSA,0.9097806215286255,4
1522,HprojSA,0.8815545439720154,4
1523,HprojSA,0.7191362977027893,3
1524,HprojSA,0.8719053864479065,3
1525,HprojSA,0.7762212157249451,3
1526,HprojSA,0.6824565529823303,3
1527,HprojSA,0.6437178254127502,3
1528,HprojSA,0.8470826148986816,2
1529,HprojSA,0.8700655698776245,2
1530,HprojSA,0.9078779220581055,2
1531,HprojSA,0.9049408435821533,2
1532,HprojSA,0.9094835519790649,2
1533,HprojSA,0.9123880863189697,2
1534,HprojSA,0.8576034307479858,2
1535,HprojSA,0.5504673719406128,2
1536,HprojSA,0.6666666865348816,1
1537,HprojSA,0.6666666865348816,1
1538,HprojSA,0.6666666865348816,1
1539,HprojSA,0.4615384638309479,1
1540,HprojSA,2.7027027282855443e-09,1
1541,HprojSA,0.35555556416511536,1
1542,HprojSA,0.6756756901741028,1
1543,HprojSA,0.7887324094772339,1
1544,HprojSA,0.6744186282157898,1
1545,HprojSA,0.7848101258277893,1
1546,HprojSA,0.6666666865348816,1
1547,HprojSA,0.6436781883239746,1
1548,HprojSA,0.7068965435028076,1
1549,HprojSA,0.7777777910232544,1
1550,HprojSA,0.7920792102813721,1
1551,HprojSA,0.7356321811676025,1
1552,HprojSA,0.6352941393852234,1
1553,HprojSA,0.8351648449897766,1
1554,HprojSA,0.7422680258750916,1
1555,HprojSA,0.746666669845581,1
1556,HprojSA,0.739130437374115,1
1557,HprojSA,0.5573770403862,1
1558,HprojSA,0.5,1
1559,HprojSA,0.5070422291755676,1
1560,HprojSA,0.8266666531562805,1
1561,HprojSA,0.9384800791740417,1
1562,HprojSA,0.9666966795921326,1
1563,HprojSA,0.9616161584854126,1
1564,HprojSA,0.9682996869087219,1
1565,HprojSA,0.9539575576782227,1
1566,HprojSA,0.9450346231460571,1
1567,HprojSA,0.928735613822937,1
1568,HprojSA,0.9026644825935364,1
1569,HprojSA,0.9297544360160828,1
1570,HprojSA,0.8089573383331299,1
1571,HprojSA,0.7835391163825989,1
1572,HprojSA,0.8529680371284485,1
1573,HprojSA,0.942740261554718,1
1574,HprojSA,0.9507803320884705,1
1575,HprojSA,0.9342857003211975,1
1576,HprojSA,4.878049075784929e-10,1
1577,HprojSA,1.0309278986042614e-09,1
1578,HprojSA,0.10999999940395355,1
1579,HprojSA,0.7529411911964417,1
1580,HprojSA,0.9268292784690857,1
1581,HprojSA,0.974117636680603,1
1582,HprojSA,0.931034505367279,1
1583,HprojSA,0.5303129553794861,2
1584,HprojSA,0.4875621795654297,2
1585,HprojSA,0.9360737204551697,2
1586,HprojSA,0.9855014085769653,2
1587,HprojSA,0.9495611786842346,2
1588,HprojSA,0.9851298332214355,2
1589,HprojSA,0.9561777114868164,2
1590,HprojSA,0.9625204801559448,2
1591,HprojSA,0.9824531078338623,2
1592,HprojSA,0.9612172842025757,2
1593,HprojSA,0.9796276688575745,2
1594,HprojSA,0.8138885498046875,3
1595,HprojSA,0.8933306336402893,3
1596,HprojSA,0.9092040657997131,3
1597,HprojSA,0.9012935757637024,3
1598,HprojSA,0.8618461489677429,3
1599,HprojSA,0.9011287689208984,3
1600,HprojSA,0.9189300537109375,3
1601,HprojSA,0.9236335754394531,3
1602,HprojSA,0.8903565406799316,3
1603,HprojSA,0.9087536931037903,3
1604,HprojSA,0.8170604705810547,4
1605,HprojSA,0.8280316591262817,5
1606,HprojSA,0.9009221196174622,5
1607,HprojSA,0.8879095911979675,5
1608,HprojSA,0.883996844291687,5
1609,HprojSA,0.7314791679382324,6
1610,HprojSA,0.65822434425354,6
1611,HprojSA,0.7598848342895508,6
1612,HprojSA,0.7909461855888367,6
1613,HprojSA,0.8496437072753906,7
1614,HprojSA,0.8889828324317932,8
1615,HprojSA,0.8765759468078613,8
1616,HprojSA,0.8464353680610657,8
1617,HprojSA,0.8393112421035767,8
1618,HprojSA,0.8804007768630981,8
1619,HprojSA,0.8056198358535767,8
1620,HprojSA,0.7534151077270508,9
1621,HprojSA,0.8514658212661743,8
1622,HprojSA,0.8281795978546143,8
1623,HprojSA,0.8672377467155457,8
1624,HprojSA,0.8356571197509766,8
1625,HprojSA,0.7944676876068115,8
1626,HprojSA,0.7474073171615601,8
1627,HprojSA,0.8277329802513123,7
1628,HprojSA,0.8547669649124146,7
1629,HprojSA,0.8498829007148743,6
1630,HprojSA,0.8373107314109802,6
1631,HprojSA,0.8765246272087097,6
1632,HprojSA,0.8160316348075867,6
1633,HprojSA,0.7980648279190063,5
1634,HprojSA,0.7499731779098511,5
1635,HprojSA,0.7228831648826599,4
1636,HprojSA,0.7289378643035889,4
1637,HprojSA,0.7195558547973633,4
1638,HprojSA,0.976080596446991,3
1639,HprojSA,0.9705373644828796,3
1640,HprojSA,0.9670262336730957,3
1641,HprojSA,0.9727361798286438,3
1642,HprojSA,0.937385082244873,3
1643,HprojSA,0.9685656428337097,3
1644,HprojSA,0.956678569316864,3
1645,HprojSA,0.9538518786430359,3
1646,HprojSA,0.9651809334754944,3
1647,HprojSA,0.900607705116272,4
1648,HprojSA,0.9228650331497192,4
1649,HprojSA,0.9305484294891357,4
1650,HprojSA,0.9227025508880615,4
1651,HprojSA,0.885563313961029,4
1652,HprojSA,0.929226815700531,3
1653,HprojSA,0.930800199508667,3
1654,HprojSA,0.8961529731750488,3
1655,HprojSA,0.9020078778266907,3
1656,HprojSA,0.9368035197257996,3
1657,HprojSA,0.908261239528656,3
1658,HprojSA,0.9674234390258789,2
1659,HprojSA,0.9566997289657593,2
1660,HprojSA,0.9768270254135132,2
1661,HprojSA,0.9706808924674988,2
1662,HprojSA,0.9630497694015503,2
1663,HprojSA,0.9657456278800964,2
1664,HprojSA,0.9773322343826294,2
1665,HprojSA,0.9709372520446777,2
1666,HprojSA,0.9617693424224854,2
1667,HprojSA,0.9597662687301636,2
1668,HprojSA,0.9586789608001709,2
1669,HprojSA,0.9310270547866821,2
1670,HprojSA,0.9380037188529968,2
1671,HprojSA,0.9414651989936829,2
1672,HprojSA,0.9388176202774048,2
1673,HprojSA,0.9658939838409424,2
1674,HprojSA,0.9431005716323853,2
1675,HprojSA,0.9423341155052185,2
1676,HprojSA,0.9739202260971069,2
1677,HprojSA,0.9273882508277893,2
1678,HprojSA,0.9527062773704529,2
1679,HprojSA,0.90360426902771,2
1680,HprojSA,0.9213780164718628,2
1681,HprojSA,0.9452288746833801,2
1682,HprojSA,0.637109100818634,2
1683,HprojSA,0.8831169009208679,1
1684,HprojSA,0.8108108043670654,1
1685,HprojSA,0.9363957643508911,1
1686,HprojSA,0.9848024249076843,1
1687,HprojSA,0.9801653027534485,1
1688,HprojSA,0.9841772317886353,1
1689,HprojSA,0.9870354533195496,1
1690,HprojSA,0.9637952446937561,1
1691,HprojSA,0.8214285969734192,1
1692,HprojSA,0.970588207244873,1
1693,HprojSA,0.9729729890823364,1
1694,HprojSA,0.9793814420700073,1
1695,HprojSA,0.9521551728248596,2
1696,HprojSA,0.976076602935791,2
1697,HprojSA,0.9554002285003662,3
1698,HprojSA,0.9686865210533142,3
1699,HprojSA,0.9681231379508972,3
1700,HprojSA,0.694053053855896,4
1701,HprojSA,0.8347960710525513,4
1702,HprojSA,0.914202094078064,4
1703,HprojSA,0.8198580741882324,5
1704,HprojSA,0.836995005607605,5
1705,HprojSA,0.7869640588760376,7
1706,HprojSA,0.8485161662101746,7
1707,HprojSA,0.9257298707962036,7
1708,HprojSA,0.9189862012863159,7
1709,HprojSA,0.9255158305168152,7
1710,HprojSA,0.941000759601593,7
1711,HprojSA,0.9134951829910278,9
1712,HprojSA,0.914358377456665,9
1713,HprojSA,0.9346004724502563,8
1714,HprojSA,0.8704365491867065,9
1715,HprojSA,0.8985087275505066,6
1716,HprojSA,0.8459072709083557,6
1717,HprojSA,0.9492030739784241,4
1718,HprojSA,0.7979359030723572,4
1719,HprojSA,0.9740241169929504,3
1720,HprojSA,0.9690538048744202,3
1721,HprojSA,0.753986656665802,3
1722,HprojSA,0.9020629525184631,3
1723,HprojSA,0.8787502646446228,3
1724,HprojSA,0.9048464894294739,3
1725,HprojSA,0.8816054463386536,3
1726,HprojSA,0.9314437508583069,3
1727,HprojSA,0.9367088675498962,1
1728,HprojSA,0.9517426490783691,1
1729,HprojSA,0.8882681727409363,1
1730,HprojSA,0.7491409182548523,1
1731,HprojSA,0.48093220591545105,1
1732,HprojSA,0.4421052634716034,1
1733,HprojSA,2.6041666045806267e-10,1
1734,HprojSA,0.4065440595149994,2
1735,HprojSA,0.6279095411300659,2
1736,HprojSA,0.6598248481750488,3
1737,HprojSA,0.8665751814842224,3
1738,HprojSA,0.872602641582489,3
1739,HprojSA,0.8666837215423584,3
1740,HprojSA,0.8027250170707703,4
1741,HprojSA,0.8365764617919922,4
1742,HprojSA,0.781055212020874,5
1743,HprojSA,0.6556188464164734,6
1744,HprojSA,0.6148428916931152,6
1745,HprojSA,0.7188159227371216,7
1746,HprojSA,0.8292027711868286,7
1747,HprojSA,0.8280535340309143,7
1748,HprojSA,0.8403302431106567,8
1749,HprojSA,0.8375647664070129,8
1750,HprojSA,0.8209178447723389,9
1751,HprojSA,0.7859913110733032,10
1752,HprojSA,0.7920755743980408,10
1753,HprojSA,0.7677749395370483,10
1754,HprojSA,0.6917417049407959,9
1755,HprojSA,0.7268964648246765,8
1756,HprojSA,0.8250418901443481,5
1757,HprojSA,0.9692079424858093,3
1758,HprojSA,0.9348023533821106,3
1759,HprojSA,0.9304909110069275,3
1760,HprojSA,0.9565550684928894,3
1761,HprojSA,0.8694383502006531,4
1762,HprojSA,0.6839874982833862,4
1763,HprojSA,0.8026087880134583,3
1764,HprojSA,0.9212013483047485,2
1765,HprojSA,0.9225605726242065,2
1766,HprojSA,0.9078716039657593,2
1767,HprojSA,0.9273531436920166,2
1768,HprojSA,0.8324680328369141,2
1769,HprojSA,0.9166666865348816,1
1770,HprojSA,0.8387096524238586,1
1771,HprojSA,0.4848484992980957,1
1772,HprojSA,0.32258063554763794,1
1773,HprojSA,0.4444444477558136,1
1774,HprojSA,0.6857143044471741,1
1775,HprojSA,0.7058823704719543,1
1776,HprojSA,0.5600000023841858,1
1777,HprojSA,0.6428571343421936,1
1778,HprojSA,0.7647058963775635,1
1779,HprojSA,0.75,1
1780,HprojSA,0.5714285969734192,1
1781,HprojSA,0.807692289352417,1
1782,HprojSA,0.625,1
1783,HprojSA,0.43478259444236755,1
1784,HprojSA,0.4363636374473572,1
1785,HprojSA,0.4897959232330322,1
1786,HprojSA,0.4528301954269409,1
1787,HprojSA,0.7567567825317383,1
1788,HprojSA,0.47058823704719543,1
1789,HprojSA,0.4375,1
1790,HprojSA,0.5853658318519592,1
1791,HprojSA,0.6153846383094788,1
1792,HprojSA,0.7428571581840515,1
1793,HprojSA,0.7945205569267273,1
1794,HprojSA,0.699999988079071,1
1795,HprojSA,0.8627451062202454,1
1796,HprojSA,0.7441860437393188,1
1797,HprojSA,0.19917012751102448,1
1798,HprojSA,0.9390243887901306,1
1799,HprojSA,0.929088294506073,1
1800,HprojSA,0.8517646789550781,1
1801,HprojSA,0.9068736433982849,1
1802,HprojSA,0.9849587678909302,1
1803,HprojSA,0.9933775067329407,1
1804,HprojSA,0.9428868293762207,1
1805,HprojSA,0.6470588445663452,1
1806,HprojSA,0.9312977194786072,1
1807,HprojSA,0.9726775884628296,1
1808,HprojSA,0.9748777151107788,2
1809,HprojSA,0.9829886555671692,2
1810,HprojSA,0.9752504825592041,2
1811,HprojSA,0.9661370515823364,2
1812,HprojSA,0.7817973494529724,3
1813,HprojSA,0.7297808527946472,3
1814,HprojSA,0.6554057598114014,4
1815,HprojSA,0.5902635455131531,6
1816,HprojSA,0.642077624797821,6
1817,HprojSA,0.7169843912124634,7
1818,HprojSA,0.7495967149734497,7
1819,HprojSA,0.8391395211219788,8
1820,HprojSA,0.8172370195388794,8
1821,HprojSA,0.8222067356109619,8
1822,HprojSA,0.9189417958259583,8
1823,HprojSA,0.8860503435134888,8
1824,HprojSA,0.8718739151954651,8
1825,HprojSA,0.6874756813049316,8
1826,HprojSA,0.8481388092041016,8
1827,HprojSA,0.8104390501976013,8
1828,HprojSA,0.8024874925613403,7
1829,HprojSA,0.8612370491027832,6
1830,HprojSA,0.9445497393608093,5
1831,HprojSA,0.8887902498245239,5
1832,HprojSA,0.9411606192588806,4
1833,HprojSA,0.8778132796287537,4
1834,HprojSA,0.8233926892280579,4
1835,HprojSA,0.9217063188552856,4
1836,HprojSA,0.7016909122467041,4
1837,HprojSA,0.8818641901016235,2
1838,HprojSA,0.9071624279022217,2
1839,HprojSA,0.9513513445854187,1
1840,HprojSA,0.951724112033844,1
1841,HprojSA,0.8780487775802612,1
1842,HprojSA,0.9454545378684998,1
1843,HprojSA,0.9215686321258545,1
1844,HprojSA,0.8351648449897766,1
1845,HprojSA,0.7777777910232544,1
1846,HprojSA,0.9021526575088501,1
1847,HprojSA,0.9448725581169128,1
1848,HprojSA,0.9709950685501099,1
1849,HprojSA,0.9657710790634155,1
1850,HprojSA,0.9724462628364563,1
1851,HprojSA,0.9753574728965759,1
1852,HprojSA,0.9764108657836914,1
1853,HprojSA,0.9687882661819458,1
1854,HprojSA,0.9762054085731506,1
1855,HprojSA,0.9757716655731201,1
1856,HprojSA,0.9732211232185364,1
1857,HprojSA,0.9422792196273804,1
1858,HprojSA,0.9625850319862366,1
1859,HprojSA,0.8307692408561707,1
1860,HprojSA,0.8771929740905762,1
1861,HprojSA,0.9590643048286438,1
1862,HprojSA,0.969072163105011,1
1863,HprojSA,0.9773299694061279,1
1864,HprojSA,0.9782178401947021,1
1865,HprojSA,0.9650349617004395,1
1866,HprojSA,0.6712116003036499,2
1867,HprojSA,0.8362833857536316,3
1868,HprojSA,0.8992829918861389,3
1869,HprojSA,0.8718259930610657,3
1870,HprojSA,0.9231204986572266,3
1871,HprojSA,0.8057920336723328,4
1872,HprojSA,0.8752242922782898,5
1873,HprojSA,0.9076708555221558,5
1874,HprojSA,0.9175628423690796,5
1875,HprojSA,0.9335832595825195,5
1876,HprojSA,0.9284636378288269,5
1877,HprojSA,0.9401963353157043,5
1878,HprojSA,0.9385892152786255,5
1879,HprojSA,0.9178737998008728,7
1880,HprojSA,0.9193232655525208,7
1881,HprojSA,0.8652176260948181,9
1882,HprojSA,0.8748006820678711,10
1883,HprojSA,0.7962415814399719,9
1884,HprojSA,0.8892165422439575,9
1885,HprojSA,0.8804656267166138,9
1886,HprojSA,0.8881490230560303,9
1887,HprojSA,0.8930783867835999,9
1888,HprojSA,0.863095760345459,8
1889,HprojSA,0.8129250407218933,6
1890,HprojSA,0.9152997732162476,4
1891,HprojSA,0.9668688774108887,3
1892,HprojSA,0.9670659899711609,3
1893,HprojSA,0.9680140018463135,3
1894,HprojSA,0.9669628739356995,3
1895,HprojSA,0.9167722463607788,4
1896,HprojSA,0.9245729446411133,4
1897,HprojSA,0.8990399241447449,4
1898,HprojSA,0.9475183486938477,3
1899,HprojSA,0.9155892729759216,3
1900,HprojSA,0.9443437457084656,2
1901,HprojSA,0.8421052694320679,1
1902,HprojSA,0.9117646813392639,1
1903,HprojSA,0.5660377144813538,1
1904,HprojSA,0.6363636255264282,1
1905,HprojSA,0.8095238208770752,1
1906,HprojSA,0.8421052694320679,1
1907,HprojSA,0.800000011920929,1
1908,HprojSA,0.5600000023841858,1
1909,HprojSA,0.7599999904632568,1
1910,HprojSA,0.8510638475418091,1
1911,HprojSA,0.5333333611488342,1
1912,HprojSA,0.7301587462425232,1
1913,HprojSA,0.7605633735656738,1
1914,HprojSA,0.7272727489471436,1
1915,HprojSA,0.5945945978164673,1
1916,HprojSA,0.3448275923728943,1
1917,HprojSA,0.3214285671710968,1
1918,HprojSA,0.5454545617103577,1
1919,HprojSA,0.695652186870575,1
1920,HprojSA,0.8965517282485962,1
1921,HprojSA,0.8684210777282715,1
1922,HprojSA,0.6865671873092651,1
1923,HprojSA,0.7941176295280457,1
1924,HprojSA,0.8333333134651184,1
1925,HprojSA,0.6666666865348816,1
1926,HprojSA,0.75,1
1927,HprojSA,0.7567567825317383,1
1928,HprojSA,0.7200000286102295,1
1929,HprojSA,0.7169811129570007,1
1930,HprojSA,0.8444444537162781,1
1931,HprojSA,0.6909090876579285,1
1932,HprojSA,0.8275862336158752,1
1933,HprojSA,0.6538461446762085,1
1934,HprojSA,0.8928571343421936,1
1935,HprojSA,0.6296296119689941,1
1936,HprojSA,0.8613861203193665,1
1937,HprojSA,0.9146919250488281,1
1938,HprojSA,0.7566938400268555,1
1939,HprojSA,0.8664495348930359,1
1940,HprojSA,0.9125168323516846,1
1941,HprojSA,0.7813411355018616,1
1942,HprojSA,0.8825622797012329,1
1943,HprojSA,0.9390018582344055,1
1944,HprojSA,0.9057105183601379,1
1945,HprojSA,0.9197860956192017,1
1946,HprojSA,0.4757201671600342,2
1947,HprojSA,0.8566673398017883,2
1948,HprojSA,0.8105340003967285,2
1949,HprojSA,0.5841181874275208,3
1950,HprojSA,0.7528046369552612,4
1951,HprojSA,0.677725076675415,5
1952,HprojSA,0.7069892883300781,6
1953,HprojSA,0.7433924674987793,6
1954,HprojSA,0.7849985957145691,6
1955,HprojSA,0.7787531018257141,7
1956,HprojSA,0.8146031498908997,7
1957,HprojSA,0.7924214601516724,7
1958,HprojSA,0.8093846440315247,7
1959,HprojSA,0.7158423066139221,7
1960,HprojSA,0.7535209655761719,8
1961,HprojSA,0.8477008938789368,8
1962,HprojSA,0.8205859661102295,8
1963,HprojSA,0.9079000353813171,6
1964,HprojSA,0.9218809008598328,6
1965,HprojSA,0.9545823931694031,5
1966,HprojSA,0.948360800743103,5
1967,HprojSA,0.8390980362892151,6
1968,HprojSA,0.8931686282157898,6
1969,HprojSA,0.9286991953849792,6
1970,HprojSA,0.910683810710907,6
1971,HprojSA,0.9346172213554382,6
1972,HprojSA,0.9507808685302734,5
1973,HprojSA,0.9003093838691711,5
1974,HprojSA,0.9025897979736328,5
1975,HprojSA,0.894382119178772,5
1976,HprojSA,0.7460862398147583,4
1977,HprojSA,0.7969085574150085,3
1978,HprojSA,0.9172706604003906,2
1979,HprojSA,0.8236552476882935,2
1980,HprojSA,0.7763564586639404,2
1981,HprojSA,0.7571069598197937,2
1982,HprojSA,0.6251803636550903,2
1983,HprojSA,0.9290587902069092,2
1984,HprojSA,0.9293445348739624,2
1985,HprojSA,0.40229883790016174,2
1986,HprojSA,0.875,1
1987,HprojSA,0.7209302186965942,1
1988,HprojSA,0.6739130616188049,1
1989,HprojSA,0.625,1
1990,HprojSA,0.6213592290878296,1
1991,HprojSA,0.7878788113594055,1
1992,HprojSA,0.8421052694320679,1
1993,HprojSA,0.375,1
1994,HprojSA,0.8910890817642212,1
1995,HprojSA,0.9304447174072266,1
1996,HprojSA,0.9170437455177307,1
1997,HprojSA,0.8853427767753601,1
1998,HprojSA,0.7527377605438232,1
1999,HprojSA,0.14198072254657745,1
2000,HprojSA,0.1872340440750122,1
2001,HprojSA,0.15584415197372437,1
2002,HprojSA,7.575757798861105e-10,1
2003,HprojSA,9.999999717180685e-10,1
2004,HprojSA,3.389830638411695e-10,1
2005,HprojSA,0.2199999988079071,1
2006,HprojSA,0.5970149040222168,1
2007,HprojSA,0.5742574334144592,1
2008,HprojSA,0.5280216336250305,2
2009,HprojSA,0.7190762162208557,3
2010,HprojSA,0.8009946942329407,3
2011,HprojSA,0.6864321231842041,4
2012,HprojSA,0.7138804197311401,4
2013,HprojSA,0.7245529890060425,4
2014,HprojSA,0.571593165397644,5
2015,HprojSA,0.46513259410858154,6
2016,HprojSA,0.6541716456413269,6
2017,HprojSA,0.6451142430305481,6
2018,HprojSA,0.6682643890380859,6
2019,HprojSA,0.7267029881477356,6
2020,HprojSA,0.7189207077026367,6
2021,HprojSA,0.6277815699577332,6
2022,HprojSA,0.735724151134491,6
2023,HprojSA,0.8221842050552368,5
2024,HprojSA,0.7721474766731262,6
2025,HprojSA,0.8504589200019836,5
2026,HprojSA,0.8481053113937378,5
2027,HprojSA,0.9043261408805847,5
2028,HprojSA,0.8481329679489136,7
2029,HprojSA,0.7745371460914612,7
2030,HprojSA,0.7711694836616516,6
2031,HprojSA,0.8037114143371582,5
2032,HprojSA,0.8777447938919067,4
2033,HprojSA,0.9347469806671143,3
2034,HprojSA,0.9049582481384277,3
2035,HprojSA,0.8711385130882263,3
2036,HprojSA,0.8631029725074768,3
2037,HprojSA,0.8688126802444458,4
2038,HprojSA,0.8193920254707336,3
2039,HprojSA,0.8312892913818359,2
2040,HprojSA,0.834845781326294,2
2041,HprojSA,0.8611111044883728,1
2042,HprojSA,0.774193525314331,1
2043,HprojSA,0.7457627058029175,1
2044,HprojSA,0.8953068852424622,1
2045,HprojSA,0.9662289023399353,1
2046,HprojSA,0.9473081231117249,1
2047,HprojSA,0.970549464225769,1
2048,HprojSA,0.9764991998672485,1
2049,HprojSA,0.9730158448219299,1
2050,HprojSA,0.9681423306465149,1
2051,HprojSA,0.9606903195381165,1
2052,HprojSA,0.9483568072319031,1
2053,HprojSA,0.9102844595909119,1
2054,HprojSA,0.8982036113739014,1
2055,HprojSA,0.9589238166809082,2
2056,HprojSA,0.9510804414749146,2
2057,HprojSA,0.9755486845970154,2
2058,HprojSA,0.9820299744606018,2
2059,HprojSA,0.9751501083374023,2
2060,HprojSA,0.964500904083252,2
2061,HprojSA,0.9306602478027344,3
2062,HprojSA,0.9007954597473145,3
2063,HprojSA,0.9172773361206055,3
2064,HprojSA,0.8918638229370117,4
2065,HprojSA,0.877781867980957,5
2066,HprojSA,0.9285575151443481,5
2067,HprojSA,0.8759013414382935,5
2068,HprojSA,0.9204950332641602,5
2069,HprojSA,0.9331172108650208,5
2070,HprojSA,0.9267364740371704,5
2071,HprojSA,0.939667820930481,5
2072,HprojSA,0.9088257551193237,7
2073,HprojSA,0.8784450888633728,7
2074,HprojSA,0.872551441192627,8
2075,HprojSA,0.837708055973053,7
2076,HprojSA,0.7704117894172668,8
2077,HprojSA,0.8279861807823181,7
2078,HprojSA,0.9091947674751282,7
2079,HprojSA,0.842411458492279,7
2080,HprojSA,0.8546895980834961,6
2081,HprojSA,0.9195759296417236,4
2082,HprojSA,0.9365081787109375,3
2083,HprojSA,0.9604921936988831,3
2084,HprojSA,0.9660034775733948,3
2085,HprojSA,0.8713068962097168,4
2086,HprojSA,0.9072262644767761,4
2087,HprojSA,0.9340464472770691,3
2088,HprojSA,0.8427368998527527,3
2089,HprojSA,0.7484070658683777,3
2090,HprojSA,0.8580169081687927,3
2091,HprojSA,0.8776487112045288,2
2092,HprojSA,0.8523238897323608,2
2093,HprojSA,0.6350437998771667,2
2094,HprojSA,0.8656716346740723,1
2095,HprojSA,0.7631579041481018,1
2096,HprojSA,0.6666666865348816,1
2097,HprojSA,0.8405796885490417,1
2098,HprojSA,0.9041095972061157,1
2099,HprojSA,0.8115941882133484,1
2100,HprojSA,0.7457627058029175,1
2101,HprojSA,0.8387096524238586,1
2102,HprojSA,0.8888888955116272,1
2103,HprojSA,0.8474576473236084,1
2104,HprojSA,0.8399999737739563,1
2105,HprojSA,0.8571428656578064,1
2106,HprojSA,0.7547169923782349,1
2107,HprojSA,0.8354430198669434,1
2108,HprojSA,0.8125,1
2109,HprojSA,0.8307692408561707,1
2110,HprojSA,0.6865671873092651,1
2111,HprojSA,0.7761194109916687,1
2112,HprojSA,0.8484848737716675,1
2113,HprojSA,0.8484848737716675,1
2114,HprojSA,0.6000000238418579,1
2115,HprojSA,0.7333333492279053,1
2116,HprojSA,0.7924528121948242,1
2117,HprojSA,0.7397260069847107,1
2118,HprojSA,0.7096773982048035,1
2119,HprojSA,0.7241379022598267,1
2120,HprojSA,0.800000011920929,1
2121,HprojSA,0.5714285969734192,1
2122,HprojSA,0.2772277295589447,1
2123,HprojSA,0.5373134613037109,1
2124,HprojSA,0.6545454263687134,1
2125,HprojSA,0.739130437374115,1
2126,HprojSA,0.6363636255264282,1
2127,HprojSA,0.800000011920929,1
2128,HprojSA,0.6363636255264282,1
2129,HprojSA,0.6666666865348816,1
2130,HprojSA,0.4000000059604645,1
2131,HprojSA,0.6666666865348816,1
2132,HprojSA,0.699999988079071,1
2133,HprojSA,0.9090909361839294,1
2134,HprojSA,0.9285714030265808,1
2135,HprojSA,0.8510638475418091,1
2136,HprojSA,0.800000011920929,1
2137,HprojSA,0.7419354915618896,1
2138,HprojSA,0.920634925365448,1
2139,HprojSA,0.9285714030265808,1
2140,HprojSA,0.9666666388511658,1
2141,HprojSA,0.9810924530029297,1
2142,HprojSA,0.9731499552726746,1
2143,HprojSA,0.9834558963775635,1
2144,HprojSA,0.9868173003196716,1
2145,HprojSA,0.9895868301391602,1
2146,HprojSA,0.9867340326309204,1
2147,HprojSA,0.9883244037628174,1
2148,HprojSA,0.9927200675010681,1
2149,HprojSA,0.9876453280448914,1
2150,HprojSA,0.9875724911689758,1
2151,HprojSA,0.9861443042755127,1
2152,HprojSA,0.9872241616249084,1
2153,HprojSA,0.9857035279273987,1
2154,HprojSA,0.9715489745140076,1
2155,HprojSA,0.9316239356994629,1
2156,HprojSA,0.9691630005836487,1
2157,HprojSA,0.9422757029533386,3
2158,HprojSA,0.8796852231025696,3
2159,HprojSA,0.8760380744934082,3
2160,HprojSA,0.7840131521224976,4
2161,HprojSA,0.7356036305427551,5
2162,HprojSA,0.7842292785644531,5
2163,HprojSA,0.8563133478164673,5
2164,HprojSA,0.9164611101150513,5
2165,HprojSA,0.8315432667732239,6
2166,HprojSA,0.8878948092460632,6
2167,HprojSA,0.8369878530502319,7
2168,HprojSA,0.8981180191040039,7
2169,HprojSA,0.9532795548439026,7
2170,HprojSA,0.9584193825721741,7
2171,HprojSA,0.9708313941955566,7
2172,HprojSA,0.965161144733429,7
2173,HprojSA,0.9192225933074951,8
2174,HprojSA,0.944072425365448,8
2175,HprojSA,0.8713148236274719,10
2176,HprojSA,0.9066217541694641,10
2177,HprojSA,0.9214310646057129,10
2178,HprojSA,0.9165719747543335,10
2179,HprojSA,0.9016534090042114,8
2180,HprojSA,0.8851405382156372,7
2181,HprojSA,0.872990608215332,7
2182,HprojSA,0.8890531659126282,5
2183,HprojSA,0.9110678434371948,5
2184,HprojSA,0.9773175120353699,3
2185,HprojSA,0.9760090708732605,3
2186,HprojSA,0.9732938408851624,3
2187,HprojSA,0.9574972987174988,3
2188,HprojSA,0.9599149227142334,4
2189,HprojSA,0.9551345705986023,4
2190,HprojSA,0.9629930853843689,3
2191,HprojSA,0.9416150450706482,3
2192,HprojSA,0.8907987475395203,3
2193,HprojSA,0.9435238838195801,2
2194,HprojSA,0.9470993876457214,2
2195,HprojSA,0.9656194448471069,2
2196,HprojSA,0.9745209217071533,2
2197,HprojSA,0.9318098425865173,2
2198,HprojSA,0.9211352467536926,2
2199,HprojSA,0.9029896855354309,2
2200,HprojSA,0.9019607901573181,1
2201,HprojSA,0.7111111283302307,1
2202,HprojSA,0.7567567825317383,1
2203,HprojSA,0.8205128312110901,1
2204,HprojSA,0.7659574747085571,1
2205,HprojSA,0.8235294222831726,1
2206,HprojSA,0.7118644118309021,1
2207,HprojSA,0.7419354915618896,1
2208,HprojSA,0.9411764740943909,1
2209,HprojSA,0.8125,1
2210,HprojSA,0.800000011920929,1
2211,HprojSA,0.8648648858070374,1
2212,HprojSA,0.6399999856948853,1
2213,HprojSA,0.37681159377098083,1
2214,HprojSA,0.3928571343421936,1
2215,HprojSA,0.45783132314682007,1
2216,HprojSA,0.8115941882133484,1
2217,HprojSA,0.8307692408561707,1
2218,HprojSA,0.8571428656578064,1
2219,HprojSA,0.8727272748947144,1
2220,HprojSA,0.7241379022598267,1
2221,HprojSA,0.6268656849861145,1
2222,HprojSA,0.7887324094772339,1
2223,HprojSA,0.7941176295280457,1
2224,HprojSA,0.8787878751754761,1
2225,HprojSA,0.8823529481887817,1
2226,HprojSA,0.8450704216957092,1
2227,HprojSA,0.8985507488250732,1
2228,HprojSA,0.8985507488250732,1
2229,HprojSA,0.8450704216957092,1
2230,HprojSA,0.8717948794364929,1
2231,HprojSA,0.7749999761581421,1
2232,HprojSA,0.8831169009208679,1
2233,HprojSA,0.8157894611358643,1
2234,HprojSA,0.3037036955356598,1
2235,HprojSA,0.15727002918720245,1
2236,HprojSA,0.808842658996582,1
2237,HprojSA,0.7759815454483032,1
2238,HprojSA,0.8817407488822937,1
2239,HprojSA,0.9213483333587646,1
2240,HprojSA,0.7698237895965576,1
2241,HprojSA,0.6569646596908569,1
2242,HprojSA,0.42105263471603394,1
2243,HprojSA,0.8613861203193665,1
2244,HprojSA,0.9342105388641357,1
2245,HprojSA,0.8722741603851318,1
2246,HprojSA,0.9243243336677551,1
2247,HprojSA,0.8860868215560913,2
2248,HprojSA,0.8196576833724976,2
2249,HprojSA,0.8021084070205688,2
2250,HprojSA,0.8415349125862122,2
2251,HprojSA,0.8883683681488037,3
2252,HprojSA,0.9035787582397461,3
2253,HprojSA,0.7231661677360535,3
2254,HprojSA,0.7248076796531677,3
2255,HprojSA,0.9191407561302185,3
2256,HprojSA,0.8792874217033386,3
2257,HprojSA,0.8794676065444946,4
2258,HprojSA,0.9173175692558289,5
2259,HprojSA,0.9195636510848999,5
2260,HprojSA,0.8678876161575317,5
2261,HprojSA,0.906906247138977,5
2262,HprojSA,0.9015941023826599,6
2263,HprojSA,0.743026077747345,6
2264,HprojSA,0.6885780692100525,6
2265,HprojSA,0.850337028503418,6
2266,HprojSA,0.8531078100204468,7
2267,HprojSA,0.8121265769004822,7
2268,HprojSA,0.8656711578369141,7
2269,HprojSA,0.8880348205566406,7
2270,HprojSA,0.9052711129188538,8
2271,HprojSA,0.9209223985671997,8
2272,HprojSA,0.8665763139724731,9
2273,HprojSA,0.8138251304626465,7
2274,HprojSA,0.7362726330757141,7
2275,HprojSA,0.8917361497879028,5
2276,HprojSA,0.8589960932731628,5
2277,HprojSA,0.9274622201919556,5
2278,HprojSA,0.8836954832077026,4
2279,HprojSA,0.8811669945716858,4
2280,HprojSA,0.875479519367218,4
2281,HprojSA,0.9707698225975037,3
2282,HprojSA,0.9582361578941345,3
2283,HprojSA,0.9646336436271667,3
2284,HprojSA,0.8974112272262573,4
2285,HprojSA,0.9383903741836548,4
2286,HprojSA,0.9332523345947266,4
2287,HprojSA,0.9496176838874817,4
2288,HprojSA,0.9437559843063354,4
2289,HprojSA,0.9287184476852417,4
2290,HprojSA,0.8788063526153564,2
2291,HprojSA,0.8753558397293091,2
2292,HprojSA,0.9113923907279968,1
2293,HprojSA,0.9135802388191223,1
2294,HprojSA,0.9230769276618958,1
2295,HprojSA,0.8148148059844971,1
2296,HprojSA,0.7435897588729858,1
2297,HprojSA,0.7435897588729858,1
2298,HprojSA,0.6153846383094788,1
2299,HprojSA,0.10000000149011612,1
2300,HprojSA,0.8093385100364685,1
2301,HprojSA,0.618719220161438,1
2302,HprojSA,0.943025529384613,1
2303,HprojSA,0.9448757767677307,1
2304,HprojSA,0.9681528806686401,1
2305,HprojSA,0.9804717302322388,1
2306,HprojSA,0.978153645992279,1
2307,HprojSA,0.9775826334953308,1
2308,HprojSA,0.9768649935722351,1
2309,HprojSA,0.9417201280593872,1
2310,HprojSA,0.976961612701416,1
2311,HprojSA,0.9766082167625427,1
2312,HprojSA,0.8943819999694824,1
2313,HprojSA,0.57337886095047,1
2314,HprojSA,0.9235237240791321,1
2315,HprojSA,0.6216413974761963,3
2316,HprojSA,0.8063547015190125,3
2317,HprojSA,0.8942902088165283,4
2318,HprojSA,0.8434672355651855,5
2319,HprojSA,0.8699126243591309,5
2320,HprojSA,0.9152792096138,5
2321,HprojSA,0.8786547780036926,6
2322,HprojSA,0.7795549035072327,7
2323,HprojSA,0.8591957092285156,7
2324,HprojSA,0.884252667427063,7
2325,HprojSA,0.8586542010307312,7
2326,HprojSA,0.7109441757202148,8
2327,HprojSA,0.8273211717605591,8
2328,HprojSA,0.8003072142601013,8
2329,HprojSA,0.8861758708953857,8
2330,HprojSA,0.8856232166290283,8
2331,HprojSA,0.9024460315704346,8
2332,HprojSA,0.8588179349899292,10
2333,HprojSA,0.8144621849060059,10
2334,HprojSA,0.8156531453132629,9
2335,HprojSA,0.8257080912590027,8
2336,HprojSA,0.8733379244804382,6
2337,HprojSA,0.8408918976783752,6
2338,HprojSA,0.6095377802848816,5
2339,HprojSA,0.9722757339477539,3
2340,HprojSA,0.9650440216064453,3
2341,HprojSA,0.95875483751297,3
2342,HprojSA,0.9377537369728088,3
2343,HprojSA,0.8576661944389343,4
2344,HprojSA,0.8395069241523743,3
2345,HprojSA,0.9389130473136902,2
2346,HprojSA,0.9255883693695068,2
2347,HprojSA,0.8591815233230591,2
2348,HprojSA,0.4451219439506531,2
2349,HprojSA,0.8529411554336548,1
2350,HprojSA,0.960629940032959,1
2351,HprojSA,0.9541284441947937,1
2352,HprojSA,0.9111111164093018,1
2353,HprojSA,0.9459459185600281,1
2354,HprojSA,0.9866666793823242,1
2355,HprojSA,0.8051947951316833,1
2356,HprojSA,0.6233766078948975,1
2357,HprojSA,0.6470588445663452,1
2358,HprojSA,0.6153846383094788,1
2359,HprojSA,0.5,1
2360,HprojSA,0.47999998927116394,1
2361,HprojSA,0.5490196347236633,1
2362,HprojSA,0.4897959232330322,1
2363,HprojSA,0.6415094137191772,1
2364,HprojSA,0.7636363506317139,1
2365,HprojSA,0.84375,1
2366,HprojSA,0.7532467246055603,1
2367,HprojSA,0.8247422575950623,1
2368,HprojSA,0.9375,1
2369,HprojSA,0.8958333134651184,1
2370,HprojSA,0.9534883499145508,1
2371,HprojSA,0.7536231875419617,1
2372,HprojSA,0.8571428656578064,1
2373,HprojSA,0.7714285850524902,1
2374,HprojSA,0.7346938848495483,1
2375,HprojSA,0.8571428656578064,1
2376,HprojSA,0.8627451062202454,1
2377,HprojSA,0.8421052694320679,1
2378,HprojSA,0.8484848737716675,1
2379,HprojSA,0.9090909361839294,1
2380,HprojSA,0.9512194991111755,1
2381,HprojSA,0.9438202381134033,1
2382,HprojSA,0.8571428656578064,1
2383,HprojSA,0.8500000238418579,1
2384,HprojSA,0.8607594966888428,1
2385,HprojSA,0.7160493731498718,1
2386,HprojSA,0.875,1
2387,HprojSA,0.9090909361839294,1
2388,HprojSA,0.7191011309623718,1
2389,HprojSA,0.6024096608161926,1
2390,HprojSA,0.6571428775787354,1
2391,HprojSA,0.7605633735656738,1
2392,HprojSA,0.8695651888847351,1
2393,HprojSA,0.6666666865348816,1
2394,HprojSA,0.8547945022583008,1
2395,HprojSA,0.9390997290611267,1
2396,HprojSA,0.9448491334915161,1
2397,HprojSA,0.9783989787101746,1
2398,HprojSA,0.9824561476707458,1
2399,HprojSA,0.9772191643714905,1
2400,HprojSA,0.9739443063735962,1
2401,HprojSA,0.892551064491272,1
2402,HprojSA,0.1879194676876068,1
2403,HprojSA,0.5957446694374084,1
2404,HprojSA,0.9842180609703064,1
2405,HprojSA,0.9773679971694946,1
2406,HprojSA,0.7123174071311951,2
2407,HprojSA,0.9036019444465637,3
2408,HprojSA,0.9378395676612854,4
2409,HprojSA,0.9614094495773315,4
2410,HprojSA,0.9042016267776489,4
2411,HprojSA,0.7834029197692871,6
2412,HprojSA,0.9287562370300293,6
2413,HprojSA,0.9372826218605042,6
2414,HprojSA,0.9295739531517029,7
2415,HprojSA,0.9097058176994324,7
2416,HprojSA,0.8718447089195251,7
2417,HprojSA,0.9328076243400574,7
2418,HprojSA,0.9335737228393555,7
2419,HprojSA,0.9071313142776489,7
2420,HprojSA,0.7879408597946167,7
2421,HprojSA,0.848779559135437,7
2422,HprojSA,0.7377287745475769,7
2423,HprojSA,0.8274106979370117,6
2424,HprojSA,0.9558442831039429,5
2425,HprojSA,0.9205441474914551,5
2426,HprojSA,0.9106017351150513,7
2427,HprojSA,0.9543871283531189,7
2428,HprojSA,0.9093602895736694,8
2429,HprojSA,0.948173999786377,8
2430,HprojSA,0.9197502136230469,7
2431,HprojSA,0.925995409488678,7
2432,HprojSA,0.8980640172958374,7
2433,HprojSA,0.7894906997680664,7
2434,HprojSA,0.8084065318107605,6
2435,HprojSA,0.8623123168945312,5
2436,HprojSA,0.8961163759231567,5
2437,HprojSA,0.8300207853317261,4
2438,HprojSA,0.9356427788734436,4
2439,HprojSA,0.9305465817451477,4
2440,HprojSA,0.9261910915374756,4
2441,HprojSA,0.9492014050483704,4
2442,HprojSA,0.9594711065292358,4
2443,HprojSA,0.9373117089271545,4
2444,HprojSA,0.957462728023529,2
2445,HprojSA,0.9561496376991272,2
2446,HprojSA,0.9444951415061951,2
2447,HprojSA,0.9515122771263123,2
2448,HprojSA,0.8818897604942322,1
2449,HprojSA,0.9185185432434082,1
2450,HprojSA,0.7445255517959595,1
2451,HprojSA,0.6190476417541504,1
2452,HprojSA,0.4848484992980957,1
2453,HprojSA,0.5348837375640869,1
2454,HprojSA,0.7027027010917664,1
2455,HprojSA,0.7605633735656738,1
2456,HprojSA,0.6436781883239746,1
2457,HprojSA,0.6526315808296204,1
2458,HprojSA,0.3368421196937561,1
2459,HprojSA,0.18000000715255737,1
2460,HprojSA,0.20168067514896393,1
2461,HprojSA,0.3913043439388275,1
2462,HprojSA,0.5465838313102722,1
2463,HprojSA,0.7415730357170105,1
2464,HprojSA,0.46666666865348816,1
2465,HprojSA,0.5625,1
2466,HprojSA,0.6301369667053223,1
2467,HprojSA,0.7594936490058899,1
2468,HprojSA,0.8108108043670654,1
2469,HprojSA,0.6896551847457886,1
2470,HprojSA,0.8314606547355652,1
2471,HprojSA,0.8514851331710815,1
2472,HprojSA,0.6823529601097107,1
2473,HprojSA,0.7326732873916626,1
2474,HprojSA,0.808080792427063,1
2475,HprojSA,0.7799999713897705,1
2476,HprojSA,0.8666666746139526,1
2477,HprojSA,0.8952381014823914,1
2478,HprojSA,0.8615384697914124,1
2479,HprojSA,0.8712871074676514,1
2480,HprojSA,0.8595041036605835,1
2481,HprojSA,0.8548387289047241,1
2482,HprojSA,0.7432432174682617,1
2483,HprojSA,0.8888888955116272,1
2484,HprojSA,0.9552238583564758,1
2485,HprojSA,0.7859649062156677,1
2486,HprojSA,0.9032257795333862,1
2487,HprojSA,0.9482758641242981,1
2488,HprojSA,0.9583333134651184,1
2489,HprojSA,0.9786831140518188,1
2490,HprojSA,0.9740143418312073,1
2491,HprojSA,0.981902539730072,1
2492,HprojSA,0.9693564772605896,1
2493,HprojSA,0.945852518081665,1
2494,HprojSA,0.9195583462715149,1
2495,HprojSA,0.45145630836486816,1
2496,HprojSA,1.6666666935449825e-09,1
2497,HprojSA,0.359281450510025,1
2498,HprojSA,0.44736841320991516,1
2499,HprojSA,8.894136538373232e-10,2
2500,HprojSA,8.09320388484025e-10,2
2501,HprojSA,0.3180287778377533,3
2502,HprojSA,0.3380328416824341,3
2503,HprojSA,0.3258216083049774,3
2504,HprojSA,0.32263585925102234,3
2505,HprojSA,0.4988681375980377,4
2506,HprojSA,0.6289262175559998,4
2507,HprojSA,0.7781360149383545,4
2508,HprojSA,0.5488886833190918,5
2509,HprojSA,0.6188910007476807,5
2510,HprojSA,0.6995499730110168,5
2511,HprojSA,0.7657048106193542,5
2512,HprojSA,0.7988219857215881,5
2513,HprojSA,0.7496828436851501,6
2514,HprojSA,0.8098483681678772,6
2515,HprojSA,0.8800023198127747,6
2516,HprojSA,0.6486239433288574,7
2517,HprojSA,0.6379455924034119,7
2518,HprojSA,0.7066386342048645,7
2519,HprojSA,0.7443876266479492,7
2520,HprojSA,0.6118698716163635,7
2521,HprojSA,0.5602833032608032,7
2522,HprojSA,0.7177850008010864,7
2523,HprojSA,0.7541508078575134,7
2524,HprojSA,0.8084467649459839,7
2525,HprojSA,0.8230077028274536,7
2526,HprojSA,0.7715480923652649,6
2527,HprojSA,0.8964684009552002,4
2528,HprojSA,0.9664700031280518,3
2529,HprojSA,0.8741397261619568,4
2530,HprojSA,0.916015625,4
2531,HprojSA,0.8988512754440308,4
2532,HprojSA,0.9238458275794983,4
2533,HprojSA,0.89363032579422,4
2534,HprojSA,0.6776557564735413,4
2535,HprojSA,0.522186279296875,3
2536,HprojSA,0.845791220664978,2
2537,HprojSA,0.8706756830215454,2
2538,HprojSA,0.84079909324646,2
2539,HprojSA,0.7930263876914978,2
2540,HprojSA,0.8305984735488892,2
2541,HprojSA,0.8386232852935791,2
2542,HprojSA,0.5531914830207825,1
2543,HprojSA,0.4150943458080292,1
2544,HprojSA,0.4067796468734741,1
2545,HprojSA,0.2857142984867096,1
2546,HprojSA,0.16326530277729034,1
2547,HprojSA,0.9333333373069763,1
2548,HprojSA,0.9776574373245239,1
2549,HprojSA,0.9601613879203796,1
2550,HprojSA,0.952277660369873,1
2551,HprojSA,0.53721684217453,1
2552,HprojSA,0.42603549361228943,1
2553,HprojSA,0.5535714030265808,1
2554,HprojSA,0.9112426042556763,1
2555,HprojSA,0.6578348875045776,2
2556,HprojSA,0.8720306754112244,2
2557,HprojSA,0.5892025828361511,3
2558,HprojSA,0.7835098505020142,5
2559,HprojSA,0.9233940243721008,5
2560,HprojSA,0.9330952763557434,5
2561,HprojSA,0.8334785103797913,7
2562,HprojSA,0.8802589774131775,7
2563,HprojSA,0.8424780964851379,7
2564,HprojSA,0.8127036690711975,7
2565,HprojSA,0.8103038668632507,7
2566,HprojSA,0.8425425291061401,8
2567,HprojSA,0.8538287878036499,8
2568,HprojSA,0.8989272713661194,8
2569,HprojSA,0.8677582740783691,8
2570,HprojSA,0.8646852374076843,8
2571,HprojSA,0.890668511390686,8
2572,HprojSA,0.9426369667053223,6
2573,HprojSA,0.9419047832489014,6
2574,HprojSA,0.9450117945671082,6
2575,HprojSA,0.8681726455688477,8
2576,HprojSA,0.8986154198646545,7
2577,HprojSA,0.8553476333618164,6
2578,HprojSA,0.8721758127212524,5
2579,HprojSA,0.7913601994514465,5
2580,HprojSA,0.9660523533821106,3
2581,HprojSA,0.9693028330802917,3
2582,HprojSA,0.9041079878807068,3
2583,HprojSA,0.8378947377204895,3
2584,HprojSA,0.7160121202468872,2
2585,HprojSA,0.870224118232727,2
2586,HprojSA,0.9067786931991577,2
2587,HprojSA,0.9257495403289795,2
2588,HprojSA,0.8033088445663452,2
2589,HprojSA,0.5829651355743408,2
2590,HprojSA,0.9473684430122375,1
2591,HprojSA,0.9607843160629272,1
2592,HprojSA,0.9176470637321472,1
2593,HprojSA,0.6153846383094788,1
2594,HprojSA,0.8708487153053284,1
2595,HprojSA,0.9287862181663513,2
2596,HprojSA,0.6709263324737549,3
2597,HprojSA,0.829409658908844,3
2598,HprojSA,0.7988936901092529,3
2599,HprojSA,0.756999671459198,4
2600,HprojSA,0.7505227327346802,5
2601,HprojSA,0.7754661440849304,6
2602,HprojSA,0.6596369743347168,6
2603,HprojSA,0.7599784731864929,6
2604,HprojSA,0.8197657465934753,6
2605,HprojSA,0.8326595425605774,6
2606,HprojSA,0.8474915623664856,6
2607,HprojSA,0.7634032368659973,8
2608,HprojSA,0.8123307228088379,8
2609,HprojSA,0.7651605010032654,8
2610,HprojSA,0.7543101906776428,8
2611,HprojSA,0.7947708964347839,8
2612,HprojSA,0.7469581961631775,9
2613,HprojSA,0.7924138307571411,8
2614,HprojSA,0.8261333703994751,8
2615,HprojSA,0.8008309006690979,6
2616,HprojSA,0.8198501467704773,5
2617,HprojSA,0.6941967606544495,5
2618,HprojSA,0.7603733539581299,3
2619,HprojSA,0.8295667171478271,3
2620,HprojSA,0.8519324660301208,3
2621,HprojSA,0.5898439288139343,3
2622,HprojSA,0.48423072695732117,2
2623,HprojSA,0.4839930832386017,2
2624,HprojSA,0.48189160227775574,2
2625,HprojSA,0.48515406250953674,2
2626,HprojSA,0.9242029190063477,2
2627,HprojSA,0.9346705675125122,2
2628,HprojSA,0.9169073700904846,2
2629,HprojSA,0.7611940503120422,1
2630,HprojSA,0.7350427508354187,1
2631,HprojSA,0.7540983557701111,1
2632,HprojSA,0.8196721076965332,1
2633,HprojSA,0.8870967626571655,1
2634,HprojSA,0.7962962985038757,1
2635,HprojSA,0.7708333134651184,1
2636,HprojSA,0.6499999761581421,1
2637,HprojSA,0.6969696879386902,1
2638,HprojSA,0.75,1
2639,HprojSA,0.6904761791229248,1
2640,HprojSA,0.7435897588729858,1
2641,HprojSA,0.767123281955719,1
2642,HprojSA,0.7017543911933899,1
2643,HprojSA,0.5483871102333069,1
2644,HprojSA,0.6578947305679321,1
2645,HprojSA,0.5822784900665283,1
2646,HprojSA,0.6304348111152649,1
2647,HprojSA,0.591549277305603,1
2648,HprojSA,0.7105262875556946,1
2649,HprojSA,0.7804877758026123,1
2650,HprojSA,0.6666666865348816,1
2651,HprojSA,0.6534653306007385,1
2652,HprojSA,0.6226415038108826,1
2653,HprojSA,0.6909090876579285,1
2654,HprojSA,0.7321428656578064,1
2655,HprojSA,0.7387387156486511,1
2656,HprojSA,0.6315789222717285,1
2657,HprojSA,0.7640449404716492,1
2658,HprojSA,0.529411792755127,1
2659,HprojSA,0.23333333432674408,1
2660,HprojSA,1.587301623473536e-09,1
2661,HprojSA,0.4324324429035187,1
2662,HprojSA,0.6067415475845337,1
2663,HprojSA,0.6666666865348816,1
2664,HprojSA,0.761904776096344,1
2665,HprojSA,0.8478260636329651,1
2666,HprojSA,0.6913580298423767,1
2667,HprojSA,0.7674418687820435,1
2668,HprojSA,0.8865979313850403,1
2669,HprojSA,0.9534883499145508,1
2670,HprojSA,0.8695651888847351,1
2671,HprojSA,0.9210526347160339,1
2672,HprojSA,0.7435897588729858,1
2673,HprojSA,0.5769230723381042,1
2674,HprojSA,0.2857142984867096,1
2675,HprojSA,0.761904776096344,1
2676,HprojSA,0.9521654844284058,2
2677,HprojSA,0.7349362969398499,3
2678,HprojSA,0.8434365391731262,3
2679,HprojSA,0.8613508343696594,3
2680,HprojSA,0.6781020164489746,4
2681,HprojSA,0.8365641832351685,5
2682,HprojSA,0.8019415736198425,5
2683,HprojSA,0.651860773563385,6
2684,HprojSA,0.8302690386772156,6
2685,HprojSA,0.8299527764320374,6
2686,HprojSA,0.8590433597564697,6
2687,HprojSA,0.8492938280105591,7
2688,HprojSA,0.8940520882606506,7
2689,HprojSA,0.8281909227371216,8
2690,HprojSA,0.841181218624115,8
2691,HprojSA,0.8416212797164917,8
2692,HprojSA,0.8207067251205444,9
2693,HprojSA,0.8160668015480042,9
2694,HprojSA,0.8308531045913696,8
2695,HprojSA,0.7755909562110901,8
2696,HprojSA,0.8061049580574036,6
2697,HprojSA,0.9116594791412354,4
2698,HprojSA,0.7012369632720947,4
2699,HprojSA,0.48491477966308594,4
2700,HprojSA,0.8901368975639343,3
2701,HprojSA,0.7376022338867188,3
2702,HprojSA,0.6450106501579285,3
2703,HprojSA,0.6260226368904114,3
2704,HprojSA,0.4885883331298828,2
2705,HprojSA,0.628150463104248,3
2706,HprojSA,0.9406959414482117,2
2707,HprojSA,0.9323279857635498,2
2708,HprojSA,0.894847571849823,2
2709,HprojSA,0.8312587141990662,2
2710,HprojSA,0.7846153974533081,1
2711,HprojSA,0.7931034564971924,1
2712,HprojSA,0.8730158805847168,1
2713,HprojSA,0.7166666388511658,1
2714,HprojSA,0.8108108043670654,1
2715,HprojSA,0.8421052694320679,1
2716,HprojSA,0.800000011920929,1
2717,HprojSA,0.9166666865348816,1
2718,HprojSA,0.8684210777282715,1
2719,HprojSA,0.800000011920929,1
2720,HprojSA,0.767123281955719,1
2721,HprojSA,0.8135592937469482,1
2722,HprojSA,0.7936508059501648,1
2723,HprojSA,0.7761194109916687,1
2724,HprojSA,0.7710843086242676,1
2725,HprojSA,0.8235294222831726,1
2726,HprojSA,0.5,1
2727,HprojSA,0.5106382966041565,1
2728,HprojSA,0.5714285969734192,1
2729,HprojSA,0.6595744490623474,1
2730,HprojSA,0.5333333611488342,1
2731,HprojSA,0.47311827540397644,1
2732,HprojSA,0.5652173757553101,1
2733,HprojSA,0.5142857432365417,1
2734,HprojSA,0.695652186870575,1
2735,HprojSA,0.6166666746139526,1
2736,HprojSA,0.4791666567325592,1
2737,HprojSA,0.2461538463830948,1
2738,HprojSA,0.4590163826942444,1
2739,HprojSA,0.2857142984867096,1
2740,HprojSA,0.36781609058380127,1
2741,HprojSA,0.4680851101875305,1
2742,HprojSA,0.5952380895614624,1
2743,HprojSA,0.7311828136444092,1
2744,HprojSA,0.6315789222717285,1
2745,HprojSA,0.607594907283783,1
2746,HprojSA,0.7551020383834839,1
2747,HprojSA,0.7200000286102295,1
2748,HprojSA,0.9122806787490845,1
2749,HprojSA,0.8571428656578064,1
2750,HprojSA,0.8965517282485962,1
2751,HprojSA,0.7631579041481018,1
2752,HprojSA,0.8727272748947144,1
2753,HprojSA,0.6666666865348816,1
2754,HprojSA,0.9333333373069763,1
2755,HprojSA,0.965652585029602,1
2756,HprojSA,0.9777458906173706,1
2757,HprojSA,0.9751965999603271,1
2758,HprojSA,0.9725863933563232,1
2759,HprojSA,0.9612289667129517,1
2760,HprojSA,0.807881772518158,1
2761,HprojSA,0.6530612111091614,1
2762,HprojSA,0.974117636680603,1
2763,HprojSA,0.9727126955986023,1
2764,HprojSA,0.9897435903549194,1
2765,HprojSA,0.9836734533309937,1
2766,HprojSA,0.9575971961021423,1
2767,HprojSA,0.4766584634780884,2
2768,HprojSA,0.6981428265571594,3
2769,HprojSA,0.536453366279602,5
2770,HprojSA,0.679425835609436,5
2771,HprojSA,0.7247336506843567,5
2772,HprojSA,0.8045442700386047,5
2773,HprojSA,0.6860830187797546,6
2774,HprojSA,0.690054714679718,6
2775,HprojSA,0.7110682129859924,6
2776,HprojSA,0.7190909385681152,6
2777,HprojSA,0.8087038993835449,6
2778,HprojSA,0.8676251769065857,6
2779,HprojSA,0.9418373703956604,6
2780,HprojSA,0.9253889918327332,6
2781,HprojSA,0.8697720766067505,7
2782,HprojSA,0.894830048084259,7
2783,HprojSA,0.831291675567627,7
2784,HprojSA,0.8108800649642944,8
2785,HprojSA,0.9218314290046692,6
2786,HprojSA,0.8806315064430237,7
2787,HprojSA,0.9162489771842957,7
2788,HprojSA,0.8981461524963379,7
2789,HprojSA,0.7510743141174316,7
2790,HprojSA,0.8218010663986206,7
2791,HprojSA,0.9104782938957214,6
2792,HprojSA,0.9243418574333191,6
2793,HprojSA,0.8681873679161072,6
2794,HprojSA,0.9602644443511963,3
2795,HprojSA,0.9324555397033691,3
2796,HprojSA,0.9310855269432068,3
2797,HprojSA,0.9397797584533691,3
2798,HprojSA,0.9262478947639465,3
2799,HprojSA,0.8155071139335632,3
2800,HprojSA,0.729470431804657,4
2801,HprojSA,0.9154433012008667,4
2802,HprojSA,0.9614822268486023,3
2803,HprojSA,0.9608006477355957,3
2804,HprojSA,0.796326756477356,2
2805,HprojSA,0.8727474212646484,2
2806,HprojSA,0.8529218435287476,2
2807,HprojSA,0.8625947833061218,2
2808,HprojSA,0.8871197700500488,2
2809,HprojSA,0.8519666194915771,2
2810,HprojSA,0.7467963695526123,2
2811,HprojSA,0.5714285969734192,1
2812,HprojSA,0.7118644118309021,1
2813,HprojSA,0.4067796468734741,1
2814,HprojSA,0.4482758641242981,1
2815,HprojSA,0.5600000023841858,1
2816,HprojSA,0.6875,1
2817,HprojSA,0.90625,1
2818,HprojSA,0.9073171019554138,1
2819,HprojSA,0.84375,1
2820,HprojSA,0.843317985534668,1
2821,HprojSA,0.7085714340209961,1
2822,HprojSA,0.7521793246269226,1
2823,HprojSA,0.8866442441940308,1
2824,HprojSA,0.6352941393852234,1
2825,HprojSA,0.9622641801834106,1
2826,HprojSA,0.9814814925193787,1
2827,HprojSA,0.9950000047683716,1
2828,HprojSA,0.953125,1
2829,HprojSA,0.9681050777435303,1
2830,HprojSA,0.9214946627616882,3
2831,HprojSA,0.9561629891395569,3
2832,HprojSA,0.9422339797019958,3
2833,HprojSA,0.9472456574440002,3
2834,HprojSA,0.9385711550712585,3
2835,HprojSA,0.8745366334915161,4
2836,HprojSA,0.8522257804870605,4
2837,HprojSA,0.902795672416687,4
2838,HprojSA,0.8519093990325928,4
2839,HprojSA,0.8563503623008728,4
2840,HprojSA,0.847008228302002,5
2841,HprojSA,0.8310192823410034,5
2842,HprojSA,0.8516009449958801,7
2843,HprojSA,0.8923875093460083,7
2844,HprojSA,0.8624929785728455,7
2845,HprojSA,0.8739041090011597,7
2846,HprojSA,0.8604030609130859,7
2847,HprojSA,0.6816556453704834,8
2848,HprojSA,0.8073946833610535,7
2849,HprojSA,0.799837589263916,5
2850,HprojSA,0.9088864326477051,5
2851,HprojSA,0.8576629757881165,6
2852,HprojSA,0.7646125555038452,5
2853,HprojSA,0.9311169385910034,4
2854,HprojSA,0.8941892385482788,5
2855,HprojSA,0.9411303997039795,4
2856,HprojSA,0.9421980381011963,4
2857,HprojSA,0.9381670355796814,3
2858,HprojSA,0.9349551200866699,3
2859,HprojSA,0.945225715637207,2
2860,HprojSA,0.9484472870826721,2
2861,HprojSA,0.9187469482421875,2
2862,HprojSA,0.9709939956665039,2
2863,HprojSA,0.8956822156906128,2
2864,HprojSA,0.9545615911483765,2
2865,HprojSA,0.8894062042236328,2
2866,HprojSA,0.8512381315231323,2
2867,HprojSA,0.860054612159729,2
2868,HprojSA,0.7656185030937195,2
2869,HprojSA,0.7131555080413818,2
2870,HprojSA,0.8292682766914368,1
2871,HprojSA,0.8636363744735718,1
2872,HprojSA,0.6222222447395325,1
2873,HprojSA,0.7692307829856873,1
2874,HprojSA,0.800000011920929,1
2875,HprojSA,0.6111111044883728,1
2876,HprojSA,0.2641509473323822,1
2877,HprojSA,0.9370629191398621,1
2878,HprojSA,0.8819875717163086,1
2879,HprojSA,0.8702757954597473,1
2880,HprojSA,0.8769230842590332,1
2881,HprojSA,0.8959338665008545,1
2882,HprojSA,0.9368635416030884,1
2883,HprojSA,0.945147693157196,1
2884,HprojSA,0.9254209995269775,1
2885,HprojSA,0.9020901918411255,1
2886,HprojSA,0.9452449679374695,1
2887,HprojSA,0.9525691866874695,1
2888,HprojSA,0.7058823704719543,1
2889,HprojSA,0.9717513918876648,1
2890,HprojSA,0.9662162065505981,1
2891,HprojSA,0.964200496673584,1
2892,HprojSA,0.4750957787036896,2
2893,HprojSA,0.9074047803878784,2
2894,HprojSA,0.9477875232696533,2
2895,HprojSA,0.7407824993133545,3
2896,HprojSA,0.8257116675376892,3
2897,HprojSA,0.8018794655799866,3
2898,HprojSA,0.8260307908058167,3
2899,HprojSA,0.8147667050361633,3
2900,HprojSA,0.5678470730781555,4
2901,HprojSA,0.606131374835968,4
2902,HprojSA,0.6075182557106018,5
2903,HprojSA,0.714777410030365,5
2904,HprojSA,0.6637115478515625,5
2905,HprojSA,0.6531419157981873,5
2906,HprojSA,0.6231881976127625,6
2907,HprojSA,0.705950915813446,7
2908,HprojSA,0.7810186743736267,7
2909,HprojSA,0.8488778471946716,6
2910,HprojSA,0.8848896622657776,6
2911,HprojSA,0.8032978177070618,7
2912,HprojSA,0.8487837910652161,7
2913,HprojSA,0.762333869934082,6
2914,HprojSA,0.7058553695678711,6
2915,HprojSA,0.6747352480888367,5
2916,HprojSA,0.6789019107818604,5
2917,HprojSA,0.610382080078125,5
2918,HprojSA,0.7048784494400024,4
2919,HprojSA,0.7196812033653259,4
2920,HprojSA,0.8070575594902039,5
2921,HprojSA,0.7855230569839478,5
2922,HprojSA,0.6944493055343628,4
2923,HprojSA,0.9186343550682068,3
2924,HprojSA,0.9166503548622131,3
2925,HprojSA,0.9291215538978577,3
2926,HprojSA,0.7845775485038757,3
2927,HprojSA,0.7210025787353516,2
2928,HprojSA,0.6274968385696411,2
2929,HprojSA,0.8992851972579956,2
2930,HprojSA,0.8026028871536255,2
2931,HprojSA,0.8192756175994873,2
2932,HprojSA,0.878597617149353,2
2933,HprojSA,0.8213333487510681,2
2934,HprojSA,0.8041487336158752,2
2935,HprojSA,0.8436012268066406,2
2936,HprojSA,0.8125,1
2937,HprojSA,0.6870229244232178,1
2938,HprojSA,0.850649356842041,1
2939,HprojSA,0.6468842625617981,1
2940,HprojSA,0.4444444477558136,1
2941,HprojSA,0.9152542352676392,1
2942,HprojSA,0.8146789073944092,1
2943,HprojSA,0.4871794879436493,1
2944,HprojSA,0.8337469100952148,1
2945,HprojSA,0.8515949845314026,1
2946,HprojSA,0.8960499167442322,1
2947,HprojSA,0.8967213034629822,1
2948,HprojSA,0.9514335989952087,1
2949,HprojSA,0.9190263152122498,1
2950,HprojSA,0.961240291595459,1
2951,HprojSA,0.9358460307121277,1
2952,HprojSA,0.945344865322113,1
2953,HprojSA,0.9400818943977356,1
2954,HprojSA,0.8052360415458679,1
2955,HprojSA,0.8682000637054443,1
2956,HprojSA,0.8874505758285522,1
2957,HprojSA,0.850811243057251,2
2958,HprojSA,0.8706679344177246,3
2959,HprojSA,0.8167781233787537,4
2960,HprojSA,0.8116568326950073,4
2961,HprojSA,0.8313976526260376,4
2962,HprojSA,0.6479066014289856,6
2963,HprojSA,0.837091863155365,7
2964,HprojSA,0.8159787058830261,7
2965,HprojSA,0.8417238593101501,7
2966,HprojSA,0.8357093930244446,7
2967,HprojSA,0.8326941728591919,7
2968,HprojSA,0.8933776021003723,7
2969,HprojSA,0.8612281084060669,7
2970,HprojSA,0.7283602952957153,7
2971,HprojSA,0.7895856499671936,6
2972,HprojSA,0.9034759998321533,6
2973,HprojSA,0.8727731108665466,6
2974,HprojSA,0.6959259510040283,8
2975,HprojSA,0.7884830832481384,7
2976,HprojSA,0.8970098495483398,5
2977,HprojSA,0.8847982287406921,5
2978,HprojSA,0.7452055811882019,6
2979,HprojSA,0.6733348965644836,6
2980,HprojSA,0.8058983683586121,5
2981,HprojSA,0.8787549138069153,4
2982,HprojSA,0.8773270845413208,4
2983,HprojSA,0.6508673429489136,4
2984,HprojSA,0.7905279397964478,2
2985,HprojSA,0.7628865838050842,1
2986,HprojSA,0.9189189076423645,1
2987,HprojSA,0.942148745059967,1
2988,HprojSA,0.9174311757087708,1
2989,HprojSA,0.9747899174690247,1
2990,HprojSA,0.8037382960319519,1
2991,HprojSA,0.9074074029922485,1
2992,HprojSA,0.9514563083648682,1
2993,HprojSA,0.9320388436317444,1
2994,HprojSA,0.875,1
2995,HprojSA,0.9158878326416016,1
2996,HprojSA,0.9200000166893005,1
2997,HprojSA,0.8888888955116272,1
2998,HprojSA,0.8674699068069458,1
2999,HprojSA,0.8831169009208679,1
3000,HprojSA,0.8266666531562805,1
3001,HprojSA,0.8539325594902039,1
3002,HprojSA,0.8453608155250549,1
3003,HprojSA,0.6829268336296082,1
3004,HprojSA,0.6373626589775085,1
3005,HprojSA,0.8571428656578064,1
3006,HprojSA,0.5744680762290955,1
3007,HprojSA,0.3956044018268585,1
3008,HprojSA,0.09090909361839294,1
3009,HprojSA,0.05714285746216774,1
3010,HprojSA,0.10769230872392654,1
3011,HprojSA,1.2345678923608716e-09,1
3012,HprojSA,0.39534884691238403,1
3013,HprojSA,0.6760563254356384,1
3014,HprojSA,0.5977011322975159,1
3015,HprojSA,0.6216216087341309,1
3016,HprojSA,0.6557376980781555,1
3017,HprojSA,0.7333333492279053,1
3018,HprojSA,0.9066666960716248,1
3019,HprojSA,0.8500000238418579,1
3020,HprojSA,0.7777777910232544,1
3021,HprojSA,0.7710843086242676,1
3022,HprojSA,0.837837815284729,1
3023,HprojSA,0.7792207598686218,1
3024,HprojSA,0.8354430198669434,1
3025,HprojSA,0.8095238208770752,1
3026,HprojSA,0.7837837934494019,1
3027,HprojSA,0.27450981736183167,1
3028,HprojSA,0.6938775777816772,1
3029,HprojSA,0.6285714507102966,1
3030,HprojSA,0.6835442781448364,1
3031,HprojSA,0.8712871074676514,1
3032,HprojSA,0.9230769276618958,1
3033,HprojSA,0.9535353779792786,1
3034,HprojSA,0.9343246817588806,1
3035,HprojSA,0.6517119407653809,1
3036,HprojSA,0.6359143257141113,1
3037,HprojSA,0.698481559753418,1
3038,HprojSA,0.6963788270950317,1
3039,HprojSA,0.41237112879753113,1
3040,HprojSA,0.4892703890800476,1
3041,HprojSA,0.6169491410255432,1
3042,HprojSA,0.7428467869758606,3
3043,HprojSA,0.8428811430931091,3
3044,HprojSA,0.8906548619270325,4
3045,HprojSA,0.8520936369895935,6
3046,HprojSA,0.7406563758850098,7
3047,HprojSA,0.8571876883506775,7
3048,HprojSA,0.8613080382347107,7
3049,HprojSA,0.773619532585144,7
3050,HprojSA,0.7869370579719543,7
3051,HprojSA,0.7977132797241211,7
3052,HprojSA,0.7488936185836792,7
3053,HprojSA,0.7567275166511536,7
3054,HprojSA,0.8283497095108032,8
3055,HprojSA,0.8964057564735413,7
3056,HprojSA,0.871521532535553,7
3057,HprojSA,0.8850056529045105,6
3058,HprojSA,0.9146266579627991,6
3059,HprojSA,0.8874621987342834,7
3060,HprojSA,0.9054690599441528,7
3061,HprojSA,0.9278581738471985,6
3062,HprojSA,0.815826416015625,7
3063,HprojSA,0.7614073157310486,7
3064,HprojSA,0.7596145272254944,7
3065,HprojSA,0.7067616581916809,6
3066,HprojSA,0.8059422373771667,4
3067,HprojSA,0.7225889563560486,4
3068,HprojSA,0.9636792540550232,3
3069,HprojSA,0.9651804566383362,3
3070,HprojSA,0.9396486878395081,3
3071,HprojSA,0.9076929688453674,4
3072,HprojSA,0.9054951667785645,3
3073,HprojSA,0.8587824106216431,2
3074,HprojSA,0.8881857991218567,2
3075,HprojSA,0.8335974812507629,1
3076,HprojSA,0.9342105388641357,1
3077,HprojSA,0.9425939321517944,1
3078,HprojSA,0.951102614402771,1
3079,HprojSA,0.6421052813529968,1
3080,HprojSA,0.7272727489471436,1
3081,HprojSA,0.9230769276618958,1
3082,HprojSA,0.9550173282623291,1
3083,HprojSA,0.915730357170105,1
3084,HprojSA,0.9091593027114868,2
3085,HprojSA,0.8672887682914734,3
3086,HprojSA,0.8736211657524109,3
3087,HprojSA,0.9183463454246521,3
3088,HprojSA,0.8921607136726379,3
3089,HprojSA,0.8747016787528992,3
3090,HprojSA,0.7891234755516052,3
3091,HprojSA,0.7387476563453674,4
3092,HprojSA,0.7657721042633057,5
3093,HprojSA,0.8496353030204773,5
3094,HprojSA,0.8691771626472473,5
3095,HprojSA,0.7690985798835754,5
3096,HprojSA,0.8351706862449646,6
3097,HprojSA,0.7505975365638733,7
3098,HprojSA,0.781761109828949,8
3099,HprojSA,0.8397770524024963,8
3100,HprojSA,0.906370997428894,8
3101,HprojSA,0.8127286434173584,9
3102,HprojSA,0.7725474834442139,9
3103,HprojSA,0.6475933790206909,7
3104,HprojSA,0.755668580532074,8
3105,HprojSA,0.8813160061836243,6
3106,HprojSA,0.8842675089836121,6
3107,HprojSA,0.9277008175849915,5
3108,HprojSA,0.9158201217651367,5
3109,HprojSA,0.8189590573310852,5
3110,HprojSA,0.8924837112426758,5
3111,HprojSA,0.9005605578422546,5
3112,HprojSA,0.8661894798278809,5
3113,HprojSA,0.8855425119400024,4
3114,HprojSA,0.7035410404205322,4
3115,HprojSA,0.7001965045928955,4
3116,HprojSA,0.6564590930938721,4
3117,HprojSA,0.6164059042930603,3
3118,HprojSA,0.6155439019203186,3
3119,HprojSA,0.9415315389633179,2
3120,HprojSA,0.9045383930206299,2
3121,HprojSA,0.8023163676261902,2
3122,HprojSA,0.761721134185791,2
3123,HprojSA,0.9846153855323792,1
3124,HprojSA,0.888283371925354,1
3125,HprojSA,0.9635468125343323,1
3126,HprojSA,0.9861496090888977,1
3127,HprojSA,0.9839640855789185,1
3128,HprojSA,0.9785661697387695,1
3129,HprojSA,0.8571428656578064,1
3130,HprojSA,0.8461538553237915,1
3131,HprojSA,0.9466649889945984,2
3132,HprojSA,0.9737837314605713,2
3133,HprojSA,0.9856234788894653,2
3134,HprojSA,0.8719021081924438,4
3135,HprojSA,0.9519157409667969,4
3136,HprojSA,0.7693220973014832,5
3137,HprojSA,0.8355950117111206,5
3138,HprojSA,0.8771101236343384,5
3139,HprojSA,0.863987147808075,6
3140,HprojSA,0.8908238410949707,7
3141,HprojSA,0.9208096265792847,7
3142,HprojSA,0.8802574276924133,8
3143,HprojSA,0.9242173433303833,8
3144,HprojSA,0.9564664363861084,8
3145,HprojSA,0.8778298497200012,9
3146,HprojSA,0.898147702217102,9
3147,HprojSA,0.8838622570037842,9
3148,HprojSA,0.8786838054656982,9
3149,HprojSA,0.9232341051101685,7
3150,HprojSA,0.9025982022285461,7
3151,HprojSA,0.6798931956291199,6
3152,HprojSA,0.8940436840057373,4
3153,HprojSA,0.9777722358703613,3
3154,HprojSA,0.9675283432006836,3
3155,HprojSA,0.9710360169410706,3
3156,HprojSA,0.8805685043334961,4
3157,HprojSA,0.9427873492240906,4
3158,HprojSA,0.7246038317680359,4
3159,HprojSA,0.9241303205490112,2
3160,HprojSA,0.9650448560714722,2
3161,HprojSA,0.910136342048645,2
3162,HprojSA,0.8424242734909058,2
3163,HprojSA,0.901098906993866,1
3164,HprojSA,0.8636363744735718,1
3165,HprojSA,0.8275862336158752,1
3166,HprojSA,0.6538461446762085,1
3167,HprojSA,0.42553192377090454,1
3168,HprojSA,0.9220138192176819,1
3169,HprojSA,0.9477422833442688,1
3170,HprojSA,0.9387491941452026,1
3171,HprojSA,0.9632017016410828,1
3172,HprojSA,0.9599594473838806,1
3173,HprojSA,0.95533686876297,1
3174,HprojSA,0.9404761791229248,1
3175,HprojSA,0.9167254567146301,1
3176,HprojSA,0.8463128805160522,1
3177,HprojSA,3.6900368871606304e-10,1
3178,HprojSA,0.7368420958518982,1
3179,HprojSA,0.8857898116111755,2
3180,HprojSA,0.8809141516685486,3
3181,HprojSA,0.9125053882598877,3
3182,HprojSA,0.9347093105316162,3
3183,HprojSA,0.932985782623291,3
3184,HprojSA,0.8399457335472107,3
3185,HprojSA,0.8592798709869385,4
3186,HprojSA,0.818793773651123,5
3187,HprojSA,0.8430968523025513,5
3188,HprojSA,0.8966659307479858,5
3189,HprojSA,0.9268032312393188,5
3190,HprojSA,0.826235830783844,6
3191,HprojSA,0.7997202277183533,7
3192,HprojSA,0.8317668437957764,8
3193,HprojSA,0.8533337116241455,9
3194,HprojSA,0.8413424491882324,9
3195,HprojSA,0.9067448377609253,9
3196,HprojSA,0.8712613582611084,9
3197,HprojSA,0.8068047165870667,9
3198,HprojSA,0.7570931315422058,6
3199,HprojSA,0.8750290870666504,4
3200,HprojSA,0.7159419655799866,4
3201,HprojSA,0.9288425445556641,3
3202,HprojSA,0.9357442259788513,3
3203,HprojSA,0.920628011226654,3
3204,HprojSA,0.9555392861366272,3
3205,HprojSA,0.7649338841438293,2
3206,HprojSA,0.8119919300079346,2
3207,HprojSA,0.4781818091869354,2
3208,HprojSA,0.9325825572013855,2
3209,HprojSA,0.8738256692886353,2
3210,HprojSA,0.9152956008911133,2
3211,HprojSA,0.9402235746383667,2
3212,HprojSA,0.8806584477424622,1
3213,HprojSA,0.8975609540939331,1
3214,HprojSA,0.9273743033409119,1
3215,HprojSA,0.887417197227478,1
3216,HprojSA,0.5170068144798279,1
3217,HprojSA,0.5196078419685364,1
3218,HprojSA,0.8565264344215393,1
3219,HprojSA,0.8790560364723206,1
3220,HprojSA,0.9140225052833557,1
3221,HprojSA,0.9416435360908508,1
3222,HprojSA,0.960598886013031,1
3223,HprojSA,0.9709848761558533,1
3224,HprojSA,0.9028435945510864,1
3225,HprojSA,0.7987679839134216,1
3226,HprojSA,0.8096154928207397,2
3227,HprojSA,0.732041597366333,2
3228,HprojSA,0.6003605127334595,3
3229,HprojSA,0.7165080904960632,3
3230,HprojSA,0.6477388739585876,3
3231,HprojSA,0.9182796478271484,3
3232,HprojSA,0.929337739944458,4
3233,HprojSA,0.9197503924369812,5
3234,HprojSA,0.8648611903190613,6
3235,HprojSA,0.8611111640930176,6
3236,HprojSA,0.8554938435554504,6
3237,HprojSA,0.8774842619895935,6
3238,HprojSA,0.8670173287391663,7
3239,HprojSA,0.8783352971076965,7
3240,HprojSA,0.8555672764778137,7
3241,HprojSA,0.8827393651008606,7
3242,HprojSA,0.8231093883514404,8
3243,HprojSA,0.8652206063270569,7
3244,HprojSA,0.8292765021324158,8
3245,HprojSA,0.8051114678382874,8
3246,HprojSA,0.8397092819213867,7
3247,HprojSA,0.9072789549827576,6
3248,HprojSA,0.9004071354866028,6
3249,HprojSA,0.8372514247894287,6
3250,HprojSA,0.6657721400260925,5
3251,HprojSA,0.9530594944953918,3
3252,HprojSA,0.9537696242332458,3
3253,HprojSA,0.9558699131011963,3
3254,HprojSA,0.9623376727104187,3
3255,HprojSA,0.9614788889884949,3
3256,HprojSA,0.9555826783180237,3
3257,HprojSA,0.9114542603492737,3
3258,HprojSA,0.9263761043548584,2
3259,HprojSA,0.8343192338943481,2
3260,HprojSA,0.7724356651306152,2
3261,HprojSA,0.4301075339317322,2
3262,HprojSA,0.4220183491706848,1
3263,HprojSA,0.868852436542511,1
3264,HprojSA,0.868852436542511,1
3265,HprojSA,0.782608687877655,1
3266,HprojSA,0.8247422575950623,1
3267,HprojSA,0.6969696879386902,1
3268,HprojSA,0.800000011920929,1
3269,HprojSA,0.6274510025978088,1
3270,HprojSA,0.7017543911933899,1
3271,HprojSA,0.7317073345184326,1
3272,HprojSA,0.6666666865348816,1
3273,HprojSA,0.7368420958518982,1
3274,HprojSA,0.9624413251876831,1
3275,HprojSA,0.9411764740943909,1
3276,HprojSA,0.8453410267829895,1
3277,HprojSA,0.7231467366218567,1
3278,HprojSA,0.33870968222618103,1
3279,HprojSA,0.7829889059066772,2
3280,HprojSA,0.7481040358543396,2
3281,HprojSA,0.7988579273223877,3
3282,HprojSA,0.87849360704422,3
3283,HprojSA,0.905485212802887,4
3284,HprojSA,0.9321212768554688,4
3285,HprojSA,0.9557325839996338,4
3286,HprojSA,0.9611147046089172,4
3287,HprojSA,0.9432669281959534,4
3288,HprojSA,0.8208184242248535,5
3289,HprojSA,0.8219671249389648,5
3290,HprojSA,0.8182412981987,5
3291,HprojSA,0.8183291554450989,5
3292,HprojSA,0.8273127675056458,5
3293,HprojSA,0.8316009044647217,6
3294,HprojSA,0.9056993126869202,6
3295,HprojSA,0.8707855343818665,6
3296,HprojSA,0.8849679827690125,7
3297,HprojSA,0.8754765391349792,7
3298,HprojSA,0.8487836122512817,8
3299,HprojSA,0.8087686896324158,9
3300,HprojSA,0.8783237934112549,9
3301,HprojSA,0.855595588684082,10
3302,HprojSA,0.783409833908081,10
3303,HprojSA,0.8642382621765137,8
3304,HprojSA,0.855584979057312,7
3305,HprojSA,0.8731976747512817,7
3306,HprojSA,0.7664971351623535,6
3307,HprojSA,0.923356294631958,4
3308,HprojSA,0.9636163711547852,3
3309,HprojSA,0.9738902449607849,3
3310,HprojSA,0.97437983751297,3
3311,HprojSA,0.9713072180747986,3
3312,HprojSA,0.8912103176116943,4
3313,HprojSA,0.9458910226821899,4
3314,HprojSA,0.9188649654388428,4
3315,HprojSA,0.6508875489234924,1
3316,HprojSA,0.9215189814567566,1
3317,HprojSA,0.9028435945510864,1
3318,HprojSA,0.9365079402923584,1
3319,HprojSA,0.9550264477729797,1
3320,HprojSA,0.9542334079742432,1
3321,HprojSA,0.9364461898803711,1
3322,HprojSA,0.9738923907279968,1
3323,HprojSA,0.9539607167243958,1
3324,HprojSA,0.9530726075172424,1
3325,HprojSA,0.9687102437019348,1
3326,HprojSA,0.954201877117157,1
3327,HprojSA,0.9521045088768005,1
3328,HprojSA,0.9692662358283997,1
3329,HprojSA,0.9681572914123535,1
3330,HprojSA,0.9731601476669312,1
3331,HprojSA,0.9553617238998413,1
3332,HprojSA,0.9754971861839294,1
3333,HprojSA,0.9630606770515442,1
3334,HprojSA,0.923743486404419,1
3335,HprojSA,0.8846482634544373,1
3336,HprojSA,0.7778950929641724,1
3337,HprojSA,0.8393829464912415,1
3338,HprojSA,0.8616462349891663,1
3339,HprojSA,0.646080732345581,1
3340,HprojSA,0.8979591727256775,1
3341,HprojSA,0.9595959782600403,1
3342,HprojSA,0.9526066184043884,1
3343,HprojSA,0.9614740610122681,1
3344,HprojSA,0.955974817276001,1
3345,HprojSA,0.9810945391654968,1
3346,HprojSA,0.7099671363830566,2
3347,HprojSA,0.7088648080825806,2
3348,HprojSA,0.7516794204711914,2
3349,HprojSA,0.8159054517745972,2
3350,HprojSA,0.8274543881416321,2
3351,HprojSA,0.7829294204711914,2
3352,HprojSA,0.6231966614723206,3
3353,HprojSA,0.6322668194770813,3
3354,HprojSA,0.7261994481086731,4
3355,HprojSA,0.8359145522117615,4
3356,HprojSA,0.688767671585083,6
3357,HprojSA,0.6841030120849609,6
3358,HprojSA,0.8562504649162292,6
3359,HprojSA,0.8059229850769043,7
3360,HprojSA,0.8491359353065491,7
3361,HprojSA,0.8510130643844604,7
3362,HprojSA,0.8647519946098328,7
3363,HprojSA,0.8822389245033264,7
3364,HprojSA,0.8730759024620056,7
3365,HprojSA,0.8782535791397095,7
3366,HprojSA,0.8371996283531189,7
3367,HprojSA,0.8027173280715942,7
3368,HprojSA,0.8257924914360046,7
3369,HprojSA,0.8170557022094727,7
3370,HprojSA,0.8285954594612122,7
3371,HprojSA,0.8111600875854492,7
3372,HprojSA,0.8276523351669312,7
3373,HprojSA,0.859080970287323,7
3374,HprojSA,0.8371433615684509,7
3375,HprojSA,0.850554883480072,7
3376,HprojSA,0.8771716356277466,7
3377,HprojSA,0.8232176899909973,7
3378,HprojSA,0.8754253387451172,7
3379,HprojSA,0.8279187083244324,7
3380,HprojSA,0.8507344126701355,7
3381,HprojSA,0.8688151240348816,7
3382,HprojSA,0.8572837114334106,8
3383,HprojSA,0.8710901737213135,8
3384,HprojSA,0.8352074027061462,8
3385,HprojSA,0.8520970344543457,7
3386,HprojSA,0.8891042470932007,7
3387,HprojSA,0.8255661725997925,8
3388,HprojSA,0.8639453053474426,9
3389,HprojSA,0.869032621383667,9
3390,HprojSA,0.9044105410575867,8
3391,HprojSA,0.8668208122253418,8
3392,HprojSA,0.8691513538360596,8
3393,HprojSA,0.8888049125671387,7
3394,HprojSA,0.8803265690803528,7
3395,HprojSA,0.8433407545089722,7
3396,HprojSA,0.8798144459724426,7
3397,HprojSA,0.8381280899047852,7
3398,HprojSA,0.9169022440910339,6
3399,HprojSA,0.8971825242042542,6
3400,HprojSA,0.9099462628364563,6
3401,HprojSA,0.7610740065574646,6
3402,HprojSA,0.7061201930046082,6
3403,HprojSA,0.6540324091911316,6
3404,HprojSA,0.7997638583183289,6
3405,HprojSA,0.6315179467201233,5
3406,HprojSA,0.821280300617218,4
3407,HprojSA,0.9578842520713806,3
3408,HprojSA,0.9699413776397705,3
3409,HprojSA,0.972021758556366,3
3410,HprojSA,0.8983349800109863,4
3411,HprojSA,0.9215445518493652,4
3412,HprojSA,0.9149991273880005,4
3413,HprojSA,0.9298263192176819,4
3414,HprojSA,0.9052911400794983,4
3415,HprojSA,0.9014652371406555,4
3416,HprojSA,0.8948660492897034,4
3417,HprojSA,0.9272043704986572,4
3418,HprojSA,0.9386858940124512,4
3419,HprojSA,0.9049780368804932,4
3420,HprojSA,0.9249163866043091,4
3421,HprojSA,0.8396148681640625,4
3422,HprojSA,0.9299747347831726,3
3423,HprojSA,0.8863980174064636,3
3424,HprojSA,0.7348799109458923,3
3425,HprojSA,0.9263466596603394,2
3426,HprojSA,0.8744194507598877,2
3427,HprojSA,0.8631578683853149,1
3428,HprojSA,0.7027027010917664,1
3429,HprojSA,0.7105262875556946,1
3430,HprojSA,0.8979591727256775,1
3431,HprojSA,0.9203540086746216,1
3432,HprojSA,0.9237770438194275,1
3433,HprojSA,0.9570478200912476,1
3434,HprojSA,0.980728030204773,1
3435,HprojSA,0.9909714460372925,1
3436,HprojSA,0.9882199168205261,1
3437,HprojSA,0.9903784394264221,1
3438,HprojSA,0.9924966096878052,1
3439,HprojSA,0.9904177784919739,1
3440,HprojSA,0.9876893758773804,1
3441,HprojSA,0.8433962464332581,1
3442,HprojSA,0.7397260069847107,1
3443,HprojSA,0.6896551847457886,1
3444,HprojSA,0.9838709831237793,1
3445,HprojSA,0.9769144654273987,2
3446,HprojSA,0.9800467491149902,2
3447,HprojSA,0.9844939708709717,2
3448,HprojSA,0.9690701365470886,3
3449,HprojSA,0.9706850051879883,3
3450,HprojSA,0.9413540363311768,3
3451,HprojSA,0.9549137949943542,3
3452,HprojSA,0.882095992565155,5
3453,HprojSA,0.8797686696052551,5
3454,HprojSA,0.8445943593978882,5
3455,HprojSA,0.8984087705612183,5
3456,HprojSA,0.9224365949630737,5
3457,HprojSA,0.9495560526847839,5
3458,HprojSA,0.8890994191169739,5
3459,HprojSA,0.8425225615501404,7
3460,HprojSA,0.9334293603897095,7
3461,HprojSA,0.9028030037879944,7
3462,HprojSA,0.9349846243858337,7
3463,HprojSA,0.8838098645210266,10
3464,HprojSA,0.9188121557235718,10
3465,HprojSA,0.9074835777282715,8
3466,HprojSA,0.8663548231124878,7
3467,HprojSA,0.8369104266166687,6
3468,HprojSA,0.9444089531898499,4
3469,HprojSA,0.9445264339447021,4
3470,HprojSA,0.9713134765625,3
3471,HprojSA,0.9704901576042175,3
3472,HprojSA,0.9722826480865479,3
3473,HprojSA,0.9307547211647034,4
3474,HprojSA,0.9586546421051025,4
3475,HprojSA,0.9448022842407227,4
3476,HprojSA,0.9280147552490234,4
3477,HprojSA,0.9352586269378662,3
3478,HprojSA,0.9131525158882141,3
3479,HprojSA,0.9540793895721436,2
3480,HprojSA,0.9733494520187378,2
3481,HprojSA,0.9680612087249756,2
3482,HprojSA,0.9710589647293091,2
3483,HprojSA,0.970058798789978,2
3484,HprojSA,0.9504878520965576,2
3485,HprojSA,0.9291338324546814,1
3486,HprojSA,0.9105691313743591,1
3487,HprojSA,0.904347836971283,1
3488,HprojSA,0.8510638475418091,1
3489,HprojSA,0.8461538553237915,1
3490,HprojSA,0.8732394576072693,1
3491,HprojSA,0.6666666865348816,1
3492,HprojSA,0.7755101919174194,1
3493,HprojSA,0.8235294222831726,1
3494,HprojSA,0.8732394576072693,1
3495,HprojSA,0.8817204236984253,1
3496,HprojSA,0.8865979313850403,1
3497,HprojSA,0.8444444537162781,1
3498,HprojSA,0.9156626462936401,1
3499,HprojSA,0.89552241563797,1
3500,HprojSA,0.8387096524238586,1
3501,HprojSA,0.9473684430122375,1
3502,HprojSA,0.9066666960716248,1
3503,HprojSA,0.8723404407501221,1
3504,HprojSA,0.8870967626571655,1
3505,HprojSA,0.875,1
3506,HprojSA,0.7311828136444092,1
3507,HprojSA,0.7848101258277893,1
3508,HprojSA,0.7733333110809326,1
3509,HprojSA,0.9066666960716248,1
3510,HprojSA,0.8536585569381714,1
3511,HprojSA,0.8045976758003235,1
3512,HprojSA,0.8101266026496887,1
3513,HprojSA,0.7857142686843872,1
3514,HprojSA,0.5753424763679504,1
3515,HprojSA,0.5970149040222168,1
3516,HprojSA,0.7532467246055603,1
3517,HprojSA,0.8837209343910217,1
3518,HprojSA,0.9024389982223511,1
3519,HprojSA,0.8947368264198303,1
3520,HprojSA,0.7142857313156128,1
